Incident_ID,Timestamp,District,Zone,Incident_Type,Severity_Level,Affected_Population,Casualties,Required_Resources,Response_Time_Mins,Status,Reported_By
INC-2019-0001,2019-05-16T19:59:11.067Z,Kilinochchi,EAST_NORTH,Flood,4,14848,6,Boats|Rescue Teams|Dry Rations|Medical Kits,19,RESOLVED,CITIZEN
INC-2021-0002,2021-04-07T13:29:46.707Z,Colombo,WET,Flood,3,4077,0,Boats|Rescue Teams|Dry Rations|Medical Kits,95,RESOLVED,CITIZEN
INC-2024-0003,2024-04-28T23:28:29.471Z,Anuradhapura,DRY,Flood,2,6540,0,Dry Rations|Medical Kits,110,RESOLVED,CITIZEN
INC-2024-0004,2024-06-24T23:06:35.057Z,Nuwara Eliya,HILL,Flood,2,6620,0,Dry Rations|Medical Kits,103,RESOLVED,OFFICER
INC-2019-0005,2019-05-17T06:23:00.183Z,Gampaha,WET,Flood,4,11216,0,Boats|Rescue Teams|Dry Rations|Medical Kits,61,RESOLVED,CITIZEN
INC-2023-0006,2023-06-24T20:25:26.992Z,Kandy,HILL,Landslide,1,188,0,Dry Rations|Medical Kits,93,RESOLVED,CITIZEN
INC-2024-0007,2024-09-14T00:56:14.100Z,Badulla,HILL,Landslide,5,195,11,Boats|Rescue Teams|Dry Rations|Medical Kits,163,RESOLVED,OFFICER
INC-2020-0008,2020-02-11T02:07:31.042Z,Kalutara,WET,Animal Attack,1,5,2,Wildlife Officers|Veterinary Kits,50,RESOLVED,OFFICER
INC-2024-0009,2024-11-21T08:50:18.126Z,Kandy,HILL,Landslide,2,326,0,Dry Rations|Medical Kits,59,RESOLVED,CITIZEN
INC-2024-0010,2024-03-05T11:11:17.524Z,Badulla,HILL,Flood,2,3708,0,Dry Rations|Medical Kits,91,RESOLVED,CITIZEN
INC-2021-0011,2021-06-12T09:48:10.740Z,Galle,WET,Flood,3,7947,0,Boats|Rescue Teams|Dry Rations|Medical Kits,69,RESOLVED,CITIZEN
INC-2022-0012,2022-05-09T19:15:36.684Z,Matara,WET,Flood,3,8757,0,Boats|Rescue Teams|Dry Rations|Medical Kits,103,RESOLVED,CITIZEN
INC-2021-0013,2021-12-18T15:09:47.502Z,Colombo,WET,High Winds/Cyclone,4,21376,4,,85,RESOLVED,CITIZEN
INC-2019-0014,2019-09-22T10:55:03.969Z,Galle,WET,Flood,3,5202,0,Boats|Rescue Teams|Dry Rations|Medical Kits,62,RESOLVED,CITIZEN
INC-2019-0015,2019-02-17T19:02:56.690Z,Ratnapura,HILL,Flood,3,17424,0,Boats|Rescue Teams|Dry Rations|Medical Kits,70,RESOLVED,CITIZEN
INC-2022-0016,2022-06-30T06:09:26.762Z,Kegalle,HILL,Landslide,3,1128,6,Boats|Rescue Teams|Dry Rations|Medical Kits,80,RESOLVED,CITIZEN
INC-2020-0017,2020-11-04T11:12:45.065Z,Polonnaruwa,DRY,Drought,2,75998,0,Water Bowsers|Dry Rations,3231,RESOLVED,CITIZEN
INC-2022-0018,2022-07-09T20:44:17.016Z,Kandy,HILL,Landslide,1,201,0,Dry Rations|Medical Kits,173,RESOLVED,CITIZEN
INC-2018-0019,2018-07-25T23:12:01.760Z,Badulla,HILL,Flood,2,3004,0,Dry Rations|Medical Kits,46,RESOLVED,SENSOR
INC-2021-0020,2021-04-26T09:30:50.268Z,Matara,WET,Animal Attack,1,1,2,Wildlife Officers|Veterinary Kits,89,RESOLVED,CITIZEN
INC-2024-0021,2024-04-17T12:16:09.849Z,Monaragala,DRY,Animal Attack,1,3,0,Wildlife Officers|Veterinary Kits,48,RESOLVED,CITIZEN
INC-2024-0022,2024-09-03T22:58:34.615Z,Gampaha,WET,Flood,2,4992,0,Dry Rations|Medical Kits,20,RESOLVED,CITIZEN
INC-2025-0023,2025-10-25T18:17:56.712Z,Kurunegala,DRY,Drought,4,181844,0,Water Bowsers|Dry Rations,1981,RESOLVED,OFFICER
INC-2018-0024,2018-02-20T14:16:25.453Z,Jaffna,EAST_NORTH,High Winds/Cyclone,1,1029,0,,118,RESOLVED,CITIZEN
INC-2023-0025,2023-05-22T02:36:26.310Z,Matara,WET,Flood,4,3120,3,Boats|Rescue Teams|Dry Rations|Medical Kits,86,RESOLVED,OFFICER
INC-2025-0026,2025-12-14T04:50:14.689Z,Kurunegala,DRY,High Winds/Cyclone,1,1697,0,,82,RESOLVED,OFFICER
INC-2020-0027,2020-12-06T06:51:58.474Z,Kilinochchi,EAST_NORTH,Flood,3,14490,0,Boats|Rescue Teams|Dry Rations|Medical Kits,57,RESOLVED,CITIZEN
INC-2019-0028,2019-08-02T20:52:07.492Z,Matara,WET,High Winds/Cyclone,2,7248,0,,115,RESOLVED,CITIZEN
INC-2025-0029,2025-03-26T16:35:00.928Z,Gampaha,WET,Flood,1,841,0,Dry Rations|Medical Kits,104,RESOLVED,CITIZEN
INC-2020-0030,2020-01-20T02:05:37.309Z,Polonnaruwa,DRY,Flood,3,16389,0,Boats|Rescue Teams|Dry Rations|Medical Kits,73,RESOLVED,CITIZEN
INC-2025-0031,2025-04-13T17:26:49.582Z,Galle,WET,Animal Attack,1,6,0,Wildlife Officers|Veterinary Kits,73,RESOLVED,SENSOR
INC-2018-0032,2018-04-08T05:02:55.129Z,Monaragala,DRY,Flood,2,4272,0,Dry Rations|Medical Kits,100,RESOLVED,CITIZEN
INC-2020-0033,2020-06-13T16:27:14.261Z,Matara,WET,Flood,4,4752,8,Boats|Rescue Teams|Dry Rations|Medical Kits,32,RESOLVED,CITIZEN
INC-2019-0034,2019-02-10T03:55:38.765Z,Polonnaruwa,DRY,High Winds/Cyclone,1,886,0,,82,RESOLVED,CITIZEN
INC-2024-0035,2024-12-13T19:00:59.517Z,Mannar,DRY,Flood,4,26000,6,Boats|Rescue Teams|Dry Rations|Medical Kits,23,RESOLVED,CITIZEN
INC-2019-0036,2019-04-20T18:55:42.982Z,Ratnapura,HILL,Flood,4,13584,0,Boats|Rescue Teams|Dry Rations|Medical Kits,43,RESOLVED,MEDIA
INC-2023-0037,2023-09-26T03:46:08.598Z,Nuwara Eliya,HILL,Flood,4,28144,4,Boats|Rescue Teams|Dry Rations|Medical Kits,66,RESOLVED,OFFICER
INC-2020-0038,2020-11-04T08:12:02.049Z,Polonnaruwa,DRY,Drought,1,45825,0,Water Bowsers|Dry Rations,3881,RESOLVED,MEDIA
INC-2022-0039,2022-12-07T17:53:52.686Z,Matara,WET,Animal Attack,1,9,1,Wildlife Officers|Veterinary Kits,48,RESOLVED,CITIZEN
INC-2022-0040,2022-12-16T08:25:50.646Z,Galle,WET,Animal Attack,2,8,0,Wildlife Officers|Veterinary Kits,56,RESOLVED,SENSOR
INC-2020-0041,2020-03-10T17:48:50.125Z,Kalutara,WET,Flood,2,2908,0,Dry Rations|Medical Kits,33,RESOLVED,OFFICER
INC-2023-0042,2023-09-15T23:10:08.317Z,Batticaloa,EAST_NORTH,Drought,2,55770,0,Water Bowsers|Dry Rations,3301,RESOLVED,CITIZEN
INC-2024-0043,2024-07-06T13:14:43.286Z,Nuwara Eliya,HILL,Landslide,1,327,0,Dry Rations|Medical Kits,147,RESOLVED,CITIZEN
INC-2018-0044,2018-10-18T02:05:28.031Z,Trincomalee,EAST_NORTH,Flood,1,886,0,Dry Rations|Medical Kits,89,RESOLVED,SENSOR
INC-2026-0045,2026-04-30T22:54:35.933Z,Gampaha,WET,Landslide,3,1245,10,Boats|Rescue Teams|Dry Rations|Medical Kits,120,RESOLVED,CITIZEN
INC-2018-0046,2018-06-14T13:09:27.740Z,Galle,WET,Flood,3,16317,0,Boats|Rescue Teams|Dry Rations|Medical Kits,106,RESOLVED,OFFICER
INC-2020-0047,2020-12-07T21:39:30.234Z,Galle,WET,Flood,3,12357,0,Boats|Rescue Teams|Dry Rations|Medical Kits,61,RESOLVED,OFFICER
INC-2023-0048,2023-09-18T09:36:41.342Z,Kurunegala,DRY,Drought,1,33112,0,Water Bowsers|Dry Rations,4172,RESOLVED,CITIZEN
INC-2026-0049,2026-01-28T00:14:48.093Z,Kandy,HILL,Landslide,2,130,0,Dry Rations|Medical Kits,118,RESOLVED,SENSOR
INC-2023-0050,2023-03-24T21:05:33.850Z,Mannar,DRY,Drought,1,20460,0,Water Bowsers|Dry Rations,2777,RESOLVED,OFFICER
INC-2025-0051,2025-09-04T19:28:11.898Z,Matale,HILL,Landslide,2,856,0,Dry Rations|Medical Kits,56,RESOLVED,SENSOR
INC-2022-0052,2022-05-26T18:21:15.801Z,Monaragala,DRY,Drought,3,17658,0,Water Bowsers|Dry Rations,1548,RESOLVED,CITIZEN
INC-2021-0053,2021-07-30T17:54:37.829Z,Gampaha,WET,Flood,3,3582,0,Boats|Rescue Teams|Dry Rations|Medical Kits,17,RESOLVED,SENSOR
INC-2023-0054,2023-11-29T11:30:28.485Z,Kurunegala,DRY,Flood,1,952,0,Dry Rations|Medical Kits,110,RESOLVED,CITIZEN
INC-2021-0055,2021-03-21T12:29:49.080Z,Vavuniya,DRY,Drought,3,115389,0,Water Bowsers|Dry Rations,3232,RESOLVED,OFFICER
INC-2024-0056,2024-10-20T02:38:45.120Z,Nuwara Eliya,HILL,Landslide,4,172,9,Boats|Rescue Teams|Dry Rations|Medical Kits,66,RESOLVED,CITIZEN
INC-2022-0057,2022-09-01T18:47:41.643Z,Matara,WET,Flood,3,9828,0,Boats|Rescue Teams|Dry Rations|Medical Kits,106,RESOLVED,CITIZEN
INC-2021-0058,2021-06-09T15:43:49.960Z,Mullaitivu,EAST_NORTH,Animal Attack,2,6,0,Wildlife Officers|Veterinary Kits,85,RESOLVED,CITIZEN
INC-2025-0059,2025-09-13T08:43:07.442Z,Vavuniya,DRY,Forest Fire,2,8,0,Fire Trucks|Air Support,109,RESOLVED,SENSOR
INC-2023-0060,2023-03-05T04:23:20.768Z,Gampaha,WET,Animal Attack,1,6,2,Wildlife Officers|Veterinary Kits,47,RESOLVED,CITIZEN
INC-2018-0061,2018-09-21T01:05:05.495Z,Kurunegala,DRY,Drought,1,42672,0,Water Bowsers|Dry Rations,3658,RESOLVED,OFFICER
INC-2021-0062,2021-03-05T17:04:48.872Z,Gampaha,WET,Flood,1,1008,0,Dry Rations|Medical Kits,36,RESOLVED,CITIZEN
INC-2026-0063,2026-05-12T17:41:28.867Z,Mannar,DRY,High Winds/Cyclone,2,964,0,,52,RESOLVED,OFFICER
INC-2025-0064,2025-06-14T05:50:40.395Z,Colombo,WET,Flood,3,12375,0,Boats|Rescue Teams|Dry Rations|Medical Kits,18,RESOLVED,OFFICER
INC-2018-0065,2018-11-11T05:16:17.126Z,Kalutara,WET,Animal Attack,1,8,0,Wildlife Officers|Veterinary Kits,86,RESOLVED,SENSOR
INC-2026-0066,2026-04-01T08:17:31.117Z,Galle,WET,Flood,2,2736,0,Dry Rations|Medical Kits,83,RESOLVED,OFFICER
INC-2022-0067,2022-04-01T04:34:51.805Z,Anuradhapura,DRY,Drought,2,60054,0,Water Bowsers|Dry Rations,1466,RESOLVED,CITIZEN
INC-2023-0068,2023-08-29T12:32:14.743Z,Hambantota,DRY,Flood,3,4419,0,Boats|Rescue Teams|Dry Rations|Medical Kits,40,RESOLVED,CITIZEN
INC-2022-0069,2022-04-29T08:54:44.455Z,Kandy,HILL,Flood,1,1371,0,Dry Rations|Medical Kits,21,RESOLVED,SENSOR
INC-2020-0070,2020-02-06T07:27:53.392Z,Batticaloa,EAST_NORTH,Flood,1,161,0,Dry Rations|Medical Kits,96,RESOLVED,OFFICER
INC-2018-0071,2018-09-29T01:39:32.183Z,Ampara,EAST_NORTH,High Winds/Cyclone,4,19536,7,,40,RESOLVED,OFFICER
INC-2023-0072,2023-09-08T06:58:20.087Z,Matara,WET,Flood,2,1188,0,Dry Rations|Medical Kits,118,RESOLVED,SENSOR
INC-2022-0073,2022-05-17T16:35:58.449Z,Mannar,DRY,Flood,2,1208,0,Dry Rations|Medical Kits,16,RESOLVED,CITIZEN
INC-2021-0074,2021-07-01T06:56:49.129Z,Matara,WET,Flood,1,694,0,Dry Rations|Medical Kits,20,RESOLVED,OFFICER
INC-2022-0075,2022-11-23T01:55:58.519Z,Monaragala,DRY,Animal Attack,1,4,2,Wildlife Officers|Veterinary Kits,44,RESOLVED,CITIZEN
INC-2025-0076,2025-05-03T23:31:53.227Z,Vavuniya,DRY,Flood,2,7136,0,Dry Rations|Medical Kits,106,RESOLVED,SENSOR
INC-2018-0077,2018-08-04T16:46:30.048Z,Batticaloa,EAST_NORTH,Drought,2,47358,0,Water Bowsers|Dry Rations,3348,RESOLVED,CITIZEN
INC-2025-0078,2025-02-20T11:56:39.171Z,Polonnaruwa,DRY,High Winds/Cyclone,2,6032,0,,37,RESOLVED,SENSOR
INC-2023-0079,2023-10-20T07:28:50.796Z,Gampaha,WET,Flood,3,5391,0,Boats|Rescue Teams|Dry Rations|Medical Kits,37,RESOLVED,OFFICER
INC-2024-0080,2024-09-11T08:35:26.011Z,Puttalam,DRY,Animal Attack,1,7,0,Wildlife Officers|Veterinary Kits,39,RESOLVED,OFFICER
INC-2026-0081,2026-05-13T16:00:32.237Z,Matale,HILL,Landslide,2,298,0,Dry Rations|Medical Kits,123,RESOLVED,OFFICER
INC-2022-0082,2022-07-30T22:10:26.349Z,Gampaha,WET,Landslide,2,262,0,Dry Rations|Medical Kits,116,RESOLVED,SENSOR
INC-2020-0083,2020-09-15T02:23:42.080Z,Nuwara Eliya,HILL,Flood,4,23024,1,Boats|Rescue Teams|Dry Rations|Medical Kits,101,RESOLVED,CITIZEN
INC-2025-0084,2025-06-09T04:30:56.661Z,Monaragala,DRY,Drought,3,63294,0,Water Bowsers|Dry Rations,3160,RESOLVED,CITIZEN
INC-2019-0085,2019-12-18T14:24:23.396Z,Kalutara,WET,Flood,1,1477,0,Dry Rations|Medical Kits,89,RESOLVED,OFFICER
INC-2019-0086,2019-03-05T22:14:28.266Z,Monaragala,DRY,Animal Attack,2,10,2,Wildlife Officers|Veterinary Kits,78,RESOLVED,SENSOR
INC-2025-0087,2025-09-30T21:42:21.360Z,Hambantota,DRY,Drought,4,83200,0,Water Bowsers|Dry Rations,3517,RESOLVED,SENSOR
INC-2026-0088,2026-03-05T22:52:48.138Z,Matale,HILL,High Winds/Cyclone,1,873,0,,87,RESOLVED,CITIZEN
INC-2019-0089,2019-03-23T22:48:10.955Z,Ampara,EAST_NORTH,Flood,1,1352,0,Dry Rations|Medical Kits,88,RESOLVED,CITIZEN
INC-2023-0090,2023-07-29T14:51:08.781Z,Hambantota,DRY,Animal Attack,1,2,0,Wildlife Officers|Veterinary Kits,52,RESOLVED,CITIZEN
INC-2019-0091,2019-09-23T18:16:51.606Z,Mullaitivu,EAST_NORTH,Drought,2,88548,0,Water Bowsers|Dry Rations,3688,RESOLVED,MEDIA
INC-2019-0092,2019-04-04T08:28:26.682Z,Polonnaruwa,DRY,Drought,2,40138,0,Water Bowsers|Dry Rations,2011,RESOLVED,CITIZEN
INC-2022-0093,2022-12-14T04:11:16.792Z,Ampara,EAST_NORTH,High Winds/Cyclone,2,6560,0,,57,RESOLVED,OFFICER
INC-2021-0094,2021-09-03T23:10:31.426Z,Kilinochchi,EAST_NORTH,Drought,2,74574,0,Water Bowsers|Dry Rations,3567,RESOLVED,SENSOR
INC-2025-0095,2025-02-11T09:20:54.295Z,Gampaha,WET,Flood,3,9873,0,Boats|Rescue Teams|Dry Rations|Medical Kits,120,RESOLVED,CITIZEN
INC-2018-0096,2018-12-25T02:05:58.840Z,Gampaha,WET,Animal Attack,1,1,1,Wildlife Officers|Veterinary Kits,74,RESOLVED,CITIZEN
INC-2018-0097,2018-12-28T08:52:58.441Z,Monaragala,DRY,Flood,2,3076,0,Dry Rations|Medical Kits,35,RESOLVED,CITIZEN
INC-2023-0098,2023-03-22T18:44:13.987Z,Polonnaruwa,DRY,Flood,1,230,0,Dry Rations|Medical Kits,115,RESOLVED,OFFICER
INC-2024-0099,2024-07-11T12:24:49.569Z,Colombo,WET,Flood,5,14150,6,Boats|Rescue Teams|Dry Rations|Medical Kits,74,RESOLVED,CITIZEN
INC-2019-0100,2019-08-03T10:53:35.989Z,Polonnaruwa,DRY,Drought,3,27534,0,Water Bowsers|Dry Rations,1934,RESOLVED,CITIZEN
INC-2018-0101,2018-07-16T03:14:11.144Z,Mullaitivu,EAST_NORTH,Animal Attack,1,6,2,Wildlife Officers|Veterinary Kits,32,RESOLVED,CITIZEN
INC-2021-0102,2021-01-31T21:22:08.978Z,Matara,WET,Flood,1,1970,0,Dry Rations|Medical Kits,74,RESOLVED,CITIZEN
INC-2018-0103,2018-06-30T00:33:03.987Z,Puttalam,DRY,Flood,2,6320,0,Dry Rations|Medical Kits,62,RESOLVED,MEDIA
INC-2021-0104,2021-02-20T03:01:41.472Z,Trincomalee,EAST_NORTH,High Winds/Cyclone,3,10692,0,,44,RESOLVED,CITIZEN
INC-2024-0105,2024-10-31T01:31:42.660Z,Mullaitivu,EAST_NORTH,Flood,2,1624,0,Dry Rations|Medical Kits,63,RESOLVED,CITIZEN
INC-2025-0106,2025-07-17T15:27:51.130Z,Gampaha,WET,High Winds/Cyclone,5,40900,7,,50,RESOLVED,CITIZEN
INC-2023-0107,2023-09-14T02:55:25.111Z,Monaragala,DRY,Drought,1,27968,0,Water Bowsers|Dry Rations,2279,RESOLVED,OFFICER
INC-2022-0108,2022-12-14T05:20:36.809Z,Trincomalee,EAST_NORTH,Flood,5,37825,10,Boats|Rescue Teams|Dry Rations|Medical Kits,116,RESOLVED,OFFICER
INC-2020-0109,2020-10-10T01:11:54.271Z,Matale,HILL,High Winds/Cyclone,2,5348,0,,58,RESOLVED,CITIZEN
INC-2023-0110,2023-01-13T03:16:46.154Z,Polonnaruwa,DRY,Flood,4,13600,6,Boats|Rescue Teams|Dry Rations|Medical Kits,67,RESOLVED,OFFICER
INC-2023-0111,2023-02-21T13:33:52.818Z,Matara,WET,Flood,4,20352,3,Boats|Rescue Teams|Dry Rations|Medical Kits,24,RESOLVED,CITIZEN
INC-2018-0112,2018-10-02T12:13:57.945Z,Monaragala,DRY,Flood,1,935,0,Dry Rations|Medical Kits,114,RESOLVED,CITIZEN
INC-2021-0113,2021-01-12T04:16:59.501Z,Hambantota,DRY,High Winds/Cyclone,1,1555,0,,80,RESOLVED,CITIZEN
INC-2021-0114,2021-03-05T23:38:36.819Z,Kegalle,HILL,Flood,1,250,0,Dry Rations|Medical Kits,69,RESOLVED,CITIZEN
INC-2024-0115,2024-04-25T14:46:33.649Z,Vavuniya,DRY,Forest Fire,1,36,0,Fire Trucks|Air Support,67,RESOLVED,OFFICER
INC-2019-0116,2019-07-13T07:56:58.806Z,Gampaha,WET,Flood,3,9567,0,Boats|Rescue Teams|Dry Rations|Medical Kits,16,RESOLVED,CITIZEN
INC-2025-0117,2025-12-28T19:05:34.860Z,Matale,HILL,Landslide,2,740,0,Dry Rations|Medical Kits,69,RESOLVED,CITIZEN
INC-2021-0118,2021-04-02T15:12:48.717Z,Galle,WET,Animal Attack,1,5,0,Wildlife Officers|Veterinary Kits,66,RESOLVED,OFFICER
INC-2022-0119,2022-08-11T09:24:38.119Z,Kurunegala,DRY,Drought,1,33685,0,Water Bowsers|Dry Rations,1898,RESOLVED,CITIZEN
INC-2023-0120,2023-01-03T10:46:07.731Z,Nuwara Eliya,HILL,Landslide,1,228,0,Dry Rations|Medical Kits,120,RESOLVED,CITIZEN
INC-2022-0121,2022-12-10T14:57:27.164Z,Kurunegala,DRY,Flood,2,6728,0,Dry Rations|Medical Kits,61,RESOLVED,SENSOR
INC-2023-0122,2023-05-28T11:50:32.939Z,Mannar,DRY,High Winds/Cyclone,3,15921,0,,59,RESOLVED,MEDIA
INC-2021-0123,2021-07-17T07:11:18.629Z,Galle,WET,High Winds/Cyclone,4,22592,1,,37,RESOLVED,CITIZEN
INC-2023-0124,2023-04-14T04:40:57.526Z,Galle,WET,Flood,1,599,0,Dry Rations|Medical Kits,54,RESOLVED,CITIZEN
INC-2018-0125,2018-01-03T18:28:28.965Z,Kandy,HILL,Flood,2,6104,0,Dry Rations|Medical Kits,64,RESOLVED,CITIZEN
INC-2025-0126,2025-08-11T13:12:34.598Z,Gampaha,WET,Flood,2,3056,0,Dry Rations|Medical Kits,18,RESOLVED,CITIZEN
INC-2020-0127,2020-01-11T08:39:36.003Z,Mullaitivu,EAST_NORTH,High Winds/Cyclone,3,8496,0,,84,RESOLVED,CITIZEN
INC-2020-0128,2020-07-03T20:44:40.035Z,Kilinochchi,EAST_NORTH,Drought,4,102244,0,Water Bowsers|Dry Rations,2878,RESOLVED,CITIZEN
INC-2024-0129,2024-11-27T20:24:54.197Z,Ratnapura,HILL,Flood,2,6808,0,Dry Rations|Medical Kits,36,RESOLVED,OFFICER
INC-2024-0130,2024-05-24T11:21:34.033Z,Kilinochchi,EAST_NORTH,Flood,1,1657,0,Dry Rations|Medical Kits,113,RESOLVED,CITIZEN
INC-2023-0131,2023-09-28T18:50:47.309Z,Polonnaruwa,DRY,Animal Attack,1,8,2,Wildlife Officers|Veterinary Kits,63,RESOLVED,CITIZEN
INC-2025-0132,2025-11-17T09:21:22.486Z,Gampaha,WET,Animal Attack,1,7,2,Wildlife Officers|Veterinary Kits,77,RESOLVED,OFFICER
INC-2024-0133,2024-10-31T15:22:21.960Z,Mullaitivu,EAST_NORTH,Drought,1,40186,0,Water Bowsers|Dry Rations,3066,RESOLVED,OFFICER
INC-2020-0134,2020-06-20T09:22:08.180Z,Galle,WET,Flood,2,1480,0,Dry Rations|Medical Kits,40,RESOLVED,CITIZEN
INC-2022-0135,2022-07-29T06:16:39.652Z,Kurunegala,DRY,Drought,2,61086,0,Water Bowsers|Dry Rations,2910,RESOLVED,SENSOR
INC-2021-0136,2021-05-17T22:20:16.874Z,Mullaitivu,EAST_NORTH,Animal Attack,1,8,0,Wildlife Officers|Veterinary Kits,69,RESOLVED,OFFICER
INC-2023-0137,2023-08-24T11:44:27.856Z,Matara,WET,Flood,3,11043,0,Boats|Rescue Teams|Dry Rations|Medical Kits,87,RESOLVED,CITIZEN
INC-2026-0138,2026-02-20T05:17:57.081Z,Ampara,EAST_NORTH,Flood,3,10818,0,Boats|Rescue Teams|Dry Rations|Medical Kits,70,RESOLVED,CITIZEN
INC-2020-0139,2020-08-18T07:05:50.591Z,Kegalle,HILL,Flood,2,6264,0,Dry Rations|Medical Kits,78,RESOLVED,CITIZEN
INC-2022-0140,2022-11-08T05:14:09.400Z,Kilinochchi,EAST_NORTH,Animal Attack,2,4,0,Wildlife Officers|Veterinary Kits,61,RESOLVED,CITIZEN
INC-2025-0141,2025-03-10T00:34:55.089Z,Galle,WET,Flood,1,1820,0,Dry Rations|Medical Kits,31,RESOLVED,SENSOR
INC-2025-0142,2025-11-06T01:34:59.337Z,Batticaloa,EAST_NORTH,High Winds/Cyclone,1,217,0,,25,RESOLVED,CITIZEN
INC-2023-0143,2023-07-10T12:52:35.315Z,Ratnapura,HILL,High Winds/Cyclone,2,628,0,,42,RESOLVED,SENSOR
INC-2021-0144,2021-05-28T03:21:49.468Z,Kandy,HILL,Landslide,3,690,10,Boats|Rescue Teams|Dry Rations|Medical Kits,63,RESOLVED,OFFICER
INC-2025-0145,2025-06-28T00:31:22.615Z,Mannar,DRY,Animal Attack,1,10,1,Wildlife Officers|Veterinary Kits,87,RESOLVED,CITIZEN
INC-2024-0146,2024-02-13T09:56:10.503Z,Matara,WET,Animal Attack,1,4,0,Wildlife Officers|Veterinary Kits,38,RESOLVED,SENSOR
INC-2018-0147,2018-09-30T21:39:34.921Z,Kandy,HILL,High Winds/Cyclone,2,4952,0,,102,RESOLVED,MEDIA
INC-2018-0148,2018-03-29T21:29:11.313Z,Colombo,WET,Flood,2,7516,0,Dry Rations|Medical Kits,108,RESOLVED,SENSOR
INC-2022-0149,2022-02-24T01:55:07.054Z,Galle,WET,High Winds/Cyclone,3,9828,0,,35,RESOLVED,CITIZEN
INC-2019-0150,2019-01-22T00:52:58.403Z,Matara,WET,Flood,3,1737,0,Boats|Rescue Teams|Dry Rations|Medical Kits,103,RESOLVED,OFFICER
INC-2022-0151,2022-09-07T04:17:11.004Z,Colombo,WET,Flood,4,29168,8,Boats|Rescue Teams|Dry Rations|Medical Kits,107,RESOLVED,MEDIA
INC-2018-0152,2018-10-01T09:19:54.900Z,Kalutara,WET,High Winds/Cyclone,2,5256,0,,67,RESOLVED,CITIZEN
INC-2023-0153,2023-01-26T13:26:00.005Z,Kalutara,WET,Animal Attack,1,4,1,Wildlife Officers|Veterinary Kits,41,RESOLVED,SENSOR
INC-2019-0154,2019-09-28T12:51:20.744Z,Hambantota,DRY,Drought,2,12638,0,Water Bowsers|Dry Rations,2413,RESOLVED,CITIZEN
INC-2022-0155,2022-11-09T13:28:27.807Z,Hambantota,DRY,Flood,1,1802,0,Dry Rations|Medical Kits,95,RESOLVED,OFFICER
INC-2018-0156,2018-06-13T03:16:07.575Z,Badulla,HILL,Landslide,2,960,0,Dry Rations|Medical Kits,114,RESOLVED,CITIZEN
INC-2020-0157,2020-07-24T15:50:33.001Z,Puttalam,DRY,Animal Attack,1,3,0,Wildlife Officers|Veterinary Kits,40,RESOLVED,OFFICER
INC-2020-0158,2020-03-15T09:28:50.338Z,Ratnapura,HILL,Landslide,1,130,0,Dry Rations|Medical Kits,168,RESOLVED,OFFICER
INC-2020-0159,2020-11-17T05:20:11.961Z,Galle,WET,Flood,2,6964,0,Dry Rations|Medical Kits,91,RESOLVED,OFFICER
INC-2022-0160,2022-02-06T09:59:07.368Z,Galle,WET,Flood,3,8631,0,Boats|Rescue Teams|Dry Rations|Medical Kits,38,RESOLVED,CITIZEN
INC-2018-0161,2018-10-20T06:05:57.707Z,Matara,WET,Flood,1,1920,0,Dry Rations|Medical Kits,97,RESOLVED,CITIZEN
INC-2025-0162,2025-04-13T15:38:13.592Z,Mullaitivu,EAST_NORTH,Animal Attack,1,2,0,Wildlife Officers|Veterinary Kits,71,RESOLVED,CITIZEN
INC-2020-0163,2020-07-24T23:23:31.806Z,Galle,WET,Flood,2,216,0,Dry Rations|Medical Kits,83,RESOLVED,CITIZEN
INC-2020-0164,2020-07-11T12:37:47.244Z,Gampaha,WET,High Winds/Cyclone,1,358,0,,60,RESOLVED,CITIZEN
INC-2025-0165,2025-04-21T07:40:27.074Z,Gampaha,WET,Flood,4,3280,2,Boats|Rescue Teams|Dry Rations|Medical Kits,36,RESOLVED,OFFICER
INC-2020-0166,2020-11-01T11:45:24.831Z,Ratnapura,HILL,Landslide,4,888,11,Boats|Rescue Teams|Dry Rations|Medical Kits,32,RESOLVED,OFFICER
INC-2021-0167,2021-05-03T11:53:57.912Z,Monaragala,DRY,Flood,2,3556,0,Dry Rations|Medical Kits,64,RESOLVED,CITIZEN
INC-2023-0168,2023-12-20T09:40:23.525Z,Mullaitivu,EAST_NORTH,High Winds/Cyclone,2,4788,0,,65,RESOLVED,CITIZEN
INC-2023-0169,2023-11-06T20:56:14.940Z,Kegalle,HILL,High Winds/Cyclone,3,9972,0,,106,RESOLVED,CITIZEN
INC-2019-0170,2019-04-11T13:40:43.343Z,Kalutara,WET,Flood,4,960,6,Boats|Rescue Teams|Dry Rations|Medical Kits,115,RESOLVED,OFFICER
INC-2025-0171,2025-09-19T11:48:27.279Z,Batticaloa,EAST_NORTH,Drought,5,109340,0,Water Bowsers|Dry Rations,3293,RESOLVED,CITIZEN
INC-2024-0172,2024-01-25T20:45:46.934Z,Kurunegala,DRY,High Winds/Cyclone,2,2720,0,,103,RESOLVED,OFFICER
INC-2023-0173,2023-07-02T03:30:38.643Z,Matale,HILL,Landslide,1,257,0,Dry Rations|Medical Kits,91,RESOLVED,CITIZEN
INC-2020-0174,2020-01-28T15:44:40.137Z,Puttalam,DRY,High Winds/Cyclone,1,1848,0,,104,RESOLVED,CITIZEN
INC-2025-0175,2025-10-15T01:44:43.821Z,Vavuniya,DRY,Drought,4,107768,0,Water Bowsers|Dry Rations,1658,RESOLVED,OFFICER
INC-2019-0176,2019-11-05T14:25:29.453Z,Kalutara,WET,Flood,4,20432,7,Boats|Rescue Teams|Dry Rations|Medical Kits,84,RESOLVED,MEDIA
INC-2021-0177,2021-01-12T06:46:22.896Z,Colombo,WET,Flood,1,1111,0,Dry Rations|Medical Kits,27,RESOLVED,SENSOR
INC-2018-0178,2018-06-05T23:01:40.780Z,Gampaha,WET,Flood,3,3762,0,Boats|Rescue Teams|Dry Rations|Medical Kits,72,RESOLVED,OFFICER
INC-2018-0179,2018-06-11T05:36:30.729Z,Galle,WET,Flood,2,4732,0,Dry Rations|Medical Kits,116,RESOLVED,SENSOR
INC-2020-0180,2020-12-07T21:27:44.842Z,Ampara,EAST_NORTH,Animal Attack,1,2,0,Wildlife Officers|Veterinary Kits,36,RESOLVED,CITIZEN
INC-2023-0181,2023-12-15T04:10:01.918Z,Trincomalee,EAST_NORTH,High Winds/Cyclone,1,1162,0,,105,RESOLVED,OFFICER
INC-2019-0182,2019-09-05T09:24:53.730Z,Kalutara,WET,Flood,1,1047,0,Dry Rations|Medical Kits,50,RESOLVED,CITIZEN
INC-2019-0183,2019-09-24T03:31:53.622Z,Matale,HILL,Landslide,1,92,0,Dry Rations|Medical Kits,120,RESOLVED,CITIZEN
INC-2020-0184,2020-10-15T07:27:59.363Z,Hambantota,DRY,Forest Fire,3,141,0,Fire Trucks|Air Support,78,RESOLVED,CITIZEN
INC-2018-0185,2018-07-10T06:01:29.285Z,Kalutara,WET,Flood,2,5852,0,Dry Rations|Medical Kits,46,RESOLVED,OFFICER
INC-2025-0186,2025-12-01T17:12:46.907Z,Matale,HILL,High Winds/Cyclone,4,16064,1,,51,RESOLVED,OFFICER
INC-2021-0187,2021-11-11T13:35:52.817Z,Jaffna,EAST_NORTH,High Winds/Cyclone,3,3123,0,,96,RESOLVED,SENSOR
INC-2021-0188,2021-02-04T09:21:52.010Z,Hambantota,DRY,Animal Attack,1,1,2,Wildlife Officers|Veterinary Kits,53,RESOLVED,OFFICER
INC-2023-0189,2023-07-09T07:14:04.324Z,Nuwara Eliya,HILL,Landslide,5,575,17,Boats|Rescue Teams|Dry Rations|Medical Kits,144,RESOLVED,CITIZEN
INC-2020-0190,2020-07-25T22:28:38.567Z,Gampaha,WET,Flood,1,153,0,Dry Rations|Medical Kits,110,RESOLVED,CITIZEN
INC-2020-0191,2020-04-18T18:16:56.451Z,Ampara,EAST_NORTH,Animal Attack,1,10,0,Wildlife Officers|Veterinary Kits,46,RESOLVED,OFFICER
INC-2021-0192,2021-02-06T19:19:53.044Z,Galle,WET,High Winds/Cyclone,1,1954,0,,31,RESOLVED,OFFICER
INC-2020-0193,2020-10-11T10:04:24.424Z,Kandy,HILL,Forest Fire,2,108,0,Fire Trucks|Air Support,115,RESOLVED,CITIZEN
INC-2020-0194,2020-02-12T07:53:30.915Z,Badulla,HILL,Landslide,4,52,2,Boats|Rescue Teams|Dry Rations|Medical Kits,64,RESOLVED,CITIZEN
INC-2018-0195,2018-04-24T04:55:59.157Z,Colombo,WET,High Winds/Cyclone,4,1856,8,,33,RESOLVED,OFFICER
INC-2018-0196,2018-09-02T01:24:08.107Z,Batticaloa,EAST_NORTH,Forest Fire,2,198,0,Fire Trucks|Air Support,170,RESOLVED,SENSOR
INC-2025-0197,2025-11-08T21:42:16.123Z,Anuradhapura,DRY,High Winds/Cyclone,2,3396,0,,114,RESOLVED,CITIZEN
INC-2023-0198,2023-07-16T12:49:48.119Z,Galle,WET,High Winds/Cyclone,2,2628,0,,63,RESOLVED,MEDIA
INC-2022-0199,2022-07-03T17:10:29.031Z,Galle,WET,High Winds/Cyclone,4,4832,5,,50,RESOLVED,CITIZEN
INC-2018-0200,2018-08-27T23:25:24.934Z,Kilinochchi,EAST_NORTH,Animal Attack,1,4,1,Wildlife Officers|Veterinary Kits,75,RESOLVED,MEDIA
INC-2024-0201,2024-02-10T07:40:01.247Z,Polonnaruwa,DRY,Flood,4,25184,2,Boats|Rescue Teams|Dry Rations|Medical Kits,99,RESOLVED,CITIZEN
INC-2024-0202,2024-11-24T22:25:36.943Z,Kurunegala,DRY,Animal Attack,1,9,0,Wildlife Officers|Veterinary Kits,31,RESOLVED,OFFICER
INC-2024-0203,2024-04-17T03:46:42.581Z,Colombo,WET,Animal Attack,1,7,2,Wildlife Officers|Veterinary Kits,86,RESOLVED,OFFICER
INC-2020-0204,2020-10-24T22:33:12.290Z,Matale,HILL,High Winds/Cyclone,5,36600,5,,62,RESOLVED,OFFICER
INC-2020-0205,2020-06-05T11:41:21.946Z,Vavuniya,DRY,Drought,2,12182,0,Water Bowsers|Dry Rations,4050,RESOLVED,OFFICER
INC-2020-0206,2020-04-01T17:31:04.083Z,Galle,WET,High Winds/Cyclone,1,1451,0,,41,RESOLVED,OFFICER
INC-2023-0207,2023-12-30T03:24:15.076Z,Colombo,WET,Animal Attack,2,8,1,Wildlife Officers|Veterinary Kits,33,RESOLVED,SENSOR
INC-2018-0208,2018-05-04T04:30:18.664Z,Ratnapura,HILL,Flood,5,7325,1,Boats|Rescue Teams|Dry Rations|Medical Kits,34,RESOLVED,CITIZEN
INC-2018-0209,2018-08-03T09:26:28.040Z,Gampaha,WET,Flood,5,33325,1,Boats|Rescue Teams|Dry Rations|Medical Kits,72,RESOLVED,CITIZEN
INC-2022-0210,2022-04-18T19:29:59.937Z,Kegalle,HILL,Forest Fire,3,228,0,Fire Trucks|Air Support,57,RESOLVED,CITIZEN
INC-2023-0211,2023-06-28T10:12:15.916Z,Kalutara,WET,Flood,4,29664,4,Boats|Rescue Teams|Dry Rations|Medical Kits,109,RESOLVED,OFFICER
INC-2024-0212,2024-04-19T18:51:14.341Z,Ampara,EAST_NORTH,Flood,2,292,0,Dry Rations|Medical Kits,56,RESOLVED,CITIZEN
INC-2023-0213,2023-05-08T22:16:22.486Z,Jaffna,EAST_NORTH,Flood,3,3393,0,Boats|Rescue Teams|Dry Rations|Medical Kits,99,RESOLVED,CITIZEN
INC-2025-0214,2025-09-22T23:13:19.198Z,Kalutara,WET,Flood,4,21648,0,Boats|Rescue Teams|Dry Rations|Medical Kits,94,RESOLVED,CITIZEN
INC-2020-0215,2020-01-28T12:58:13.669Z,Ratnapura,HILL,Landslide,1,313,0,Dry Rations|Medical Kits,123,RESOLVED,OFFICER
INC-2021-0216,2021-07-14T01:52:20.908Z,Kalutara,WET,High Winds/Cyclone,2,1856,0,,91,RESOLVED,OFFICER
INC-2026-0217,2026-03-20T10:31:25.272Z,Matara,WET,Flood,1,946,0,Dry Rations|Medical Kits,96,RESOLVED,OFFICER
INC-2020-0218,2020-11-10T04:10:01.553Z,Batticaloa,EAST_NORTH,Drought,3,16725,0,Water Bowsers|Dry Rations,2122,RESOLVED,OFFICER
INC-2018-0219,2018-05-20T13:08:33.114Z,Kegalle,HILL,Landslide,1,114,0,Dry Rations|Medical Kits,179,RESOLVED,CITIZEN
INC-2022-0220,2022-12-18T19:36:10.701Z,Galle,WET,Flood,3,9972,0,Boats|Rescue Teams|Dry Rations|Medical Kits,94,RESOLVED,CITIZEN
INC-2021-0221,2021-04-27T18:23:18.664Z,Gampaha,WET,Flood,1,551,0,Dry Rations|Medical Kits,109,RESOLVED,CITIZEN
INC-2024-0222,2024-08-14T23:30:12.392Z,Gampaha,WET,Landslide,2,76,0,Dry Rations|Medical Kits,90,RESOLVED,OFFICER
INC-2025-0223,2025-08-27T16:25:36.367Z,Galle,WET,Flood,3,13338,0,Boats|Rescue Teams|Dry Rations|Medical Kits,39,RESOLVED,CITIZEN
INC-2019-0224,2019-08-29T10:02:20.648Z,Hambantota,DRY,Flood,3,1152,0,Boats|Rescue Teams|Dry Rations|Medical Kits,33,RESOLVED,OFFICER
INC-2021-0225,2021-08-24T23:20:07.522Z,Matale,HILL,Flood,1,157,0,Dry Rations|Medical Kits,35,RESOLVED,CITIZEN
INC-2025-0226,2025-12-15T21:20:50.213Z,Mannar,DRY,Flood,5,37800,10,Boats|Rescue Teams|Dry Rations|Medical Kits,62,RESOLVED,CITIZEN
INC-2025-0227,2025-05-23T05:10:17.133Z,Trincomalee,EAST_NORTH,Flood,3,10098,0,Boats|Rescue Teams|Dry Rations|Medical Kits,81,RESOLVED,OFFICER
INC-2018-0228,2018-10-24T06:06:55.490Z,Kalutara,WET,Animal Attack,1,3,0,Wildlife Officers|Veterinary Kits,50,RESOLVED,SENSOR
INC-2020-0229,2020-01-03T16:03:05.832Z,Kandy,HILL,Landslide,4,1500,5,Boats|Rescue Teams|Dry Rations|Medical Kits,160,RESOLVED,OFFICER
INC-2024-0230,2024-08-15T19:23:46.852Z,Galle,WET,Flood,3,5328,0,Boats|Rescue Teams|Dry Rations|Medical Kits,48,RESOLVED,CITIZEN
INC-2024-0231,2024-09-18T23:49:18.852Z,Kalutara,WET,Flood,3,17739,0,Boats|Rescue Teams|Dry Rations|Medical Kits,39,RESOLVED,CITIZEN
INC-2019-0232,2019-05-26T02:28:44.958Z,Kalutara,WET,Flood,3,4320,0,Boats|Rescue Teams|Dry Rations|Medical Kits,26,RESOLVED,OFFICER
INC-2024-0233,2024-07-04T17:29:24.957Z,Kegalle,HILL,Flood,4,27456,0,Boats|Rescue Teams|Dry Rations|Medical Kits,93,RESOLVED,CITIZEN
INC-2020-0234,2020-12-12T05:24:46.374Z,Hambantota,DRY,Flood,4,6032,7,Boats|Rescue Teams|Dry Rations|Medical Kits,49,RESOLVED,MEDIA
INC-2024-0235,2024-11-12T07:57:41.501Z,Polonnaruwa,DRY,High Winds/Cyclone,1,1754,0,,38,RESOLVED,CITIZEN
INC-2020-0236,2020-07-28T10:13:35.068Z,Galle,WET,Flood,2,1400,0,Dry Rations|Medical Kits,108,RESOLVED,CITIZEN
INC-2023-0237,2023-01-06T05:26:54.674Z,Kalutara,WET,Flood,2,1680,0,Dry Rations|Medical Kits,99,RESOLVED,CITIZEN
INC-2019-0238,2019-03-24T15:19:00.974Z,Galle,WET,Animal Attack,1,6,0,Wildlife Officers|Veterinary Kits,60,RESOLVED,SENSOR
INC-2019-0239,2019-12-28T09:59:55.371Z,Gampaha,WET,Flood,2,5192,0,Dry Rations|Medical Kits,80,RESOLVED,CITIZEN
INC-2023-0240,2023-11-23T10:45:54.267Z,Hambantota,DRY,Flood,2,7296,0,Dry Rations|Medical Kits,106,RESOLVED,CITIZEN
INC-2018-0241,2018-09-28T04:58:51.144Z,Gampaha,WET,Flood,3,6381,0,Boats|Rescue Teams|Dry Rations|Medical Kits,51,RESOLVED,CITIZEN
INC-2022-0242,2022-01-14T21:45:01.606Z,Kandy,HILL,Flood,2,2512,0,Dry Rations|Medical Kits,25,RESOLVED,CITIZEN
INC-2020-0243,2020-11-05T17:16:31.406Z,Kegalle,HILL,Flood,2,2872,0,Dry Rations|Medical Kits,78,RESOLVED,CITIZEN
INC-2020-0244,2020-09-13T18:07:18.198Z,Galle,WET,Landslide,2,642,0,Dry Rations|Medical Kits,89,RESOLVED,CITIZEN
INC-2024-0245,2024-11-16T07:13:08.547Z,Mullaitivu,EAST_NORTH,Drought,4,134100,0,Water Bowsers|Dry Rations,1474,RESOLVED,CITIZEN
INC-2023-0246,2023-05-30T18:31:12.424Z,Matara,WET,Flood,3,7956,0,Boats|Rescue Teams|Dry Rations|Medical Kits,31,RESOLVED,MEDIA
INC-2025-0247,2025-09-13T11:46:49.051Z,Mannar,DRY,Drought,2,81054,0,Water Bowsers|Dry Rations,3468,RESOLVED,CITIZEN
INC-2021-0248,2021-02-11T17:55:55.564Z,Kegalle,HILL,Forest Fire,5,170,0,Fire Trucks|Air Support,47,RESOLVED,CITIZEN
INC-2026-0249,2026-04-26T05:31:37.230Z,Colombo,WET,Animal Attack,1,8,2,Wildlife Officers|Veterinary Kits,40,RESOLVED,OFFICER
INC-2024-0250,2024-08-14T12:25:04.322Z,Nuwara Eliya,HILL,Landslide,2,186,0,Dry Rations|Medical Kits,61,RESOLVED,CITIZEN
INC-2023-0251,2023-11-12T14:41:03.555Z,Kurunegala,DRY,Drought,1,14167,0,Water Bowsers|Dry Rations,3134,RESOLVED,SENSOR
INC-2026-0252,2026-02-20T22:14:45.068Z,Puttalam,DRY,Animal Attack,2,7,0,Wildlife Officers|Veterinary Kits,70,RESOLVED,CITIZEN
INC-2023-0253,2023-01-27T18:00:45.543Z,Nuwara Eliya,HILL,Flood,2,6200,0,Dry Rations|Medical Kits,93,RESOLVED,OFFICER
INC-2019-0254,2019-03-07T12:57:44.522Z,Kandy,HILL,Landslide,1,113,0,Dry Rations|Medical Kits,78,RESOLVED,CITIZEN
INC-2025-0255,2025-02-09T08:39:26.556Z,Kandy,HILL,Flood,2,3756,0,Dry Rations|Medical Kits,39,RESOLVED,CITIZEN
INC-2021-0256,2021-07-28T20:19:47.529Z,Kegalle,HILL,Flood,2,4124,0,Dry Rations|Medical Kits,83,RESOLVED,CITIZEN
INC-2021-0257,2021-07-28T22:08:29.799Z,Galle,WET,Landslide,4,1232,3,Boats|Rescue Teams|Dry Rations|Medical Kits,73,RESOLVED,CITIZEN
INC-2019-0258,2019-02-06T09:39:09.932Z,Kegalle,HILL,Landslide,1,193,0,Dry Rations|Medical Kits,149,RESOLVED,SENSOR
INC-2020-0259,2020-05-31T21:43:07.661Z,Monaragala,DRY,Drought,1,8508,0,Water Bowsers|Dry Rations,4084,RESOLVED,CITIZEN
INC-2021-0260,2021-03-13T19:38:58.668Z,Hambantota,DRY,Animal Attack,1,6,0,Wildlife Officers|Veterinary Kits,36,RESOLVED,OFFICER
INC-2023-0261,2023-06-21T04:13:27.770Z,Galle,WET,High Winds/Cyclone,4,17536,3,,63,RESOLVED,MEDIA
INC-2025-0262,2025-08-28T15:04:21.526Z,Kurunegala,DRY,Drought,4,158040,0,Water Bowsers|Dry Rations,1794,RESOLVED,MEDIA
INC-2021-0263,2021-07-11T19:04:53.973Z,Badulla,HILL,Flood,3,7020,0,Boats|Rescue Teams|Dry Rations|Medical Kits,15,RESOLVED,OFFICER
INC-2023-0264,2023-05-08T14:16:26.187Z,Hambantota,DRY,Flood,5,5525,1,Boats|Rescue Teams|Dry Rations|Medical Kits,22,RESOLVED,SENSOR
INC-2018-0265,2018-09-22T01:17:34.745Z,Hambantota,DRY,Drought,2,79636,0,Water Bowsers|Dry Rations,2242,RESOLVED,OFFICER
INC-2018-0266,2018-09-24T06:53:25.833Z,Vavuniya,DRY,Animal Attack,1,4,2,Wildlife Officers|Veterinary Kits,82,RESOLVED,MEDIA
INC-2019-0267,2019-04-09T08:27:43.661Z,Kegalle,HILL,Landslide,1,211,0,Dry Rations|Medical Kits,34,RESOLVED,MEDIA
INC-2018-0268,2018-06-20T04:03:43.432Z,Vavuniya,DRY,Flood,1,930,0,Dry Rations|Medical Kits,83,RESOLVED,OFFICER
INC-2022-0269,2022-07-27T03:47:51.263Z,Kurunegala,DRY,Drought,4,147940,0,Water Bowsers|Dry Rations,3636,RESOLVED,CITIZEN
INC-2023-0270,2023-02-08T11:52:18.651Z,Colombo,WET,Flood,4,31200,3,Boats|Rescue Teams|Dry Rations|Medical Kits,86,RESOLVED,CITIZEN
INC-2023-0271,2023-05-07T00:31:36.508Z,Trincomalee,EAST_NORTH,Drought,2,20618,0,Water Bowsers|Dry Rations,3549,RESOLVED,CITIZEN
INC-2018-0272,2018-01-24T22:12:42.665Z,Mannar,DRY,Flood,2,6296,0,Dry Rations|Medical Kits,103,RESOLVED,CITIZEN
INC-2025-0273,2025-05-30T21:43:54.798Z,Matara,WET,Flood,3,16353,0,Boats|Rescue Teams|Dry Rations|Medical Kits,93,RESOLVED,CITIZEN
INC-2019-0274,2019-04-14T17:14:05.604Z,Badulla,HILL,Landslide,2,418,0,Dry Rations|Medical Kits,144,RESOLVED,CITIZEN
INC-2022-0275,2022-01-17T20:08:51.845Z,Colombo,WET,Animal Attack,1,8,2,Wildlife Officers|Veterinary Kits,37,RESOLVED,OFFICER
INC-2021-0276,2021-06-20T03:55:36.834Z,Colombo,WET,Flood,4,25728,0,Boats|Rescue Teams|Dry Rations|Medical Kits,60,RESOLVED,OFFICER
INC-2022-0277,2022-05-22T23:10:36.023Z,Puttalam,DRY,Flood,1,913,0,Dry Rations|Medical Kits,110,RESOLVED,SENSOR
INC-2019-0278,2019-04-27T11:37:25.450Z,Polonnaruwa,DRY,Drought,2,31492,0,Water Bowsers|Dry Rations,3531,RESOLVED,CITIZEN
INC-2019-0279,2019-12-31T05:19:24.427Z,Kegalle,HILL,Forest Fire,1,71,0,Fire Trucks|Air Support,97,RESOLVED,SENSOR
INC-2019-0280,2019-03-10T13:36:31.789Z,Batticaloa,EAST_NORTH,Flood,2,6476,0,Dry Rations|Medical Kits,50,RESOLVED,SENSOR
INC-2024-0281,2024-04-30T17:19:49.871Z,Puttalam,DRY,Drought,2,48590,0,Water Bowsers|Dry Rations,3737,RESOLVED,OFFICER
INC-2023-0282,2023-05-18T03:54:13.708Z,Kalutara,WET,Flood,2,1328,0,Dry Rations|Medical Kits,62,RESOLVED,CITIZEN
INC-2022-0283,2022-06-07T05:47:29.792Z,Gampaha,WET,Landslide,2,804,0,Dry Rations|Medical Kits,65,RESOLVED,SENSOR
INC-2020-0284,2020-06-03T11:52:05.471Z,Hambantota,DRY,Drought,1,23549,0,Water Bowsers|Dry Rations,2325,RESOLVED,CITIZEN
INC-2020-0285,2020-11-10T14:45:05.838Z,Ratnapura,HILL,Flood,1,336,0,Dry Rations|Medical Kits,50,RESOLVED,SENSOR
INC-2019-0286,2019-03-13T02:25:07.682Z,Anuradhapura,DRY,Flood,4,12944,5,Boats|Rescue Teams|Dry Rations|Medical Kits,24,RESOLVED,CITIZEN
INC-2022-0287,2022-09-24T13:34:40.069Z,Matara,WET,Flood,2,4416,0,Dry Rations|Medical Kits,16,RESOLVED,OFFICER
INC-2024-0288,2024-12-10T07:10:52.235Z,Gampaha,WET,Flood,4,14160,4,Boats|Rescue Teams|Dry Rations|Medical Kits,69,RESOLVED,CITIZEN
INC-2024-0289,2024-04-08T13:04:09.884Z,Colombo,WET,Flood,5,40225,3,Boats|Rescue Teams|Dry Rations|Medical Kits,108,RESOLVED,SENSOR
INC-2019-0290,2019-09-13T03:51:10.441Z,Kalutara,WET,Landslide,1,254,0,Dry Rations|Medical Kits,67,RESOLVED,CITIZEN
INC-2022-0291,2022-12-04T10:36:25.342Z,Batticaloa,EAST_NORTH,High Winds/Cyclone,5,32200,3,,104,RESOLVED,CITIZEN
INC-2025-0292,2025-07-09T19:47:01.658Z,Colombo,WET,Flood,3,16866,0,Boats|Rescue Teams|Dry Rations|Medical Kits,84,RESOLVED,SENSOR
INC-2024-0293,2024-02-26T11:04:01.145Z,Mannar,DRY,Flood,1,370,0,Dry Rations|Medical Kits,15,RESOLVED,SENSOR
INC-2019-0294,2019-03-17T12:27:41.653Z,Ampara,EAST_NORTH,Flood,1,1636,0,Dry Rations|Medical Kits,39,RESOLVED,SENSOR
INC-2023-0295,2023-09-28T03:03:21.299Z,Monaragala,DRY,Animal Attack,1,10,2,Wildlife Officers|Veterinary Kits,37,RESOLVED,OFFICER
INC-2025-0296,2025-08-26T07:47:21.977Z,Kegalle,HILL,Flood,4,5952,4,Boats|Rescue Teams|Dry Rations|Medical Kits,50,RESOLVED,CITIZEN
INC-2018-0297,2018-03-29T00:05:02.646Z,Trincomalee,EAST_NORTH,Animal Attack,1,5,1,Wildlife Officers|Veterinary Kits,64,RESOLVED,CITIZEN
INC-2023-0298,2023-01-27T06:34:40.045Z,Trincomalee,EAST_NORTH,High Winds/Cyclone,1,788,0,,67,RESOLVED,CITIZEN
INC-2024-0299,2024-07-04T02:18:24.516Z,Batticaloa,EAST_NORTH,Drought,1,47069,0,Water Bowsers|Dry Rations,2742,RESOLVED,OFFICER
INC-2021-0300,2021-11-02T17:29:27.676Z,Galle,WET,Flood,1,63,0,Dry Rations|Medical Kits,109,RESOLVED,SENSOR
INC-2022-0301,2022-09-17T21:40:02.274Z,Matale,HILL,Flood,4,5536,1,Boats|Rescue Teams|Dry Rations|Medical Kits,115,RESOLVED,CITIZEN
INC-2025-0302,2025-12-26T08:57:49.862Z,Badulla,HILL,Landslide,1,206,0,Dry Rations|Medical Kits,84,RESOLVED,OFFICER
INC-2023-0303,2023-04-13T22:41:14.012Z,Puttalam,DRY,High Winds/Cyclone,2,2328,0,,42,RESOLVED,CITIZEN
INC-2018-0304,2018-02-21T20:22:04.369Z,Monaragala,DRY,Flood,5,19825,10,Boats|Rescue Teams|Dry Rations|Medical Kits,113,RESOLVED,SENSOR
INC-2018-0305,2018-08-30T12:23:51.211Z,Ratnapura,HILL,Landslide,1,490,0,Dry Rations|Medical Kits,63,RESOLVED,SENSOR
INC-2021-0306,2021-07-14T18:28:25.428Z,Nuwara Eliya,HILL,Landslide,2,968,0,Dry Rations|Medical Kits,172,RESOLVED,CITIZEN
INC-2019-0307,2019-03-30T15:10:43.375Z,Kurunegala,DRY,Flood,1,1670,0,Dry Rations|Medical Kits,44,RESOLVED,CITIZEN
INC-2023-0308,2023-04-27T13:39:14.903Z,Badulla,HILL,Landslide,2,944,0,Dry Rations|Medical Kits,157,RESOLVED,CITIZEN
INC-2018-0309,2018-02-02T19:21:43.218Z,Ampara,EAST_NORTH,High Winds/Cyclone,1,1255,0,,20,RESOLVED,CITIZEN
INC-2022-0310,2022-12-08T00:53:20.152Z,Trincomalee,EAST_NORTH,Flood,2,4460,0,Dry Rations|Medical Kits,52,RESOLVED,SENSOR
INC-2020-0311,2020-05-10T01:08:13.679Z,Mullaitivu,EAST_NORTH,Drought,2,47674,0,Water Bowsers|Dry Rations,3585,RESOLVED,CITIZEN
INC-2019-0312,2019-05-12T00:41:30.198Z,Matara,WET,Flood,2,7984,0,Dry Rations|Medical Kits,69,RESOLVED,OFFICER
INC-2023-0313,2023-12-26T23:42:56.303Z,Kandy,HILL,Landslide,1,256,0,Dry Rations|Medical Kits,162,RESOLVED,CITIZEN
INC-2026-0314,2026-04-21T13:02:27.626Z,Kurunegala,DRY,Flood,1,1501,0,Dry Rations|Medical Kits,78,RESOLVED,OFFICER
INC-2023-0315,2023-03-02T00:41:11.809Z,Anuradhapura,DRY,Animal Attack,1,5,0,Wildlife Officers|Veterinary Kits,81,RESOLVED,SENSOR
INC-2020-0316,2020-02-20T11:24:49.497Z,Matara,WET,High Winds/Cyclone,4,13504,2,,120,RESOLVED,CITIZEN
INC-2018-0317,2018-09-09T23:58:04.010Z,Galle,WET,Flood,3,6498,0,Boats|Rescue Teams|Dry Rations|Medical Kits,96,RESOLVED,OFFICER
INC-2018-0318,2018-11-02T01:59:08.516Z,Nuwara Eliya,HILL,Landslide,1,65,0,Dry Rations|Medical Kits,165,RESOLVED,OFFICER
INC-2024-0319,2024-11-12T21:18:04.995Z,Matale,HILL,Landslide,1,228,0,Dry Rations|Medical Kits,42,RESOLVED,SENSOR
INC-2023-0320,2023-10-18T03:12:21.068Z,Kalutara,WET,Flood,1,274,0,Dry Rations|Medical Kits,84,RESOLVED,CITIZEN
INC-2024-0321,2024-03-16T20:22:17.942Z,Vavuniya,DRY,Flood,1,1753,0,Dry Rations|Medical Kits,114,RESOLVED,SENSOR
INC-2026-0322,2026-02-22T11:46:49.896Z,Kalutara,WET,Flood,2,2920,0,Dry Rations|Medical Kits,28,RESOLVED,MEDIA
INC-2018-0323,2018-03-05T01:45:43.084Z,Galle,WET,Animal Attack,2,6,1,Wildlife Officers|Veterinary Kits,82,RESOLVED,MEDIA
INC-2019-0324,2019-02-18T07:30:34.911Z,Kalutara,WET,Animal Attack,2,7,2,Wildlife Officers|Veterinary Kits,50,RESOLVED,CITIZEN
INC-2020-0325,2020-10-25T01:25:14.293Z,Matara,WET,Flood,1,1276,0,Dry Rations|Medical Kits,31,RESOLVED,CITIZEN
INC-2024-0326,2024-06-28T02:06:22.737Z,Matara,WET,Flood,3,8244,0,Boats|Rescue Teams|Dry Rations|Medical Kits,77,RESOLVED,CITIZEN
INC-2025-0327,2025-05-05T06:48:01.356Z,Polonnaruwa,DRY,High Winds/Cyclone,1,1407,0,,85,RESOLVED,OFFICER
INC-2021-0328,2021-09-06T18:51:05.329Z,Gampaha,WET,Flood,1,191,0,Dry Rations|Medical Kits,106,RESOLVED,CITIZEN
INC-2023-0329,2023-07-28T17:41:13.216Z,Jaffna,EAST_NORTH,Drought,2,43396,0,Water Bowsers|Dry Rations,3441,RESOLVED,OFFICER
INC-2023-0330,2023-04-12T17:17:41.394Z,Badulla,HILL,Landslide,3,174,14,Boats|Rescue Teams|Dry Rations|Medical Kits,145,RESOLVED,CITIZEN
INC-2025-0331,2025-11-27T13:33:12.663Z,Trincomalee,EAST_NORTH,Flood,1,509,0,Dry Rations|Medical Kits,114,RESOLVED,MEDIA
INC-2021-0332,2021-02-16T02:41:52.221Z,Nuwara Eliya,HILL,Landslide,1,48,0,Dry Rations|Medical Kits,127,RESOLVED,SENSOR
INC-2024-0333,2024-09-17T16:30:27.162Z,Matale,HILL,Flood,5,4525,6,Boats|Rescue Teams|Dry Rations|Medical Kits,120,RESOLVED,CITIZEN
INC-2018-0334,2018-03-10T20:01:50.863Z,Matara,WET,High Winds/Cyclone,4,6832,6,,112,RESOLVED,CITIZEN
INC-2019-0335,2019-12-18T01:52:03.015Z,Ratnapura,HILL,Flood,2,7728,0,Dry Rations|Medical Kits,58,RESOLVED,OFFICER
INC-2024-0336,2024-08-09T15:20:28.659Z,Colombo,WET,Landslide,4,508,14,Boats|Rescue Teams|Dry Rations|Medical Kits,155,RESOLVED,CITIZEN
INC-2018-0337,2018-03-30T17:58:25.067Z,Kandy,HILL,Flood,1,1751,0,Dry Rations|Medical Kits,23,RESOLVED,CITIZEN
INC-2023-0338,2023-07-01T11:22:24.020Z,Colombo,WET,Flood,2,5588,0,Dry Rations|Medical Kits,83,RESOLVED,SENSOR
INC-2018-0339,2018-08-11T01:01:29.938Z,Colombo,WET,High Winds/Cyclone,1,1575,0,,40,RESOLVED,OFFICER
INC-2020-0340,2020-09-14T13:56:37.433Z,Matale,HILL,Landslide,1,381,0,Dry Rations|Medical Kits,147,RESOLVED,CITIZEN
INC-2024-0341,2024-12-01T17:26:51.412Z,Gampaha,WET,Animal Attack,1,4,2,Wildlife Officers|Veterinary Kits,69,RESOLVED,OFFICER
INC-2024-0342,2024-02-06T23:20:32.798Z,Polonnaruwa,DRY,Flood,3,11124,0,Boats|Rescue Teams|Dry Rations|Medical Kits,75,RESOLVED,CITIZEN
INC-2021-0343,2021-12-29T22:21:06.130Z,Colombo,WET,Animal Attack,1,8,1,Wildlife Officers|Veterinary Kits,81,RESOLVED,CITIZEN
INC-2021-0344,2021-11-06T12:13:31.427Z,Polonnaruwa,DRY,Drought,2,99618,0,Water Bowsers|Dry Rations,1980,RESOLVED,SENSOR
INC-2025-0345,2025-08-30T17:11:17.109Z,Mannar,DRY,Drought,2,58476,0,Water Bowsers|Dry Rations,3334,RESOLVED,CITIZEN
INC-2019-0346,2019-12-16T06:27:13.869Z,Mannar,DRY,Flood,2,5008,0,Dry Rations|Medical Kits,85,RESOLVED,OFFICER
INC-2025-0347,2025-09-11T19:59:00.259Z,Vavuniya,DRY,Drought,1,8541,0,Water Bowsers|Dry Rations,3322,RESOLVED,OFFICER
INC-2020-0348,2020-02-14T15:28:31.136Z,Matara,WET,Flood,3,1899,0,Boats|Rescue Teams|Dry Rations|Medical Kits,105,RESOLVED,SENSOR
INC-2023-0349,2023-02-26T16:06:01.052Z,Jaffna,EAST_NORTH,High Winds/Cyclone,1,162,0,,100,RESOLVED,OFFICER
INC-2022-0350,2022-05-29T02:31:22.263Z,Gampaha,WET,Flood,3,11187,0,Boats|Rescue Teams|Dry Rations|Medical Kits,92,RESOLVED,MEDIA
INC-2019-0351,2019-10-14T19:08:37.224Z,Matara,WET,Animal Attack,1,3,2,Wildlife Officers|Veterinary Kits,84,RESOLVED,CITIZEN
INC-2020-0352,2020-02-10T09:52:22.324Z,Matara,WET,Animal Attack,1,4,0,Wildlife Officers|Veterinary Kits,75,RESOLVED,SENSOR
INC-2023-0353,2023-06-20T16:34:10.857Z,Kurunegala,DRY,Animal Attack,1,2,1,Wildlife Officers|Veterinary Kits,62,RESOLVED,CITIZEN
INC-2024-0354,2024-10-30T07:01:13.440Z,Trincomalee,EAST_NORTH,Drought,2,27410,0,Water Bowsers|Dry Rations,2423,RESOLVED,SENSOR
INC-2026-0355,2026-04-22T05:53:15.079Z,Kurunegala,DRY,Flood,1,337,0,Dry Rations|Medical Kits,76,RESOLVED,CITIZEN
INC-2022-0356,2022-07-31T22:54:13.851Z,Kandy,HILL,Landslide,1,344,0,Dry Rations|Medical Kits,133,RESOLVED,CITIZEN
INC-2024-0357,2024-07-10T02:55:23.139Z,Ratnapura,HILL,Flood,3,9981,0,Boats|Rescue Teams|Dry Rations|Medical Kits,80,RESOLVED,CITIZEN
INC-2022-0358,2022-02-28T16:14:06.037Z,Ampara,EAST_NORTH,Flood,2,3964,0,Dry Rations|Medical Kits,109,RESOLVED,CITIZEN
INC-2023-0359,2023-05-31T08:10:33.767Z,Kalutara,WET,Flood,2,6700,0,Dry Rations|Medical Kits,72,RESOLVED,CITIZEN
INC-2021-0360,2021-09-02T20:00:03.253Z,Matara,WET,Flood,4,13424,3,Boats|Rescue Teams|Dry Rations|Medical Kits,93,RESOLVED,CITIZEN
INC-2019-0361,2019-06-07T05:18:55.561Z,Gampaha,WET,Flood,1,1676,0,Dry Rations|Medical Kits,65,RESOLVED,OFFICER
INC-2020-0362,2020-09-27T02:38:42.611Z,Batticaloa,EAST_NORTH,Animal Attack,1,4,2,Wildlife Officers|Veterinary Kits,44,RESOLVED,CITIZEN
INC-2024-0363,2024-10-25T19:22:04.512Z,Gampaha,WET,Flood,1,1604,0,Dry Rations|Medical Kits,107,RESOLVED,SENSOR
INC-2022-0364,2022-06-02T23:30:07.505Z,Kandy,HILL,Flood,3,14661,0,Boats|Rescue Teams|Dry Rations|Medical Kits,51,RESOLVED,CITIZEN
INC-2021-0365,2021-07-18T21:12:48.641Z,Matara,WET,High Winds/Cyclone,1,1721,0,,35,RESOLVED,CITIZEN
INC-2021-0366,2021-02-28T23:12:17.864Z,Puttalam,DRY,Flood,1,1284,0,Dry Rations|Medical Kits,45,RESOLVED,OFFICER
INC-2020-0367,2020-05-03T08:23:53.348Z,Polonnaruwa,DRY,Drought,4,117152,0,Water Bowsers|Dry Rations,1674,RESOLVED,SENSOR
INC-2023-0368,2023-02-19T07:54:15.208Z,Ampara,EAST_NORTH,Flood,2,3664,0,Dry Rations|Medical Kits,31,RESOLVED,CITIZEN
INC-2019-0369,2019-08-13T14:45:00.338Z,Galle,WET,Flood,4,19360,3,Boats|Rescue Teams|Dry Rations|Medical Kits,27,RESOLVED,CITIZEN
INC-2018-0370,2018-10-14T19:50:52.644Z,Ratnapura,HILL,Landslide,4,1980,3,Boats|Rescue Teams|Dry Rations|Medical Kits,170,RESOLVED,SENSOR
INC-2026-0371,2026-02-23T05:34:59.502Z,Kandy,HILL,Landslide,4,1840,4,Boats|Rescue Teams|Dry Rations|Medical Kits,109,RESOLVED,OFFICER
INC-2018-0372,2018-04-19T05:58:48.548Z,Kalutara,WET,Flood,5,31800,4,Boats|Rescue Teams|Dry Rations|Medical Kits,69,RESOLVED,CITIZEN
INC-2025-0373,2025-04-20T23:17:24.507Z,Matara,WET,Flood,1,936,0,Dry Rations|Medical Kits,16,RESOLVED,MEDIA
INC-2023-0374,2023-07-11T06:17:56.535Z,Galle,WET,Flood,3,2727,0,Boats|Rescue Teams|Dry Rations|Medical Kits,56,RESOLVED,CITIZEN
INC-2024-0375,2024-06-27T18:42:08.661Z,Trincomalee,EAST_NORTH,Drought,2,19286,0,Water Bowsers|Dry Rations,2596,RESOLVED,CITIZEN
INC-2023-0376,2023-11-17T09:02:26.737Z,Matara,WET,Flood,3,12069,0,Boats|Rescue Teams|Dry Rations|Medical Kits,63,RESOLVED,SENSOR
INC-2026-0377,2026-04-19T06:44:35.123Z,Vavuniya,DRY,Drought,5,162335,0,Water Bowsers|Dry Rations,1870,RESOLVED,OFFICER
INC-2024-0378,2024-12-11T20:23:14.950Z,Mannar,DRY,Flood,1,167,0,Dry Rations|Medical Kits,69,RESOLVED,CITIZEN
INC-2020-0379,2020-04-11T15:59:30.646Z,Gampaha,WET,Flood,1,1959,0,Dry Rations|Medical Kits,107,RESOLVED,CITIZEN
INC-2025-0380,2025-10-20T17:23:08.199Z,Badulla,HILL,Landslide,1,489,0,Dry Rations|Medical Kits,69,RESOLVED,SENSOR
INC-2025-0381,2025-09-25T10:59:28.728Z,Trincomalee,EAST_NORTH,Drought,2,47840,0,Water Bowsers|Dry Rations,2763,RESOLVED,SENSOR
INC-2021-0382,2021-08-05T04:36:59.114Z,Hambantota,DRY,Drought,1,28769,0,Water Bowsers|Dry Rations,2877,RESOLVED,OFFICER
INC-2020-0383,2020-11-07T22:14:43.683Z,Mannar,DRY,Drought,3,65763,0,Water Bowsers|Dry Rations,1985,RESOLVED,CITIZEN
INC-2019-0384,2019-03-31T00:33:32.189Z,Gampaha,WET,High Winds/Cyclone,1,1151,0,,52,RESOLVED,CITIZEN
INC-2018-0385,2018-05-19T05:13:05.025Z,Kurunegala,DRY,Animal Attack,1,4,1,Wildlife Officers|Veterinary Kits,45,RESOLVED,SENSOR
INC-2020-0386,2020-05-26T20:41:18.970Z,Kalutara,WET,Flood,2,7836,0,Dry Rations|Medical Kits,58,RESOLVED,SENSOR
INC-2021-0387,2021-04-14T20:43:47.003Z,Anuradhapura,DRY,High Winds/Cyclone,2,208,0,,110,RESOLVED,CITIZEN
INC-2023-0388,2023-03-22T09:09:55.436Z,Kandy,HILL,High Winds/Cyclone,1,511,0,,41,RESOLVED,CITIZEN
INC-2022-0389,2022-12-12T14:59:42.234Z,Kalutara,WET,Flood,2,828,0,Dry Rations|Medical Kits,111,RESOLVED,CITIZEN
INC-2021-0390,2021-05-30T07:45:19.670Z,Gampaha,WET,Flood,3,12861,0,Boats|Rescue Teams|Dry Rations|Medical Kits,25,RESOLVED,OFFICER
INC-2021-0391,2021-01-01T01:06:34.558Z,Batticaloa,EAST_NORTH,Flood,2,2048,0,Dry Rations|Medical Kits,30,RESOLVED,CITIZEN
INC-2018-0392,2018-09-13T05:46:31.137Z,Mullaitivu,EAST_NORTH,Forest Fire,5,240,0,Fire Trucks|Air Support,204,RESOLVED,MEDIA
INC-2023-0393,2023-11-28T21:56:30.927Z,Kegalle,HILL,Flood,1,578,0,Dry Rations|Medical Kits,39,RESOLVED,CITIZEN
INC-2021-0394,2021-07-11T11:20:07.863Z,Gampaha,WET,Flood,5,42050,1,Boats|Rescue Teams|Dry Rations|Medical Kits,119,RESOLVED,CITIZEN
INC-2021-0395,2021-02-09T07:02:15.547Z,Anuradhapura,DRY,Flood,4,11984,4,Boats|Rescue Teams|Dry Rations|Medical Kits,70,RESOLVED,MEDIA
INC-2022-0396,2022-07-14T07:07:24.540Z,Matale,HILL,Landslide,2,186,0,Dry Rations|Medical Kits,133,RESOLVED,CITIZEN
INC-2018-0397,2018-01-01T14:29:59.402Z,Hambantota,DRY,Flood,3,9747,0,Boats|Rescue Teams|Dry Rations|Medical Kits,73,RESOLVED,SENSOR
INC-2019-0398,2019-08-30T21:29:06.303Z,Hambantota,DRY,Drought,2,30202,0,Water Bowsers|Dry Rations,3959,RESOLVED,CITIZEN
INC-2024-0399,2024-06-06T01:19:16.590Z,Gampaha,WET,Flood,2,2428,0,Dry Rations|Medical Kits,88,RESOLVED,OFFICER
INC-2023-0400,2023-08-18T10:53:53.109Z,Puttalam,DRY,Drought,1,13531,0,Water Bowsers|Dry Rations,3529,RESOLVED,CITIZEN
INC-2020-0401,2020-09-24T06:14:13.879Z,Polonnaruwa,DRY,Drought,3,57735,0,Water Bowsers|Dry Rations,3829,RESOLVED,OFFICER
INC-2025-0402,2025-10-25T00:10:15.684Z,Kandy,HILL,Landslide,3,852,8,Boats|Rescue Teams|Dry Rations|Medical Kits,156,RESOLVED,SENSOR
INC-2024-0403,2024-05-30T20:48:50.762Z,Kilinochchi,EAST_NORTH,High Winds/Cyclone,5,24500,9,,118,RESOLVED,CITIZEN
INC-2026-0404,2026-03-29T13:11:57.402Z,Ratnapura,HILL,Flood,2,7080,0,Dry Rations|Medical Kits,55,RESOLVED,CITIZEN
INC-2018-0405,2018-04-14T09:18:34.186Z,Colombo,WET,Animal Attack,2,3,1,Wildlife Officers|Veterinary Kits,84,RESOLVED,CITIZEN
INC-2025-0406,2025-01-24T12:05:43.412Z,Mullaitivu,EAST_NORTH,Flood,4,12720,5,Boats|Rescue Teams|Dry Rations|Medical Kits,109,RESOLVED,CITIZEN
INC-2022-0407,2022-12-13T14:46:50.603Z,Kalutara,WET,Flood,2,6820,0,Dry Rations|Medical Kits,55,RESOLVED,CITIZEN
INC-2025-0408,2025-10-28T03:26:07.430Z,Matara,WET,Landslide,5,1370,25,Boats|Rescue Teams|Dry Rations|Medical Kits,132,RESOLVED,CITIZEN
INC-2022-0409,2022-05-31T10:11:12.257Z,Gampaha,WET,Flood,3,10755,0,Boats|Rescue Teams|Dry Rations|Medical Kits,64,RESOLVED,OFFICER
INC-2018-0410,2018-06-27T04:15:12.207Z,Nuwara Eliya,HILL,Landslide,3,186,6,Boats|Rescue Teams|Dry Rations|Medical Kits,83,RESOLVED,OFFICER
INC-2021-0411,2021-08-26T16:10:11.331Z,Anuradhapura,DRY,High Winds/Cyclone,2,5632,0,,38,RESOLVED,CITIZEN
INC-2026-0412,2026-03-27T15:43:47.477Z,Trincomalee,EAST_NORTH,Drought,1,17169,0,Water Bowsers|Dry Rations,2278,RESOLVED,OFFICER
INC-2025-0413,2025-03-21T21:30:01.097Z,Hambantota,DRY,Drought,2,50446,0,Water Bowsers|Dry Rations,1564,RESOLVED,CITIZEN
INC-2025-0414,2025-02-27T08:03:43.294Z,Vavuniya,DRY,Flood,2,3260,0,Dry Rations|Medical Kits,35,RESOLVED,CITIZEN
INC-2018-0415,2018-05-16T23:10:36.181Z,Monaragala,DRY,Drought,2,53182,0,Water Bowsers|Dry Rations,1583,RESOLVED,CITIZEN
INC-2022-0416,2022-03-13T22:20:33.085Z,Jaffna,EAST_NORTH,Flood,2,1024,0,Dry Rations|Medical Kits,99,RESOLVED,CITIZEN
INC-2026-0417,2026-01-21T04:51:09.491Z,Kalutara,WET,Flood,4,6144,4,Boats|Rescue Teams|Dry Rations|Medical Kits,69,RESOLVED,CITIZEN
INC-2018-0418,2018-08-24T11:46:44.503Z,Matara,WET,Flood,2,6004,0,Dry Rations|Medical Kits,54,RESOLVED,OFFICER
INC-2018-0419,2018-09-27T01:48:46.337Z,Anuradhapura,DRY,Drought,1,7151,0,Water Bowsers|Dry Rations,4180,RESOLVED,CITIZEN
INC-2019-0420,2019-02-12T03:24:38.984Z,Monaragala,DRY,High Winds/Cyclone,1,1896,0,,38,RESOLVED,CITIZEN
INC-2018-0421,2018-12-02T16:45:40.489Z,Matara,WET,Flood,2,368,0,Dry Rations|Medical Kits,78,RESOLVED,OFFICER
INC-2019-0422,2019-06-10T10:22:17.750Z,Mullaitivu,EAST_NORTH,Drought,1,49318,0,Water Bowsers|Dry Rations,3025,RESOLVED,OFFICER
INC-2025-0423,2025-09-23T13:31:44.721Z,Galle,WET,Flood,2,4596,0,Dry Rations|Medical Kits,52,RESOLVED,OFFICER
INC-2020-0424,2020-08-17T08:03:39.857Z,Vavuniya,DRY,High Winds/Cyclone,2,1244,0,,65,RESOLVED,CITIZEN
INC-2021-0425,2021-10-20T08:07:35.181Z,Vavuniya,DRY,High Winds/Cyclone,3,15120,0,,81,RESOLVED,CITIZEN
INC-2023-0426,2023-07-15T14:46:03.619Z,Kurunegala,DRY,Flood,2,708,0,Dry Rations|Medical Kits,75,RESOLVED,CITIZEN
INC-2023-0427,2023-04-09T18:57:26.893Z,Nuwara Eliya,HILL,Landslide,2,560,0,Dry Rations|Medical Kits,68,RESOLVED,CITIZEN
INC-2023-0428,2023-11-17T04:47:37.429Z,Anuradhapura,DRY,Drought,1,35244,0,Water Bowsers|Dry Rations,2215,RESOLVED,CITIZEN
INC-2024-0429,2024-09-20T17:17:54.186Z,Kalutara,WET,Landslide,3,1317,1,Boats|Rescue Teams|Dry Rations|Medical Kits,78,RESOLVED,SENSOR
INC-2021-0430,2021-01-31T12:36:11.510Z,Kandy,HILL,Landslide,5,800,7,Boats|Rescue Teams|Dry Rations|Medical Kits,50,RESOLVED,OFFICER
INC-2025-0431,2025-06-13T04:37:31.628Z,Galle,WET,Flood,1,117,0,Dry Rations|Medical Kits,20,RESOLVED,OFFICER
INC-2025-0432,2025-09-30T07:33:16.040Z,Polonnaruwa,DRY,Drought,4,99780,0,Water Bowsers|Dry Rations,3592,RESOLVED,CITIZEN
INC-2025-0433,2025-02-24T09:44:07.556Z,Colombo,WET,Flood,3,12888,0,Boats|Rescue Teams|Dry Rations|Medical Kits,104,RESOLVED,OFFICER
INC-2021-0434,2021-03-21T21:59:38.008Z,Galle,WET,Landslide,2,426,0,Dry Rations|Medical Kits,32,RESOLVED,CITIZEN
INC-2026-0435,2026-03-06T15:56:55.254Z,Kandy,HILL,Animal Attack,2,4,2,Wildlife Officers|Veterinary Kits,45,RESOLVED,CITIZEN
INC-2019-0436,2019-05-18T03:18:49.696Z,Monaragala,DRY,Drought,3,98973,0,Water Bowsers|Dry Rations,2944,RESOLVED,CITIZEN
INC-2026-0437,2026-03-10T11:44:31.418Z,Kilinochchi,EAST_NORTH,High Winds/Cyclone,3,2196,0,,86,RESOLVED,OFFICER
INC-2020-0438,2020-12-28T00:10:19.042Z,Vavuniya,DRY,Flood,3,7488,0,Boats|Rescue Teams|Dry Rations|Medical Kits,61,RESOLVED,OFFICER
INC-2025-0439,2025-03-07T14:27:57.866Z,Matara,WET,Landslide,4,1424,3,Boats|Rescue Teams|Dry Rations|Medical Kits,169,RESOLVED,CITIZEN
INC-2026-0440,2026-05-06T15:33:44.629Z,Kilinochchi,EAST_NORTH,Drought,1,22502,0,Water Bowsers|Dry Rations,2631,RESOLVED,CITIZEN
INC-2023-0441,2023-03-03T01:37:05.092Z,Mullaitivu,EAST_NORTH,High Winds/Cyclone,1,1242,0,,79,RESOLVED,SENSOR
INC-2018-0442,2018-12-31T05:02:55.384Z,Galle,WET,Flood,1,793,0,Dry Rations|Medical Kits,90,RESOLVED,OFFICER
INC-2023-0443,2023-12-08T14:41:38.820Z,Polonnaruwa,DRY,Flood,3,12870,0,Boats|Rescue Teams|Dry Rations|Medical Kits,47,RESOLVED,OFFICER
INC-2018-0444,2018-06-18T18:58:40.740Z,Badulla,HILL,Landslide,1,100,0,Dry Rations|Medical Kits,92,RESOLVED,SENSOR
INC-2023-0445,2023-06-26T07:37:59.585Z,Galle,WET,Flood,2,7436,0,Dry Rations|Medical Kits,34,RESOLVED,OFFICER
INC-2021-0446,2021-01-04T16:00:30.854Z,Matara,WET,Flood,1,188,0,Dry Rations|Medical Kits,101,RESOLVED,OFFICER
INC-2022-0447,2022-05-17T12:56:38.257Z,Batticaloa,EAST_NORTH,Drought,1,45917,0,Water Bowsers|Dry Rations,3057,RESOLVED,OFFICER
INC-2025-0448,2025-03-30T02:51:03.859Z,Ratnapura,HILL,Landslide,2,468,0,Dry Rations|Medical Kits,96,RESOLVED,CITIZEN
INC-2022-0449,2022-11-04T23:43:52.813Z,Jaffna,EAST_NORTH,Flood,2,2692,0,Dry Rations|Medical Kits,29,RESOLVED,OFFICER
INC-2018-0450,2018-06-07T07:28:06.205Z,Kandy,HILL,Flood,5,33950,5,Boats|Rescue Teams|Dry Rations|Medical Kits,89,RESOLVED,CITIZEN
INC-2022-0451,2022-07-30T18:31:13.954Z,Vavuniya,DRY,Drought,3,144774,0,Water Bowsers|Dry Rations,2950,RESOLVED,CITIZEN
INC-2019-0452,2019-06-05T02:47:33.607Z,Colombo,WET,Flood,4,26240,1,Boats|Rescue Teams|Dry Rations|Medical Kits,32,RESOLVED,OFFICER
INC-2025-0453,2025-09-18T16:43:51.202Z,Ratnapura,HILL,Flood,2,3848,0,Dry Rations|Medical Kits,99,RESOLVED,CITIZEN
INC-2019-0454,2019-11-06T14:40:32.849Z,Galle,WET,Flood,2,3568,0,Dry Rations|Medical Kits,81,RESOLVED,SENSOR
INC-2021-0455,2021-01-02T10:13:03.373Z,Matara,WET,Flood,1,1251,0,Dry Rations|Medical Kits,120,RESOLVED,OFFICER
INC-2026-0456,2026-01-13T10:10:21.778Z,Kilinochchi,EAST_NORTH,Animal Attack,1,9,0,Wildlife Officers|Veterinary Kits,54,RESOLVED,CITIZEN
INC-2018-0457,2018-10-21T17:49:22.097Z,Batticaloa,EAST_NORTH,Animal Attack,1,2,1,Wildlife Officers|Veterinary Kits,43,RESOLVED,CITIZEN
INC-2021-0458,2021-06-18T16:12:30.458Z,Polonnaruwa,DRY,Flood,4,27760,7,Boats|Rescue Teams|Dry Rations|Medical Kits,111,RESOLVED,CITIZEN
INC-2019-0459,2019-05-14T12:34:26.076Z,Matara,WET,Flood,5,34950,3,Boats|Rescue Teams|Dry Rations|Medical Kits,18,RESOLVED,CITIZEN
INC-2022-0460,2022-11-16T19:56:18.920Z,Ratnapura,HILL,Landslide,1,109,0,Dry Rations|Medical Kits,89,RESOLVED,OFFICER
INC-2026-0461,2026-04-26T02:45:46.623Z,Matara,WET,Flood,2,3616,0,Dry Rations|Medical Kits,101,RESOLVED,SENSOR
INC-2020-0462,2020-12-07T04:21:59.515Z,Matara,WET,High Winds/Cyclone,2,6964,0,,36,RESOLVED,OFFICER
INC-2025-0463,2025-11-28T13:40:20.729Z,Monaragala,DRY,Animal Attack,1,10,1,Wildlife Officers|Veterinary Kits,52,RESOLVED,CITIZEN
INC-2026-0464,2026-02-12T08:14:30.685Z,Galle,WET,High Winds/Cyclone,4,4960,3,,111,RESOLVED,SENSOR
INC-2019-0465,2019-01-30T08:09:22.329Z,Gampaha,WET,High Winds/Cyclone,1,440,0,,22,RESOLVED,OFFICER
INC-2021-0466,2021-05-28T06:03:52.711Z,Galle,WET,Flood,1,1579,0,Dry Rations|Medical Kits,115,RESOLVED,OFFICER
INC-2019-0467,2019-03-03T12:43:06.961Z,Matale,HILL,Landslide,2,570,0,Dry Rations|Medical Kits,102,RESOLVED,MEDIA
INC-2024-0468,2024-03-18T10:49:28.268Z,Kandy,HILL,Flood,1,257,0,Dry Rations|Medical Kits,60,RESOLVED,CITIZEN
INC-2026-0469,2026-05-24T10:45:36.670Z,Kandy,HILL,Landslide,1,216,0,Dry Rations|Medical Kits,175,RESOLVED,CITIZEN
INC-2025-0470,2025-03-02T02:39:09.911Z,Matara,WET,Animal Attack,1,4,1,Wildlife Officers|Veterinary Kits,32,RESOLVED,CITIZEN
INC-2018-0471,2018-01-16T10:34:32.808Z,Gampaha,WET,Flood,2,5320,0,Dry Rations|Medical Kits,79,RESOLVED,CITIZEN
INC-2019-0472,2019-12-22T01:14:21.792Z,Matale,HILL,Landslide,4,52,2,Boats|Rescue Teams|Dry Rations|Medical Kits,73,RESOLVED,CITIZEN
INC-2025-0473,2025-08-30T09:45:39.387Z,Gampaha,WET,Flood,1,398,0,Dry Rations|Medical Kits,83,RESOLVED,SENSOR
INC-2018-0474,2018-07-13T22:29:44.669Z,Polonnaruwa,DRY,Drought,5,212715,0,Water Bowsers|Dry Rations,2678,RESOLVED,CITIZEN
INC-2020-0475,2020-03-21T19:13:08.889Z,Kurunegala,DRY,Flood,5,33500,4,Boats|Rescue Teams|Dry Rations|Medical Kits,66,RESOLVED,OFFICER
INC-2022-0476,2022-06-28T13:50:22.065Z,Trincomalee,EAST_NORTH,High Winds/Cyclone,2,7816,0,,22,RESOLVED,CITIZEN
INC-2024-0477,2024-11-13T17:55:20.216Z,Mullaitivu,EAST_NORTH,Drought,1,15685,0,Water Bowsers|Dry Rations,2633,RESOLVED,OFFICER
INC-2024-0478,2024-02-13T06:41:06.194Z,Jaffna,EAST_NORTH,High Winds/Cyclone,2,4556,0,,110,RESOLVED,CITIZEN
INC-2019-0479,2019-11-09T18:09:33.951Z,Puttalam,DRY,Animal Attack,2,9,2,Wildlife Officers|Veterinary Kits,54,RESOLVED,CITIZEN
INC-2021-0480,2021-11-26T23:15:11.244Z,Polonnaruwa,DRY,Flood,4,10672,5,Boats|Rescue Teams|Dry Rations|Medical Kits,30,RESOLVED,CITIZEN
INC-2021-0481,2021-06-23T06:01:55.700Z,Colombo,WET,Landslide,1,340,0,Dry Rations|Medical Kits,39,RESOLVED,CITIZEN
INC-2025-0482,2025-03-05T17:12:53.903Z,Galle,WET,Flood,3,11682,0,Boats|Rescue Teams|Dry Rations|Medical Kits,41,RESOLVED,SENSOR
INC-2024-0483,2024-10-09T00:48:44.166Z,Galle,WET,Flood,1,783,0,Dry Rations|Medical Kits,33,RESOLVED,SENSOR
INC-2021-0484,2021-09-15T17:32:31.655Z,Kalutara,WET,Flood,1,1590,0,Dry Rations|Medical Kits,18,RESOLVED,OFFICER
INC-2023-0485,2023-05-06T04:47:55.206Z,Mannar,DRY,Animal Attack,1,6,1,Wildlife Officers|Veterinary Kits,50,RESOLVED,CITIZEN
INC-2026-0486,2026-03-25T04:18:52.424Z,Ampara,EAST_NORTH,High Winds/Cyclone,3,3618,0,,79,RESOLVED,CITIZEN
INC-2023-0487,2023-03-18T19:15:31.507Z,Gampaha,WET,Flood,1,756,0,Dry Rations|Medical Kits,108,RESOLVED,CITIZEN
INC-2022-0488,2022-12-08T09:54:41.483Z,Kegalle,HILL,Landslide,1,91,0,Dry Rations|Medical Kits,113,RESOLVED,OFFICER
INC-2019-0489,2019-05-04T18:19:46.355Z,Puttalam,DRY,Drought,4,78732,0,Water Bowsers|Dry Rations,2207,RESOLVED,CITIZEN
INC-2019-0490,2019-05-15T04:20:42.756Z,Mullaitivu,EAST_NORTH,Flood,2,5948,0,Dry Rations|Medical Kits,54,RESOLVED,OFFICER
INC-2019-0491,2019-11-21T18:55:50.109Z,Puttalam,DRY,Flood,1,353,0,Dry Rations|Medical Kits,106,RESOLVED,OFFICER
INC-2023-0492,2023-02-15T12:27:23.088Z,Gampaha,WET,High Winds/Cyclone,1,1411,0,,72,RESOLVED,CITIZEN
INC-2023-0493,2023-01-05T14:36:12.477Z,Matale,HILL,Landslide,4,1704,5,Boats|Rescue Teams|Dry Rations|Medical Kits,152,RESOLVED,CITIZEN
INC-2026-0494,2026-02-26T01:43:06.080Z,Polonnaruwa,DRY,Animal Attack,1,8,0,Wildlife Officers|Veterinary Kits,64,RESOLVED,OFFICER
INC-2019-0495,2019-02-15T14:42:02.773Z,Puttalam,DRY,Flood,3,12519,0,Boats|Rescue Teams|Dry Rations|Medical Kits,39,RESOLVED,CITIZEN
INC-2020-0496,2020-09-25T10:41:36.963Z,Colombo,WET,Landslide,3,1416,6,Boats|Rescue Teams|Dry Rations|Medical Kits,154,RESOLVED,OFFICER
INC-2019-0497,2019-11-08T22:09:48.181Z,Anuradhapura,DRY,Flood,1,1135,0,Dry Rations|Medical Kits,93,RESOLVED,OFFICER
INC-2019-0498,2019-12-11T18:19:30.875Z,Ratnapura,HILL,Flood,2,4136,0,Dry Rations|Medical Kits,52,RESOLVED,CITIZEN
INC-2019-0499,2019-10-13T01:50:44.134Z,Ampara,EAST_NORTH,Drought,2,79000,0,Water Bowsers|Dry Rations,3018,RESOLVED,SENSOR
INC-2024-0500,2024-09-14T03:03:18.932Z,Matale,HILL,Landslide,1,156,0,Dry Rations|Medical Kits,72,RESOLVED,OFFICER
INC-2022-0501,2022-01-25T13:53:56.028Z,Kegalle,HILL,High Winds/Cyclone,4,28144,8,,41,RESOLVED,CITIZEN
INC-2023-0502,2023-05-11T19:49:00.285Z,Mannar,DRY,High Winds/Cyclone,4,1312,5,,85,RESOLVED,CITIZEN
INC-2022-0503,2022-06-20T22:07:34.947Z,Kalutara,WET,Flood,3,2673,0,Boats|Rescue Teams|Dry Rations|Medical Kits,105,RESOLVED,CITIZEN
INC-2026-0504,2026-02-14T01:17:56.820Z,Matara,WET,Flood,2,1244,0,Dry Rations|Medical Kits,23,RESOLVED,SENSOR
INC-2022-0505,2022-12-25T09:12:14.062Z,Vavuniya,DRY,Flood,2,5488,0,Dry Rations|Medical Kits,51,RESOLVED,CITIZEN
INC-2018-0506,2018-11-19T04:30:26.811Z,Puttalam,DRY,Drought,2,79516,0,Water Bowsers|Dry Rations,1486,RESOLVED,CITIZEN
INC-2024-0507,2024-06-01T00:00:14.940Z,Mullaitivu,EAST_NORTH,Flood,2,5556,0,Dry Rations|Medical Kits,49,RESOLVED,CITIZEN
INC-2022-0508,2022-06-21T20:33:43.943Z,Vavuniya,DRY,Animal Attack,2,9,1,Wildlife Officers|Veterinary Kits,44,RESOLVED,OFFICER
INC-2019-0509,2019-07-01T23:51:10.765Z,Ratnapura,HILL,Landslide,1,451,0,Dry Rations|Medical Kits,180,RESOLVED,CITIZEN
INC-2024-0510,2024-03-05T05:42:25.445Z,Kandy,HILL,Forest Fire,2,0,0,Fire Trucks|Air Support,75,RESOLVED,CITIZEN
INC-2022-0511,2022-02-24T23:33:33.983Z,Hambantota,DRY,Flood,5,22400,3,Boats|Rescue Teams|Dry Rations|Medical Kits,30,RESOLVED,SENSOR
INC-2018-0512,2018-11-28T20:25:39.984Z,Gampaha,WET,Flood,1,1248,0,Dry Rations|Medical Kits,72,RESOLVED,SENSOR
INC-2021-0513,2021-05-24T04:47:05.529Z,Gampaha,WET,Flood,2,7884,0,Dry Rations|Medical Kits,20,RESOLVED,SENSOR
INC-2021-0514,2021-01-03T02:38:16.139Z,Galle,WET,Animal Attack,1,6,1,Wildlife Officers|Veterinary Kits,42,RESOLVED,CITIZEN
INC-2022-0515,2022-12-10T06:59:26.984Z,Puttalam,DRY,Flood,4,14624,7,Boats|Rescue Teams|Dry Rations|Medical Kits,23,RESOLVED,CITIZEN
INC-2020-0516,2020-09-22T03:10:08.299Z,Matale,HILL,Flood,2,1720,0,Dry Rations|Medical Kits,57,RESOLVED,OFFICER
INC-2020-0517,2020-01-19T20:16:50.630Z,Jaffna,EAST_NORTH,Animal Attack,1,6,0,Wildlife Officers|Veterinary Kits,83,RESOLVED,CITIZEN
INC-2020-0518,2020-12-13T03:35:25.697Z,Ampara,EAST_NORTH,High Winds/Cyclone,2,3224,0,,81,RESOLVED,MEDIA
INC-2022-0519,2022-12-24T07:00:17.219Z,Ratnapura,HILL,Landslide,1,295,0,Dry Rations|Medical Kits,78,RESOLVED,SENSOR
INC-2026-0520,2026-04-06T02:40:11.427Z,Gampaha,WET,Flood,1,890,0,Dry Rations|Medical Kits,60,RESOLVED,OFFICER
INC-2020-0521,2020-08-06T03:55:49.882Z,Polonnaruwa,DRY,Drought,2,67032,0,Water Bowsers|Dry Rations,4266,RESOLVED,CITIZEN
INC-2018-0522,2018-12-13T02:23:47.979Z,Matara,WET,Flood,2,2988,0,Dry Rations|Medical Kits,21,RESOLVED,OFFICER
INC-2021-0523,2021-05-05T01:40:57.197Z,Nuwara Eliya,HILL,Landslide,1,478,0,Dry Rations|Medical Kits,133,RESOLVED,OFFICER
INC-2018-0524,2018-07-07T07:11:00.012Z,Matale,HILL,Flood,4,29120,3,Boats|Rescue Teams|Dry Rations|Medical Kits,88,RESOLVED,SENSOR
INC-2021-0525,2021-09-06T21:27:29.406Z,Matale,HILL,Landslide,1,260,0,Dry Rations|Medical Kits,152,RESOLVED,CITIZEN
INC-2022-0526,2022-05-29T09:49:30.690Z,Badulla,HILL,Flood,2,888,0,Dry Rations|Medical Kits,36,RESOLVED,OFFICER
INC-2018-0527,2018-07-26T02:56:05.790Z,Kalutara,WET,High Winds/Cyclone,3,8631,0,,120,RESOLVED,CITIZEN
INC-2025-0528,2025-11-13T11:33:12.293Z,Nuwara Eliya,HILL,Animal Attack,1,1,2,Wildlife Officers|Veterinary Kits,49,RESOLVED,SENSOR
INC-2024-0529,2024-08-24T06:08:18.399Z,Polonnaruwa,DRY,Animal Attack,2,6,0,Wildlife Officers|Veterinary Kits,79,RESOLVED,CITIZEN
INC-2020-0530,2020-04-29T11:31:24.553Z,Hambantota,DRY,Animal Attack,2,8,1,Wildlife Officers|Veterinary Kits,66,RESOLVED,SENSOR
INC-2019-0531,2019-12-21T14:51:36.809Z,Gampaha,WET,Flood,1,1694,0,Dry Rations|Medical Kits,93,RESOLVED,OFFICER
INC-2025-0532,2025-08-31T04:45:26.705Z,Kalutara,WET,Flood,3,8343,0,Boats|Rescue Teams|Dry Rations|Medical Kits,62,RESOLVED,OFFICER
INC-2022-0533,2022-05-02T17:11:15.726Z,Galle,WET,Flood,2,2404,0,Dry Rations|Medical Kits,93,RESOLVED,OFFICER
INC-2023-0534,2023-05-26T22:49:02.140Z,Hambantota,DRY,Forest Fire,2,102,0,Fire Trucks|Air Support,152,RESOLVED,OFFICER
INC-2024-0535,2024-07-16T13:39:28.162Z,Colombo,WET,Flood,2,1032,0,Dry Rations|Medical Kits,115,RESOLVED,CITIZEN
INC-2024-0536,2024-07-24T19:24:27.195Z,Gampaha,WET,Flood,2,1600,0,Dry Rations|Medical Kits,54,RESOLVED,SENSOR
INC-2024-0537,2024-01-14T06:46:11.606Z,Kegalle,HILL,Flood,2,2180,0,Dry Rations|Medical Kits,64,RESOLVED,CITIZEN
INC-2020-0538,2020-12-14T21:18:35.034Z,Kurunegala,DRY,Flood,2,2264,0,Dry Rations|Medical Kits,22,RESOLVED,CITIZEN
INC-2021-0539,2021-02-17T02:21:01.025Z,Monaragala,DRY,High Winds/Cyclone,1,1636,0,,102,RESOLVED,CITIZEN
INC-2021-0540,2021-01-15T12:24:19.844Z,Hambantota,DRY,Flood,3,7965,0,Boats|Rescue Teams|Dry Rations|Medical Kits,16,RESOLVED,OFFICER
INC-2019-0541,2019-11-11T17:30:37.216Z,Polonnaruwa,DRY,Drought,4,116312,0,Water Bowsers|Dry Rations,2934,RESOLVED,OFFICER
INC-2023-0542,2023-07-27T09:32:19.449Z,Galle,WET,Flood,3,9576,0,Boats|Rescue Teams|Dry Rations|Medical Kits,94,RESOLVED,CITIZEN
INC-2021-0543,2021-11-19T14:34:11.414Z,Nuwara Eliya,HILL,Landslide,2,520,0,Dry Rations|Medical Kits,54,RESOLVED,CITIZEN
INC-2022-0544,2022-06-05T03:52:19.523Z,Nuwara Eliya,HILL,Landslide,1,469,0,Dry Rations|Medical Kits,178,RESOLVED,CITIZEN
INC-2023-0545,2023-12-04T11:13:21.296Z,Kurunegala,DRY,Flood,3,2853,0,Boats|Rescue Teams|Dry Rations|Medical Kits,35,RESOLVED,CITIZEN
INC-2025-0546,2025-10-04T06:26:51.676Z,Gampaha,WET,Flood,4,9536,0,Boats|Rescue Teams|Dry Rations|Medical Kits,18,RESOLVED,MEDIA
INC-2020-0547,2020-05-01T00:58:43.505Z,Hambantota,DRY,Forest Fire,1,87,0,Fire Trucks|Air Support,138,RESOLVED,CITIZEN
INC-2024-0548,2024-09-18T14:49:13.383Z,Gampaha,WET,Flood,3,8028,0,Boats|Rescue Teams|Dry Rations|Medical Kits,113,RESOLVED,CITIZEN
INC-2018-0549,2018-01-22T00:20:36.204Z,Matara,WET,Animal Attack,1,7,2,Wildlife Officers|Veterinary Kits,35,RESOLVED,OFFICER
INC-2024-0550,2024-10-24T11:01:58.231Z,Kegalle,HILL,Flood,1,1628,0,Dry Rations|Medical Kits,75,RESOLVED,CITIZEN
INC-2022-0551,2022-05-21T20:55:49.635Z,Kurunegala,DRY,Drought,3,60849,0,Water Bowsers|Dry Rations,2642,RESOLVED,CITIZEN
INC-2024-0552,2024-12-09T05:36:42.245Z,Mullaitivu,EAST_NORTH,Flood,4,22720,3,Boats|Rescue Teams|Dry Rations|Medical Kits,17,RESOLVED,OFFICER
INC-2023-0553,2023-09-25T07:23:27.872Z,Hambantota,DRY,Animal Attack,1,4,1,Wildlife Officers|Veterinary Kits,50,RESOLVED,MEDIA
INC-2025-0554,2025-07-01T17:23:36.121Z,Kandy,HILL,Landslide,2,598,0,Dry Rations|Medical Kits,76,RESOLVED,CITIZEN
INC-2025-0555,2025-04-16T06:26:19.772Z,Hambantota,DRY,Flood,1,134,0,Dry Rations|Medical Kits,64,RESOLVED,CITIZEN
INC-2018-0556,2018-08-07T07:10:40.538Z,Kilinochchi,EAST_NORTH,Drought,2,76834,0,Water Bowsers|Dry Rations,2456,RESOLVED,CITIZEN
INC-2025-0557,2025-07-29T19:03:44.822Z,Gampaha,WET,Landslide,3,129,7,Boats|Rescue Teams|Dry Rations|Medical Kits,123,RESOLVED,CITIZEN
INC-2018-0558,2018-09-13T20:15:09.525Z,Hambantota,DRY,Drought,1,48994,0,Water Bowsers|Dry Rations,3061,RESOLVED,CITIZEN
INC-2023-0559,2023-11-25T13:55:08.322Z,Matale,HILL,Flood,2,3220,0,Dry Rations|Medical Kits,15,RESOLVED,CITIZEN
INC-2025-0560,2025-10-01T19:04:02.439Z,Hambantota,DRY,Drought,3,139686,0,Water Bowsers|Dry Rations,4126,RESOLVED,CITIZEN
INC-2025-0561,2025-08-17T11:52:19.737Z,Badulla,HILL,Flood,1,1916,0,Dry Rations|Medical Kits,120,RESOLVED,CITIZEN
INC-2024-0562,2024-09-15T20:45:09.242Z,Nuwara Eliya,HILL,Landslide,1,154,0,Dry Rations|Medical Kits,163,RESOLVED,SENSOR
INC-2021-0563,2021-08-25T05:53:12.012Z,Jaffna,EAST_NORTH,Drought,3,68058,0,Water Bowsers|Dry Rations,4063,RESOLVED,CITIZEN
INC-2024-0564,2024-03-16T06:25:52.889Z,Gampaha,WET,Flood,1,615,0,Dry Rations|Medical Kits,42,RESOLVED,OFFICER
INC-2023-0565,2023-08-27T22:10:05.651Z,Mannar,DRY,Drought,1,19901,0,Water Bowsers|Dry Rations,2558,RESOLVED,OFFICER
INC-2024-0566,2024-12-05T09:44:54.255Z,Kandy,HILL,Forest Fire,2,20,0,Fire Trucks|Air Support,238,RESOLVED,CITIZEN
INC-2023-0567,2023-07-27T22:37:37.784Z,Colombo,WET,Flood,2,7024,0,Dry Rations|Medical Kits,57,RESOLVED,CITIZEN
INC-2019-0568,2019-08-25T11:24:02.077Z,Matale,HILL,Landslide,2,750,0,Dry Rations|Medical Kits,142,RESOLVED,OFFICER
INC-2022-0569,2022-07-10T09:23:30.883Z,Mullaitivu,EAST_NORTH,Forest Fire,1,32,0,Fire Trucks|Air Support,112,RESOLVED,OFFICER
INC-2025-0570,2025-06-04T11:02:30.338Z,Kegalle,HILL,Flood,2,5912,0,Dry Rations|Medical Kits,36,RESOLVED,OFFICER
INC-2025-0571,2025-01-23T10:15:20.236Z,Hambantota,DRY,Flood,1,1657,0,Dry Rations|Medical Kits,77,RESOLVED,OFFICER
INC-2020-0572,2020-09-12T14:42:04.822Z,Colombo,WET,Flood,3,7569,0,Boats|Rescue Teams|Dry Rations|Medical Kits,55,RESOLVED,OFFICER
INC-2025-0573,2025-09-13T12:20:25.114Z,Kalutara,WET,Flood,3,6759,0,Boats|Rescue Teams|Dry Rations|Medical Kits,44,RESOLVED,OFFICER
INC-2026-0574,2026-03-28T02:58:41.515Z,Matale,HILL,Landslide,1,228,0,Dry Rations|Medical Kits,118,RESOLVED,OFFICER
INC-2021-0575,2021-09-30T05:02:09.121Z,Gampaha,WET,Landslide,4,1076,9,Boats|Rescue Teams|Dry Rations|Medical Kits,67,RESOLVED,CITIZEN
INC-2021-0576,2021-12-11T15:17:37.256Z,Monaragala,DRY,Flood,3,1917,0,Boats|Rescue Teams|Dry Rations|Medical Kits,75,RESOLVED,SENSOR
INC-2023-0577,2023-01-29T16:19:23.846Z,Monaragala,DRY,Flood,2,3040,0,Dry Rations|Medical Kits,85,RESOLVED,CITIZEN
INC-2022-0578,2022-02-08T05:42:41.129Z,Batticaloa,EAST_NORTH,Flood,3,14553,0,Boats|Rescue Teams|Dry Rations|Medical Kits,39,RESOLVED,CITIZEN
INC-2023-0579,2023-11-26T13:07:38.336Z,Gampaha,WET,High Winds/Cyclone,1,492,0,,52,RESOLVED,OFFICER
INC-2020-0580,2020-10-27T09:00:00.362Z,Polonnaruwa,DRY,Animal Attack,1,9,2,Wildlife Officers|Veterinary Kits,85,RESOLVED,OFFICER
INC-2018-0581,2018-06-11T23:10:25.852Z,Colombo,WET,Flood,2,5120,0,Dry Rations|Medical Kits,36,RESOLVED,CITIZEN
INC-2022-0582,2022-02-26T09:02:26.587Z,Matale,HILL,Landslide,1,357,0,Dry Rations|Medical Kits,83,RESOLVED,CITIZEN
INC-2024-0583,2024-10-25T16:14:49.362Z,Colombo,WET,Flood,2,5984,0,Dry Rations|Medical Kits,79,RESOLVED,OFFICER
INC-2021-0584,2021-05-22T23:04:21.215Z,Kalutara,WET,Flood,3,14733,0,Boats|Rescue Teams|Dry Rations|Medical Kits,17,RESOLVED,OFFICER
INC-2021-0585,2021-02-10T02:44:58.996Z,Ampara,EAST_NORTH,Flood,2,4320,0,Dry Rations|Medical Kits,50,RESOLVED,CITIZEN
INC-2022-0586,2022-08-06T04:04:51.719Z,Ratnapura,HILL,Landslide,3,189,0,Boats|Rescue Teams|Dry Rations|Medical Kits,98,RESOLVED,OFFICER
INC-2019-0587,2019-04-10T11:42:01.954Z,Vavuniya,DRY,High Winds/Cyclone,1,1517,0,,60,RESOLVED,CITIZEN
INC-2025-0588,2025-06-01T15:10:32.137Z,Colombo,WET,High Winds/Cyclone,1,454,0,,38,RESOLVED,CITIZEN
INC-2023-0589,2023-11-03T21:52:00.704Z,Matara,WET,Flood,3,12726,0,Boats|Rescue Teams|Dry Rations|Medical Kits,108,RESOLVED,CITIZEN
INC-2018-0590,2018-12-17T22:27:04.083Z,Anuradhapura,DRY,Flood,4,8832,2,Boats|Rescue Teams|Dry Rations|Medical Kits,119,RESOLVED,CITIZEN
INC-2021-0591,2021-09-20T14:58:12.213Z,Mullaitivu,EAST_NORTH,Drought,2,72472,0,Water Bowsers|Dry Rations,1600,RESOLVED,CITIZEN
INC-2026-0592,2026-05-06T10:49:56.815Z,Ratnapura,HILL,Landslide,2,800,0,Dry Rations|Medical Kits,105,RESOLVED,CITIZEN
INC-2021-0593,2021-12-17T05:06:32.481Z,Gampaha,WET,Animal Attack,1,8,0,Wildlife Officers|Veterinary Kits,43,RESOLVED,OFFICER
INC-2023-0594,2023-05-29T04:05:10.381Z,Kilinochchi,EAST_NORTH,High Winds/Cyclone,2,5012,0,,98,RESOLVED,CITIZEN
INC-2018-0595,2018-09-04T21:15:01.535Z,Badulla,HILL,Flood,4,11568,6,Boats|Rescue Teams|Dry Rations|Medical Kits,83,RESOLVED,CITIZEN
INC-2020-0596,2020-07-09T05:01:03.607Z,Monaragala,DRY,Drought,2,43582,0,Water Bowsers|Dry Rations,3144,RESOLVED,MEDIA
INC-2022-0597,2022-03-22T05:41:39.302Z,Anuradhapura,DRY,Drought,1,40250,0,Water Bowsers|Dry Rations,3171,RESOLVED,CITIZEN
INC-2026-0598,2026-02-19T07:56:02.725Z,Vavuniya,DRY,Animal Attack,1,7,1,Wildlife Officers|Veterinary Kits,30,RESOLVED,OFFICER
INC-2025-0599,2025-03-16T16:39:09.218Z,Matara,WET,Flood,3,837,0,Boats|Rescue Teams|Dry Rations|Medical Kits,99,RESOLVED,OFFICER
INC-2026-0600,2026-03-27T14:39:01.258Z,Anuradhapura,DRY,Drought,4,100020,0,Water Bowsers|Dry Rations,1715,RESOLVED,SENSOR
INC-2020-0601,2020-09-03T13:59:49.185Z,Nuwara Eliya,HILL,Landslide,2,746,0,Dry Rations|Medical Kits,107,RESOLVED,OFFICER
INC-2018-0602,2018-12-11T20:09:49.499Z,Kandy,HILL,Flood,4,24864,5,Boats|Rescue Teams|Dry Rations|Medical Kits,110,RESOLVED,OFFICER
INC-2019-0603,2019-07-15T18:37:47.913Z,Vavuniya,DRY,Drought,2,63890,0,Water Bowsers|Dry Rations,3358,RESOLVED,CITIZEN
INC-2022-0604,2022-08-15T07:09:55.609Z,Mullaitivu,EAST_NORTH,Animal Attack,1,9,1,Wildlife Officers|Veterinary Kits,34,RESOLVED,OFFICER
INC-2024-0605,2024-05-30T10:42:49.079Z,Colombo,WET,Flood,2,7112,0,Dry Rations|Medical Kits,43,RESOLVED,CITIZEN
INC-2025-0606,2025-06-19T22:46:34.378Z,Galle,WET,Flood,4,14272,0,Boats|Rescue Teams|Dry Rations|Medical Kits,74,RESOLVED,CITIZEN
INC-2024-0607,2024-07-28T02:56:25.258Z,Matara,WET,Flood,2,5480,0,Dry Rations|Medical Kits,116,RESOLVED,CITIZEN
INC-2022-0608,2022-01-01T17:31:35.069Z,Kalutara,WET,Flood,2,1752,0,Dry Rations|Medical Kits,104,RESOLVED,CITIZEN
INC-2018-0609,2018-04-04T22:44:48.394Z,Polonnaruwa,DRY,High Winds/Cyclone,1,1793,0,,96,RESOLVED,OFFICER
INC-2020-0610,2020-12-26T01:52:28.048Z,Kegalle,HILL,Forest Fire,5,270,0,Fire Trucks|Air Support,189,RESOLVED,MEDIA
INC-2022-0611,2022-01-11T16:50:59.470Z,Kegalle,HILL,Forest Fire,1,81,0,Fire Trucks|Air Support,120,RESOLVED,CITIZEN
INC-2021-0612,2021-11-15T19:39:16.072Z,Mullaitivu,EAST_NORTH,Drought,2,38644,0,Water Bowsers|Dry Rations,2631,RESOLVED,CITIZEN
INC-2024-0613,2024-04-19T13:09:12.153Z,Gampaha,WET,Flood,2,5352,0,Dry Rations|Medical Kits,88,RESOLVED,CITIZEN
INC-2019-0614,2019-02-22T04:51:11.850Z,Mannar,DRY,Flood,4,12976,0,Boats|Rescue Teams|Dry Rations|Medical Kits,109,RESOLVED,CITIZEN
INC-2020-0615,2020-03-03T22:13:01.811Z,Kandy,HILL,High Winds/Cyclone,2,3444,0,,29,RESOLVED,CITIZEN
INC-2023-0616,2023-05-19T08:02:34.032Z,Mullaitivu,EAST_NORTH,Flood,2,5100,0,Dry Rations|Medical Kits,64,RESOLVED,OFFICER
INC-2024-0617,2024-07-19T06:35:55.970Z,Ampara,EAST_NORTH,Drought,3,87675,0,Water Bowsers|Dry Rations,4320,RESOLVED,SENSOR
INC-2023-0618,2023-08-01T03:55:11.659Z,Badulla,HILL,Flood,2,2892,0,Dry Rations|Medical Kits,118,RESOLVED,OFFICER
INC-2022-0619,2022-08-27T20:07:13.968Z,Anuradhapura,DRY,High Winds/Cyclone,1,510,0,,53,RESOLVED,SENSOR
INC-2020-0620,2020-06-18T07:32:47.053Z,Mannar,DRY,Flood,1,1335,0,Dry Rations|Medical Kits,23,RESOLVED,OFFICER
INC-2019-0621,2019-08-07T21:25:54.610Z,Galle,WET,Flood,2,5128,0,Dry Rations|Medical Kits,41,RESOLVED,CITIZEN
INC-2024-0622,2024-08-31T13:55:10.685Z,Kandy,HILL,Landslide,2,596,0,Dry Rations|Medical Kits,46,RESOLVED,OFFICER
INC-2022-0623,2022-10-01T18:02:49.805Z,Kandy,HILL,Animal Attack,1,5,2,Wildlife Officers|Veterinary Kits,81,RESOLVED,CITIZEN
INC-2022-0624,2022-12-30T04:19:50.963Z,Mannar,DRY,Flood,3,8001,0,Boats|Rescue Teams|Dry Rations|Medical Kits,79,RESOLVED,OFFICER
INC-2024-0625,2024-10-28T05:59:42.398Z,Matara,WET,Flood,1,1060,0,Dry Rations|Medical Kits,36,RESOLVED,OFFICER
INC-2019-0626,2019-08-10T18:41:17.080Z,Mullaitivu,EAST_NORTH,Drought,2,52586,0,Water Bowsers|Dry Rations,2812,RESOLVED,OFFICER
INC-2019-0627,2019-06-16T02:40:23.708Z,Galle,WET,Landslide,2,560,0,Dry Rations|Medical Kits,40,RESOLVED,OFFICER
INC-2022-0628,2022-08-03T06:22:44.461Z,Galle,WET,Flood,1,693,0,Dry Rations|Medical Kits,19,RESOLVED,CITIZEN
INC-2024-0629,2024-04-18T04:21:58.228Z,Hambantota,DRY,Flood,2,7632,0,Dry Rations|Medical Kits,63,RESOLVED,CITIZEN
INC-2022-0630,2022-03-27T14:51:59.699Z,Polonnaruwa,DRY,Animal Attack,2,4,2,Wildlife Officers|Veterinary Kits,43,RESOLVED,CITIZEN
INC-2026-0631,2026-04-09T23:48:56.515Z,Vavuniya,DRY,Flood,2,5820,0,Dry Rations|Medical Kits,79,RESOLVED,SENSOR
INC-2021-0632,2021-05-03T20:34:04.702Z,Colombo,WET,Flood,2,7340,0,Dry Rations|Medical Kits,65,RESOLVED,CITIZEN
INC-2021-0633,2021-09-27T23:54:00.224Z,Colombo,WET,Flood,4,27312,5,Boats|Rescue Teams|Dry Rations|Medical Kits,100,RESOLVED,CITIZEN
INC-2021-0634,2021-10-10T18:38:45.410Z,Matara,WET,Flood,2,5184,0,Dry Rations|Medical Kits,60,RESOLVED,OFFICER
INC-2018-0635,2018-07-15T13:15:37.631Z,Anuradhapura,DRY,High Winds/Cyclone,5,10975,6,,69,RESOLVED,CITIZEN
INC-2026-0636,2026-04-28T11:44:44.590Z,Kandy,HILL,Landslide,2,942,0,Dry Rations|Medical Kits,158,RESOLVED,OFFICER
INC-2019-0637,2019-08-25T05:17:28.583Z,Ratnapura,HILL,Flood,1,969,0,Dry Rations|Medical Kits,67,RESOLVED,CITIZEN
INC-2018-0638,2018-05-31T12:00:30.340Z,Badulla,HILL,Landslide,1,278,0,Dry Rations|Medical Kits,123,RESOLVED,CITIZEN
INC-2018-0639,2018-10-20T04:26:37.096Z,Jaffna,EAST_NORTH,Drought,4,57132,0,Water Bowsers|Dry Rations,2297,RESOLVED,OFFICER
INC-2022-0640,2022-06-10T03:26:54.138Z,Matara,WET,Flood,3,1899,0,Boats|Rescue Teams|Dry Rations|Medical Kits,33,RESOLVED,OFFICER
INC-2025-0641,2025-11-16T16:54:58.449Z,Anuradhapura,DRY,Drought,1,30054,0,Water Bowsers|Dry Rations,2807,RESOLVED,CITIZEN
INC-2019-0642,2019-11-03T23:43:10.974Z,Kalutara,WET,Flood,2,3080,0,Dry Rations|Medical Kits,95,RESOLVED,SENSOR
INC-2025-0643,2025-07-14T11:44:14.321Z,Kandy,HILL,Landslide,2,676,0,Dry Rations|Medical Kits,83,RESOLVED,CITIZEN
INC-2021-0644,2021-12-04T22:08:57.415Z,Mullaitivu,EAST_NORTH,Flood,2,2636,0,Dry Rations|Medical Kits,27,RESOLVED,CITIZEN
INC-2022-0645,2022-08-15T19:19:13.407Z,Kalutara,WET,Flood,2,4480,0,Dry Rations|Medical Kits,88,RESOLVED,SENSOR
INC-2025-0646,2025-02-22T20:41:49.399Z,Anuradhapura,DRY,High Winds/Cyclone,1,1575,0,,111,RESOLVED,CITIZEN
INC-2019-0647,2019-02-08T06:56:02.700Z,Colombo,WET,Flood,3,13959,0,Boats|Rescue Teams|Dry Rations|Medical Kits,20,RESOLVED,CITIZEN
INC-2021-0648,2021-05-11T07:49:03.123Z,Colombo,WET,Flood,1,943,0,Dry Rations|Medical Kits,75,RESOLVED,CITIZEN
INC-2020-0649,2020-04-20T23:01:42.000Z,Ratnapura,HILL,Flood,2,5956,0,Dry Rations|Medical Kits,58,RESOLVED,OFFICER
INC-2021-0650,2021-11-24T19:24:36.521Z,Galle,WET,Animal Attack,1,7,2,Wildlife Officers|Veterinary Kits,75,RESOLVED,CITIZEN
INC-2021-0651,2021-02-09T07:14:45.894Z,Galle,WET,Flood,2,7352,0,Dry Rations|Medical Kits,81,RESOLVED,OFFICER
INC-2022-0652,2022-05-04T13:24:12.178Z,Anuradhapura,DRY,Drought,1,44909,0,Water Bowsers|Dry Rations,2193,RESOLVED,CITIZEN
INC-2025-0653,2025-11-09T09:49:59.122Z,Gampaha,WET,Flood,3,12735,0,Boats|Rescue Teams|Dry Rations|Medical Kits,110,RESOLVED,SENSOR
INC-2025-0654,2025-09-10T04:52:36.195Z,Anuradhapura,DRY,Drought,2,62736,0,Water Bowsers|Dry Rations,3639,RESOLVED,OFFICER
INC-2023-0655,2023-01-28T22:35:41.123Z,Mullaitivu,EAST_NORTH,Flood,1,650,0,Dry Rations|Medical Kits,24,RESOLVED,CITIZEN
INC-2025-0656,2025-01-05T01:56:22.550Z,Polonnaruwa,DRY,Flood,2,6180,0,Dry Rations|Medical Kits,114,RESOLVED,SENSOR
INC-2026-0657,2026-03-12T00:14:13.251Z,Colombo,WET,High Winds/Cyclone,2,1500,0,,15,RESOLVED,MEDIA
INC-2019-0658,2019-07-12T06:23:50.932Z,Matara,WET,Flood,5,13450,6,Boats|Rescue Teams|Dry Rations|Medical Kits,54,RESOLVED,CITIZEN
INC-2024-0659,2024-02-09T12:10:14.929Z,Matara,WET,Flood,4,15792,6,Boats|Rescue Teams|Dry Rations|Medical Kits,16,RESOLVED,MEDIA
INC-2019-0660,2019-05-31T17:09:00.597Z,Kegalle,HILL,Landslide,2,946,0,Dry Rations|Medical Kits,136,RESOLVED,CITIZEN
INC-2025-0661,2025-09-27T02:57:24.351Z,Colombo,WET,Landslide,1,57,0,Dry Rations|Medical Kits,80,RESOLVED,CITIZEN
INC-2021-0662,2021-09-23T17:51:55.842Z,Kalutara,WET,Flood,4,25808,5,Boats|Rescue Teams|Dry Rations|Medical Kits,32,RESOLVED,OFFICER
INC-2024-0663,2024-02-28T23:15:13.563Z,Colombo,WET,Flood,1,1097,0,Dry Rations|Medical Kits,100,RESOLVED,OFFICER
INC-2019-0664,2019-06-17T06:55:41.987Z,Hambantota,DRY,Animal Attack,2,3,2,Wildlife Officers|Veterinary Kits,64,RESOLVED,CITIZEN
INC-2024-0665,2024-12-21T02:55:16.742Z,Kandy,HILL,Landslide,1,108,0,Dry Rations|Medical Kits,85,RESOLVED,OFFICER
INC-2023-0666,2023-09-21T05:56:32.116Z,Mannar,DRY,Drought,1,41858,0,Water Bowsers|Dry Rations,2243,RESOLVED,OFFICER
INC-2024-0667,2024-03-23T12:28:03.085Z,Badulla,HILL,Flood,1,940,0,Dry Rations|Medical Kits,113,RESOLVED,SENSOR
INC-2026-0668,2026-04-04T19:08:49.995Z,Gampaha,WET,Flood,1,121,0,Dry Rations|Medical Kits,113,RESOLVED,OFFICER
INC-2022-0669,2022-07-12T21:27:02.001Z,Galle,WET,Flood,3,17019,0,Boats|Rescue Teams|Dry Rations|Medical Kits,98,RESOLVED,CITIZEN
INC-2018-0670,2018-08-21T16:10:30.844Z,Kalutara,WET,Flood,1,1831,0,Dry Rations|Medical Kits,30,RESOLVED,CITIZEN
INC-2023-0671,2023-07-14T16:37:52.645Z,Gampaha,WET,Flood,2,2868,0,Dry Rations|Medical Kits,65,RESOLVED,MEDIA
INC-2025-0672,2025-07-11T22:02:46.313Z,Mannar,DRY,Animal Attack,1,8,2,Wildlife Officers|Veterinary Kits,31,RESOLVED,CITIZEN
INC-2021-0673,2021-08-23T08:08:37.595Z,Colombo,WET,Flood,1,337,0,Dry Rations|Medical Kits,61,RESOLVED,CITIZEN
INC-2018-0674,2018-12-29T19:24:32.449Z,Kalutara,WET,Flood,1,297,0,Dry Rations|Medical Kits,44,RESOLVED,SENSOR
INC-2022-0675,2022-07-26T20:27:42.982Z,Anuradhapura,DRY,Drought,1,6182,0,Water Bowsers|Dry Rations,1989,RESOLVED,OFFICER
INC-2023-0676,2023-10-27T05:07:28.783Z,Ampara,EAST_NORTH,High Winds/Cyclone,1,860,0,,51,RESOLVED,CITIZEN
INC-2018-0677,2018-12-20T20:00:08.672Z,Kandy,HILL,Forest Fire,1,0,0,Fire Trucks|Air Support,125,RESOLVED,OFFICER
INC-2019-0678,2019-08-31T06:02:12.823Z,Kandy,HILL,Landslide,4,1132,14,Boats|Rescue Teams|Dry Rations|Medical Kits,158,RESOLVED,SENSOR
INC-2022-0679,2022-08-07T20:43:14.136Z,Matara,WET,Flood,3,6894,0,Boats|Rescue Teams|Dry Rations|Medical Kits,76,RESOLVED,CITIZEN
INC-2022-0680,2022-07-20T05:38:35.377Z,Kurunegala,DRY,Drought,1,27010,0,Water Bowsers|Dry Rations,4039,RESOLVED,MEDIA
INC-2022-0681,2022-01-27T01:03:09.502Z,Trincomalee,EAST_NORTH,Flood,2,1592,0,Dry Rations|Medical Kits,66,RESOLVED,CITIZEN
INC-2019-0682,2019-12-15T15:13:47.663Z,Matara,WET,Flood,3,13338,0,Boats|Rescue Teams|Dry Rations|Medical Kits,103,RESOLVED,CITIZEN
INC-2022-0683,2022-12-27T19:40:04.894Z,Ratnapura,HILL,Flood,1,1446,0,Dry Rations|Medical Kits,31,RESOLVED,CITIZEN
INC-2021-0684,2021-04-28T06:20:19.267Z,Ratnapura,HILL,Animal Attack,1,3,1,Wildlife Officers|Veterinary Kits,70,RESOLVED,OFFICER
INC-2023-0685,2023-09-27T18:48:57.234Z,Vavuniya,DRY,Animal Attack,1,2,0,Wildlife Officers|Veterinary Kits,70,RESOLVED,SENSOR
INC-2022-0686,2022-12-20T03:35:42.168Z,Badulla,HILL,Flood,2,6084,0,Dry Rations|Medical Kits,98,RESOLVED,OFFICER
INC-2022-0687,2022-09-09T14:51:49.245Z,Vavuniya,DRY,High Winds/Cyclone,2,680,0,,104,RESOLVED,CITIZEN
INC-2020-0688,2020-01-06T02:31:51.937Z,Nuwara Eliya,HILL,Landslide,3,684,10,Boats|Rescue Teams|Dry Rations|Medical Kits,79,RESOLVED,CITIZEN
INC-2018-0689,2018-07-18T05:16:55.126Z,Kalutara,WET,High Winds/Cyclone,4,21536,8,,79,RESOLVED,CITIZEN
INC-2025-0690,2025-11-10T03:21:38.734Z,Hambantota,DRY,High Winds/Cyclone,2,2932,0,,61,RESOLVED,SENSOR
INC-2024-0691,2024-10-20T08:42:53.229Z,Kilinochchi,EAST_NORTH,High Winds/Cyclone,1,1292,0,,56,RESOLVED,CITIZEN
INC-2018-0692,2018-03-09T14:52:14.679Z,Colombo,WET,Flood,1,1284,0,Dry Rations|Medical Kits,86,RESOLVED,CITIZEN
INC-2018-0693,2018-11-23T02:42:21.908Z,Kilinochchi,EAST_NORTH,Drought,2,70170,0,Water Bowsers|Dry Rations,3366,RESOLVED,OFFICER
INC-2019-0694,2019-05-05T10:21:04.638Z,Matara,WET,Flood,5,35075,5,Boats|Rescue Teams|Dry Rations|Medical Kits,107,RESOLVED,CITIZEN
INC-2024-0695,2024-01-05T21:17:45.703Z,Kalutara,WET,High Winds/Cyclone,2,6124,0,,55,RESOLVED,CITIZEN
INC-2026-0696,2026-05-11T11:42:51.205Z,Colombo,WET,Flood,3,13329,0,Boats|Rescue Teams|Dry Rations|Medical Kits,76,RESOLVED,CITIZEN
INC-2024-0697,2024-07-30T05:27:11.876Z,Mannar,DRY,Drought,1,8026,0,Water Bowsers|Dry Rations,3297,RESOLVED,SENSOR
INC-2022-0698,2022-08-30T01:32:45.782Z,Matara,WET,Flood,5,3900,7,Boats|Rescue Teams|Dry Rations|Medical Kits,25,RESOLVED,CITIZEN
INC-2023-0699,2023-01-04T08:23:24.531Z,Kurunegala,DRY,Flood,3,10278,0,Boats|Rescue Teams|Dry Rations|Medical Kits,45,RESOLVED,CITIZEN
INC-2018-0700,2018-05-30T18:51:40.593Z,Kilinochchi,EAST_NORTH,High Winds/Cyclone,5,9500,10,,79,RESOLVED,CITIZEN
INC-2018-0701,2018-06-26T20:20:03.653Z,Ampara,EAST_NORTH,Drought,4,129660,0,Water Bowsers|Dry Rations,2193,RESOLVED,OFFICER
INC-2022-0702,2022-03-13T15:44:12.698Z,Mullaitivu,EAST_NORTH,Flood,2,1756,0,Dry Rations|Medical Kits,74,RESOLVED,SENSOR
INC-2023-0703,2023-11-09T11:29:28.214Z,Gampaha,WET,High Winds/Cyclone,3,12087,0,,120,RESOLVED,OFFICER
INC-2023-0704,2023-07-26T00:55:06.255Z,Matara,WET,Flood,2,5392,0,Dry Rations|Medical Kits,101,RESOLVED,OFFICER
INC-2023-0705,2023-10-21T09:19:30.157Z,Hambantota,DRY,Drought,2,96656,0,Water Bowsers|Dry Rations,1797,RESOLVED,CITIZEN
INC-2018-0706,2018-07-10T15:07:00.506Z,Galle,WET,Flood,3,10197,0,Boats|Rescue Teams|Dry Rations|Medical Kits,118,RESOLVED,CITIZEN
INC-2019-0707,2019-11-12T13:00:34.496Z,Nuwara Eliya,HILL,Flood,4,20320,3,Boats|Rescue Teams|Dry Rations|Medical Kits,89,RESOLVED,MEDIA
INC-2019-0708,2019-10-21T20:21:20.750Z,Kalutara,WET,Landslide,1,10,0,Dry Rations|Medical Kits,180,RESOLVED,MEDIA
INC-2020-0709,2020-03-17T11:32:36.191Z,Ratnapura,HILL,Landslide,1,172,0,Dry Rations|Medical Kits,123,RESOLVED,MEDIA
INC-2022-0710,2022-05-05T17:03:30.857Z,Gampaha,WET,High Winds/Cyclone,1,356,0,,46,RESOLVED,CITIZEN
INC-2018-0711,2018-03-13T10:50:22.842Z,Ampara,EAST_NORTH,Animal Attack,1,2,2,Wildlife Officers|Veterinary Kits,80,RESOLVED,CITIZEN
INC-2026-0712,2026-01-13T22:39:09.432Z,Kalutara,WET,Flood,4,1568,2,Boats|Rescue Teams|Dry Rations|Medical Kits,96,RESOLVED,CITIZEN
INC-2024-0713,2024-12-28T20:11:44.982Z,Kalutara,WET,Flood,2,6728,0,Dry Rations|Medical Kits,78,RESOLVED,SENSOR
INC-2023-0714,2023-06-18T21:12:02.457Z,Kandy,HILL,Landslide,4,48,6,Boats|Rescue Teams|Dry Rations|Medical Kits,143,RESOLVED,CITIZEN
INC-2019-0715,2019-03-19T00:27:52.096Z,Ratnapura,HILL,Landslide,1,183,0,Dry Rations|Medical Kits,51,RESOLVED,SENSOR
INC-2025-0716,2025-09-03T22:04:13.667Z,Matara,WET,Landslide,2,154,0,Dry Rations|Medical Kits,143,RESOLVED,CITIZEN
INC-2025-0717,2025-11-13T16:26:39.288Z,Trincomalee,EAST_NORTH,High Winds/Cyclone,5,24700,1,,56,RESOLVED,CITIZEN
INC-2024-0718,2024-12-19T14:36:49.503Z,Mannar,DRY,Animal Attack,1,7,0,Wildlife Officers|Veterinary Kits,58,RESOLVED,CITIZEN
INC-2023-0719,2023-06-30T00:18:57.703Z,Galle,WET,High Winds/Cyclone,1,688,0,,21,RESOLVED,OFFICER
INC-2018-0720,2018-12-29T00:55:44.933Z,Gampaha,WET,Flood,2,1728,0,Dry Rations|Medical Kits,62,RESOLVED,SENSOR
INC-2020-0721,2020-04-14T16:48:46.124Z,Gampaha,WET,Flood,2,5716,0,Dry Rations|Medical Kits,47,RESOLVED,OFFICER
INC-2020-0722,2020-09-06T10:55:26.696Z,Kalutara,WET,Flood,3,16101,0,Boats|Rescue Teams|Dry Rations|Medical Kits,37,RESOLVED,CITIZEN
INC-2023-0723,2023-12-05T01:43:28.801Z,Matale,HILL,Flood,3,3798,0,Boats|Rescue Teams|Dry Rations|Medical Kits,113,RESOLVED,CITIZEN
INC-2024-0724,2024-07-15T15:41:15.930Z,Kurunegala,DRY,Forest Fire,1,30,0,Fire Trucks|Air Support,171,RESOLVED,CITIZEN
INC-2021-0725,2021-05-15T06:11:37.393Z,Kalutara,WET,Flood,1,147,0,Dry Rations|Medical Kits,93,RESOLVED,CITIZEN
INC-2021-0726,2021-02-21T14:58:11.015Z,Ratnapura,HILL,Flood,2,2192,0,Dry Rations|Medical Kits,97,RESOLVED,SENSOR
INC-2025-0727,2025-09-26T04:00:51.206Z,Badulla,HILL,Flood,4,4208,5,Boats|Rescue Teams|Dry Rations|Medical Kits,74,RESOLVED,CITIZEN
INC-2021-0728,2021-08-24T17:12:27.769Z,Ratnapura,HILL,Landslide,1,116,0,Dry Rations|Medical Kits,165,RESOLVED,CITIZEN
INC-2020-0729,2020-02-08T09:06:34.595Z,Matale,HILL,Flood,2,6804,0,Dry Rations|Medical Kits,28,RESOLVED,CITIZEN
INC-2018-0730,2018-01-24T05:59:26.242Z,Batticaloa,EAST_NORTH,Flood,3,13473,0,Boats|Rescue Teams|Dry Rations|Medical Kits,71,RESOLVED,OFFICER
INC-2024-0731,2024-08-28T03:01:13.737Z,Ratnapura,HILL,Landslide,3,225,13,Boats|Rescue Teams|Dry Rations|Medical Kits,100,RESOLVED,CITIZEN
INC-2022-0732,2022-07-29T00:45:02.439Z,Ratnapura,HILL,Landslide,1,378,0,Dry Rations|Medical Kits,150,RESOLVED,CITIZEN
INC-2023-0733,2023-11-06T15:16:49.401Z,Kurunegala,DRY,Flood,1,999,0,Dry Rations|Medical Kits,58,RESOLVED,OFFICER
INC-2023-0734,2023-02-06T15:52:54.325Z,Kalutara,WET,Flood,4,8864,2,Boats|Rescue Teams|Dry Rations|Medical Kits,100,RESOLVED,SENSOR
INC-2019-0735,2019-10-25T02:56:18.300Z,Mannar,DRY,Drought,4,197484,0,Water Bowsers|Dry Rations,3386,RESOLVED,OFFICER
INC-2022-0736,2022-06-08T09:56:57.408Z,Kilinochchi,EAST_NORTH,Flood,3,13689,0,Boats|Rescue Teams|Dry Rations|Medical Kits,72,RESOLVED,OFFICER
INC-2024-0737,2024-04-03T08:09:34.946Z,Nuwara Eliya,HILL,High Winds/Cyclone,2,7580,0,,45,RESOLVED,CITIZEN
INC-2022-0738,2022-10-08T00:46:27.892Z,Badulla,HILL,High Winds/Cyclone,2,6936,0,,82,RESOLVED,CITIZEN
INC-2018-0739,2018-05-08T12:38:49.987Z,Kilinochchi,EAST_NORTH,Drought,2,46220,0,Water Bowsers|Dry Rations,1728,RESOLVED,CITIZEN
INC-2023-0740,2023-08-05T02:26:07.961Z,Kalutara,WET,Flood,3,10890,0,Boats|Rescue Teams|Dry Rations|Medical Kits,64,RESOLVED,CITIZEN
INC-2025-0741,2025-07-22T11:32:15.977Z,Kalutara,WET,Flood,3,6489,0,Boats|Rescue Teams|Dry Rations|Medical Kits,56,RESOLVED,CITIZEN
INC-2019-0742,2019-12-19T02:55:25.817Z,Kegalle,HILL,Animal Attack,1,3,1,Wildlife Officers|Veterinary Kits,78,RESOLVED,OFFICER
INC-2020-0743,2020-12-12T23:46:16.712Z,Mannar,DRY,Flood,3,11538,0,Boats|Rescue Teams|Dry Rations|Medical Kits,64,RESOLVED,CITIZEN
INC-2025-0744,2025-08-21T02:31:31.656Z,Galle,WET,Landslide,3,291,9,Boats|Rescue Teams|Dry Rations|Medical Kits,132,RESOLVED,CITIZEN
INC-2018-0745,2018-08-05T17:29:01.900Z,Matale,HILL,Flood,4,2144,5,Boats|Rescue Teams|Dry Rations|Medical Kits,63,RESOLVED,CITIZEN
INC-2025-0746,2025-11-11T09:45:48.745Z,Kurunegala,DRY,Drought,1,11343,0,Water Bowsers|Dry Rations,3027,RESOLVED,CITIZEN
INC-2021-0747,2021-08-16T02:08:57.733Z,Kurunegala,DRY,Drought,2,26676,0,Water Bowsers|Dry Rations,2832,RESOLVED,CITIZEN
INC-2022-0748,2022-02-20T00:10:19.812Z,Matale,HILL,Landslide,2,94,0,Dry Rations|Medical Kits,117,RESOLVED,CITIZEN
INC-2023-0749,2023-08-13T15:17:32.123Z,Batticaloa,EAST_NORTH,Drought,2,54812,0,Water Bowsers|Dry Rations,2816,RESOLVED,CITIZEN
INC-2020-0750,2020-09-24T11:24:37.549Z,Vavuniya,DRY,Drought,2,72378,0,Water Bowsers|Dry Rations,2579,RESOLVED,CITIZEN
INC-2025-0751,2025-07-24T12:24:19.689Z,Colombo,WET,Landslide,2,626,0,Dry Rations|Medical Kits,57,RESOLVED,CITIZEN
INC-2024-0752,2024-04-24T00:39:48.596Z,Kandy,HILL,Animal Attack,1,10,2,Wildlife Officers|Veterinary Kits,64,RESOLVED,OFFICER
INC-2025-0753,2025-10-04T05:53:14.183Z,Puttalam,DRY,Animal Attack,1,6,1,Wildlife Officers|Veterinary Kits,44,RESOLVED,OFFICER
INC-2024-0754,2024-01-14T16:10:41.561Z,Galle,WET,Flood,1,1401,0,Dry Rations|Medical Kits,42,RESOLVED,CITIZEN
INC-2023-0755,2023-11-13T16:35:42.799Z,Monaragala,DRY,Flood,3,6588,0,Boats|Rescue Teams|Dry Rations|Medical Kits,117,RESOLVED,MEDIA
INC-2021-0756,2021-07-15T08:54:19.724Z,Mullaitivu,EAST_NORTH,Forest Fire,1,64,0,Fire Trucks|Air Support,203,RESOLVED,CITIZEN
INC-2021-0757,2021-10-14T06:59:36.799Z,Trincomalee,EAST_NORTH,Drought,2,49326,0,Water Bowsers|Dry Rations,2647,RESOLVED,CITIZEN
INC-2020-0758,2020-07-31T20:11:19.192Z,Nuwara Eliya,HILL,Flood,2,2868,0,Dry Rations|Medical Kits,77,RESOLVED,CITIZEN
INC-2024-0759,2024-12-17T02:12:20.513Z,Gampaha,WET,High Winds/Cyclone,1,1897,0,,18,RESOLVED,OFFICER
INC-2018-0760,2018-03-22T06:35:04.237Z,Vavuniya,DRY,Flood,2,2096,0,Dry Rations|Medical Kits,39,RESOLVED,CITIZEN
INC-2025-0761,2025-01-07T02:28:05.544Z,Nuwara Eliya,HILL,Landslide,4,1192,14,Boats|Rescue Teams|Dry Rations|Medical Kits,160,RESOLVED,OFFICER
INC-2022-0762,2022-10-21T23:40:25.370Z,Kalutara,WET,Flood,1,1713,0,Dry Rations|Medical Kits,56,RESOLVED,SENSOR
INC-2020-0763,2020-02-18T00:35:42.895Z,Gampaha,WET,Animal Attack,1,8,0,Wildlife Officers|Veterinary Kits,64,RESOLVED,SENSOR
INC-2023-0764,2023-01-17T19:12:25.008Z,Hambantota,DRY,High Winds/Cyclone,2,6880,0,,103,RESOLVED,SENSOR
INC-2019-0765,2019-04-24T13:53:13.543Z,Matara,WET,Landslide,3,294,8,Boats|Rescue Teams|Dry Rations|Medical Kits,99,RESOLVED,CITIZEN
INC-2021-0766,2021-08-24T08:09:45.022Z,Kandy,HILL,Flood,3,16281,0,Boats|Rescue Teams|Dry Rations|Medical Kits,116,RESOLVED,CITIZEN
INC-2023-0767,2023-05-22T13:58:43.550Z,Kandy,HILL,Flood,4,31808,8,Boats|Rescue Teams|Dry Rations|Medical Kits,103,RESOLVED,SENSOR
INC-2024-0768,2024-04-17T04:08:35.189Z,Kegalle,HILL,Flood,2,1412,0,Dry Rations|Medical Kits,99,RESOLVED,OFFICER
INC-2021-0769,2021-05-26T05:14:52.021Z,Ampara,EAST_NORTH,Drought,3,118569,0,Water Bowsers|Dry Rations,2735,RESOLVED,OFFICER
INC-2020-0770,2020-11-10T10:05:20.225Z,Galle,WET,Animal Attack,1,6,2,Wildlife Officers|Veterinary Kits,78,RESOLVED,OFFICER
INC-2019-0771,2019-05-05T22:06:05.133Z,Colombo,WET,Flood,2,2352,0,Dry Rations|Medical Kits,24,RESOLVED,CITIZEN
INC-2024-0772,2024-03-22T14:22:03.523Z,Matale,HILL,Flood,2,952,0,Dry Rations|Medical Kits,50,RESOLVED,OFFICER
INC-2021-0773,2021-10-24T21:39:47.476Z,Matara,WET,Flood,2,552,0,Dry Rations|Medical Kits,72,RESOLVED,OFFICER
INC-2023-0774,2023-10-29T23:07:17.629Z,Kalutara,WET,Animal Attack,2,3,0,Wildlife Officers|Veterinary Kits,58,RESOLVED,CITIZEN
INC-2022-0775,2022-01-09T11:02:25.177Z,Gampaha,WET,Animal Attack,1,6,1,Wildlife Officers|Veterinary Kits,44,RESOLVED,CITIZEN
INC-2020-0776,2020-04-04T21:44:07.237Z,Nuwara Eliya,HILL,Flood,2,5232,0,Dry Rations|Medical Kits,51,RESOLVED,CITIZEN
INC-2021-0777,2021-08-16T05:03:33.270Z,Gampaha,WET,Flood,3,13770,0,Boats|Rescue Teams|Dry Rations|Medical Kits,67,RESOLVED,CITIZEN
INC-2019-0778,2019-12-04T23:11:06.276Z,Kurunegala,DRY,Flood,3,15912,0,Boats|Rescue Teams|Dry Rations|Medical Kits,93,RESOLVED,CITIZEN
INC-2018-0779,2018-09-27T03:15:03.738Z,Kalutara,WET,Flood,4,3568,1,Boats|Rescue Teams|Dry Rations|Medical Kits,95,RESOLVED,CITIZEN
INC-2024-0780,2024-06-21T19:37:26.990Z,Anuradhapura,DRY,Drought,3,74745,0,Water Bowsers|Dry Rations,1835,RESOLVED,CITIZEN
INC-2018-0781,2018-07-19T14:47:23.853Z,Polonnaruwa,DRY,Animal Attack,1,5,1,Wildlife Officers|Veterinary Kits,67,RESOLVED,CITIZEN
INC-2026-0782,2026-04-30T01:39:58.085Z,Batticaloa,EAST_NORTH,Drought,1,25582,0,Water Bowsers|Dry Rations,3894,RESOLVED,CITIZEN
INC-2019-0783,2019-09-25T01:38:25.204Z,Badulla,HILL,Landslide,3,858,0,Boats|Rescue Teams|Dry Rations|Medical Kits,165,RESOLVED,OFFICER
INC-2021-0784,2021-11-06T06:51:39.348Z,Anuradhapura,DRY,Drought,3,97467,0,Water Bowsers|Dry Rations,3546,RESOLVED,OFFICER
INC-2024-0785,2024-06-22T00:12:18.490Z,Kandy,HILL,Landslide,1,245,0,Dry Rations|Medical Kits,102,RESOLVED,CITIZEN
INC-2022-0786,2022-01-04T21:57:32.433Z,Hambantota,DRY,Animal Attack,1,4,2,Wildlife Officers|Veterinary Kits,53,RESOLVED,MEDIA
INC-2018-0787,2018-03-27T10:13:22.246Z,Nuwara Eliya,HILL,Landslide,3,510,14,Boats|Rescue Teams|Dry Rations|Medical Kits,70,RESOLVED,OFFICER
INC-2019-0788,2019-10-20T15:10:24.299Z,Matara,WET,Animal Attack,1,9,1,Wildlife Officers|Veterinary Kits,56,RESOLVED,CITIZEN
INC-2025-0789,2025-01-11T04:49:46.363Z,Kurunegala,DRY,Flood,1,965,0,Dry Rations|Medical Kits,63,RESOLVED,SENSOR
INC-2026-0790,2026-05-24T03:34:44.482Z,Anuradhapura,DRY,Drought,3,75159,0,Water Bowsers|Dry Rations,1523,IN_PROGRESS,CITIZEN
INC-2021-0791,2021-04-06T01:36:45.670Z,Colombo,WET,Flood,4,27408,2,Boats|Rescue Teams|Dry Rations|Medical Kits,22,RESOLVED,CITIZEN
INC-2020-0792,2020-04-17T15:02:54.450Z,Monaragala,DRY,Forest Fire,1,35,0,Fire Trucks|Air Support,231,RESOLVED,CITIZEN
INC-2019-0793,2019-03-17T00:27:53.591Z,Kalutara,WET,High Winds/Cyclone,1,406,0,,61,RESOLVED,CITIZEN
INC-2022-0794,2022-10-22T20:47:27.499Z,Colombo,WET,High Winds/Cyclone,4,2176,4,,110,RESOLVED,OFFICER
INC-2020-0795,2020-10-09T16:07:21.362Z,Polonnaruwa,DRY,Drought,3,43518,0,Water Bowsers|Dry Rations,3477,RESOLVED,CITIZEN
INC-2021-0796,2021-10-19T09:18:54.654Z,Monaragala,DRY,Flood,4,22368,0,Boats|Rescue Teams|Dry Rations|Medical Kits,83,RESOLVED,CITIZEN
INC-2021-0797,2021-08-21T13:34:35.256Z,Vavuniya,DRY,Animal Attack,2,4,2,Wildlife Officers|Veterinary Kits,79,RESOLVED,OFFICER
INC-2019-0798,2019-06-07T11:51:27.461Z,Kilinochchi,EAST_NORTH,Flood,1,1656,0,Dry Rations|Medical Kits,54,RESOLVED,OFFICER
INC-2020-0799,2020-11-05T21:02:14.001Z,Kegalle,HILL,Flood,5,5550,0,Boats|Rescue Teams|Dry Rations|Medical Kits,79,RESOLVED,CITIZEN
INC-2019-0800,2019-12-26T15:02:54.541Z,Ampara,EAST_NORTH,Flood,1,181,0,Dry Rations|Medical Kits,89,RESOLVED,CITIZEN
INC-2024-0801,2024-12-17T00:56:48.044Z,Polonnaruwa,DRY,Animal Attack,1,4,0,Wildlife Officers|Veterinary Kits,56,RESOLVED,SENSOR
INC-2018-0802,2018-01-23T23:49:45.114Z,Kandy,HILL,Flood,1,875,0,Dry Rations|Medical Kits,90,RESOLVED,CITIZEN
INC-2019-0803,2019-12-03T04:16:33.298Z,Ampara,EAST_NORTH,Flood,1,255,0,Dry Rations|Medical Kits,69,RESOLVED,CITIZEN
INC-2023-0804,2023-05-13T07:25:13.567Z,Trincomalee,EAST_NORTH,High Winds/Cyclone,3,8316,0,,56,RESOLVED,SENSOR
INC-2026-0805,2026-05-19T15:49:19.120Z,Puttalam,DRY,Drought,2,17818,0,Water Bowsers|Dry Rations,3039,RESOLVED,CITIZEN
INC-2019-0806,2019-06-23T06:17:58.866Z,Batticaloa,EAST_NORTH,Animal Attack,1,1,1,Wildlife Officers|Veterinary Kits,80,RESOLVED,OFFICER
INC-2018-0807,2018-12-30T20:56:12.926Z,Kegalle,HILL,Forest Fire,3,120,0,Fire Trucks|Air Support,71,RESOLVED,OFFICER
INC-2023-0808,2023-08-13T04:16:46.509Z,Nuwara Eliya,HILL,Flood,3,3573,0,Boats|Rescue Teams|Dry Rations|Medical Kits,68,RESOLVED,CITIZEN
INC-2021-0809,2021-01-21T08:24:05.774Z,Ampara,EAST_NORTH,High Winds/Cyclone,2,6444,0,,50,RESOLVED,CITIZEN
INC-2026-0810,2026-01-07T15:00:38.634Z,Ratnapura,HILL,Forest Fire,1,83,0,Fire Trucks|Air Support,240,RESOLVED,CITIZEN
INC-2025-0811,2025-08-19T21:01:34.477Z,Kurunegala,DRY,Forest Fire,2,190,0,Fire Trucks|Air Support,208,RESOLVED,CITIZEN
INC-2019-0812,2019-11-19T12:01:55.954Z,Colombo,WET,Flood,1,1685,0,Dry Rations|Medical Kits,78,RESOLVED,SENSOR
INC-2019-0813,2019-08-03T06:10:36.367Z,Trincomalee,EAST_NORTH,Drought,1,29010,0,Water Bowsers|Dry Rations,4182,RESOLVED,OFFICER
INC-2021-0814,2021-04-05T03:11:58.987Z,Mullaitivu,EAST_NORTH,Animal Attack,1,1,1,Wildlife Officers|Veterinary Kits,49,RESOLVED,CITIZEN
INC-2019-0815,2019-10-16T06:12:54.109Z,Kurunegala,DRY,Flood,2,6408,0,Dry Rations|Medical Kits,78,RESOLVED,MEDIA
INC-2019-0816,2019-11-12T16:17:21.584Z,Anuradhapura,DRY,Flood,3,5751,0,Boats|Rescue Teams|Dry Rations|Medical Kits,16,RESOLVED,OFFICER
INC-2020-0817,2020-07-21T19:20:32.847Z,Vavuniya,DRY,Drought,3,134628,0,Water Bowsers|Dry Rations,3457,RESOLVED,CITIZEN
INC-2023-0818,2023-07-06T17:29:00.959Z,Mullaitivu,EAST_NORTH,Drought,1,29426,0,Water Bowsers|Dry Rations,4190,RESOLVED,SENSOR
INC-2021-0819,2021-06-25T21:51:48.852Z,Galle,WET,Flood,3,13662,0,Boats|Rescue Teams|Dry Rations|Medical Kits,117,RESOLVED,OFFICER
INC-2024-0820,2024-08-02T20:04:52.026Z,Colombo,WET,Flood,3,8838,0,Boats|Rescue Teams|Dry Rations|Medical Kits,59,RESOLVED,CITIZEN
INC-2026-0821,2026-03-07T02:50:40.767Z,Hambantota,DRY,Drought,1,13600,0,Water Bowsers|Dry Rations,2833,RESOLVED,CITIZEN
INC-2019-0822,2019-09-14T01:11:42.463Z,Jaffna,EAST_NORTH,Forest Fire,2,126,0,Fire Trucks|Air Support,70,RESOLVED,SENSOR
INC-2020-0823,2020-03-29T18:03:01.057Z,Matara,WET,Landslide,2,500,0,Dry Rations|Medical Kits,46,RESOLVED,CITIZEN
INC-2018-0824,2018-07-04T13:43:34.985Z,Badulla,HILL,Landslide,2,650,0,Dry Rations|Medical Kits,70,RESOLVED,OFFICER
INC-2025-0825,2025-05-11T05:01:31.009Z,Kalutara,WET,Flood,1,878,0,Dry Rations|Medical Kits,116,RESOLVED,CITIZEN
INC-2021-0826,2021-08-13T17:35:47.359Z,Kandy,HILL,Flood,1,752,0,Dry Rations|Medical Kits,72,RESOLVED,CITIZEN
INC-2024-0827,2024-12-12T21:56:36.434Z,Nuwara Eliya,HILL,Landslide,1,408,0,Dry Rations|Medical Kits,39,RESOLVED,OFFICER
INC-2020-0828,2020-02-15T19:56:08.284Z,Mannar,DRY,Flood,3,15480,0,Boats|Rescue Teams|Dry Rations|Medical Kits,19,RESOLVED,CITIZEN
INC-2024-0829,2024-06-02T16:16:56.051Z,Kalutara,WET,High Winds/Cyclone,1,1513,0,,53,RESOLVED,SENSOR
INC-2025-0830,2025-08-22T13:04:01.375Z,Kegalle,HILL,Landslide,4,1560,12,Boats|Rescue Teams|Dry Rations|Medical Kits,112,RESOLVED,CITIZEN
INC-2022-0831,2022-12-16T20:33:41.413Z,Kurunegala,DRY,Flood,1,970,0,Dry Rations|Medical Kits,66,RESOLVED,CITIZEN
INC-2020-0832,2020-10-19T00:49:06.794Z,Kilinochchi,EAST_NORTH,Drought,2,54426,0,Water Bowsers|Dry Rations,1531,RESOLVED,CITIZEN
INC-2021-0833,2021-02-08T07:41:50.792Z,Colombo,WET,Animal Attack,2,6,2,Wildlife Officers|Veterinary Kits,88,RESOLVED,OFFICER
INC-2023-0834,2023-05-30T19:53:07.022Z,Monaragala,DRY,High Winds/Cyclone,1,529,0,,83,RESOLVED,CITIZEN
INC-2024-0835,2024-12-02T14:38:21.969Z,Galle,WET,Flood,2,7740,0,Dry Rations|Medical Kits,61,RESOLVED,CITIZEN
INC-2020-0836,2020-07-04T14:31:35.986Z,Anuradhapura,DRY,Drought,3,26919,0,Water Bowsers|Dry Rations,3960,RESOLVED,CITIZEN
INC-2021-0837,2021-06-23T05:02:55.679Z,Hambantota,DRY,Drought,1,46422,0,Water Bowsers|Dry Rations,4131,RESOLVED,SENSOR
INC-2022-0838,2022-02-10T06:21:13.084Z,Gampaha,WET,Flood,3,13410,0,Boats|Rescue Teams|Dry Rations|Medical Kits,102,RESOLVED,OFFICER
INC-2019-0839,2019-06-17T03:58:00.499Z,Galle,WET,Flood,3,6498,0,Boats|Rescue Teams|Dry Rations|Medical Kits,28,RESOLVED,OFFICER
INC-2023-0840,2023-03-04T16:04:43.149Z,Ampara,EAST_NORTH,Animal Attack,1,7,0,Wildlife Officers|Veterinary Kits,59,RESOLVED,SENSOR
INC-2025-0841,2025-10-30T14:13:41.489Z,Anuradhapura,DRY,Flood,4,2064,7,Boats|Rescue Teams|Dry Rations|Medical Kits,22,RESOLVED,CITIZEN
INC-2018-0842,2018-02-27T15:55:53.127Z,Mullaitivu,EAST_NORTH,High Winds/Cyclone,2,4368,0,,24,RESOLVED,OFFICER
INC-2026-0843,2026-04-12T04:02:29.727Z,Ampara,EAST_NORTH,Drought,3,22041,0,Water Bowsers|Dry Rations,1948,RESOLVED,CITIZEN
INC-2020-0844,2020-08-13T17:48:31.310Z,Matara,WET,Flood,1,1325,0,Dry Rations|Medical Kits,89,RESOLVED,SENSOR
INC-2022-0845,2022-11-28T08:29:28.103Z,Badulla,HILL,Landslide,3,585,1,Boats|Rescue Teams|Dry Rations|Medical Kits,157,RESOLVED,CITIZEN
INC-2025-0846,2025-06-09T09:49:43.989Z,Mullaitivu,EAST_NORTH,Flood,4,25088,5,Boats|Rescue Teams|Dry Rations|Medical Kits,16,RESOLVED,CITIZEN
INC-2024-0847,2024-12-28T18:47:20.594Z,Gampaha,WET,Flood,2,5296,0,Dry Rations|Medical Kits,22,RESOLVED,CITIZEN
INC-2026-0848,2026-01-25T19:52:12.135Z,Jaffna,EAST_NORTH,Flood,2,7668,0,Dry Rations|Medical Kits,77,RESOLVED,CITIZEN
INC-2024-0849,2024-03-14T13:17:37.653Z,Matara,WET,Flood,1,1714,0,Dry Rations|Medical Kits,34,RESOLVED,SENSOR
INC-2024-0850,2024-08-18T12:02:02.211Z,Hambantota,DRY,Drought,4,63876,0,Water Bowsers|Dry Rations,3870,RESOLVED,OFFICER
INC-2021-0851,2021-02-03T03:52:40.802Z,Colombo,WET,Animal Attack,2,5,2,Wildlife Officers|Veterinary Kits,37,RESOLVED,CITIZEN
INC-2019-0852,2019-12-05T21:12:07.430Z,Kegalle,HILL,Landslide,1,406,0,Dry Rations|Medical Kits,163,RESOLVED,CITIZEN
INC-2019-0853,2019-07-11T06:31:14.139Z,Kalutara,WET,Flood,3,11448,0,Boats|Rescue Teams|Dry Rations|Medical Kits,31,RESOLVED,CITIZEN
INC-2021-0854,2021-08-13T06:57:24.463Z,Kurunegala,DRY,Forest Fire,3,42,0,Fire Trucks|Air Support,136,RESOLVED,CITIZEN
INC-2018-0855,2018-06-23T01:51:33.527Z,Matale,HILL,High Winds/Cyclone,2,7340,0,,71,RESOLVED,CITIZEN
INC-2021-0856,2021-11-17T19:43:41.966Z,Matara,WET,Landslide,4,1768,9,Boats|Rescue Teams|Dry Rations|Medical Kits,91,RESOLVED,CITIZEN
INC-2019-0857,2019-04-24T13:28:24.241Z,Trincomalee,EAST_NORTH,High Winds/Cyclone,2,228,0,,35,RESOLVED,OFFICER
INC-2022-0858,2022-03-27T06:47:21.711Z,Kilinochchi,EAST_NORTH,Flood,4,27136,6,Boats|Rescue Teams|Dry Rations|Medical Kits,58,RESOLVED,SENSOR
INC-2020-0859,2020-09-23T05:25:30.325Z,Kalutara,WET,Flood,3,13410,0,Boats|Rescue Teams|Dry Rations|Medical Kits,110,RESOLVED,CITIZEN
INC-2021-0860,2021-02-20T13:44:44.389Z,Nuwara Eliya,HILL,Landslide,5,50,23,Boats|Rescue Teams|Dry Rations|Medical Kits,147,RESOLVED,OFFICER
INC-2024-0861,2024-09-02T08:16:18.744Z,Nuwara Eliya,HILL,Landslide,1,119,0,Dry Rations|Medical Kits,100,RESOLVED,CITIZEN
INC-2022-0862,2022-07-02T08:51:45.074Z,Kegalle,HILL,Landslide,1,190,0,Dry Rations|Medical Kits,133,RESOLVED,CITIZEN
INC-2021-0863,2021-07-20T00:07:51.802Z,Gampaha,WET,Flood,4,20304,4,Boats|Rescue Teams|Dry Rations|Medical Kits,114,RESOLVED,CITIZEN
INC-2025-0864,2025-04-21T06:58:45.750Z,Puttalam,DRY,Drought,1,20640,0,Water Bowsers|Dry Rations,1895,RESOLVED,CITIZEN
INC-2022-0865,2022-08-09T13:07:36.480Z,Ratnapura,HILL,Flood,4,2928,2,Boats|Rescue Teams|Dry Rations|Medical Kits,57,RESOLVED,CITIZEN
INC-2024-0866,2024-03-05T16:39:47.465Z,Vavuniya,DRY,Animal Attack,1,5,1,Wildlife Officers|Veterinary Kits,40,RESOLVED,CITIZEN
INC-2021-0867,2021-07-01T08:44:58.829Z,Hambantota,DRY,Drought,1,37487,0,Water Bowsers|Dry Rations,2371,RESOLVED,CITIZEN
INC-2019-0868,2019-04-22T13:37:02.644Z,Kurunegala,DRY,Drought,1,11144,0,Water Bowsers|Dry Rations,3335,RESOLVED,CITIZEN
INC-2023-0869,2023-12-05T03:21:00.778Z,Galle,WET,Flood,1,1076,0,Dry Rations|Medical Kits,98,RESOLVED,OFFICER
INC-2024-0870,2024-02-17T18:57:06.464Z,Ratnapura,HILL,Flood,3,4725,0,Boats|Rescue Teams|Dry Rations|Medical Kits,93,RESOLVED,OFFICER
INC-2019-0871,2019-03-30T16:00:11.312Z,Colombo,WET,Animal Attack,1,2,1,Wildlife Officers|Veterinary Kits,37,RESOLVED,CITIZEN
INC-2022-0872,2022-05-02T09:34:50.471Z,Matale,HILL,Landslide,3,1389,1,Boats|Rescue Teams|Dry Rations|Medical Kits,58,RESOLVED,OFFICER
INC-2018-0873,2018-05-22T00:47:06.989Z,Gampaha,WET,High Winds/Cyclone,1,1304,0,,48,RESOLVED,SENSOR
INC-2024-0874,2024-05-07T11:07:20.345Z,Kegalle,HILL,Flood,3,15984,0,Boats|Rescue Teams|Dry Rations|Medical Kits,58,RESOLVED,SENSOR
INC-2020-0875,2020-11-06T01:02:49.279Z,Puttalam,DRY,Drought,4,64576,0,Water Bowsers|Dry Rations,4156,RESOLVED,OFFICER
INC-2024-0876,2024-11-17T13:07:01.830Z,Kegalle,HILL,Landslide,2,538,0,Dry Rations|Medical Kits,58,RESOLVED,CITIZEN
INC-2020-0877,2020-08-23T02:15:20.788Z,Kurunegala,DRY,High Winds/Cyclone,1,299,0,,113,RESOLVED,CITIZEN
INC-2023-0878,2023-08-19T18:11:04.522Z,Trincomalee,EAST_NORTH,Drought,4,114296,0,Water Bowsers|Dry Rations,2942,RESOLVED,CITIZEN
INC-2018-0879,2018-06-19T21:23:52.129Z,Matara,WET,Flood,3,7776,0,Boats|Rescue Teams|Dry Rations|Medical Kits,85,RESOLVED,MEDIA
INC-2021-0880,2021-03-14T21:03:53.269Z,Mullaitivu,EAST_NORTH,Animal Attack,1,6,1,Wildlife Officers|Veterinary Kits,62,RESOLVED,CITIZEN
INC-2021-0881,2021-05-23T08:06:50.517Z,Matara,WET,Flood,3,7155,0,Boats|Rescue Teams|Dry Rations|Medical Kits,45,RESOLVED,CITIZEN
INC-2018-0882,2018-07-11T11:12:26.456Z,Kandy,HILL,Landslide,3,1065,10,Boats|Rescue Teams|Dry Rations|Medical Kits,58,RESOLVED,SENSOR
INC-2025-0883,2025-12-27T09:04:02.232Z,Kandy,HILL,Flood,3,5850,0,Boats|Rescue Teams|Dry Rations|Medical Kits,85,RESOLVED,MEDIA
INC-2019-0884,2019-05-09T10:17:24.544Z,Monaragala,DRY,Drought,1,7607,0,Water Bowsers|Dry Rations,2961,RESOLVED,OFFICER
INC-2018-0885,2018-01-15T10:44:02.728Z,Mullaitivu,EAST_NORTH,High Winds/Cyclone,4,5504,3,,86,RESOLVED,OFFICER
INC-2022-0886,2022-09-03T14:57:00.787Z,Hambantota,DRY,Drought,4,198276,0,Water Bowsers|Dry Rations,1941,RESOLVED,CITIZEN
INC-2025-0887,2025-01-16T00:51:55.549Z,Galle,WET,Flood,3,7578,0,Boats|Rescue Teams|Dry Rations|Medical Kits,28,RESOLVED,CITIZEN
INC-2022-0888,2022-11-10T03:54:37.426Z,Ratnapura,HILL,Animal Attack,1,3,2,Wildlife Officers|Veterinary Kits,88,RESOLVED,CITIZEN
INC-2024-0889,2024-11-15T03:09:16.478Z,Gampaha,WET,Flood,3,14652,0,Boats|Rescue Teams|Dry Rations|Medical Kits,82,RESOLVED,OFFICER
INC-2019-0890,2019-10-14T15:37:15.853Z,Puttalam,DRY,Flood,1,467,0,Dry Rations|Medical Kits,42,RESOLVED,CITIZEN
INC-2024-0891,2024-06-07T04:30:46.196Z,Jaffna,EAST_NORTH,Flood,3,14220,0,Boats|Rescue Teams|Dry Rations|Medical Kits,20,RESOLVED,OFFICER
INC-2023-0892,2023-06-04T08:05:48.329Z,Kilinochchi,EAST_NORTH,Drought,1,23991,0,Water Bowsers|Dry Rations,3923,RESOLVED,SENSOR
INC-2025-0893,2025-01-23T07:33:31.408Z,Kegalle,HILL,Landslide,4,300,14,Boats|Rescue Teams|Dry Rations|Medical Kits,51,RESOLVED,OFFICER
INC-2020-0894,2020-01-13T17:05:36.929Z,Kurunegala,DRY,Animal Attack,1,8,0,Wildlife Officers|Veterinary Kits,48,RESOLVED,SENSOR
INC-2025-0895,2025-04-30T20:18:19.615Z,Jaffna,EAST_NORTH,Drought,3,110373,0,Water Bowsers|Dry Rations,3411,RESOLVED,CITIZEN
INC-2025-0896,2025-12-10T15:00:30.583Z,Trincomalee,EAST_NORTH,High Winds/Cyclone,2,3344,0,,93,RESOLVED,CITIZEN
INC-2019-0897,2019-12-23T09:01:57.089Z,Ratnapura,HILL,Landslide,1,219,0,Dry Rations|Medical Kits,80,RESOLVED,CITIZEN
INC-2022-0898,2022-12-26T16:00:37.498Z,Kegalle,HILL,Landslide,2,880,0,Dry Rations|Medical Kits,114,RESOLVED,CITIZEN
INC-2020-0899,2020-01-09T00:19:44.182Z,Hambantota,DRY,Animal Attack,1,4,2,Wildlife Officers|Veterinary Kits,56,RESOLVED,CITIZEN
INC-2025-0900,2025-03-10T01:26:50.229Z,Ratnapura,HILL,Landslide,3,234,15,Boats|Rescue Teams|Dry Rations|Medical Kits,152,RESOLVED,CITIZEN
INC-2023-0901,2023-06-18T03:42:07.512Z,Badulla,HILL,Flood,4,31456,0,Boats|Rescue Teams|Dry Rations|Medical Kits,80,RESOLVED,SENSOR
INC-2019-0902,2019-09-04T05:18:59.696Z,Matara,WET,Landslide,1,125,0,Dry Rations|Medical Kits,50,RESOLVED,SENSOR
INC-2023-0903,2023-03-23T10:40:29.561Z,Matale,HILL,High Winds/Cyclone,2,884,0,,44,RESOLVED,CITIZEN
INC-2021-0904,2021-01-01T06:30:11.960Z,Kurunegala,DRY,Flood,2,216,0,Dry Rations|Medical Kits,115,RESOLVED,CITIZEN
INC-2022-0905,2022-10-03T18:43:36.672Z,Kandy,HILL,Landslide,4,1924,20,Boats|Rescue Teams|Dry Rations|Medical Kits,56,RESOLVED,CITIZEN
INC-2019-0906,2019-06-05T15:10:12.755Z,Hambantota,DRY,Flood,4,26384,7,Boats|Rescue Teams|Dry Rations|Medical Kits,63,RESOLVED,OFFICER
INC-2025-0907,2025-05-23T03:56:29.357Z,Puttalam,DRY,Drought,4,153068,0,Water Bowsers|Dry Rations,3177,RESOLVED,CITIZEN
INC-2025-0908,2025-06-08T16:43:04.399Z,Hambantota,DRY,Animal Attack,1,7,0,Wildlife Officers|Veterinary Kits,47,RESOLVED,SENSOR
INC-2021-0909,2021-06-02T08:59:49.656Z,Nuwara Eliya,HILL,Landslide,1,147,0,Dry Rations|Medical Kits,140,RESOLVED,SENSOR
INC-2019-0910,2019-08-28T17:04:55.137Z,Gampaha,WET,Flood,2,404,0,Dry Rations|Medical Kits,72,RESOLVED,OFFICER
INC-2024-0911,2024-01-26T13:02:08.164Z,Kilinochchi,EAST_NORTH,Flood,3,3213,0,Boats|Rescue Teams|Dry Rations|Medical Kits,83,RESOLVED,OFFICER
INC-2021-0912,2021-05-17T17:55:55.862Z,Gampaha,WET,Flood,3,6795,0,Boats|Rescue Teams|Dry Rations|Medical Kits,106,RESOLVED,CITIZEN
INC-2025-0913,2025-07-17T20:41:08.807Z,Kandy,HILL,Flood,4,13408,0,Boats|Rescue Teams|Dry Rations|Medical Kits,69,RESOLVED,CITIZEN
INC-2025-0914,2025-06-25T18:16:18.850Z,Gampaha,WET,Landslide,2,550,0,Dry Rations|Medical Kits,116,RESOLVED,OFFICER
INC-2021-0915,2021-07-23T05:46:10.937Z,Monaragala,DRY,Drought,2,19772,0,Water Bowsers|Dry Rations,3368,RESOLVED,SENSOR
INC-2025-0916,2025-04-11T10:04:09.675Z,Ratnapura,HILL,Flood,2,1652,0,Dry Rations|Medical Kits,68,RESOLVED,MEDIA
INC-2020-0917,2020-10-31T12:40:06.371Z,Galle,WET,Flood,1,854,0,Dry Rations|Medical Kits,21,RESOLVED,OFFICER
INC-2019-0918,2019-03-23T02:13:15.526Z,Gampaha,WET,High Winds/Cyclone,1,1067,0,,34,RESOLVED,CITIZEN
INC-2023-0919,2023-12-27T13:59:55.910Z,Ratnapura,HILL,Flood,1,487,0,Dry Rations|Medical Kits,51,RESOLVED,CITIZEN
INC-2019-0920,2019-06-18T07:00:13.956Z,Monaragala,DRY,Flood,3,9180,0,Boats|Rescue Teams|Dry Rations|Medical Kits,77,RESOLVED,CITIZEN
INC-2021-0921,2021-10-21T11:35:18.304Z,Ratnapura,HILL,Landslide,4,1944,17,Boats|Rescue Teams|Dry Rations|Medical Kits,116,RESOLVED,CITIZEN
INC-2024-0922,2024-09-21T19:37:23.954Z,Kalutara,WET,Flood,1,323,0,Dry Rations|Medical Kits,79,RESOLVED,CITIZEN
INC-2019-0923,2019-03-22T08:11:00.438Z,Matale,HILL,Flood,1,541,0,Dry Rations|Medical Kits,32,RESOLVED,CITIZEN
INC-2024-0924,2024-04-28T22:30:55.071Z,Ampara,EAST_NORTH,Drought,2,12410,0,Water Bowsers|Dry Rations,3518,RESOLVED,MEDIA
INC-2026-0925,2026-03-18T03:58:21.810Z,Puttalam,DRY,Flood,4,12960,7,Boats|Rescue Teams|Dry Rations|Medical Kits,99,RESOLVED,OFFICER
INC-2018-0926,2018-06-30T11:51:54.015Z,Batticaloa,EAST_NORTH,High Winds/Cyclone,3,3573,0,,116,RESOLVED,SENSOR
INC-2020-0927,2020-10-23T01:54:28.086Z,Ampara,EAST_NORTH,High Winds/Cyclone,1,454,0,,117,RESOLVED,CITIZEN
INC-2018-0928,2018-08-05T10:41:46.845Z,Jaffna,EAST_NORTH,Drought,2,85068,0,Water Bowsers|Dry Rations,4143,RESOLVED,SENSOR
INC-2024-0929,2024-02-28T00:44:21.745Z,Vavuniya,DRY,Animal Attack,1,3,2,Wildlife Officers|Veterinary Kits,60,RESOLVED,CITIZEN
INC-2026-0930,2026-02-05T06:32:33.416Z,Puttalam,DRY,Flood,4,28336,8,Boats|Rescue Teams|Dry Rations|Medical Kits,86,RESOLVED,OFFICER
INC-2022-0931,2022-01-31T20:55:42.205Z,Anuradhapura,DRY,Flood,1,778,0,Dry Rations|Medical Kits,99,RESOLVED,CITIZEN
INC-2022-0932,2022-08-30T23:09:55.744Z,Kandy,HILL,Landslide,1,186,0,Dry Rations|Medical Kits,56,RESOLVED,OFFICER
INC-2022-0933,2022-04-30T15:18:49.134Z,Kandy,HILL,Landslide,4,1052,0,Boats|Rescue Teams|Dry Rations|Medical Kits,133,RESOLVED,CITIZEN
INC-2019-0934,2019-10-16T23:17:32.673Z,Kurunegala,DRY,Drought,5,172590,0,Water Bowsers|Dry Rations,1707,RESOLVED,SENSOR
INC-2022-0935,2022-03-28T20:03:00.340Z,Monaragala,DRY,Drought,2,51554,0,Water Bowsers|Dry Rations,2559,RESOLVED,OFFICER
INC-2022-0936,2022-10-24T21:31:06.553Z,Puttalam,DRY,Drought,1,41225,0,Water Bowsers|Dry Rations,2887,RESOLVED,OFFICER
INC-2021-0937,2021-04-28T14:26:14.476Z,Nuwara Eliya,HILL,Flood,4,12080,2,Boats|Rescue Teams|Dry Rations|Medical Kits,49,RESOLVED,CITIZEN
INC-2023-0938,2023-05-08T00:00:55.272Z,Vavuniya,DRY,High Winds/Cyclone,2,2640,0,,82,RESOLVED,OFFICER
INC-2019-0939,2019-03-29T22:07:18.284Z,Monaragala,DRY,Drought,3,106215,0,Water Bowsers|Dry Rations,2531,RESOLVED,CITIZEN
INC-2020-0940,2020-07-10T10:31:46.913Z,Kurunegala,DRY,Forest Fire,1,23,0,Fire Trucks|Air Support,69,RESOLVED,SENSOR
INC-2022-0941,2022-04-01T00:13:26.945Z,Puttalam,DRY,Forest Fire,3,150,0,Fire Trucks|Air Support,79,RESOLVED,OFFICER
INC-2018-0942,2018-09-04T07:16:34.241Z,Mannar,DRY,Drought,5,45425,0,Water Bowsers|Dry Rations,1967,RESOLVED,CITIZEN
INC-2025-0943,2025-03-03T21:16:33.914Z,Badulla,HILL,Animal Attack,2,10,2,Wildlife Officers|Veterinary Kits,82,RESOLVED,CITIZEN
INC-2020-0944,2020-09-12T01:25:39.549Z,Nuwara Eliya,HILL,High Winds/Cyclone,1,835,0,,68,RESOLVED,CITIZEN
INC-2021-0945,2021-08-12T11:04:28.105Z,Trincomalee,EAST_NORTH,Drought,1,16400,0,Water Bowsers|Dry Rations,3395,RESOLVED,MEDIA
INC-2025-0946,2025-04-30T04:30:21.155Z,Matara,WET,Flood,1,151,0,Dry Rations|Medical Kits,103,RESOLVED,OFFICER
INC-2025-0947,2025-10-12T15:09:33.677Z,Kurunegala,DRY,Flood,1,1424,0,Dry Rations|Medical Kits,63,RESOLVED,CITIZEN
INC-2024-0948,2024-06-03T11:20:38.680Z,Anuradhapura,DRY,Drought,1,24281,0,Water Bowsers|Dry Rations,3825,RESOLVED,CITIZEN
INC-2020-0949,2020-05-30T06:40:09.350Z,Gampaha,WET,Flood,1,249,0,Dry Rations|Medical Kits,45,RESOLVED,SENSOR
INC-2020-0950,2020-02-21T09:09:25.529Z,Jaffna,EAST_NORTH,Flood,3,8505,0,Boats|Rescue Teams|Dry Rations|Medical Kits,70,RESOLVED,CITIZEN
INC-2023-0951,2023-03-04T05:22:08.030Z,Mannar,DRY,Forest Fire,5,175,0,Fire Trucks|Air Support,104,RESOLVED,CITIZEN
INC-2019-0952,2019-04-27T05:14:24.545Z,Nuwara Eliya,HILL,Landslide,4,1336,4,Boats|Rescue Teams|Dry Rations|Medical Kits,48,RESOLVED,CITIZEN
INC-2022-0953,2022-03-15T06:11:47.225Z,Ratnapura,HILL,Landslide,4,580,19,Boats|Rescue Teams|Dry Rations|Medical Kits,120,RESOLVED,CITIZEN
INC-2021-0954,2021-03-12T10:23:40.593Z,Monaragala,DRY,Flood,5,30625,3,Boats|Rescue Teams|Dry Rations|Medical Kits,38,RESOLVED,CITIZEN
INC-2019-0955,2019-09-27T04:17:52.613Z,Nuwara Eliya,HILL,Flood,3,12726,0,Boats|Rescue Teams|Dry Rations|Medical Kits,119,RESOLVED,OFFICER
INC-2022-0956,2022-12-02T21:08:27.724Z,Galle,WET,Flood,3,11241,0,Boats|Rescue Teams|Dry Rations|Medical Kits,36,RESOLVED,OFFICER
INC-2020-0957,2020-02-17T22:36:37.688Z,Monaragala,DRY,Flood,1,1420,0,Dry Rations|Medical Kits,46,RESOLVED,SENSOR
INC-2022-0958,2022-10-27T19:16:15.342Z,Colombo,WET,Animal Attack,1,1,1,Wildlife Officers|Veterinary Kits,45,RESOLVED,CITIZEN
INC-2022-0959,2022-10-07T23:51:35.281Z,Batticaloa,EAST_NORTH,Drought,1,43721,0,Water Bowsers|Dry Rations,3199,RESOLVED,MEDIA
INC-2025-0960,2025-05-24T11:11:58.799Z,Kegalle,HILL,Landslide,1,104,0,Dry Rations|Medical Kits,61,RESOLVED,SENSOR
INC-2020-0961,2020-10-29T07:18:31.333Z,Ampara,EAST_NORTH,Flood,3,10215,0,Boats|Rescue Teams|Dry Rations|Medical Kits,120,RESOLVED,CITIZEN
INC-2018-0962,2018-08-25T17:29:34.184Z,Kalutara,WET,Flood,3,7614,0,Boats|Rescue Teams|Dry Rations|Medical Kits,41,RESOLVED,CITIZEN
INC-2024-0963,2024-08-04T12:58:50.604Z,Badulla,HILL,Landslide,1,344,0,Dry Rations|Medical Kits,162,RESOLVED,OFFICER
INC-2026-0964,2026-05-14T17:52:31.135Z,Hambantota,DRY,Drought,1,38590,0,Water Bowsers|Dry Rations,2342,RESOLVED,SENSOR
INC-2020-0965,2020-10-03T06:06:08.464Z,Hambantota,DRY,Drought,2,98152,0,Water Bowsers|Dry Rations,2604,RESOLVED,CITIZEN
INC-2018-0966,2018-12-10T15:12:23.756Z,Kalutara,WET,Animal Attack,2,7,0,Wildlife Officers|Veterinary Kits,30,RESOLVED,CITIZEN
INC-2026-0967,2026-02-10T22:36:36.154Z,Matara,WET,Flood,3,8289,0,Boats|Rescue Teams|Dry Rations|Medical Kits,64,RESOLVED,CITIZEN
INC-2021-0968,2021-04-12T11:47:02.546Z,Trincomalee,EAST_NORTH,Flood,3,11043,0,Boats|Rescue Teams|Dry Rations|Medical Kits,72,RESOLVED,CITIZEN
INC-2021-0969,2021-11-27T20:21:13.551Z,Kalutara,WET,High Winds/Cyclone,2,2092,0,,40,RESOLVED,CITIZEN
INC-2021-0970,2021-12-07T15:50:19.507Z,Kandy,HILL,Animal Attack,2,1,1,Wildlife Officers|Veterinary Kits,48,RESOLVED,CITIZEN
INC-2025-0971,2025-02-12T05:06:47.867Z,Matara,WET,Flood,1,1470,0,Dry Rations|Medical Kits,29,RESOLVED,CITIZEN
INC-2020-0972,2020-05-22T00:42:20.816Z,Monaragala,DRY,Drought,1,5472,0,Water Bowsers|Dry Rations,2753,RESOLVED,CITIZEN
INC-2025-0973,2025-12-23T19:22:48.510Z,Badulla,HILL,High Winds/Cyclone,1,1555,0,,77,RESOLVED,CITIZEN
INC-2021-0974,2021-02-06T04:26:08.939Z,Kalutara,WET,High Winds/Cyclone,1,626,0,,119,RESOLVED,CITIZEN
INC-2021-0975,2021-09-17T03:09:07.922Z,Vavuniya,DRY,Drought,3,26610,0,Water Bowsers|Dry Rations,3435,RESOLVED,SENSOR
INC-2021-0976,2021-07-12T17:02:21.791Z,Vavuniya,DRY,Drought,2,83992,0,Water Bowsers|Dry Rations,1881,RESOLVED,OFFICER
INC-2019-0977,2019-06-30T09:04:50.719Z,Trincomalee,EAST_NORTH,Animal Attack,1,9,0,Wildlife Officers|Veterinary Kits,67,RESOLVED,SENSOR
INC-2021-0978,2021-09-18T17:17:50.316Z,Matara,WET,Flood,2,6428,0,Dry Rations|Medical Kits,83,RESOLVED,OFFICER
INC-2022-0979,2022-11-18T14:53:04.608Z,Galle,WET,Animal Attack,1,4,1,Wildlife Officers|Veterinary Kits,86,RESOLVED,OFFICER
INC-2020-0980,2020-06-22T19:32:09.541Z,Colombo,WET,Flood,1,1738,0,Dry Rations|Medical Kits,33,RESOLVED,CITIZEN
INC-2023-0981,2023-12-05T15:44:58.372Z,Galle,WET,Flood,3,5094,0,Boats|Rescue Teams|Dry Rations|Medical Kits,87,RESOLVED,CITIZEN
INC-2020-0982,2020-05-26T02:35:26.333Z,Monaragala,DRY,Forest Fire,1,63,0,Fire Trucks|Air Support,229,RESOLVED,OFFICER
INC-2019-0983,2019-10-01T20:38:58.501Z,Kegalle,HILL,High Winds/Cyclone,2,2632,0,,88,RESOLVED,CITIZEN
INC-2020-0984,2020-07-07T20:37:15.809Z,Jaffna,EAST_NORTH,Drought,1,23847,0,Water Bowsers|Dry Rations,4203,RESOLVED,CITIZEN
INC-2020-0985,2020-01-20T10:48:54.881Z,Kalutara,WET,Flood,2,5144,0,Dry Rations|Medical Kits,107,RESOLVED,CITIZEN
INC-2026-0986,2026-01-31T02:31:21.524Z,Matara,WET,Flood,2,5044,0,Dry Rations|Medical Kits,35,RESOLVED,CITIZEN
INC-2025-0987,2025-01-06T19:41:53.869Z,Gampaha,WET,Animal Attack,1,1,1,Wildlife Officers|Veterinary Kits,76,RESOLVED,OFFICER
INC-2021-0988,2021-03-16T03:15:08.946Z,Vavuniya,DRY,High Winds/Cyclone,2,5452,0,,57,RESOLVED,CITIZEN
INC-2021-0989,2021-08-28T10:15:55.510Z,Galle,WET,Flood,3,12150,0,Boats|Rescue Teams|Dry Rations|Medical Kits,38,RESOLVED,OFFICER
INC-2018-0990,2018-07-04T13:46:33.618Z,Puttalam,DRY,Forest Fire,2,78,0,Fire Trucks|Air Support,213,RESOLVED,CITIZEN
INC-2024-0991,2024-11-01T12:25:54.315Z,Matara,WET,Flood,1,1784,0,Dry Rations|Medical Kits,31,RESOLVED,SENSOR
INC-2024-0992,2024-10-23T19:10:59.863Z,Nuwara Eliya,HILL,Flood,1,866,0,Dry Rations|Medical Kits,85,RESOLVED,CITIZEN
INC-2021-0993,2021-02-12T14:23:31.720Z,Badulla,HILL,High Winds/Cyclone,1,183,0,,77,RESOLVED,OFFICER
INC-2020-0994,2020-03-01T06:38:27.193Z,Gampaha,WET,Flood,1,1928,0,Dry Rations|Medical Kits,66,RESOLVED,OFFICER
INC-2024-0995,2024-03-21T20:02:50.409Z,Colombo,WET,Flood,2,1616,0,Dry Rations|Medical Kits,115,RESOLVED,OFFICER
INC-2026-0996,2026-05-22T15:19:42.828Z,Ratnapura,HILL,Landslide,5,1305,21,Boats|Rescue Teams|Dry Rations|Medical Kits,143,RESOLVED,OFFICER
INC-2018-0997,2018-12-30T02:52:08.389Z,Matara,WET,Flood,2,320,0,Dry Rations|Medical Kits,86,RESOLVED,OFFICER
INC-2023-0998,2023-09-16T03:30:33.864Z,Kandy,HILL,Landslide,3,1182,14,Boats|Rescue Teams|Dry Rations|Medical Kits,169,RESOLVED,CITIZEN
INC-2023-0999,2023-01-05T14:01:14.948Z,Gampaha,WET,Animal Attack,2,10,1,Wildlife Officers|Veterinary Kits,45,RESOLVED,CITIZEN
INC-2019-1000,2019-04-04T11:24:33.386Z,Galle,WET,Landslide,3,138,11,Boats|Rescue Teams|Dry Rations|Medical Kits,134,RESOLVED,OFFICER
INC-2023-1001,2023-06-03T13:35:18.642Z,Trincomalee,EAST_NORTH,Drought,3,90726,0,Water Bowsers|Dry Rations,3389,RESOLVED,CITIZEN
INC-2018-1002,2018-08-13T16:15:26.661Z,Trincomalee,EAST_NORTH,High Winds/Cyclone,1,1902,0,,24,RESOLVED,SENSOR
INC-2018-1003,2018-12-19T09:09:49.564Z,Jaffna,EAST_NORTH,Flood,2,1852,0,Dry Rations|Medical Kits,65,RESOLVED,OFFICER
INC-2021-1004,2021-11-18T13:42:29.377Z,Mannar,DRY,Drought,1,31286,0,Water Bowsers|Dry Rations,2618,RESOLVED,OFFICER
INC-2021-1005,2021-10-29T14:37:13.222Z,Galle,WET,Flood,2,496,0,Dry Rations|Medical Kits,79,RESOLVED,SENSOR
INC-2025-1006,2025-03-06T10:50:09.850Z,Matara,WET,High Winds/Cyclone,2,7440,0,,89,RESOLVED,CITIZEN
INC-2026-1007,2026-01-01T11:46:13.882Z,Kurunegala,DRY,Flood,3,10215,0,Boats|Rescue Teams|Dry Rations|Medical Kits,71,RESOLVED,OFFICER
INC-2025-1008,2025-05-27T07:37:30.366Z,Matara,WET,Flood,3,3789,0,Boats|Rescue Teams|Dry Rations|Medical Kits,108,RESOLVED,OFFICER
INC-2019-1009,2019-08-23T20:13:01.341Z,Batticaloa,EAST_NORTH,Forest Fire,3,66,0,Fire Trucks|Air Support,146,RESOLVED,CITIZEN
INC-2020-1010,2020-05-16T18:49:51.171Z,Polonnaruwa,DRY,High Winds/Cyclone,5,16975,6,,26,RESOLVED,CITIZEN
INC-2019-1011,2019-01-18T03:09:42.169Z,Vavuniya,DRY,Animal Attack,1,5,2,Wildlife Officers|Veterinary Kits,38,RESOLVED,SENSOR
INC-2020-1012,2020-11-07T18:19:31.631Z,Galle,WET,Animal Attack,1,5,1,Wildlife Officers|Veterinary Kits,81,RESOLVED,OFFICER
INC-2019-1013,2019-01-06T05:12:43.570Z,Kalutara,WET,High Winds/Cyclone,3,4833,0,,108,RESOLVED,OFFICER
INC-2020-1014,2020-08-11T05:00:29.515Z,Badulla,HILL,Flood,1,806,0,Dry Rations|Medical Kits,77,RESOLVED,CITIZEN
INC-2021-1015,2021-06-10T00:27:52.596Z,Batticaloa,EAST_NORTH,Flood,2,4192,0,Dry Rations|Medical Kits,76,RESOLVED,CITIZEN
INC-2026-1016,2026-05-28T22:50:52.061Z,Badulla,HILL,Landslide,2,920,0,Dry Rations|Medical Kits,122,RESOLVED,OFFICER
INC-2025-1017,2025-03-04T13:41:09.388Z,Matara,WET,Flood,1,285,0,Dry Rations|Medical Kits,106,RESOLVED,OFFICER
INC-2023-1018,2023-01-26T18:30:09.448Z,Trincomalee,EAST_NORTH,High Winds/Cyclone,1,721,0,,30,RESOLVED,OFFICER
INC-2021-1019,2021-01-07T06:01:50.195Z,Matara,WET,Animal Attack,1,2,2,Wildlife Officers|Veterinary Kits,79,RESOLVED,CITIZEN
INC-2024-1020,2024-12-22T09:45:56.007Z,Ratnapura,HILL,Animal Attack,1,10,1,Wildlife Officers|Veterinary Kits,84,RESOLVED,SENSOR
INC-2026-1021,2026-02-21T06:29:27.381Z,Gampaha,WET,High Winds/Cyclone,5,47450,6,,119,RESOLVED,CITIZEN
INC-2022-1022,2022-11-12T07:57:22.479Z,Gampaha,WET,Animal Attack,1,7,2,Wildlife Officers|Veterinary Kits,66,RESOLVED,CITIZEN
INC-2018-1023,2018-03-21T19:25:32.100Z,Anuradhapura,DRY,Flood,1,1002,0,Dry Rations|Medical Kits,117,RESOLVED,OFFICER
INC-2022-1024,2022-12-29T12:55:34.719Z,Anuradhapura,DRY,High Winds/Cyclone,2,5300,0,,82,RESOLVED,SENSOR
INC-2025-1025,2025-03-07T16:11:01.905Z,Hambantota,DRY,Flood,1,540,0,Dry Rations|Medical Kits,48,RESOLVED,CITIZEN
INC-2018-1026,2018-01-02T18:21:44.314Z,Nuwara Eliya,HILL,Landslide,2,610,0,Dry Rations|Medical Kits,87,RESOLVED,OFFICER
INC-2025-1027,2025-09-01T10:19:00.553Z,Gampaha,WET,Flood,4,15856,1,Boats|Rescue Teams|Dry Rations|Medical Kits,112,RESOLVED,OFFICER
INC-2022-1028,2022-10-01T06:37:21.342Z,Batticaloa,EAST_NORTH,Drought,4,47820,0,Water Bowsers|Dry Rations,1577,RESOLVED,CITIZEN
INC-2021-1029,2021-03-25T00:41:36.316Z,Galle,WET,High Winds/Cyclone,2,860,0,,29,RESOLVED,CITIZEN
INC-2023-1030,2023-09-13T21:33:18.345Z,Badulla,HILL,Flood,2,4208,0,Dry Rations|Medical Kits,86,RESOLVED,OFFICER
INC-2022-1031,2022-12-27T13:11:45.693Z,Colombo,WET,Animal Attack,1,5,1,Wildlife Officers|Veterinary Kits,76,RESOLVED,SENSOR
INC-2022-1032,2022-04-23T10:01:51.106Z,Puttalam,DRY,Animal Attack,1,7,2,Wildlife Officers|Veterinary Kits,48,RESOLVED,CITIZEN
INC-2024-1033,2024-10-23T10:02:10.496Z,Kandy,HILL,Landslide,2,462,0,Dry Rations|Medical Kits,153,RESOLVED,CITIZEN
INC-2025-1034,2025-07-06T18:13:27.319Z,Matara,WET,Flood,1,892,0,Dry Rations|Medical Kits,81,RESOLVED,OFFICER
INC-2023-1035,2023-04-13T20:21:51.534Z,Kandy,HILL,High Winds/Cyclone,3,12897,0,,79,RESOLVED,SENSOR
INC-2022-1036,2022-04-19T21:15:27.320Z,Kalutara,WET,Flood,1,495,0,Dry Rations|Medical Kits,25,RESOLVED,OFFICER
INC-2020-1037,2020-07-19T07:40:28.718Z,Ratnapura,HILL,Flood,2,7248,0,Dry Rations|Medical Kits,63,RESOLVED,OFFICER
INC-2018-1038,2018-07-19T05:18:02.603Z,Badulla,HILL,Landslide,2,460,0,Dry Rations|Medical Kits,35,RESOLVED,CITIZEN
INC-2025-1039,2025-11-02T07:10:17.783Z,Matara,WET,Flood,1,225,0,Dry Rations|Medical Kits,97,RESOLVED,MEDIA
INC-2018-1040,2018-06-22T05:52:15.156Z,Trincomalee,EAST_NORTH,High Winds/Cyclone,1,1274,0,,98,RESOLVED,SENSOR
INC-2021-1041,2021-12-05T14:06:25.297Z,Vavuniya,DRY,Flood,3,3483,0,Boats|Rescue Teams|Dry Rations|Medical Kits,44,RESOLVED,OFFICER
INC-2022-1042,2022-08-09T03:27:23.016Z,Polonnaruwa,DRY,Animal Attack,1,6,0,Wildlife Officers|Veterinary Kits,52,RESOLVED,SENSOR
INC-2020-1043,2020-11-27T18:14:21.790Z,Matale,HILL,Landslide,1,404,0,Dry Rations|Medical Kits,100,RESOLVED,OFFICER
INC-2024-1044,2024-10-18T18:44:34.392Z,Nuwara Eliya,HILL,Animal Attack,1,8,2,Wildlife Officers|Veterinary Kits,33,RESOLVED,SENSOR
INC-2020-1045,2020-10-06T00:25:51.119Z,Kurunegala,DRY,Animal Attack,1,3,0,Wildlife Officers|Veterinary Kits,59,RESOLVED,CITIZEN
INC-2022-1046,2022-04-23T13:48:14.694Z,Batticaloa,EAST_NORTH,High Winds/Cyclone,3,15426,0,,78,RESOLVED,SENSOR
INC-2022-1047,2022-03-29T09:44:09.569Z,Puttalam,DRY,Animal Attack,1,4,1,Wildlife Officers|Veterinary Kits,66,RESOLVED,CITIZEN
INC-2019-1048,2019-06-16T03:09:45.455Z,Polonnaruwa,DRY,Forest Fire,2,140,0,Fire Trucks|Air Support,137,RESOLVED,CITIZEN
INC-2022-1049,2022-01-26T05:33:36.025Z,Nuwara Eliya,HILL,Landslide,3,561,3,Boats|Rescue Teams|Dry Rations|Medical Kits,53,RESOLVED,OFFICER
INC-2024-1050,2024-06-02T16:49:11.493Z,Kurunegala,DRY,Animal Attack,2,7,0,Wildlife Officers|Veterinary Kits,62,RESOLVED,CITIZEN
INC-2019-1051,2019-02-01T10:12:21.973Z,Matale,HILL,Landslide,1,322,0,Dry Rations|Medical Kits,91,RESOLVED,CITIZEN
INC-2024-1052,2024-07-10T18:07:55.103Z,Nuwara Eliya,HILL,Flood,3,17217,0,Boats|Rescue Teams|Dry Rations|Medical Kits,28,RESOLVED,CITIZEN
INC-2024-1053,2024-06-01T14:24:30.983Z,Gampaha,WET,Flood,1,1094,0,Dry Rations|Medical Kits,31,RESOLVED,OFFICER
INC-2020-1054,2020-02-26T20:26:05.442Z,Kandy,HILL,Flood,2,5088,0,Dry Rations|Medical Kits,94,RESOLVED,CITIZEN
INC-2021-1055,2021-07-12T12:30:29.188Z,Galle,WET,Flood,1,1913,0,Dry Rations|Medical Kits,118,RESOLVED,CITIZEN
INC-2023-1056,2023-08-10T17:35:11.683Z,Colombo,WET,Flood,1,1803,0,Dry Rations|Medical Kits,47,RESOLVED,CITIZEN
INC-2020-1057,2020-03-04T23:27:56.757Z,Gampaha,WET,Flood,4,7008,0,Boats|Rescue Teams|Dry Rations|Medical Kits,38,RESOLVED,SENSOR
INC-2019-1058,2019-01-07T07:05:49.653Z,Colombo,WET,High Winds/Cyclone,1,832,0,,55,RESOLVED,CITIZEN
INC-2018-1059,2018-05-29T20:56:48.036Z,Puttalam,DRY,Animal Attack,1,2,1,Wildlife Officers|Veterinary Kits,78,RESOLVED,CITIZEN
INC-2020-1060,2020-01-06T07:15:52.338Z,Colombo,WET,Flood,2,2304,0,Dry Rations|Medical Kits,104,RESOLVED,CITIZEN
INC-2020-1061,2020-01-15T23:07:32.256Z,Anuradhapura,DRY,Animal Attack,2,9,2,Wildlife Officers|Veterinary Kits,84,RESOLVED,CITIZEN
INC-2020-1062,2020-02-10T21:05:53.560Z,Kandy,HILL,Landslide,1,434,0,Dry Rations|Medical Kits,49,RESOLVED,OFFICER
INC-2021-1063,2021-12-30T05:29:22.915Z,Trincomalee,EAST_NORTH,Flood,4,5216,4,Boats|Rescue Teams|Dry Rations|Medical Kits,112,RESOLVED,SENSOR
INC-2021-1064,2021-05-27T05:43:13.123Z,Matale,HILL,Landslide,1,430,0,Dry Rations|Medical Kits,86,RESOLVED,CITIZEN
INC-2023-1065,2023-06-03T13:40:41.486Z,Monaragala,DRY,Flood,1,1286,0,Dry Rations|Medical Kits,96,RESOLVED,OFFICER
INC-2020-1066,2020-10-22T02:07:29.901Z,Kegalle,HILL,Animal Attack,1,9,2,Wildlife Officers|Veterinary Kits,30,RESOLVED,CITIZEN
INC-2021-1067,2021-12-01T23:25:24.229Z,Monaragala,DRY,Animal Attack,1,5,0,Wildlife Officers|Veterinary Kits,83,RESOLVED,CITIZEN
INC-2020-1068,2020-10-05T14:21:04.607Z,Matale,HILL,Landslide,3,183,8,Boats|Rescue Teams|Dry Rations|Medical Kits,169,RESOLVED,CITIZEN
INC-2026-1069,2026-05-05T08:38:49.340Z,Kalutara,WET,Flood,1,490,0,Dry Rations|Medical Kits,58,RESOLVED,CITIZEN
INC-2025-1070,2025-06-07T11:44:23.560Z,Kilinochchi,EAST_NORTH,Drought,2,16990,0,Water Bowsers|Dry Rations,3237,RESOLVED,SENSOR
INC-2024-1071,2024-04-10T03:51:05.795Z,Gampaha,WET,Animal Attack,1,10,1,Wildlife Officers|Veterinary Kits,42,RESOLVED,CITIZEN
INC-2021-1072,2021-03-18T14:03:48.204Z,Mullaitivu,EAST_NORTH,Drought,2,83684,0,Water Bowsers|Dry Rations,2580,RESOLVED,CITIZEN
INC-2019-1073,2019-08-12T01:36:44.045Z,Kalutara,WET,Flood,1,1129,0,Dry Rations|Medical Kits,31,RESOLVED,OFFICER
INC-2020-1074,2020-12-20T05:52:38.159Z,Jaffna,EAST_NORTH,Flood,1,601,0,Dry Rations|Medical Kits,109,RESOLVED,CITIZEN
INC-2018-1075,2018-04-19T13:28:16.340Z,Trincomalee,EAST_NORTH,Flood,1,1555,0,Dry Rations|Medical Kits,98,RESOLVED,CITIZEN
INC-2020-1076,2020-03-28T15:27:04.395Z,Ratnapura,HILL,Landslide,2,486,0,Dry Rations|Medical Kits,139,RESOLVED,CITIZEN
INC-2019-1077,2019-01-03T02:19:38.051Z,Badulla,HILL,Flood,5,6750,2,Boats|Rescue Teams|Dry Rations|Medical Kits,21,RESOLVED,OFFICER
INC-2019-1078,2019-11-12T11:56:38.688Z,Monaragala,DRY,Flood,2,2488,0,Dry Rations|Medical Kits,104,RESOLVED,OFFICER
INC-2021-1079,2021-10-11T03:00:49.958Z,Hambantota,DRY,Drought,2,36442,0,Water Bowsers|Dry Rations,3101,RESOLVED,SENSOR
INC-2019-1080,2019-05-08T23:21:54.337Z,Nuwara Eliya,HILL,Landslide,1,181,0,Dry Rations|Medical Kits,167,RESOLVED,OFFICER
INC-2020-1081,2020-11-17T20:00:45.712Z,Polonnaruwa,DRY,Drought,3,127905,0,Water Bowsers|Dry Rations,2233,RESOLVED,SENSOR
INC-2023-1082,2023-02-02T10:55:56.340Z,Mullaitivu,EAST_NORTH,Flood,1,1073,0,Dry Rations|Medical Kits,66,RESOLVED,CITIZEN
INC-2020-1083,2020-10-20T03:10:25.491Z,Kurunegala,DRY,High Winds/Cyclone,4,2016,1,,29,RESOLVED,OFFICER
INC-2024-1084,2024-12-13T20:47:26.894Z,Galle,WET,Flood,4,3120,1,Boats|Rescue Teams|Dry Rations|Medical Kits,51,RESOLVED,CITIZEN
INC-2023-1085,2023-08-25T17:33:24.192Z,Vavuniya,DRY,Drought,1,25708,0,Water Bowsers|Dry Rations,3864,RESOLVED,OFFICER
INC-2019-1086,2019-02-11T12:39:54.958Z,Nuwara Eliya,HILL,Landslide,2,652,0,Dry Rations|Medical Kits,178,RESOLVED,CITIZEN
INC-2023-1087,2023-08-27T20:41:25.964Z,Galle,WET,Flood,5,40225,0,Boats|Rescue Teams|Dry Rations|Medical Kits,105,RESOLVED,CITIZEN
INC-2021-1088,2021-12-30T22:04:20.086Z,Puttalam,DRY,Flood,3,11916,0,Boats|Rescue Teams|Dry Rations|Medical Kits,72,RESOLVED,CITIZEN
INC-2020-1089,2020-05-26T20:57:29.076Z,Kegalle,HILL,Landslide,1,465,0,Dry Rations|Medical Kits,132,RESOLVED,CITIZEN
INC-2020-1090,2020-11-26T10:55:02.429Z,Ratnapura,HILL,High Winds/Cyclone,2,6424,0,,58,RESOLVED,MEDIA
INC-2020-1091,2020-06-28T02:38:12.036Z,Kurunegala,DRY,High Winds/Cyclone,1,1758,0,,53,RESOLVED,OFFICER
INC-2020-1092,2020-04-20T21:15:41.172Z,Colombo,WET,Flood,2,872,0,Dry Rations|Medical Kits,87,RESOLVED,CITIZEN
INC-2020-1093,2020-05-24T12:57:40.315Z,Badulla,HILL,Landslide,1,154,0,Dry Rations|Medical Kits,135,RESOLVED,CITIZEN
INC-2024-1094,2024-02-16T08:00:32.544Z,Kegalle,HILL,Flood,2,1264,0,Dry Rations|Medical Kits,71,RESOLVED,SENSOR
INC-2018-1095,2018-05-19T08:27:41.311Z,Ampara,EAST_NORTH,Drought,1,6955,0,Water Bowsers|Dry Rations,3963,RESOLVED,CITIZEN
INC-2019-1096,2019-11-10T17:07:23.862Z,Nuwara Eliya,HILL,Flood,1,1029,0,Dry Rations|Medical Kits,95,RESOLVED,CITIZEN
INC-2025-1097,2025-01-13T15:21:06.129Z,Galle,WET,Animal Attack,1,4,2,Wildlife Officers|Veterinary Kits,84,RESOLVED,CITIZEN
INC-2019-1098,2019-11-27T02:40:40.995Z,Monaragala,DRY,Drought,1,28242,0,Water Bowsers|Dry Rations,3723,RESOLVED,OFFICER
INC-2020-1099,2020-09-24T20:04:19.533Z,Vavuniya,DRY,Drought,3,113565,0,Water Bowsers|Dry Rations,3847,RESOLVED,OFFICER
INC-2020-1100,2020-04-18T12:52:12.047Z,Ratnapura,HILL,Forest Fire,1,82,0,Fire Trucks|Air Support,122,RESOLVED,SENSOR
INC-2025-1101,2025-09-20T09:01:01.408Z,Badulla,HILL,Flood,2,5184,0,Dry Rations|Medical Kits,85,RESOLVED,CITIZEN
INC-2021-1102,2021-04-26T06:46:14.579Z,Colombo,WET,Flood,3,9648,0,Boats|Rescue Teams|Dry Rations|Medical Kits,55,RESOLVED,OFFICER
INC-2025-1103,2025-09-19T01:06:51.233Z,Trincomalee,EAST_NORTH,Drought,4,140744,0,Water Bowsers|Dry Rations,1479,RESOLVED,CITIZEN
INC-2025-1104,2025-01-01T05:17:05.999Z,Kalutara,WET,Animal Attack,2,10,0,Wildlife Officers|Veterinary Kits,84,RESOLVED,CITIZEN
INC-2020-1105,2020-12-13T14:46:14.313Z,Colombo,WET,Flood,4,2848,5,Boats|Rescue Teams|Dry Rations|Medical Kits,23,RESOLVED,CITIZEN
INC-2022-1106,2022-10-04T04:19:39.615Z,Kalutara,WET,Flood,1,1626,0,Dry Rations|Medical Kits,117,RESOLVED,OFFICER
INC-2024-1107,2024-04-25T13:10:31.720Z,Vavuniya,DRY,Drought,1,34033,0,Water Bowsers|Dry Rations,2999,RESOLVED,CITIZEN
INC-2019-1108,2019-04-19T11:17:41.656Z,Mullaitivu,EAST_NORTH,Drought,2,70622,0,Water Bowsers|Dry Rations,3996,RESOLVED,SENSOR
INC-2018-1109,2018-10-28T19:25:02.245Z,Kilinochchi,EAST_NORTH,Flood,1,1066,0,Dry Rations|Medical Kits,62,RESOLVED,OFFICER
INC-2021-1110,2021-03-26T03:18:38.506Z,Kurunegala,DRY,High Winds/Cyclone,2,4432,0,,120,RESOLVED,CITIZEN
INC-2023-1111,2023-02-14T18:33:22.304Z,Colombo,WET,Animal Attack,2,1,2,Wildlife Officers|Veterinary Kits,69,RESOLVED,CITIZEN
INC-2022-1112,2022-07-10T20:32:20.479Z,Polonnaruwa,DRY,Forest Fire,2,82,0,Fire Trucks|Air Support,199,RESOLVED,CITIZEN
INC-2022-1113,2022-02-27T11:44:12.676Z,Gampaha,WET,Animal Attack,1,8,1,Wildlife Officers|Veterinary Kits,57,RESOLVED,SENSOR
INC-2025-1114,2025-01-31T07:00:18.938Z,Kandy,HILL,High Winds/Cyclone,2,3132,0,,17,RESOLVED,CITIZEN
INC-2023-1115,2023-02-20T04:46:37.345Z,Gampaha,WET,Flood,4,9856,1,Boats|Rescue Teams|Dry Rations|Medical Kits,73,RESOLVED,CITIZEN
INC-2022-1116,2022-03-23T20:02:25.090Z,Trincomalee,EAST_NORTH,Flood,1,255,0,Dry Rations|Medical Kits,34,RESOLVED,CITIZEN
INC-2025-1117,2025-11-08T12:31:12.124Z,Hambantota,DRY,Drought,2,23556,0,Water Bowsers|Dry Rations,1477,RESOLVED,MEDIA
INC-2019-1118,2019-04-28T21:27:58.940Z,Monaragala,DRY,Drought,2,87194,0,Water Bowsers|Dry Rations,2023,RESOLVED,CITIZEN
INC-2026-1119,2026-05-17T18:05:41.837Z,Kalutara,WET,Flood,2,600,0,Dry Rations|Medical Kits,35,RESOLVED,SENSOR
INC-2025-1120,2025-06-05T15:32:26.436Z,Kegalle,HILL,High Winds/Cyclone,2,2256,0,,33,RESOLVED,CITIZEN
INC-2018-1121,2018-07-24T19:21:25.445Z,Matara,WET,Flood,3,7803,0,Boats|Rescue Teams|Dry Rations|Medical Kits,99,RESOLVED,CITIZEN
INC-2019-1122,2019-03-02T11:32:25.525Z,Mullaitivu,EAST_NORTH,Flood,1,863,0,Dry Rations|Medical Kits,74,RESOLVED,CITIZEN
INC-2021-1123,2021-11-10T21:11:29.763Z,Badulla,HILL,Flood,4,13648,0,Boats|Rescue Teams|Dry Rations|Medical Kits,73,RESOLVED,CITIZEN
INC-2024-1124,2024-05-10T21:16:51.916Z,Colombo,WET,Flood,4,20240,1,Boats|Rescue Teams|Dry Rations|Medical Kits,87,RESOLVED,OFFICER
INC-2018-1125,2018-08-31T01:13:10.989Z,Nuwara Eliya,HILL,Landslide,2,40,0,Dry Rations|Medical Kits,67,RESOLVED,SENSOR
INC-2018-1126,2018-11-04T16:26:32.595Z,Galle,WET,Animal Attack,1,8,1,Wildlife Officers|Veterinary Kits,40,RESOLVED,CITIZEN
INC-2022-1127,2022-01-20T15:38:24.424Z,Puttalam,DRY,Flood,2,436,0,Dry Rations|Medical Kits,15,RESOLVED,CITIZEN
INC-2022-1128,2022-04-28T19:47:39.169Z,Gampaha,WET,Flood,1,468,0,Dry Rations|Medical Kits,71,RESOLVED,CITIZEN
INC-2024-1129,2024-06-01T23:57:37.714Z,Galle,WET,Flood,3,9963,0,Boats|Rescue Teams|Dry Rations|Medical Kits,117,RESOLVED,OFFICER
INC-2021-1130,2021-04-03T21:23:35.489Z,Matara,WET,Flood,2,3752,0,Dry Rations|Medical Kits,65,RESOLVED,CITIZEN
INC-2018-1131,2018-07-27T22:24:19.859Z,Colombo,WET,Landslide,3,1188,15,Boats|Rescue Teams|Dry Rations|Medical Kits,119,RESOLVED,OFFICER
INC-2020-1132,2020-01-22T15:01:13.731Z,Matara,WET,Flood,1,1520,0,Dry Rations|Medical Kits,93,RESOLVED,SENSOR
INC-2022-1133,2022-01-12T23:29:37.631Z,Galle,WET,Animal Attack,1,8,0,Wildlife Officers|Veterinary Kits,35,RESOLVED,OFFICER
INC-2019-1134,2019-05-18T14:01:51.038Z,Nuwara Eliya,HILL,Landslide,2,122,0,Dry Rations|Medical Kits,166,RESOLVED,OFFICER
INC-2020-1135,2020-04-19T06:02:28.744Z,Kalutara,WET,Flood,1,1685,0,Dry Rations|Medical Kits,76,RESOLVED,SENSOR
INC-2023-1136,2023-02-25T18:36:29.455Z,Colombo,WET,Flood,3,12789,0,Boats|Rescue Teams|Dry Rations|Medical Kits,65,RESOLVED,OFFICER
INC-2018-1137,2018-06-16T11:24:13.501Z,Ratnapura,HILL,Flood,2,3932,0,Dry Rations|Medical Kits,53,RESOLVED,SENSOR
INC-2020-1138,2020-03-04T04:20:14.234Z,Nuwara Eliya,HILL,Animal Attack,1,10,0,Wildlife Officers|Veterinary Kits,58,RESOLVED,OFFICER
INC-2020-1139,2020-12-19T15:08:09.764Z,Jaffna,EAST_NORTH,Flood,4,8432,7,Boats|Rescue Teams|Dry Rations|Medical Kits,117,RESOLVED,CITIZEN
INC-2021-1140,2021-04-22T23:47:42.292Z,Ratnapura,HILL,Forest Fire,3,129,0,Fire Trucks|Air Support,70,RESOLVED,CITIZEN
INC-2022-1141,2022-04-01T05:58:23.256Z,Mannar,DRY,High Winds/Cyclone,1,1840,0,,56,RESOLVED,SENSOR
INC-2025-1142,2025-05-07T23:50:50.939Z,Kalutara,WET,Flood,2,2624,0,Dry Rations|Medical Kits,68,RESOLVED,MEDIA
INC-2020-1143,2020-01-25T00:13:18.940Z,Ratnapura,HILL,Landslide,2,472,0,Dry Rations|Medical Kits,140,RESOLVED,CITIZEN
INC-2023-1144,2023-07-12T02:58:44.071Z,Galle,WET,Flood,1,398,0,Dry Rations|Medical Kits,70,RESOLVED,CITIZEN
INC-2022-1145,2022-09-13T05:06:18.819Z,Kalutara,WET,Flood,3,15921,0,Boats|Rescue Teams|Dry Rations|Medical Kits,99,RESOLVED,SENSOR
INC-2025-1146,2025-07-14T02:38:48.398Z,Mannar,DRY,Forest Fire,1,42,0,Fire Trucks|Air Support,233,RESOLVED,OFFICER
INC-2026-1147,2026-04-01T14:25:28.209Z,Kegalle,HILL,Landslide,3,1074,11,Boats|Rescue Teams|Dry Rations|Medical Kits,179,RESOLVED,CITIZEN
INC-2020-1148,2020-11-04T10:56:08.802Z,Monaragala,DRY,High Winds/Cyclone,4,1184,1,,52,RESOLVED,OFFICER
INC-2025-1149,2025-02-28T18:56:35.954Z,Ratnapura,HILL,Landslide,2,480,0,Dry Rations|Medical Kits,63,RESOLVED,CITIZEN
INC-2021-1150,2021-05-27T02:28:52.568Z,Mannar,DRY,Flood,2,7364,0,Dry Rations|Medical Kits,88,RESOLVED,CITIZEN
INC-2018-1151,2018-12-26T23:45:21.340Z,Nuwara Eliya,HILL,Flood,3,16371,0,Boats|Rescue Teams|Dry Rations|Medical Kits,49,RESOLVED,MEDIA
INC-2018-1152,2018-07-18T17:59:45.269Z,Ratnapura,HILL,Landslide,2,764,0,Dry Rations|Medical Kits,72,RESOLVED,CITIZEN
INC-2022-1153,2022-10-08T20:41:35.864Z,Galle,WET,High Winds/Cyclone,1,211,0,,19,RESOLVED,SENSOR
INC-2024-1154,2024-01-18T18:22:00.517Z,Colombo,WET,High Winds/Cyclone,3,4410,0,,51,RESOLVED,CITIZEN
INC-2022-1155,2022-12-08T16:46:49.512Z,Kegalle,HILL,Landslide,2,302,0,Dry Rations|Medical Kits,180,RESOLVED,CITIZEN
INC-2020-1156,2020-11-10T00:42:25.493Z,Anuradhapura,DRY,Animal Attack,1,4,2,Wildlife Officers|Veterinary Kits,37,RESOLVED,CITIZEN
INC-2023-1157,2023-04-07T10:24:03.633Z,Badulla,HILL,Flood,4,11408,6,Boats|Rescue Teams|Dry Rations|Medical Kits,80,RESOLVED,OFFICER
INC-2019-1158,2019-04-21T18:22:18.413Z,Kegalle,HILL,High Winds/Cyclone,3,8901,0,,27,RESOLVED,SENSOR
INC-2020-1159,2020-08-10T10:54:59.739Z,Gampaha,WET,Flood,3,10215,0,Boats|Rescue Teams|Dry Rations|Medical Kits,112,RESOLVED,CITIZEN
INC-2019-1160,2019-04-02T12:20:50.247Z,Colombo,WET,High Winds/Cyclone,3,1908,0,,44,RESOLVED,SENSOR
INC-2022-1161,2022-03-23T16:40:44.306Z,Kalutara,WET,Flood,4,28944,5,Boats|Rescue Teams|Dry Rations|Medical Kits,61,RESOLVED,OFFICER
INC-2019-1162,2019-03-15T08:39:20.030Z,Matale,HILL,Landslide,3,1062,7,Boats|Rescue Teams|Dry Rations|Medical Kits,33,RESOLVED,SENSOR
INC-2020-1163,2020-01-06T10:39:23.600Z,Matara,WET,Flood,2,936,0,Dry Rations|Medical Kits,55,RESOLVED,CITIZEN
INC-2024-1164,2024-11-04T23:20:38.846Z,Nuwara Eliya,HILL,Flood,4,1824,2,Boats|Rescue Teams|Dry Rations|Medical Kits,35,RESOLVED,CITIZEN
INC-2018-1165,2018-07-23T20:48:58.583Z,Kilinochchi,EAST_NORTH,Drought,1,37729,0,Water Bowsers|Dry Rations,1635,RESOLVED,CITIZEN
INC-2020-1166,2020-03-22T21:29:39.990Z,Ampara,EAST_NORTH,Drought,3,31557,0,Water Bowsers|Dry Rations,1886,RESOLVED,CITIZEN
INC-2020-1167,2020-06-26T18:58:51.358Z,Matara,WET,Flood,2,896,0,Dry Rations|Medical Kits,33,RESOLVED,CITIZEN
INC-2025-1168,2025-02-16T07:57:39.912Z,Kilinochchi,EAST_NORTH,Flood,5,4650,0,Boats|Rescue Teams|Dry Rations|Medical Kits,28,RESOLVED,CITIZEN
INC-2019-1169,2019-05-27T23:20:22.688Z,Nuwara Eliya,HILL,Flood,4,22336,7,Boats|Rescue Teams|Dry Rations|Medical Kits,113,RESOLVED,OFFICER
INC-2019-1170,2019-06-14T13:43:00.405Z,Galle,WET,Landslide,4,112,14,Boats|Rescue Teams|Dry Rations|Medical Kits,66,RESOLVED,CITIZEN
INC-2025-1171,2025-07-13T16:21:46.641Z,Nuwara Eliya,HILL,Flood,3,13356,0,Boats|Rescue Teams|Dry Rations|Medical Kits,117,RESOLVED,CITIZEN
INC-2019-1172,2019-03-03T04:06:35.224Z,Badulla,HILL,Animal Attack,1,2,1,Wildlife Officers|Veterinary Kits,77,RESOLVED,SENSOR
INC-2024-1173,2024-02-29T03:09:18.547Z,Colombo,WET,High Winds/Cyclone,3,3033,0,,79,RESOLVED,OFFICER
INC-2025-1174,2025-07-04T11:19:45.318Z,Colombo,WET,Flood,1,632,0,Dry Rations|Medical Kits,67,RESOLVED,CITIZEN
INC-2026-1175,2026-03-06T05:02:25.339Z,Kilinochchi,EAST_NORTH,Drought,3,123549,0,Water Bowsers|Dry Rations,2313,RESOLVED,CITIZEN
INC-2022-1176,2022-03-04T03:06:37.235Z,Colombo,WET,Flood,2,1212,0,Dry Rations|Medical Kits,25,RESOLVED,OFFICER
INC-2021-1177,2021-06-01T21:42:45.499Z,Polonnaruwa,DRY,Flood,2,5284,0,Dry Rations|Medical Kits,61,RESOLVED,CITIZEN
INC-2025-1178,2025-12-08T03:23:23.817Z,Puttalam,DRY,Flood,1,372,0,Dry Rations|Medical Kits,108,RESOLVED,OFFICER
INC-2022-1179,2022-06-25T16:04:43.735Z,Colombo,WET,Flood,4,4480,0,Boats|Rescue Teams|Dry Rations|Medical Kits,38,RESOLVED,OFFICER
INC-2019-1180,2019-12-04T06:44:03.730Z,Ampara,EAST_NORTH,Flood,1,1756,0,Dry Rations|Medical Kits,64,RESOLVED,CITIZEN
INC-2023-1181,2023-09-18T07:49:22.739Z,Nuwara Eliya,HILL,Landslide,1,438,0,Dry Rations|Medical Kits,101,RESOLVED,CITIZEN
INC-2024-1182,2024-05-16T14:40:08.612Z,Nuwara Eliya,HILL,Flood,3,7839,0,Boats|Rescue Teams|Dry Rations|Medical Kits,53,RESOLVED,CITIZEN
INC-2024-1183,2024-06-19T04:00:03.390Z,Kalutara,WET,Flood,2,7508,0,Dry Rations|Medical Kits,39,RESOLVED,CITIZEN
INC-2023-1184,2023-03-11T09:29:29.931Z,Kalutara,WET,Animal Attack,1,9,0,Wildlife Officers|Veterinary Kits,42,RESOLVED,OFFICER
INC-2025-1185,2025-06-26T16:10:26.639Z,Mullaitivu,EAST_NORTH,Drought,2,57922,0,Water Bowsers|Dry Rations,3021,RESOLVED,OFFICER
INC-2020-1186,2020-12-24T06:16:07.841Z,Batticaloa,EAST_NORTH,High Winds/Cyclone,1,1107,0,,80,RESOLVED,SENSOR
INC-2019-1187,2019-10-10T20:56:52.679Z,Galle,WET,Flood,1,620,0,Dry Rations|Medical Kits,108,RESOLVED,SENSOR
INC-2019-1188,2019-08-31T04:38:54.429Z,Kilinochchi,EAST_NORTH,Forest Fire,5,115,0,Fire Trucks|Air Support,208,RESOLVED,SENSOR
INC-2025-1189,2025-03-13T19:26:02.169Z,Gampaha,WET,Animal Attack,2,6,2,Wildlife Officers|Veterinary Kits,52,RESOLVED,MEDIA
INC-2024-1190,2024-05-22T00:08:43.419Z,Puttalam,DRY,Animal Attack,1,5,0,Wildlife Officers|Veterinary Kits,30,RESOLVED,CITIZEN
INC-2020-1191,2020-11-08T17:16:26.965Z,Batticaloa,EAST_NORTH,Flood,2,2376,0,Dry Rations|Medical Kits,120,RESOLVED,CITIZEN
INC-2025-1192,2025-04-29T00:48:02.917Z,Matale,HILL,High Winds/Cyclone,4,27968,7,,64,RESOLVED,CITIZEN
INC-2018-1193,2018-09-29T15:24:42.052Z,Gampaha,WET,Flood,2,4216,0,Dry Rations|Medical Kits,101,RESOLVED,CITIZEN
INC-2023-1194,2023-09-23T02:29:39.840Z,Polonnaruwa,DRY,Forest Fire,1,56,0,Fire Trucks|Air Support,220,RESOLVED,CITIZEN
INC-2018-1195,2018-01-26T17:53:21.499Z,Puttalam,DRY,High Winds/Cyclone,2,2012,0,,108,RESOLVED,OFFICER
INC-2025-1196,2025-07-07T18:25:01.225Z,Kandy,HILL,Flood,2,2928,0,Dry Rations|Medical Kits,115,RESOLVED,OFFICER
INC-2020-1197,2020-01-31T18:27:27.752Z,Nuwara Eliya,HILL,Flood,2,6992,0,Dry Rations|Medical Kits,42,RESOLVED,MEDIA
INC-2018-1198,2018-12-31T06:30:53.198Z,Batticaloa,EAST_NORTH,Flood,4,16384,1,Boats|Rescue Teams|Dry Rations|Medical Kits,49,RESOLVED,OFFICER
INC-2018-1199,2018-04-02T05:43:45.426Z,Anuradhapura,DRY,Drought,1,10582,0,Water Bowsers|Dry Rations,1871,RESOLVED,CITIZEN
INC-2019-1200,2019-02-03T23:05:32.819Z,Ratnapura,HILL,Flood,3,15129,0,Boats|Rescue Teams|Dry Rations|Medical Kits,33,RESOLVED,SENSOR
INC-2018-1201,2018-07-09T07:33:39.988Z,Jaffna,EAST_NORTH,Flood,2,7636,0,Dry Rations|Medical Kits,118,RESOLVED,CITIZEN
INC-2021-1202,2021-03-15T15:55:16.512Z,Kegalle,HILL,Landslide,1,424,0,Dry Rations|Medical Kits,46,RESOLVED,CITIZEN
INC-2018-1203,2018-05-29T23:56:03.306Z,Gampaha,WET,Flood,3,7974,0,Boats|Rescue Teams|Dry Rations|Medical Kits,28,RESOLVED,CITIZEN
INC-2018-1204,2018-05-20T21:33:26.078Z,Gampaha,WET,Flood,3,10134,0,Boats|Rescue Teams|Dry Rations|Medical Kits,29,RESOLVED,SENSOR
INC-2018-1205,2018-11-13T03:17:46.221Z,Matale,HILL,Landslide,2,512,0,Dry Rations|Medical Kits,129,RESOLVED,SENSOR
INC-2023-1206,2023-04-08T21:58:24.400Z,Matale,HILL,Landslide,1,303,0,Dry Rations|Medical Kits,67,RESOLVED,SENSOR
INC-2024-1207,2024-10-26T16:11:46.441Z,Jaffna,EAST_NORTH,High Winds/Cyclone,2,2708,0,,70,RESOLVED,CITIZEN
INC-2018-1208,2018-06-12T06:51:06.218Z,Polonnaruwa,DRY,Drought,3,70464,0,Water Bowsers|Dry Rations,1664,RESOLVED,CITIZEN
INC-2022-1209,2022-12-29T23:42:54.243Z,Mullaitivu,EAST_NORTH,High Winds/Cyclone,2,2296,0,,52,RESOLVED,OFFICER
INC-2021-1210,2021-09-20T11:43:16.692Z,Batticaloa,EAST_NORTH,Animal Attack,1,2,0,Wildlife Officers|Veterinary Kits,76,RESOLVED,OFFICER
INC-2018-1211,2018-08-15T12:58:35.998Z,Gampaha,WET,Flood,2,952,0,Dry Rations|Medical Kits,95,RESOLVED,CITIZEN
INC-2025-1212,2025-05-08T13:02:10.835Z,Matara,WET,Flood,1,134,0,Dry Rations|Medical Kits,67,RESOLVED,OFFICER
INC-2022-1213,2022-03-20T23:20:14.641Z,Ratnapura,HILL,Landslide,1,198,0,Dry Rations|Medical Kits,142,RESOLVED,OFFICER
INC-2018-1214,2018-04-02T16:50:02.515Z,Batticaloa,EAST_NORTH,High Winds/Cyclone,3,6606,0,,17,RESOLVED,OFFICER
INC-2022-1215,2022-07-24T02:40:32.345Z,Nuwara Eliya,HILL,Flood,1,644,0,Dry Rations|Medical Kits,98,RESOLVED,CITIZEN
INC-2024-1216,2024-04-17T09:59:15.394Z,Mullaitivu,EAST_NORTH,Drought,3,139515,0,Water Bowsers|Dry Rations,3242,RESOLVED,OFFICER
INC-2018-1217,2018-10-20T06:19:05.617Z,Matara,WET,Flood,5,19425,3,Boats|Rescue Teams|Dry Rations|Medical Kits,72,RESOLVED,CITIZEN
INC-2024-1218,2024-08-15T11:29:19.712Z,Galle,WET,Flood,2,4108,0,Dry Rations|Medical Kits,95,RESOLVED,CITIZEN
INC-2019-1219,2019-11-10T17:19:26.372Z,Polonnaruwa,DRY,Flood,5,17500,8,Boats|Rescue Teams|Dry Rations|Medical Kits,30,RESOLVED,CITIZEN
INC-2022-1220,2022-08-05T14:28:52.028Z,Vavuniya,DRY,Drought,5,62275,0,Water Bowsers|Dry Rations,3661,RESOLVED,MEDIA
INC-2019-1221,2019-12-28T17:34:06.869Z,Nuwara Eliya,HILL,Landslide,2,804,0,Dry Rations|Medical Kits,168,RESOLVED,CITIZEN
INC-2022-1222,2022-11-27T18:24:21.977Z,Ratnapura,HILL,Flood,4,18256,0,Boats|Rescue Teams|Dry Rations|Medical Kits,103,RESOLVED,CITIZEN
INC-2026-1223,2026-02-05T21:47:48.232Z,Kandy,HILL,Flood,5,13225,4,Boats|Rescue Teams|Dry Rations|Medical Kits,99,RESOLVED,OFFICER
INC-2021-1224,2021-01-23T11:33:02.290Z,Mullaitivu,EAST_NORTH,High Winds/Cyclone,1,268,0,,79,RESOLVED,CITIZEN
INC-2023-1225,2023-02-12T20:39:13.220Z,Vavuniya,DRY,Flood,3,15201,0,Boats|Rescue Teams|Dry Rations|Medical Kits,62,RESOLVED,SENSOR
INC-2020-1226,2020-06-24T04:30:00.538Z,Matara,WET,Flood,2,2192,0,Dry Rations|Medical Kits,52,RESOLVED,CITIZEN
INC-2019-1227,2019-11-15T07:45:58.149Z,Polonnaruwa,DRY,Flood,1,936,0,Dry Rations|Medical Kits,86,RESOLVED,OFFICER
INC-2024-1228,2024-05-04T01:02:15.297Z,Ratnapura,HILL,Landslide,3,123,7,Boats|Rescue Teams|Dry Rations|Medical Kits,95,RESOLVED,CITIZEN
INC-2023-1229,2023-06-23T14:14:15.139Z,Badulla,HILL,Flood,3,14976,0,Boats|Rescue Teams|Dry Rations|Medical Kits,117,RESOLVED,CITIZEN
INC-2018-1230,2018-11-16T07:39:20.705Z,Ratnapura,HILL,Animal Attack,1,4,1,Wildlife Officers|Veterinary Kits,75,RESOLVED,CITIZEN
INC-2019-1231,2019-06-17T15:13:40.601Z,Mannar,DRY,Flood,1,1493,0,Dry Rations|Medical Kits,119,RESOLVED,OFFICER
INC-2022-1232,2022-04-24T20:00:29.296Z,Batticaloa,EAST_NORTH,High Winds/Cyclone,1,200,0,,41,RESOLVED,SENSOR
INC-2018-1233,2018-07-27T01:43:28.731Z,Monaragala,DRY,Animal Attack,1,8,2,Wildlife Officers|Veterinary Kits,86,RESOLVED,SENSOR
INC-2026-1234,2026-03-15T03:38:26.139Z,Nuwara Eliya,HILL,Landslide,2,152,0,Dry Rations|Medical Kits,140,RESOLVED,CITIZEN
INC-2025-1235,2025-07-09T00:55:18.407Z,Galle,WET,Flood,3,6129,0,Boats|Rescue Teams|Dry Rations|Medical Kits,59,RESOLVED,CITIZEN
INC-2023-1236,2023-12-02T10:51:37.901Z,Gampaha,WET,Flood,3,17604,0,Boats|Rescue Teams|Dry Rations|Medical Kits,22,RESOLVED,OFFICER
INC-2024-1237,2024-10-16T16:10:40.829Z,Galle,WET,Flood,3,459,0,Boats|Rescue Teams|Dry Rations|Medical Kits,109,RESOLVED,OFFICER
INC-2024-1238,2024-11-22T19:35:42.604Z,Kalutara,WET,Animal Attack,2,5,0,Wildlife Officers|Veterinary Kits,67,RESOLVED,SENSOR
INC-2026-1239,2026-03-29T22:34:49.895Z,Ratnapura,HILL,Landslide,1,301,0,Dry Rations|Medical Kits,37,RESOLVED,CITIZEN
INC-2021-1240,2021-09-11T21:59:10.835Z,Kilinochchi,EAST_NORTH,Drought,5,104935,0,Water Bowsers|Dry Rations,2133,RESOLVED,CITIZEN
INC-2019-1241,2019-10-05T17:23:27.944Z,Nuwara Eliya,HILL,Flood,2,408,0,Dry Rations|Medical Kits,112,RESOLVED,OFFICER
INC-2022-1242,2022-09-15T17:16:17.707Z,Gampaha,WET,High Winds/Cyclone,1,1432,0,,74,RESOLVED,CITIZEN
INC-2022-1243,2022-06-04T08:25:00.239Z,Galle,WET,Flood,4,3168,4,Boats|Rescue Teams|Dry Rations|Medical Kits,17,RESOLVED,CITIZEN
INC-2026-1244,2026-01-12T08:27:05.271Z,Matale,HILL,Flood,1,1249,0,Dry Rations|Medical Kits,38,RESOLVED,SENSOR
INC-2022-1245,2022-02-07T01:59:36.242Z,Kurunegala,DRY,Flood,3,14544,0,Boats|Rescue Teams|Dry Rations|Medical Kits,104,RESOLVED,OFFICER
INC-2023-1246,2023-04-24T22:13:46.368Z,Nuwara Eliya,HILL,Animal Attack,1,1,2,Wildlife Officers|Veterinary Kits,55,RESOLVED,CITIZEN
INC-2025-1247,2025-06-03T19:46:26.804Z,Colombo,WET,Flood,3,13410,0,Boats|Rescue Teams|Dry Rations|Medical Kits,94,RESOLVED,OFFICER
INC-2018-1248,2018-06-22T06:37:10.053Z,Vavuniya,DRY,Drought,1,38399,0,Water Bowsers|Dry Rations,4233,RESOLVED,CITIZEN
INC-2025-1249,2025-12-23T01:51:41.599Z,Badulla,HILL,Flood,2,7096,0,Dry Rations|Medical Kits,104,RESOLVED,SENSOR
INC-2025-1250,2025-02-07T22:41:37.483Z,Batticaloa,EAST_NORTH,Animal Attack,1,3,0,Wildlife Officers|Veterinary Kits,39,RESOLVED,OFFICER
INC-2023-1251,2023-09-20T17:35:35.727Z,Anuradhapura,DRY,Drought,2,36882,0,Water Bowsers|Dry Rations,2297,RESOLVED,OFFICER
INC-2018-1252,2018-08-03T11:14:47.135Z,Matara,WET,Flood,4,30384,6,Boats|Rescue Teams|Dry Rations|Medical Kits,30,RESOLVED,CITIZEN
INC-2019-1253,2019-03-09T15:49:18.252Z,Kandy,HILL,Flood,3,11007,0,Boats|Rescue Teams|Dry Rations|Medical Kits,118,RESOLVED,CITIZEN
INC-2019-1254,2019-09-09T07:53:52.370Z,Kalutara,WET,Flood,1,1323,0,Dry Rations|Medical Kits,22,RESOLVED,CITIZEN
INC-2023-1255,2023-02-05T23:09:25.729Z,Gampaha,WET,Flood,1,470,0,Dry Rations|Medical Kits,75,RESOLVED,CITIZEN
INC-2026-1256,2026-04-28T22:20:18.769Z,Colombo,WET,Flood,1,1687,0,Dry Rations|Medical Kits,69,RESOLVED,CITIZEN
INC-2018-1257,2018-08-27T19:36:33.097Z,Puttalam,DRY,Drought,2,43406,0,Water Bowsers|Dry Rations,3247,RESOLVED,OFFICER
INC-2020-1258,2020-07-20T05:22:03.762Z,Gampaha,WET,Flood,2,4300,0,Dry Rations|Medical Kits,16,RESOLVED,CITIZEN
INC-2026-1259,2026-02-03T00:50:37.876Z,Badulla,HILL,Flood,3,15705,0,Boats|Rescue Teams|Dry Rations|Medical Kits,96,RESOLVED,CITIZEN
INC-2018-1260,2018-06-08T06:29:30.516Z,Puttalam,DRY,Drought,1,17189,0,Water Bowsers|Dry Rations,1532,RESOLVED,CITIZEN
INC-2022-1261,2022-01-20T02:32:55.377Z,Kandy,HILL,Forest Fire,1,48,0,Fire Trucks|Air Support,189,RESOLVED,OFFICER
INC-2019-1262,2019-10-18T03:10:53.385Z,Galle,WET,Flood,1,1749,0,Dry Rations|Medical Kits,111,RESOLVED,CITIZEN
INC-2020-1263,2020-08-29T13:24:37.500Z,Jaffna,EAST_NORTH,Drought,2,40912,0,Water Bowsers|Dry Rations,1443,RESOLVED,CITIZEN
INC-2023-1264,2023-12-31T06:51:28.723Z,Gampaha,WET,Flood,2,2012,0,Dry Rations|Medical Kits,33,RESOLVED,OFFICER
INC-2021-1265,2021-07-31T04:40:10.068Z,Kurunegala,DRY,Animal Attack,2,5,0,Wildlife Officers|Veterinary Kits,75,RESOLVED,OFFICER
INC-2024-1266,2024-10-29T07:47:55.774Z,Mullaitivu,EAST_NORTH,Flood,5,18850,5,Boats|Rescue Teams|Dry Rations|Medical Kits,58,RESOLVED,CITIZEN
INC-2021-1267,2021-06-22T15:59:36.236Z,Kalutara,WET,Flood,1,144,0,Dry Rations|Medical Kits,65,RESOLVED,CITIZEN
INC-2025-1268,2025-06-09T05:20:25.086Z,Hambantota,DRY,Drought,1,25894,0,Water Bowsers|Dry Rations,2091,RESOLVED,SENSOR
INC-2018-1269,2018-08-18T06:31:17.949Z,Matale,HILL,Landslide,1,42,0,Dry Rations|Medical Kits,144,RESOLVED,CITIZEN
INC-2018-1270,2018-09-21T03:45:15.737Z,Badulla,HILL,Landslide,3,372,5,Boats|Rescue Teams|Dry Rations|Medical Kits,90,RESOLVED,OFFICER
INC-2024-1271,2024-01-16T15:22:38.602Z,Colombo,WET,Flood,2,6892,0,Dry Rations|Medical Kits,64,RESOLVED,OFFICER
INC-2024-1272,2024-09-24T08:08:57.220Z,Mannar,DRY,Drought,3,129969,0,Water Bowsers|Dry Rations,1925,RESOLVED,CITIZEN
INC-2025-1273,2025-12-14T17:53:45.583Z,Nuwara Eliya,HILL,Landslide,1,492,0,Dry Rations|Medical Kits,81,RESOLVED,SENSOR
INC-2025-1274,2025-02-21T06:37:37.577Z,Mannar,DRY,Flood,2,1000,0,Dry Rations|Medical Kits,64,RESOLVED,OFFICER
INC-2021-1275,2021-10-17T21:16:10.275Z,Badulla,HILL,High Winds/Cyclone,3,5256,0,,23,RESOLVED,CITIZEN
INC-2021-1276,2021-11-29T15:41:58.912Z,Matara,WET,High Winds/Cyclone,5,39900,7,,81,RESOLVED,CITIZEN
INC-2025-1277,2025-06-20T05:17:14.921Z,Hambantota,DRY,Flood,1,1829,0,Dry Rations|Medical Kits,92,RESOLVED,OFFICER
INC-2026-1278,2026-02-19T20:27:39.606Z,Gampaha,WET,Animal Attack,2,10,2,Wildlife Officers|Veterinary Kits,76,RESOLVED,SENSOR
INC-2019-1279,2019-06-24T13:09:54.038Z,Colombo,WET,Landslide,2,462,0,Dry Rations|Medical Kits,167,RESOLVED,CITIZEN
INC-2025-1280,2025-07-29T13:02:47.409Z,Galle,WET,Flood,3,17667,0,Boats|Rescue Teams|Dry Rations|Medical Kits,27,RESOLVED,CITIZEN
INC-2023-1281,2023-07-17T07:07:58.879Z,Colombo,WET,Flood,4,5808,3,Boats|Rescue Teams|Dry Rations|Medical Kits,87,RESOLVED,CITIZEN
INC-2023-1282,2023-05-24T23:12:53.997Z,Matale,HILL,Landslide,2,278,0,Dry Rations|Medical Kits,92,RESOLVED,OFFICER
INC-2022-1283,2022-11-11T06:33:09.806Z,Puttalam,DRY,Drought,2,51734,0,Water Bowsers|Dry Rations,4087,RESOLVED,CITIZEN
INC-2021-1284,2021-04-22T11:58:58.901Z,Matara,WET,Flood,3,14553,0,Boats|Rescue Teams|Dry Rations|Medical Kits,59,RESOLVED,CITIZEN
INC-2022-1285,2022-02-18T03:30:47.802Z,Mannar,DRY,High Winds/Cyclone,3,828,0,,21,RESOLVED,OFFICER
INC-2024-1286,2024-04-17T06:08:03.207Z,Galle,WET,Flood,3,13347,0,Boats|Rescue Teams|Dry Rations|Medical Kits,51,RESOLVED,CITIZEN
INC-2023-1287,2023-06-26T12:37:26.284Z,Hambantota,DRY,Flood,1,805,0,Dry Rations|Medical Kits,73,RESOLVED,OFFICER
INC-2022-1288,2022-05-27T03:19:57.414Z,Gampaha,WET,Flood,4,12624,7,Boats|Rescue Teams|Dry Rations|Medical Kits,105,RESOLVED,OFFICER
INC-2020-1289,2020-10-06T17:41:38.322Z,Matara,WET,Flood,5,47125,5,Boats|Rescue Teams|Dry Rations|Medical Kits,117,RESOLVED,CITIZEN
INC-2024-1290,2024-10-26T22:36:27.558Z,Vavuniya,DRY,Drought,1,28822,0,Water Bowsers|Dry Rations,3213,RESOLVED,SENSOR
INC-2025-1291,2025-01-17T14:40:37.734Z,Kurunegala,DRY,Flood,2,1852,0,Dry Rations|Medical Kits,67,RESOLVED,OFFICER
INC-2023-1292,2023-06-23T16:49:05.698Z,Nuwara Eliya,HILL,Flood,1,1053,0,Dry Rations|Medical Kits,113,RESOLVED,OFFICER
INC-2020-1293,2020-10-25T23:35:01.644Z,Nuwara Eliya,HILL,Flood,3,13023,0,Boats|Rescue Teams|Dry Rations|Medical Kits,83,RESOLVED,OFFICER
INC-2026-1294,2026-02-20T05:04:36.298Z,Kegalle,HILL,Landslide,4,1040,9,Boats|Rescue Teams|Dry Rations|Medical Kits,148,RESOLVED,CITIZEN
INC-2018-1295,2018-04-24T15:57:26.983Z,Gampaha,WET,Flood,3,12681,0,Boats|Rescue Teams|Dry Rations|Medical Kits,97,RESOLVED,OFFICER
INC-2024-1296,2024-04-13T14:51:01.894Z,Gampaha,WET,Flood,2,1296,0,Dry Rations|Medical Kits,108,RESOLVED,SENSOR
INC-2023-1297,2023-03-20T03:31:26.044Z,Ratnapura,HILL,Flood,4,27248,4,Boats|Rescue Teams|Dry Rations|Medical Kits,102,RESOLVED,CITIZEN
INC-2021-1298,2021-11-22T09:48:47.717Z,Kegalle,HILL,Forest Fire,4,312,0,Fire Trucks|Air Support,133,RESOLVED,CITIZEN
INC-2020-1299,2020-04-25T14:43:50.927Z,Colombo,WET,Flood,4,13232,2,Boats|Rescue Teams|Dry Rations|Medical Kits,15,RESOLVED,CITIZEN
INC-2021-1300,2021-06-18T00:28:11.486Z,Colombo,WET,Flood,3,11817,0,Boats|Rescue Teams|Dry Rations|Medical Kits,50,RESOLVED,OFFICER
INC-2022-1301,2022-10-22T03:55:50.718Z,Kalutara,WET,Flood,1,468,0,Dry Rations|Medical Kits,32,RESOLVED,CITIZEN
INC-2018-1302,2018-12-25T03:19:07.538Z,Kalutara,WET,High Winds/Cyclone,1,120,0,,81,RESOLVED,OFFICER
INC-2023-1303,2023-02-12T21:29:42.976Z,Badulla,HILL,Landslide,2,24,0,Dry Rations|Medical Kits,66,RESOLVED,SENSOR
INC-2019-1304,2019-11-12T15:02:52.678Z,Kegalle,HILL,Animal Attack,1,1,0,Wildlife Officers|Veterinary Kits,52,RESOLVED,CITIZEN
INC-2026-1305,2026-04-22T07:01:01.170Z,Gampaha,WET,High Winds/Cyclone,4,3536,5,,15,RESOLVED,CITIZEN
INC-2025-1306,2025-02-07T02:07:19.917Z,Trincomalee,EAST_NORTH,Flood,1,1196,0,Dry Rations|Medical Kits,102,RESOLVED,CITIZEN
INC-2023-1307,2023-03-10T21:29:56.913Z,Vavuniya,DRY,Flood,1,645,0,Dry Rations|Medical Kits,98,RESOLVED,CITIZEN
INC-2025-1308,2025-05-06T18:32:44.679Z,Nuwara Eliya,HILL,Landslide,1,409,0,Dry Rations|Medical Kits,144,RESOLVED,SENSOR
INC-2020-1309,2020-09-06T09:02:11.986Z,Polonnaruwa,DRY,Animal Attack,1,9,0,Wildlife Officers|Veterinary Kits,51,RESOLVED,CITIZEN
INC-2018-1310,2018-07-23T01:51:10.792Z,Puttalam,DRY,Animal Attack,1,3,0,Wildlife Officers|Veterinary Kits,84,RESOLVED,CITIZEN
INC-2021-1311,2021-04-08T15:07:42.747Z,Colombo,WET,High Winds/Cyclone,3,6417,0,,26,RESOLVED,OFFICER
INC-2023-1312,2023-11-13T12:43:42.877Z,Kegalle,HILL,Landslide,4,220,18,Boats|Rescue Teams|Dry Rations|Medical Kits,63,RESOLVED,OFFICER
INC-2026-1313,2026-02-12T00:54:37.118Z,Ratnapura,HILL,Landslide,2,190,0,Dry Rations|Medical Kits,134,RESOLVED,CITIZEN
INC-2025-1314,2025-09-26T06:09:33.676Z,Galle,WET,Flood,4,18416,2,Boats|Rescue Teams|Dry Rations|Medical Kits,17,RESOLVED,CITIZEN
INC-2023-1315,2023-02-17T05:07:46.324Z,Polonnaruwa,DRY,Flood,1,621,0,Dry Rations|Medical Kits,43,RESOLVED,CITIZEN
INC-2021-1316,2021-11-19T23:24:07.536Z,Monaragala,DRY,Animal Attack,1,9,2,Wildlife Officers|Veterinary Kits,83,RESOLVED,MEDIA
INC-2025-1317,2025-12-30T15:51:19.520Z,Galle,WET,Animal Attack,2,6,0,Wildlife Officers|Veterinary Kits,63,RESOLVED,SENSOR
INC-2025-1318,2025-02-09T00:34:12.755Z,Colombo,WET,High Winds/Cyclone,3,13239,0,,41,RESOLVED,CITIZEN
INC-2021-1319,2021-10-29T00:18:55.115Z,Anuradhapura,DRY,Drought,3,149667,0,Water Bowsers|Dry Rations,1967,RESOLVED,CITIZEN
INC-2021-1320,2021-12-27T23:56:19.843Z,Mannar,DRY,Flood,2,5024,0,Dry Rations|Medical Kits,87,RESOLVED,CITIZEN
INC-2022-1321,2022-03-03T15:31:46.605Z,Ampara,EAST_NORTH,Flood,1,972,0,Dry Rations|Medical Kits,17,RESOLVED,CITIZEN
INC-2020-1322,2020-06-10T10:10:30.599Z,Mannar,DRY,Animal Attack,1,3,1,Wildlife Officers|Veterinary Kits,45,RESOLVED,OFFICER
INC-2026-1323,2026-05-09T20:39:30.081Z,Badulla,HILL,High Winds/Cyclone,1,249,0,,65,RESOLVED,CITIZEN
INC-2021-1324,2021-01-25T11:55:24.393Z,Nuwara Eliya,HILL,Animal Attack,1,2,1,Wildlife Officers|Veterinary Kits,89,RESOLVED,CITIZEN
INC-2020-1325,2020-05-16T08:23:50.207Z,Galle,WET,Flood,3,12015,0,Boats|Rescue Teams|Dry Rations|Medical Kits,116,RESOLVED,CITIZEN
INC-2019-1326,2019-07-08T11:55:34.453Z,Galle,WET,Flood,5,16175,1,Boats|Rescue Teams|Dry Rations|Medical Kits,72,RESOLVED,CITIZEN
INC-2019-1327,2019-01-17T17:02:00.662Z,Ratnapura,HILL,Landslide,1,381,0,Dry Rations|Medical Kits,79,RESOLVED,SENSOR
INC-2022-1328,2022-08-22T00:44:35.400Z,Galle,WET,Landslide,2,736,0,Dry Rations|Medical Kits,59,RESOLVED,CITIZEN
INC-2023-1329,2023-08-14T04:27:33.469Z,Mannar,DRY,Drought,4,192648,0,Water Bowsers|Dry Rations,3986,RESOLVED,CITIZEN
INC-2022-1330,2022-12-17T16:28:20.817Z,Kalutara,WET,Flood,2,7068,0,Dry Rations|Medical Kits,108,RESOLVED,CITIZEN
INC-2019-1331,2019-12-23T19:29:29.139Z,Galle,WET,Landslide,3,1038,0,Boats|Rescue Teams|Dry Rations|Medical Kits,135,RESOLVED,CITIZEN
INC-2022-1332,2022-06-21T03:20:25.288Z,Batticaloa,EAST_NORTH,Drought,4,130604,0,Water Bowsers|Dry Rations,2162,RESOLVED,CITIZEN
INC-2023-1333,2023-07-18T11:43:58.844Z,Mullaitivu,EAST_NORTH,Forest Fire,3,276,0,Fire Trucks|Air Support,181,RESOLVED,CITIZEN
INC-2018-1334,2018-06-18T06:18:36.889Z,Vavuniya,DRY,Animal Attack,1,10,2,Wildlife Officers|Veterinary Kits,82,RESOLVED,OFFICER
INC-2020-1335,2020-06-19T14:24:20.808Z,Matara,WET,Flood,3,11367,0,Boats|Rescue Teams|Dry Rations|Medical Kits,95,RESOLVED,OFFICER
INC-2023-1336,2023-12-07T10:47:13.399Z,Hambantota,DRY,Flood,2,700,0,Dry Rations|Medical Kits,56,RESOLVED,CITIZEN
INC-2026-1337,2026-04-02T07:21:54.344Z,Gampaha,WET,High Winds/Cyclone,1,203,0,,87,RESOLVED,MEDIA
INC-2021-1338,2021-07-02T23:25:37.063Z,Badulla,HILL,Flood,2,4408,0,Dry Rations|Medical Kits,62,RESOLVED,OFFICER
INC-2020-1339,2020-11-06T12:37:04.845Z,Vavuniya,DRY,Forest Fire,3,108,0,Fire Trucks|Air Support,133,RESOLVED,OFFICER
INC-2021-1340,2021-04-12T14:12:16.179Z,Nuwara Eliya,HILL,Landslide,3,1275,11,Boats|Rescue Teams|Dry Rations|Medical Kits,106,RESOLVED,SENSOR
INC-2026-1341,2026-03-09T20:30:55.599Z,Matara,WET,Animal Attack,1,8,0,Wildlife Officers|Veterinary Kits,51,RESOLVED,CITIZEN
INC-2022-1342,2022-06-15T21:20:01.898Z,Puttalam,DRY,High Winds/Cyclone,1,1066,0,,53,RESOLVED,SENSOR
INC-2024-1343,2024-05-03T20:23:42.384Z,Ampara,EAST_NORTH,Drought,1,34192,0,Water Bowsers|Dry Rations,3879,RESOLVED,OFFICER
INC-2025-1344,2025-12-29T15:16:23.641Z,Kandy,HILL,Flood,3,14292,0,Boats|Rescue Teams|Dry Rations|Medical Kits,29,RESOLVED,CITIZEN
INC-2022-1345,2022-05-17T17:18:06.454Z,Kurunegala,DRY,Drought,3,76164,0,Water Bowsers|Dry Rations,2954,RESOLVED,CITIZEN
INC-2020-1346,2020-05-15T14:30:58.021Z,Kegalle,HILL,Landslide,2,424,0,Dry Rations|Medical Kits,168,RESOLVED,OFFICER
INC-2021-1347,2021-09-23T06:51:47.981Z,Mullaitivu,EAST_NORTH,Drought,3,61062,0,Water Bowsers|Dry Rations,1491,RESOLVED,CITIZEN
INC-2019-1348,2019-07-22T04:30:28.608Z,Jaffna,EAST_NORTH,Animal Attack,1,4,0,Wildlife Officers|Veterinary Kits,77,RESOLVED,CITIZEN
INC-2024-1349,2024-11-06T13:09:39.360Z,Kandy,HILL,Landslide,1,139,0,Dry Rations|Medical Kits,106,RESOLVED,OFFICER
INC-2024-1350,2024-06-08T16:40:48.000Z,Polonnaruwa,DRY,High Winds/Cyclone,2,1192,0,,42,RESOLVED,SENSOR
INC-2020-1351,2020-01-23T01:10:00.213Z,Kilinochchi,EAST_NORTH,High Winds/Cyclone,1,893,0,,58,RESOLVED,CITIZEN
INC-2018-1352,2018-02-02T16:32:11.732Z,Kandy,HILL,High Winds/Cyclone,3,1278,0,,67,RESOLVED,CITIZEN
INC-2025-1353,2025-05-10T05:41:51.531Z,Colombo,WET,Flood,2,4276,0,Dry Rations|Medical Kits,86,RESOLVED,OFFICER
INC-2025-1354,2025-01-16T00:24:31.940Z,Kalutara,WET,Flood,2,6696,0,Dry Rations|Medical Kits,21,RESOLVED,SENSOR
INC-2021-1355,2021-05-28T22:59:35.197Z,Matale,HILL,Landslide,2,720,0,Dry Rations|Medical Kits,67,RESOLVED,CITIZEN
INC-2025-1356,2025-08-04T16:23:54.708Z,Galle,WET,Flood,2,3092,0,Dry Rations|Medical Kits,77,RESOLVED,CITIZEN
INC-2025-1357,2025-02-01T11:54:37.900Z,Kegalle,HILL,Landslide,5,2280,0,Boats|Rescue Teams|Dry Rations|Medical Kits,92,RESOLVED,CITIZEN
INC-2024-1358,2024-04-25T18:18:33.841Z,Nuwara Eliya,HILL,Forest Fire,1,38,0,Fire Trucks|Air Support,77,RESOLVED,SENSOR
INC-2019-1359,2019-12-09T15:39:34.295Z,Matara,WET,Flood,1,140,0,Dry Rations|Medical Kits,41,RESOLVED,SENSOR
INC-2020-1360,2020-05-07T02:35:30.438Z,Kalutara,WET,Landslide,2,164,0,Dry Rations|Medical Kits,101,RESOLVED,CITIZEN
INC-2020-1361,2020-09-03T04:06:04.654Z,Mannar,DRY,Animal Attack,1,10,0,Wildlife Officers|Veterinary Kits,89,RESOLVED,SENSOR
INC-2022-1362,2022-10-30T22:51:42.675Z,Badulla,HILL,Animal Attack,1,5,0,Wildlife Officers|Veterinary Kits,51,RESOLVED,CITIZEN
INC-2024-1363,2024-01-24T03:53:13.938Z,Gampaha,WET,Landslide,2,82,0,Dry Rations|Medical Kits,88,RESOLVED,CITIZEN
INC-2020-1364,2020-05-21T19:42:03.392Z,Hambantota,DRY,Drought,1,15058,0,Water Bowsers|Dry Rations,3745,RESOLVED,MEDIA
INC-2025-1365,2025-12-26T00:41:52.347Z,Anuradhapura,DRY,High Winds/Cyclone,1,1299,0,,52,RESOLVED,CITIZEN
INC-2021-1366,2021-03-10T20:25:23.192Z,Badulla,HILL,Forest Fire,5,275,0,Fire Trucks|Air Support,57,RESOLVED,CITIZEN
INC-2022-1367,2022-08-15T22:07:58.005Z,Colombo,WET,Flood,4,27440,6,Boats|Rescue Teams|Dry Rations|Medical Kits,82,RESOLVED,OFFICER
INC-2023-1368,2023-11-30T10:17:46.172Z,Colombo,WET,High Winds/Cyclone,2,4852,0,,83,RESOLVED,SENSOR
INC-2018-1369,2018-04-21T15:57:23.867Z,Matara,WET,Flood,1,1595,0,Dry Rations|Medical Kits,35,RESOLVED,CITIZEN
INC-2019-1370,2019-01-01T06:12:03.528Z,Kalutara,WET,Flood,2,1168,0,Dry Rations|Medical Kits,96,RESOLVED,CITIZEN
INC-2021-1371,2021-03-04T23:21:51.889Z,Badulla,HILL,High Winds/Cyclone,1,597,0,,120,RESOLVED,SENSOR
INC-2025-1372,2025-04-01T02:57:46.334Z,Batticaloa,EAST_NORTH,Drought,1,47335,0,Water Bowsers|Dry Rations,3338,RESOLVED,CITIZEN
INC-2020-1373,2020-07-01T04:56:55.559Z,Colombo,WET,Flood,4,4160,0,Boats|Rescue Teams|Dry Rations|Medical Kits,26,RESOLVED,CITIZEN
INC-2020-1374,2020-12-06T03:03:14.877Z,Galle,WET,Flood,3,3339,0,Boats|Rescue Teams|Dry Rations|Medical Kits,84,RESOLVED,CITIZEN
INC-2018-1375,2018-11-22T14:28:31.128Z,Colombo,WET,High Winds/Cyclone,4,10400,3,,92,RESOLVED,CITIZEN
INC-2023-1376,2023-05-22T10:20:43.658Z,Puttalam,DRY,Drought,1,33160,0,Water Bowsers|Dry Rations,2247,RESOLVED,CITIZEN
INC-2021-1377,2021-07-26T11:33:58.618Z,Colombo,WET,High Winds/Cyclone,2,5084,0,,78,RESOLVED,CITIZEN
INC-2025-1378,2025-08-02T20:28:18.958Z,Badulla,HILL,Landslide,2,276,0,Dry Rations|Medical Kits,139,RESOLVED,OFFICER
INC-2024-1379,2024-08-27T04:18:48.314Z,Monaragala,DRY,Animal Attack,1,8,1,Wildlife Officers|Veterinary Kits,63,RESOLVED,SENSOR
INC-2025-1380,2025-03-16T05:34:56.801Z,Matara,WET,High Winds/Cyclone,1,1638,0,,115,RESOLVED,SENSOR
INC-2018-1381,2018-12-18T02:44:26.573Z,Ratnapura,HILL,Landslide,1,259,0,Dry Rations|Medical Kits,66,RESOLVED,MEDIA
INC-2022-1382,2022-09-16T19:54:32.737Z,Matale,HILL,Landslide,2,490,0,Dry Rations|Medical Kits,34,RESOLVED,CITIZEN
INC-2021-1383,2021-12-03T06:07:50.542Z,Colombo,WET,High Winds/Cyclone,1,1172,0,,69,RESOLVED,CITIZEN
INC-2025-1384,2025-06-09T20:32:31.719Z,Gampaha,WET,Flood,3,6129,0,Boats|Rescue Teams|Dry Rations|Medical Kits,18,RESOLVED,OFFICER
INC-2023-1385,2023-05-10T13:02:08.214Z,Ratnapura,HILL,Flood,3,1395,0,Boats|Rescue Teams|Dry Rations|Medical Kits,99,RESOLVED,CITIZEN
INC-2020-1386,2020-03-03T19:26:25.853Z,Mannar,DRY,High Winds/Cyclone,3,8406,0,,114,RESOLVED,OFFICER
INC-2021-1387,2021-01-30T15:04:48.162Z,Matara,WET,Flood,3,10071,0,Boats|Rescue Teams|Dry Rations|Medical Kits,109,RESOLVED,CITIZEN
INC-2023-1388,2023-11-02T18:22:58.815Z,Monaragala,DRY,Drought,1,36260,0,Water Bowsers|Dry Rations,3896,RESOLVED,CITIZEN
INC-2021-1389,2021-05-18T22:38:56.763Z,Kalutara,WET,Landslide,3,894,10,Boats|Rescue Teams|Dry Rations|Medical Kits,134,RESOLVED,CITIZEN
INC-2024-1390,2024-07-28T02:15:51.596Z,Batticaloa,EAST_NORTH,Flood,3,6129,0,Boats|Rescue Teams|Dry Rations|Medical Kits,77,RESOLVED,SENSOR
INC-2023-1391,2023-07-20T17:12:30.800Z,Kurunegala,DRY,Drought,1,20811,0,Water Bowsers|Dry Rations,2649,RESOLVED,CITIZEN
INC-2026-1392,2026-04-08T11:25:30.598Z,Gampaha,WET,High Winds/Cyclone,2,3456,0,,45,RESOLVED,OFFICER
INC-2023-1393,2023-06-19T08:42:57.888Z,Mullaitivu,EAST_NORTH,Flood,3,2565,0,Boats|Rescue Teams|Dry Rations|Medical Kits,62,RESOLVED,OFFICER
INC-2020-1394,2020-03-21T21:22:36.205Z,Galle,WET,High Winds/Cyclone,1,1887,0,,83,RESOLVED,SENSOR
INC-2024-1395,2024-02-20T08:51:13.811Z,Galle,WET,Flood,1,432,0,Dry Rations|Medical Kits,18,RESOLVED,CITIZEN
INC-2025-1396,2025-07-01T23:03:52.109Z,Ampara,EAST_NORTH,Flood,1,724,0,Dry Rations|Medical Kits,68,RESOLVED,OFFICER
INC-2026-1397,2026-02-16T19:59:37.618Z,Jaffna,EAST_NORTH,Flood,2,7848,0,Dry Rations|Medical Kits,60,RESOLVED,CITIZEN
INC-2026-1398,2026-03-05T03:56:57.948Z,Galle,WET,Animal Attack,1,4,0,Wildlife Officers|Veterinary Kits,76,RESOLVED,OFFICER
INC-2019-1399,2019-06-23T14:07:00.431Z,Galle,WET,High Winds/Cyclone,3,9306,0,,90,RESOLVED,OFFICER
INC-2020-1400,2020-06-09T20:59:02.574Z,Colombo,WET,Flood,1,1331,0,Dry Rations|Medical Kits,74,RESOLVED,CITIZEN
INC-2025-1401,2025-07-16T07:07:47.525Z,Kegalle,HILL,Landslide,1,147,0,Dry Rations|Medical Kits,149,RESOLVED,OFFICER
INC-2024-1402,2024-06-20T18:41:40.892Z,Polonnaruwa,DRY,Drought,4,182220,0,Water Bowsers|Dry Rations,2873,RESOLVED,OFFICER
INC-2020-1403,2020-10-17T05:42:58.589Z,Matale,HILL,Flood,3,11718,0,Boats|Rescue Teams|Dry Rations|Medical Kits,51,RESOLVED,SENSOR
INC-2023-1404,2023-04-24T09:38:13.441Z,Ratnapura,HILL,Flood,2,764,0,Dry Rations|Medical Kits,74,RESOLVED,OFFICER
INC-2022-1405,2022-08-01T08:04:23.742Z,Anuradhapura,DRY,Drought,1,23348,0,Water Bowsers|Dry Rations,2223,RESOLVED,CITIZEN
INC-2023-1406,2023-06-19T22:44:15.482Z,Jaffna,EAST_NORTH,Drought,2,51012,0,Water Bowsers|Dry Rations,2679,RESOLVED,CITIZEN
INC-2025-1407,2025-01-08T06:15:25.779Z,Mullaitivu,EAST_NORTH,Flood,2,5712,0,Dry Rations|Medical Kits,112,RESOLVED,SENSOR
INC-2022-1408,2022-10-27T22:26:08.859Z,Batticaloa,EAST_NORTH,High Winds/Cyclone,3,9909,0,,91,RESOLVED,CITIZEN
INC-2019-1409,2019-05-07T07:58:57.859Z,Batticaloa,EAST_NORTH,High Winds/Cyclone,1,1995,0,,44,RESOLVED,SENSOR
INC-2020-1410,2020-03-24T10:15:50.309Z,Colombo,WET,High Winds/Cyclone,3,3186,0,,64,RESOLVED,CITIZEN
INC-2021-1411,2021-03-26T06:09:01.371Z,Matale,HILL,Flood,5,11225,3,Boats|Rescue Teams|Dry Rations|Medical Kits,117,RESOLVED,SENSOR
INC-2020-1412,2020-03-30T03:33:08.962Z,Matale,HILL,Flood,1,1702,0,Dry Rations|Medical Kits,68,RESOLVED,CITIZEN
INC-2019-1413,2019-02-03T14:01:01.218Z,Mullaitivu,EAST_NORTH,Animal Attack,1,4,0,Wildlife Officers|Veterinary Kits,69,RESOLVED,CITIZEN
INC-2023-1414,2023-12-12T01:56:59.916Z,Kurunegala,DRY,High Winds/Cyclone,2,7460,0,,72,RESOLVED,CITIZEN
INC-2023-1415,2023-12-28T10:42:38.822Z,Badulla,HILL,Animal Attack,2,6,2,Wildlife Officers|Veterinary Kits,62,RESOLVED,SENSOR
INC-2020-1416,2020-10-18T19:35:09.097Z,Monaragala,DRY,Flood,5,14750,7,Boats|Rescue Teams|Dry Rations|Medical Kits,50,RESOLVED,OFFICER
INC-2020-1417,2020-01-10T20:07:48.706Z,Kegalle,HILL,Landslide,4,1452,15,Boats|Rescue Teams|Dry Rations|Medical Kits,102,RESOLVED,CITIZEN
INC-2022-1418,2022-03-19T07:57:51.333Z,Kalutara,WET,Animal Attack,2,2,0,Wildlife Officers|Veterinary Kits,37,RESOLVED,OFFICER
INC-2018-1419,2018-11-21T09:32:00.746Z,Kandy,HILL,Flood,1,1003,0,Dry Rations|Medical Kits,112,RESOLVED,CITIZEN
INC-2020-1420,2019-12-31T21:59:45.893Z,Kilinochchi,EAST_NORTH,High Winds/Cyclone,4,8064,1,,110,RESOLVED,OFFICER
INC-2022-1421,2022-08-07T01:27:14.707Z,Trincomalee,EAST_NORTH,Drought,2,92736,0,Water Bowsers|Dry Rations,3943,RESOLVED,CITIZEN
INC-2021-1422,2021-03-05T03:11:02.302Z,Badulla,HILL,Flood,1,897,0,Dry Rations|Medical Kits,28,RESOLVED,OFFICER
INC-2025-1423,2025-05-22T04:40:41.410Z,Polonnaruwa,DRY,Flood,1,571,0,Dry Rations|Medical Kits,63,RESOLVED,CITIZEN
INC-2025-1424,2025-03-13T17:36:56.652Z,Galle,WET,Animal Attack,1,4,0,Wildlife Officers|Veterinary Kits,57,RESOLVED,SENSOR
INC-2022-1425,2022-04-05T13:49:55.306Z,Kalutara,WET,Flood,2,2040,0,Dry Rations|Medical Kits,35,RESOLVED,CITIZEN
INC-2024-1426,2024-12-14T04:45:50.457Z,Matale,HILL,High Winds/Cyclone,4,12896,0,,95,RESOLVED,SENSOR
INC-2026-1427,2026-02-09T17:36:21.554Z,Ratnapura,HILL,Forest Fire,1,66,0,Fire Trucks|Air Support,218,RESOLVED,CITIZEN
INC-2018-1428,2018-06-30T22:24:44.314Z,Matara,WET,Flood,4,28704,0,Boats|Rescue Teams|Dry Rations|Medical Kits,67,RESOLVED,OFFICER
INC-2019-1429,2019-01-22T21:47:32.090Z,Gampaha,WET,Flood,2,2580,0,Dry Rations|Medical Kits,47,RESOLVED,CITIZEN
INC-2023-1430,2023-11-27T15:42:10.239Z,Polonnaruwa,DRY,Flood,1,1056,0,Dry Rations|Medical Kits,17,RESOLVED,SENSOR
INC-2024-1431,2024-01-06T15:04:22.885Z,Hambantota,DRY,High Winds/Cyclone,2,4580,0,,115,RESOLVED,OFFICER
INC-2026-1432,2026-05-05T11:49:30.755Z,Matara,WET,Flood,1,1888,0,Dry Rations|Medical Kits,68,RESOLVED,SENSOR
INC-2023-1433,2023-07-03T13:08:03.808Z,Mannar,DRY,Animal Attack,1,10,2,Wildlife Officers|Veterinary Kits,57,RESOLVED,CITIZEN
INC-2019-1434,2019-07-19T16:19:04.672Z,Batticaloa,EAST_NORTH,Drought,5,188870,0,Water Bowsers|Dry Rations,3402,RESOLVED,CITIZEN
INC-2023-1435,2023-12-20T05:43:41.435Z,Jaffna,EAST_NORTH,Animal Attack,1,4,2,Wildlife Officers|Veterinary Kits,79,RESOLVED,CITIZEN
INC-2022-1436,2022-09-06T23:04:09.535Z,Hambantota,DRY,Flood,2,2124,0,Dry Rations|Medical Kits,56,RESOLVED,CITIZEN
INC-2022-1437,2022-01-30T07:38:22.375Z,Hambantota,DRY,Flood,1,1784,0,Dry Rations|Medical Kits,41,RESOLVED,OFFICER
INC-2023-1438,2023-08-14T04:43:02.246Z,Hambantota,DRY,Animal Attack,1,9,0,Wildlife Officers|Veterinary Kits,83,RESOLVED,CITIZEN
INC-2022-1439,2022-07-17T02:31:33.831Z,Ampara,EAST_NORTH,Forest Fire,1,77,0,Fire Trucks|Air Support,190,RESOLVED,CITIZEN
INC-2021-1440,2021-01-04T21:21:28.025Z,Matara,WET,Flood,1,538,0,Dry Rations|Medical Kits,119,RESOLVED,OFFICER
INC-2023-1441,2023-12-12T01:38:34.392Z,Matara,WET,High Winds/Cyclone,4,9696,1,,84,RESOLVED,CITIZEN
INC-2019-1442,2019-04-17T18:47:45.932Z,Galle,WET,Flood,2,4412,0,Dry Rations|Medical Kits,76,RESOLVED,OFFICER
INC-2020-1443,2020-01-09T19:29:46.308Z,Nuwara Eliya,HILL,Landslide,1,33,0,Dry Rations|Medical Kits,59,RESOLVED,CITIZEN
INC-2023-1444,2023-06-11T17:51:54.122Z,Ratnapura,HILL,Landslide,2,888,0,Dry Rations|Medical Kits,176,RESOLVED,CITIZEN
INC-2022-1445,2022-10-19T20:05:16.693Z,Matale,HILL,Flood,2,2116,0,Dry Rations|Medical Kits,101,RESOLVED,OFFICER
INC-2024-1446,2024-07-05T04:33:44.352Z,Vavuniya,DRY,Drought,4,136728,0,Water Bowsers|Dry Rations,3328,RESOLVED,SENSOR
INC-2020-1447,2020-07-17T03:47:37.623Z,Puttalam,DRY,Flood,4,28416,8,Boats|Rescue Teams|Dry Rations|Medical Kits,115,RESOLVED,OFFICER
INC-2018-1448,2018-02-13T21:36:13.392Z,Matara,WET,Animal Attack,1,10,1,Wildlife Officers|Veterinary Kits,55,RESOLVED,CITIZEN
INC-2020-1449,2020-09-24T13:28:33.022Z,Matara,WET,High Winds/Cyclone,3,1863,0,,81,RESOLVED,CITIZEN
INC-2025-1450,2025-07-11T18:26:46.798Z,Mannar,DRY,Drought,1,9534,0,Water Bowsers|Dry Rations,1939,RESOLVED,OFFICER
INC-2021-1451,2021-05-26T10:10:10.124Z,Galle,WET,Flood,1,299,0,Dry Rations|Medical Kits,47,RESOLVED,SENSOR
INC-2023-1452,2023-11-19T06:23:27.356Z,Puttalam,DRY,Animal Attack,1,4,1,Wildlife Officers|Veterinary Kits,52,RESOLVED,SENSOR
INC-2024-1453,2024-02-04T21:09:38.849Z,Ampara,EAST_NORTH,Flood,4,22976,1,Boats|Rescue Teams|Dry Rations|Medical Kits,84,RESOLVED,OFFICER
INC-2021-1454,2021-03-16T14:33:35.300Z,Ampara,EAST_NORTH,High Winds/Cyclone,4,7904,4,,62,RESOLVED,OFFICER
INC-2018-1455,2018-01-21T23:23:15.537Z,Mullaitivu,EAST_NORTH,Flood,3,11133,0,Boats|Rescue Teams|Dry Rations|Medical Kits,94,RESOLVED,CITIZEN
INC-2024-1456,2024-09-04T16:06:19.326Z,Kurunegala,DRY,Drought,3,38448,0,Water Bowsers|Dry Rations,3087,RESOLVED,OFFICER
INC-2023-1457,2023-03-09T04:48:52.659Z,Nuwara Eliya,HILL,Flood,3,11979,0,Boats|Rescue Teams|Dry Rations|Medical Kits,37,RESOLVED,CITIZEN
INC-2018-1458,2018-03-26T01:24:33.801Z,Galle,WET,Flood,2,2800,0,Dry Rations|Medical Kits,44,RESOLVED,MEDIA
INC-2023-1459,2023-05-22T01:35:04.000Z,Ratnapura,HILL,Landslide,2,922,0,Dry Rations|Medical Kits,35,RESOLVED,SENSOR
INC-2021-1460,2021-03-14T13:07:36.484Z,Mullaitivu,EAST_NORTH,Animal Attack,1,6,1,Wildlife Officers|Veterinary Kits,88,RESOLVED,CITIZEN
INC-2020-1461,2020-03-27T04:01:11.333Z,Galle,WET,Flood,1,1522,0,Dry Rations|Medical Kits,93,RESOLVED,CITIZEN
INC-2022-1462,2022-09-10T15:53:10.108Z,Gampaha,WET,Flood,2,2956,0,Dry Rations|Medical Kits,98,RESOLVED,CITIZEN
INC-2020-1463,2020-10-12T10:17:42.369Z,Gampaha,WET,High Winds/Cyclone,5,4500,10,,45,RESOLVED,OFFICER
INC-2024-1464,2024-12-04T03:04:51.159Z,Colombo,WET,Flood,3,6525,0,Boats|Rescue Teams|Dry Rations|Medical Kits,18,RESOLVED,CITIZEN
INC-2021-1465,2021-06-27T19:14:06.005Z,Ampara,EAST_NORTH,High Winds/Cyclone,4,29728,0,,104,RESOLVED,CITIZEN
INC-2024-1466,2024-10-15T12:58:26.810Z,Matara,WET,Flood,4,14416,4,Boats|Rescue Teams|Dry Rations|Medical Kits,120,RESOLVED,CITIZEN
INC-2023-1467,2023-12-09T23:39:21.365Z,Kalutara,WET,Flood,2,4732,0,Dry Rations|Medical Kits,50,RESOLVED,OFFICER
INC-2024-1468,2024-02-20T14:30:45.530Z,Ratnapura,HILL,Landslide,1,101,0,Dry Rations|Medical Kits,56,RESOLVED,SENSOR
INC-2021-1469,2021-12-29T04:15:56.064Z,Vavuniya,DRY,Flood,5,40775,7,Boats|Rescue Teams|Dry Rations|Medical Kits,39,RESOLVED,CITIZEN
INC-2025-1470,2025-04-17T01:48:44.218Z,Nuwara Eliya,HILL,Flood,1,114,0,Dry Rations|Medical Kits,67,RESOLVED,MEDIA
INC-2021-1471,2021-09-20T17:42:15.607Z,Kurunegala,DRY,Drought,3,25368,0,Water Bowsers|Dry Rations,4317,RESOLVED,OFFICER
INC-2020-1472,2020-10-18T10:16:53.292Z,Kalutara,WET,Flood,1,1885,0,Dry Rations|Medical Kits,96,RESOLVED,OFFICER
INC-2018-1473,2018-07-13T15:54:59.060Z,Ratnapura,HILL,Landslide,2,148,0,Dry Rations|Medical Kits,40,RESOLVED,SENSOR
INC-2018-1474,2018-10-18T13:07:09.454Z,Trincomalee,EAST_NORTH,Drought,1,5588,0,Water Bowsers|Dry Rations,2870,RESOLVED,OFFICER
INC-2023-1475,2023-12-07T06:18:00.641Z,Colombo,WET,High Winds/Cyclone,1,665,0,,116,RESOLVED,CITIZEN
INC-2021-1476,2021-09-02T08:39:37.249Z,Trincomalee,EAST_NORTH,Drought,2,35176,0,Water Bowsers|Dry Rations,1805,RESOLVED,CITIZEN
INC-2018-1477,2018-04-21T04:21:52.434Z,Monaragala,DRY,Flood,1,1172,0,Dry Rations|Medical Kits,33,RESOLVED,CITIZEN
INC-2024-1478,2024-04-07T15:45:48.784Z,Gampaha,WET,Animal Attack,2,8,0,Wildlife Officers|Veterinary Kits,51,RESOLVED,CITIZEN
INC-2018-1479,2018-08-09T00:54:10.480Z,Ratnapura,HILL,Flood,1,407,0,Dry Rations|Medical Kits,29,RESOLVED,SENSOR
INC-2025-1480,2025-11-01T03:11:45.569Z,Puttalam,DRY,Flood,3,6633,0,Boats|Rescue Teams|Dry Rations|Medical Kits,88,RESOLVED,SENSOR
INC-2025-1481,2025-10-29T23:16:12.555Z,Nuwara Eliya,HILL,Flood,2,1864,0,Dry Rations|Medical Kits,55,RESOLVED,OFFICER
INC-2020-1482,2020-05-30T06:32:18.951Z,Kegalle,HILL,Landslide,2,252,0,Dry Rations|Medical Kits,48,RESOLVED,CITIZEN
INC-2020-1483,2020-01-03T20:03:10.639Z,Anuradhapura,DRY,Flood,4,11408,0,Boats|Rescue Teams|Dry Rations|Medical Kits,110,RESOLVED,OFFICER
INC-2025-1484,2025-10-27T13:02:59.866Z,Colombo,WET,Flood,1,637,0,Dry Rations|Medical Kits,25,RESOLVED,SENSOR
INC-2022-1485,2022-05-28T01:21:45.793Z,Kandy,HILL,Landslide,1,363,0,Dry Rations|Medical Kits,154,RESOLVED,SENSOR
INC-2020-1486,2020-09-13T22:16:37.128Z,Colombo,WET,Flood,1,1779,0,Dry Rations|Medical Kits,31,RESOLVED,OFFICER
INC-2022-1487,2022-05-10T02:26:54.959Z,Colombo,WET,Flood,2,6720,0,Dry Rations|Medical Kits,38,RESOLVED,CITIZEN
INC-2020-1488,2020-04-18T06:58:09.849Z,Colombo,WET,Flood,1,1833,0,Dry Rations|Medical Kits,65,RESOLVED,SENSOR
INC-2023-1489,2023-01-10T02:35:26.622Z,Puttalam,DRY,Animal Attack,1,6,1,Wildlife Officers|Veterinary Kits,82,RESOLVED,CITIZEN
INC-2026-1490,2026-05-26T08:31:57.073Z,Kandy,HILL,Landslide,3,879,2,Boats|Rescue Teams|Dry Rations|Medical Kits,77,RESOLVED,OFFICER
INC-2021-1491,2021-03-03T19:22:32.615Z,Kurunegala,DRY,Flood,2,5112,0,Dry Rations|Medical Kits,54,RESOLVED,CITIZEN
INC-2022-1492,2022-11-26T10:24:02.860Z,Kandy,HILL,Landslide,1,281,0,Dry Rations|Medical Kits,63,RESOLVED,OFFICER
INC-2019-1493,2019-01-23T03:17:00.562Z,Mullaitivu,EAST_NORTH,High Winds/Cyclone,4,15120,7,,65,RESOLVED,CITIZEN
INC-2024-1494,2024-07-28T02:58:02.720Z,Galle,WET,Flood,2,508,0,Dry Rations|Medical Kits,83,RESOLVED,OFFICER
INC-2022-1495,2022-09-08T03:39:43.627Z,Galle,WET,Flood,1,1139,0,Dry Rations|Medical Kits,97,RESOLVED,CITIZEN
INC-2024-1496,2024-10-21T17:27:59.087Z,Matale,HILL,Landslide,1,345,0,Dry Rations|Medical Kits,107,RESOLVED,OFFICER
INC-2022-1497,2022-10-08T01:24:47.207Z,Jaffna,EAST_NORTH,High Winds/Cyclone,2,1240,0,,53,RESOLVED,CITIZEN
INC-2023-1498,2023-01-06T15:03:55.744Z,Jaffna,EAST_NORTH,Flood,5,12925,2,Boats|Rescue Teams|Dry Rations|Medical Kits,56,RESOLVED,CITIZEN
INC-2019-1499,2019-11-24T00:08:02.376Z,Galle,WET,Animal Attack,2,4,0,Wildlife Officers|Veterinary Kits,56,RESOLVED,OFFICER
INC-2020-1500,2020-04-24T00:59:02.126Z,Mullaitivu,EAST_NORTH,Flood,1,230,0,Dry Rations|Medical Kits,90,RESOLVED,OFFICER
INC-2020-1501,2020-10-16T20:38:20.833Z,Monaragala,DRY,Drought,3,142539,0,Water Bowsers|Dry Rations,1659,RESOLVED,CITIZEN
INC-2019-1502,2019-11-23T10:27:42.536Z,Monaragala,DRY,Flood,3,11979,0,Boats|Rescue Teams|Dry Rations|Medical Kits,81,RESOLVED,MEDIA
INC-2018-1503,2018-06-27T09:41:42.578Z,Matara,WET,Landslide,1,173,0,Dry Rations|Medical Kits,61,RESOLVED,OFFICER
INC-2018-1504,2018-07-05T13:26:46.568Z,Gampaha,WET,Flood,4,10752,4,Boats|Rescue Teams|Dry Rations|Medical Kits,75,RESOLVED,SENSOR
INC-2023-1505,2023-03-25T19:08:28.551Z,Vavuniya,DRY,Forest Fire,2,36,0,Fire Trucks|Air Support,55,RESOLVED,CITIZEN
INC-2021-1506,2021-10-15T16:55:08.629Z,Kurunegala,DRY,High Winds/Cyclone,1,239,0,,115,RESOLVED,OFFICER
INC-2025-1507,2025-08-06T04:41:18.500Z,Kalutara,WET,Flood,1,1391,0,Dry Rations|Medical Kits,85,RESOLVED,OFFICER
INC-2021-1508,2021-07-25T21:18:51.000Z,Gampaha,WET,Flood,4,12912,8,Boats|Rescue Teams|Dry Rations|Medical Kits,30,RESOLVED,CITIZEN
INC-2020-1509,2020-02-08T12:32:17.458Z,Galle,WET,Flood,1,54,0,Dry Rations|Medical Kits,38,RESOLVED,OFFICER
INC-2024-1510,2024-07-07T19:27:46.230Z,Matale,HILL,Flood,3,14508,0,Boats|Rescue Teams|Dry Rations|Medical Kits,110,RESOLVED,CITIZEN
INC-2022-1511,2022-09-23T00:12:39.907Z,Nuwara Eliya,HILL,Landslide,2,386,0,Dry Rations|Medical Kits,76,RESOLVED,CITIZEN
INC-2024-1512,2024-05-22T01:18:34.515Z,Kalutara,WET,Flood,2,2076,0,Dry Rations|Medical Kits,109,RESOLVED,CITIZEN
INC-2019-1513,2019-03-25T21:19:11.865Z,Gampaha,WET,High Winds/Cyclone,3,3771,0,,120,RESOLVED,CITIZEN
INC-2018-1514,2018-07-12T06:52:31.804Z,Trincomalee,EAST_NORTH,Drought,2,78474,0,Water Bowsers|Dry Rations,3942,RESOLVED,SENSOR
INC-2023-1515,2023-02-24T13:24:52.316Z,Ampara,EAST_NORTH,Flood,2,3880,0,Dry Rations|Medical Kits,108,RESOLVED,SENSOR
INC-2024-1516,2024-04-23T23:44:08.513Z,Nuwara Eliya,HILL,High Winds/Cyclone,2,5724,0,,43,RESOLVED,OFFICER
INC-2023-1517,2023-02-26T11:11:56.999Z,Kalutara,WET,Flood,1,1140,0,Dry Rations|Medical Kits,108,RESOLVED,CITIZEN
INC-2024-1518,2024-06-23T06:22:36.182Z,Galle,WET,High Winds/Cyclone,4,24944,4,,29,RESOLVED,OFFICER
INC-2018-1519,2018-07-14T19:17:50.678Z,Matara,WET,High Winds/Cyclone,3,11448,0,,52,RESOLVED,SENSOR
INC-2024-1520,2024-03-25T06:21:11.016Z,Kalutara,WET,High Winds/Cyclone,2,4624,0,,79,RESOLVED,CITIZEN
INC-2023-1521,2023-07-13T12:00:14.226Z,Gampaha,WET,Flood,3,6372,0,Boats|Rescue Teams|Dry Rations|Medical Kits,47,RESOLVED,OFFICER
INC-2024-1522,2024-04-14T14:48:43.158Z,Gampaha,WET,Flood,2,6824,0,Dry Rations|Medical Kits,87,RESOLVED,SENSOR
INC-2019-1523,2019-11-21T22:43:35.713Z,Gampaha,WET,Landslide,1,263,0,Dry Rations|Medical Kits,143,RESOLVED,CITIZEN
INC-2024-1524,2024-12-01T18:32:07.035Z,Batticaloa,EAST_NORTH,Flood,3,16461,0,Boats|Rescue Teams|Dry Rations|Medical Kits,17,RESOLVED,CITIZEN
INC-2023-1525,2023-03-01T01:48:54.712Z,Matale,HILL,Flood,2,7564,0,Dry Rations|Medical Kits,34,RESOLVED,CITIZEN
INC-2019-1526,2019-01-23T08:18:02.965Z,Kurunegala,DRY,Animal Attack,1,10,0,Wildlife Officers|Veterinary Kits,42,RESOLVED,OFFICER
INC-2023-1527,2023-11-05T22:12:18.968Z,Colombo,WET,High Winds/Cyclone,1,385,0,,42,RESOLVED,SENSOR
INC-2024-1528,2024-10-10T14:27:46.411Z,Kurunegala,DRY,Drought,2,82636,0,Water Bowsers|Dry Rations,3058,RESOLVED,CITIZEN
INC-2023-1529,2023-06-29T14:46:44.104Z,Nuwara Eliya,HILL,Flood,3,2799,0,Boats|Rescue Teams|Dry Rations|Medical Kits,110,RESOLVED,CITIZEN
INC-2024-1530,2024-04-29T14:51:14.896Z,Kalutara,WET,Flood,2,256,0,Dry Rations|Medical Kits,18,RESOLVED,CITIZEN
INC-2025-1531,2025-09-20T18:28:59.857Z,Matara,WET,Flood,5,14725,3,Boats|Rescue Teams|Dry Rations|Medical Kits,47,RESOLVED,CITIZEN
INC-2018-1532,2018-09-03T05:43:33.151Z,Galle,WET,Landslide,2,302,0,Dry Rations|Medical Kits,134,RESOLVED,CITIZEN
INC-2021-1533,2021-08-31T14:28:50.335Z,Anuradhapura,DRY,Drought,3,64116,0,Water Bowsers|Dry Rations,3048,RESOLVED,SENSOR
INC-2021-1534,2021-07-28T11:19:37.357Z,Badulla,HILL,Landslide,1,377,0,Dry Rations|Medical Kits,143,RESOLVED,CITIZEN
INC-2018-1535,2018-08-14T08:09:50.137Z,Mullaitivu,EAST_NORTH,Forest Fire,1,88,0,Fire Trucks|Air Support,202,RESOLVED,CITIZEN
INC-2018-1536,2018-01-15T09:04:38.609Z,Colombo,WET,Animal Attack,1,9,1,Wildlife Officers|Veterinary Kits,90,RESOLVED,OFFICER
INC-2024-1537,2024-03-14T01:36:18.518Z,Jaffna,EAST_NORTH,Drought,1,17998,0,Water Bowsers|Dry Rations,2754,RESOLVED,CITIZEN
INC-2022-1538,2022-09-17T06:50:11.275Z,Badulla,HILL,Landslide,1,406,0,Dry Rations|Medical Kits,37,RESOLVED,CITIZEN
INC-2023-1539,2023-06-02T09:42:20.714Z,Nuwara Eliya,HILL,Landslide,2,862,0,Dry Rations|Medical Kits,165,RESOLVED,CITIZEN
INC-2024-1540,2024-07-05T05:20:37.201Z,Kurunegala,DRY,Drought,5,208360,0,Water Bowsers|Dry Rations,2275,RESOLVED,CITIZEN
INC-2022-1541,2022-10-30T08:13:46.790Z,Kalutara,WET,Animal Attack,1,5,1,Wildlife Officers|Veterinary Kits,48,RESOLVED,OFFICER
INC-2020-1542,2020-11-19T13:23:25.206Z,Badulla,HILL,Flood,3,8748,0,Boats|Rescue Teams|Dry Rations|Medical Kits,24,RESOLVED,CITIZEN
INC-2021-1543,2021-02-04T03:05:19.693Z,Kandy,HILL,Landslide,1,81,0,Dry Rations|Medical Kits,78,RESOLVED,CITIZEN
INC-2020-1544,2020-11-25T18:15:10.052Z,Kegalle,HILL,Flood,3,17658,0,Boats|Rescue Teams|Dry Rations|Medical Kits,111,RESOLVED,CITIZEN
INC-2020-1545,2020-03-11T18:01:26.673Z,Nuwara Eliya,HILL,Flood,1,510,0,Dry Rations|Medical Kits,16,RESOLVED,OFFICER
INC-2023-1546,2023-11-16T20:53:39.484Z,Kandy,HILL,Flood,2,1864,0,Dry Rations|Medical Kits,112,RESOLVED,CITIZEN
INC-2022-1547,2022-08-01T06:53:34.077Z,Badulla,HILL,Landslide,1,86,0,Dry Rations|Medical Kits,176,RESOLVED,MEDIA
INC-2023-1548,2023-06-30T21:52:50.296Z,Badulla,HILL,Flood,3,6102,0,Boats|Rescue Teams|Dry Rations|Medical Kits,48,RESOLVED,CITIZEN
INC-2020-1549,2020-05-03T06:37:23.626Z,Kalutara,WET,Flood,4,26272,2,Boats|Rescue Teams|Dry Rations|Medical Kits,85,RESOLVED,CITIZEN
INC-2023-1550,2023-05-08T04:55:10.317Z,Batticaloa,EAST_NORTH,Drought,2,28936,0,Water Bowsers|Dry Rations,3208,RESOLVED,OFFICER
INC-2025-1551,2025-07-15T09:47:54.674Z,Colombo,WET,High Winds/Cyclone,2,6644,0,,62,RESOLVED,MEDIA
INC-2022-1552,2022-07-19T04:26:16.183Z,Kandy,HILL,Flood,2,408,0,Dry Rations|Medical Kits,34,RESOLVED,CITIZEN
INC-2025-1553,2025-02-18T12:35:27.471Z,Galle,WET,Animal Attack,1,1,2,Wildlife Officers|Veterinary Kits,66,RESOLVED,CITIZEN
INC-2025-1554,2025-05-09T14:30:54.526Z,Galle,WET,Flood,1,1896,0,Dry Rations|Medical Kits,61,RESOLVED,MEDIA
INC-2025-1555,2025-07-17T13:49:23.582Z,Colombo,WET,Flood,2,1744,0,Dry Rations|Medical Kits,23,RESOLVED,SENSOR
INC-2022-1556,2022-02-26T11:34:38.901Z,Colombo,WET,Animal Attack,1,7,2,Wildlife Officers|Veterinary Kits,67,RESOLVED,CITIZEN
INC-2021-1557,2021-05-11T13:35:36.329Z,Jaffna,EAST_NORTH,Flood,3,1557,0,Boats|Rescue Teams|Dry Rations|Medical Kits,17,RESOLVED,SENSOR
INC-2022-1558,2022-01-01T22:00:59.157Z,Colombo,WET,Flood,2,6656,0,Dry Rations|Medical Kits,43,RESOLVED,CITIZEN
INC-2024-1559,2024-07-31T16:34:45.070Z,Kegalle,HILL,Landslide,2,590,0,Dry Rations|Medical Kits,79,RESOLVED,CITIZEN
INC-2025-1560,2025-10-17T06:04:19.005Z,Kurunegala,DRY,Flood,1,307,0,Dry Rations|Medical Kits,42,RESOLVED,CITIZEN
INC-2021-1561,2021-09-06T21:09:27.892Z,Kalutara,WET,Flood,1,1127,0,Dry Rations|Medical Kits,38,RESOLVED,CITIZEN
INC-2018-1562,2018-08-27T18:56:59.198Z,Colombo,WET,Flood,2,4112,0,Dry Rations|Medical Kits,78,RESOLVED,OFFICER
INC-2022-1563,2022-04-09T03:45:12.513Z,Ampara,EAST_NORTH,High Winds/Cyclone,1,1123,0,,15,RESOLVED,OFFICER
INC-2021-1564,2021-06-18T01:15:02.416Z,Gampaha,WET,Flood,2,5492,0,Dry Rations|Medical Kits,107,RESOLVED,SENSOR
INC-2024-1565,2024-11-19T09:55:24.229Z,Gampaha,WET,Flood,1,154,0,Dry Rations|Medical Kits,101,RESOLVED,OFFICER
INC-2018-1566,2018-05-25T15:05:23.338Z,Monaragala,DRY,Flood,1,754,0,Dry Rations|Medical Kits,84,RESOLVED,SENSOR
INC-2018-1567,2018-04-03T18:44:35.565Z,Matara,WET,Flood,3,2871,0,Boats|Rescue Teams|Dry Rations|Medical Kits,119,RESOLVED,OFFICER
INC-2022-1568,2022-11-23T18:54:01.158Z,Puttalam,DRY,Flood,2,2240,0,Dry Rations|Medical Kits,85,RESOLVED,OFFICER
INC-2024-1569,2024-04-08T20:18:38.961Z,Matara,WET,Flood,3,13338,0,Boats|Rescue Teams|Dry Rations|Medical Kits,31,RESOLVED,CITIZEN
INC-2020-1570,2020-06-20T04:47:42.982Z,Puttalam,DRY,Flood,2,276,0,Dry Rations|Medical Kits,29,RESOLVED,OFFICER
INC-2025-1571,2025-03-11T11:30:18.426Z,Ratnapura,HILL,Flood,2,5696,0,Dry Rations|Medical Kits,80,RESOLVED,CITIZEN
INC-2019-1572,2019-10-02T21:17:43.027Z,Anuradhapura,DRY,Flood,2,4564,0,Dry Rations|Medical Kits,97,RESOLVED,CITIZEN
INC-2018-1573,2018-07-26T23:37:25.770Z,Hambantota,DRY,High Winds/Cyclone,1,1723,0,,32,RESOLVED,CITIZEN
INC-2023-1574,2023-04-20T13:52:40.786Z,Kurunegala,DRY,Flood,2,4968,0,Dry Rations|Medical Kits,118,RESOLVED,MEDIA
INC-2018-1575,2018-05-07T23:06:08.997Z,Gampaha,WET,Flood,5,14750,10,Boats|Rescue Teams|Dry Rations|Medical Kits,82,RESOLVED,CITIZEN
INC-2020-1576,2020-01-10T06:49:43.376Z,Kurunegala,DRY,Flood,4,10368,3,Boats|Rescue Teams|Dry Rations|Medical Kits,119,RESOLVED,CITIZEN
INC-2020-1577,2020-05-10T14:08:31.103Z,Galle,WET,Flood,1,1607,0,Dry Rations|Medical Kits,51,RESOLVED,MEDIA
INC-2023-1578,2023-05-02T09:25:10.259Z,Kandy,HILL,High Winds/Cyclone,1,312,0,,89,RESOLVED,CITIZEN
INC-2021-1579,2021-09-21T20:55:00.992Z,Kandy,HILL,Landslide,3,717,11,Boats|Rescue Teams|Dry Rations|Medical Kits,44,RESOLVED,CITIZEN
INC-2025-1580,2025-02-08T21:41:29.604Z,Mannar,DRY,Flood,1,329,0,Dry Rations|Medical Kits,74,RESOLVED,CITIZEN
INC-2020-1581,2020-11-22T20:43:27.268Z,Gampaha,WET,Flood,1,1951,0,Dry Rations|Medical Kits,119,RESOLVED,SENSOR
INC-2022-1582,2022-06-07T00:51:14.652Z,Mannar,DRY,Flood,2,1556,0,Dry Rations|Medical Kits,70,RESOLVED,CITIZEN
INC-2018-1583,2018-05-20T01:06:58.828Z,Polonnaruwa,DRY,Flood,3,12627,0,Boats|Rescue Teams|Dry Rations|Medical Kits,18,RESOLVED,CITIZEN
INC-2023-1584,2023-01-27T17:01:09.897Z,Colombo,WET,Flood,3,3276,0,Boats|Rescue Teams|Dry Rations|Medical Kits,67,RESOLVED,OFFICER
INC-2025-1585,2025-10-30T11:14:52.534Z,Gampaha,WET,High Winds/Cyclone,3,6291,0,,100,RESOLVED,OFFICER
INC-2024-1586,2024-12-30T05:40:29.587Z,Ampara,EAST_NORTH,Flood,1,1629,0,Dry Rations|Medical Kits,82,RESOLVED,OFFICER
INC-2023-1587,2023-05-28T11:33:48.307Z,Kandy,HILL,Landslide,2,750,0,Dry Rations|Medical Kits,33,RESOLVED,CITIZEN
INC-2019-1588,2019-02-25T05:52:02.492Z,Trincomalee,EAST_NORTH,Flood,2,712,0,Dry Rations|Medical Kits,66,RESOLVED,CITIZEN
INC-2022-1589,2022-02-05T03:18:15.275Z,Jaffna,EAST_NORTH,Flood,3,11646,0,Boats|Rescue Teams|Dry Rations|Medical Kits,46,RESOLVED,CITIZEN
INC-2024-1590,2024-08-21T02:29:03.309Z,Gampaha,WET,Flood,3,13644,0,Boats|Rescue Teams|Dry Rations|Medical Kits,24,RESOLVED,OFFICER
INC-2026-1591,2026-02-11T14:25:44.347Z,Nuwara Eliya,HILL,Forest Fire,1,31,0,Fire Trucks|Air Support,214,RESOLVED,CITIZEN
INC-2019-1592,2019-10-14T22:18:32.479Z,Mannar,DRY,Flood,2,5072,0,Dry Rations|Medical Kits,116,RESOLVED,CITIZEN
INC-2023-1593,2023-12-27T00:19:30.081Z,Galle,WET,Flood,4,21856,7,Boats|Rescue Teams|Dry Rations|Medical Kits,42,RESOLVED,CITIZEN
INC-2018-1594,2018-03-24T22:06:25.486Z,Matale,HILL,High Winds/Cyclone,1,1484,0,,36,RESOLVED,SENSOR
INC-2019-1595,2019-08-21T22:12:35.509Z,Kalutara,WET,Flood,3,14670,0,Boats|Rescue Teams|Dry Rations|Medical Kits,90,RESOLVED,CITIZEN
INC-2019-1596,2019-09-29T08:57:33.331Z,Gampaha,WET,Flood,3,16794,0,Boats|Rescue Teams|Dry Rations|Medical Kits,35,RESOLVED,OFFICER
INC-2019-1597,2019-12-26T11:09:48.609Z,Badulla,HILL,Flood,4,24064,3,Boats|Rescue Teams|Dry Rations|Medical Kits,44,RESOLVED,MEDIA
INC-2024-1598,2024-10-25T21:28:48.439Z,Mullaitivu,EAST_NORTH,Drought,4,159732,0,Water Bowsers|Dry Rations,1910,RESOLVED,OFFICER
INC-2021-1599,2021-08-02T17:12:42.545Z,Monaragala,DRY,Flood,3,2043,0,Boats|Rescue Teams|Dry Rations|Medical Kits,71,RESOLVED,OFFICER
INC-2025-1600,2025-12-24T05:02:44.231Z,Kegalle,HILL,Landslide,2,490,0,Dry Rations|Medical Kits,127,RESOLVED,OFFICER
INC-2021-1601,2021-10-30T22:38:55.081Z,Mullaitivu,EAST_NORTH,Drought,1,7758,0,Water Bowsers|Dry Rations,3572,RESOLVED,OFFICER
INC-2025-1602,2025-07-16T02:58:15.188Z,Vavuniya,DRY,Drought,1,47556,0,Water Bowsers|Dry Rations,4244,RESOLVED,CITIZEN
INC-2018-1603,2018-05-16T03:29:47.885Z,Vavuniya,DRY,Animal Attack,1,2,0,Wildlife Officers|Veterinary Kits,64,RESOLVED,CITIZEN
INC-2026-1604,2026-05-01T00:06:04.137Z,Monaragala,DRY,Flood,3,5607,0,Boats|Rescue Teams|Dry Rations|Medical Kits,49,RESOLVED,CITIZEN
INC-2023-1605,2023-05-21T03:05:36.442Z,Monaragala,DRY,Flood,3,14805,0,Boats|Rescue Teams|Dry Rations|Medical Kits,44,RESOLVED,CITIZEN
INC-2023-1606,2023-08-08T22:07:18.434Z,Polonnaruwa,DRY,Animal Attack,1,9,1,Wildlife Officers|Veterinary Kits,82,RESOLVED,CITIZEN
INC-2023-1607,2023-09-08T03:30:46.327Z,Colombo,WET,Flood,3,5958,0,Boats|Rescue Teams|Dry Rations|Medical Kits,95,RESOLVED,CITIZEN
INC-2023-1608,2023-08-10T03:15:03.609Z,Kurunegala,DRY,Drought,2,75864,0,Water Bowsers|Dry Rations,3485,RESOLVED,OFFICER
INC-2020-1609,2020-08-10T03:41:18.611Z,Colombo,WET,Flood,1,1500,0,Dry Rations|Medical Kits,47,RESOLVED,SENSOR
INC-2026-1610,2026-01-01T19:37:18.476Z,Colombo,WET,Flood,1,1408,0,Dry Rations|Medical Kits,42,RESOLVED,CITIZEN
INC-2018-1611,2018-11-03T22:47:38.071Z,Matara,WET,Animal Attack,2,3,1,Wildlife Officers|Veterinary Kits,59,RESOLVED,CITIZEN
INC-2023-1612,2023-09-14T13:06:10.224Z,Trincomalee,EAST_NORTH,Animal Attack,2,2,1,Wildlife Officers|Veterinary Kits,60,RESOLVED,CITIZEN
INC-2022-1613,2022-12-21T15:01:50.859Z,Vavuniya,DRY,Animal Attack,1,2,2,Wildlife Officers|Veterinary Kits,84,RESOLVED,OFFICER
INC-2019-1614,2019-11-27T02:43:00.745Z,Badulla,HILL,Flood,1,1005,0,Dry Rations|Medical Kits,53,RESOLVED,CITIZEN
INC-2025-1615,2025-12-10T09:29:42.068Z,Batticaloa,EAST_NORTH,High Winds/Cyclone,5,46200,6,,114,RESOLVED,CITIZEN
INC-2021-1616,2021-01-17T18:53:21.814Z,Matale,HILL,High Winds/Cyclone,2,832,0,,50,RESOLVED,OFFICER
INC-2023-1617,2023-11-15T00:26:58.641Z,Kalutara,WET,Flood,2,1592,0,Dry Rations|Medical Kits,119,RESOLVED,CITIZEN
INC-2019-1618,2019-01-24T12:32:27.291Z,Gampaha,WET,Flood,2,7276,0,Dry Rations|Medical Kits,36,RESOLVED,OFFICER
INC-2019-1619,2019-03-26T07:01:21.080Z,Trincomalee,EAST_NORTH,Animal Attack,2,10,1,Wildlife Officers|Veterinary Kits,70,RESOLVED,CITIZEN
INC-2018-1620,2018-01-27T15:13:03.558Z,Matara,WET,Flood,3,1953,0,Boats|Rescue Teams|Dry Rations|Medical Kits,25,RESOLVED,OFFICER
INC-2024-1621,2024-01-18T22:10:43.781Z,Anuradhapura,DRY,Flood,3,1116,0,Boats|Rescue Teams|Dry Rations|Medical Kits,15,RESOLVED,SENSOR
INC-2022-1622,2022-06-05T15:23:50.468Z,Galle,WET,Flood,4,5024,1,Boats|Rescue Teams|Dry Rations|Medical Kits,94,RESOLVED,OFFICER
INC-2020-1623,2020-07-20T12:55:48.881Z,Polonnaruwa,DRY,Drought,3,115023,0,Water Bowsers|Dry Rations,2798,RESOLVED,CITIZEN
INC-2024-1624,2024-06-05T02:14:03.737Z,Hambantota,DRY,Drought,1,46184,0,Water Bowsers|Dry Rations,4075,RESOLVED,OFFICER
INC-2020-1625,2020-07-14T20:48:08.986Z,Galle,WET,Flood,1,951,0,Dry Rations|Medical Kits,84,RESOLVED,OFFICER
INC-2025-1626,2025-12-08T03:20:48.593Z,Nuwara Eliya,HILL,Landslide,2,874,0,Dry Rations|Medical Kits,140,RESOLVED,CITIZEN
INC-2022-1627,2022-06-17T16:25:07.000Z,Kalutara,WET,Flood,3,13221,0,Boats|Rescue Teams|Dry Rations|Medical Kits,113,RESOLVED,OFFICER
INC-2021-1628,2021-07-27T17:57:59.836Z,Kilinochchi,EAST_NORTH,Drought,2,45250,0,Water Bowsers|Dry Rations,1834,RESOLVED,CITIZEN
INC-2024-1629,2024-09-24T06:15:02.506Z,Kurunegala,DRY,Drought,1,24373,0,Water Bowsers|Dry Rations,2585,RESOLVED,CITIZEN
INC-2022-1630,2022-07-29T16:40:57.624Z,Kandy,HILL,Flood,2,3840,0,Dry Rations|Medical Kits,111,RESOLVED,CITIZEN
INC-2023-1631,2023-10-14T18:12:45.644Z,Hambantota,DRY,Animal Attack,1,9,0,Wildlife Officers|Veterinary Kits,76,RESOLVED,CITIZEN
INC-2021-1632,2021-05-27T06:48:33.880Z,Matara,WET,Flood,3,5481,0,Boats|Rescue Teams|Dry Rations|Medical Kits,33,RESOLVED,CITIZEN
INC-2019-1633,2019-01-09T10:40:00.603Z,Galle,WET,Flood,4,25664,5,Boats|Rescue Teams|Dry Rations|Medical Kits,107,RESOLVED,CITIZEN
INC-2024-1634,2024-04-20T08:15:41.680Z,Kandy,HILL,Flood,2,6824,0,Dry Rations|Medical Kits,66,RESOLVED,CITIZEN
INC-2019-1635,2019-11-03T04:28:48.427Z,Kegalle,HILL,Flood,1,1405,0,Dry Rations|Medical Kits,97,RESOLVED,CITIZEN
INC-2021-1636,2021-11-15T22:41:15.741Z,Galle,WET,Animal Attack,1,7,0,Wildlife Officers|Veterinary Kits,69,RESOLVED,MEDIA
INC-2019-1637,2019-12-16T03:26:47.414Z,Kegalle,HILL,Landslide,4,1152,10,Boats|Rescue Teams|Dry Rations|Medical Kits,69,RESOLVED,OFFICER
INC-2024-1638,2024-01-11T18:18:30.344Z,Monaragala,DRY,Flood,3,10206,0,Boats|Rescue Teams|Dry Rations|Medical Kits,70,RESOLVED,MEDIA
INC-2022-1639,2022-12-17T22:23:40.104Z,Batticaloa,EAST_NORTH,High Winds/Cyclone,4,6592,4,,32,RESOLVED,OFFICER
INC-2022-1640,2022-12-14T22:34:10.363Z,Batticaloa,EAST_NORTH,High Winds/Cyclone,2,6124,0,,100,RESOLVED,OFFICER
INC-2026-1641,2026-05-04T12:11:38.840Z,Matara,WET,Landslide,2,316,0,Dry Rations|Medical Kits,149,RESOLVED,MEDIA
INC-2025-1642,2025-10-16T20:52:23.048Z,Ratnapura,HILL,Flood,2,3348,0,Dry Rations|Medical Kits,48,RESOLVED,OFFICER
INC-2018-1643,2018-04-18T06:04:35.702Z,Ampara,EAST_NORTH,High Winds/Cyclone,3,4356,0,,97,RESOLVED,CITIZEN
INC-2023-1644,2023-10-22T13:14:56.342Z,Gampaha,WET,High Winds/Cyclone,1,1292,0,,81,RESOLVED,CITIZEN
INC-2021-1645,2021-01-24T06:24:00.503Z,Polonnaruwa,DRY,Flood,3,16407,0,Boats|Rescue Teams|Dry Rations|Medical Kits,67,RESOLVED,CITIZEN
INC-2019-1646,2019-08-05T19:40:09.769Z,Gampaha,WET,Flood,2,5408,0,Dry Rations|Medical Kits,31,RESOLVED,CITIZEN
INC-2024-1647,2024-10-03T00:50:14.166Z,Matale,HILL,Flood,1,1549,0,Dry Rations|Medical Kits,67,RESOLVED,CITIZEN
INC-2025-1648,2025-08-05T17:48:55.911Z,Hambantota,DRY,Forest Fire,2,36,0,Fire Trucks|Air Support,138,RESOLVED,OFFICER
INC-2020-1649,2020-09-22T13:54:34.200Z,Kandy,HILL,Landslide,4,316,8,Boats|Rescue Teams|Dry Rations|Medical Kits,138,RESOLVED,CITIZEN
INC-2020-1650,2020-09-04T20:59:03.396Z,Jaffna,EAST_NORTH,Drought,4,183440,0,Water Bowsers|Dry Rations,1793,RESOLVED,OFFICER
INC-2024-1651,2024-05-20T03:06:56.708Z,Galle,WET,Landslide,2,542,0,Dry Rations|Medical Kits,145,RESOLVED,CITIZEN
INC-2019-1652,2019-01-26T01:16:03.353Z,Colombo,WET,Flood,2,2516,0,Dry Rations|Medical Kits,108,RESOLVED,CITIZEN
INC-2024-1653,2024-11-28T20:25:23.624Z,Mannar,DRY,High Winds/Cyclone,3,13275,0,,22,RESOLVED,OFFICER
INC-2023-1654,2023-08-13T08:56:30.871Z,Kalutara,WET,Flood,3,7128,0,Boats|Rescue Teams|Dry Rations|Medical Kits,113,RESOLVED,SENSOR
INC-2021-1655,2021-10-30T06:48:30.945Z,Matale,HILL,Flood,2,2168,0,Dry Rations|Medical Kits,76,RESOLVED,CITIZEN
INC-2018-1656,2018-07-21T20:17:27.080Z,Monaragala,DRY,Drought,1,27354,0,Water Bowsers|Dry Rations,2604,RESOLVED,CITIZEN
INC-2019-1657,2019-06-02T16:29:26.133Z,Kalutara,WET,Flood,3,10962,0,Boats|Rescue Teams|Dry Rations|Medical Kits,45,RESOLVED,CITIZEN
INC-2023-1658,2023-07-09T21:42:28.149Z,Matale,HILL,Landslide,4,1224,8,Boats|Rescue Teams|Dry Rations|Medical Kits,142,RESOLVED,OFFICER
INC-2020-1659,2020-07-08T17:16:35.070Z,Kalutara,WET,Flood,4,17904,2,Boats|Rescue Teams|Dry Rations|Medical Kits,91,RESOLVED,CITIZEN
INC-2025-1660,2025-05-24T21:39:05.789Z,Hambantota,DRY,Drought,2,21432,0,Water Bowsers|Dry Rations,1960,RESOLVED,CITIZEN
INC-2022-1661,2022-05-04T06:30:17.918Z,Puttalam,DRY,Flood,4,12688,5,Boats|Rescue Teams|Dry Rations|Medical Kits,114,RESOLVED,OFFICER
INC-2020-1662,2020-12-25T19:00:12.253Z,Anuradhapura,DRY,Flood,1,320,0,Dry Rations|Medical Kits,31,RESOLVED,CITIZEN
INC-2020-1663,2020-04-20T23:11:43.977Z,Trincomalee,EAST_NORTH,Flood,1,82,0,Dry Rations|Medical Kits,45,RESOLVED,CITIZEN
INC-2023-1664,2023-07-04T16:26:55.408Z,Monaragala,DRY,Drought,2,62334,0,Water Bowsers|Dry Rations,1891,RESOLVED,MEDIA
INC-2023-1665,2023-03-24T12:52:46.524Z,Kegalle,HILL,Animal Attack,1,3,2,Wildlife Officers|Veterinary Kits,77,RESOLVED,SENSOR
INC-2024-1666,2024-01-28T21:15:50.710Z,Matara,WET,High Winds/Cyclone,2,4588,0,,35,RESOLVED,OFFICER
INC-2023-1667,2023-04-18T10:54:40.780Z,Nuwara Eliya,HILL,Landslide,3,753,3,Boats|Rescue Teams|Dry Rations|Medical Kits,145,RESOLVED,CITIZEN
INC-2019-1668,2019-05-26T11:10:53.939Z,Kandy,HILL,Landslide,4,1428,13,Boats|Rescue Teams|Dry Rations|Medical Kits,142,RESOLVED,CITIZEN
INC-2023-1669,2023-08-02T23:22:31.096Z,Vavuniya,DRY,Animal Attack,1,9,0,Wildlife Officers|Veterinary Kits,60,RESOLVED,OFFICER
INC-2023-1670,2023-02-07T21:40:14.978Z,Matara,WET,Landslide,2,874,0,Dry Rations|Medical Kits,59,RESOLVED,OFFICER
INC-2021-1671,2021-10-13T13:15:01.004Z,Trincomalee,EAST_NORTH,Animal Attack,1,2,0,Wildlife Officers|Veterinary Kits,71,RESOLVED,CITIZEN
INC-2025-1672,2025-11-12T06:02:12.663Z,Batticaloa,EAST_NORTH,Animal Attack,1,2,0,Wildlife Officers|Veterinary Kits,80,RESOLVED,CITIZEN
INC-2020-1673,2020-05-13T20:52:15.263Z,Matara,WET,Flood,3,4797,0,Boats|Rescue Teams|Dry Rations|Medical Kits,109,RESOLVED,CITIZEN
INC-2022-1674,2022-04-09T15:02:45.625Z,Anuradhapura,DRY,Animal Attack,1,1,1,Wildlife Officers|Veterinary Kits,43,RESOLVED,CITIZEN
INC-2019-1675,2019-03-15T19:38:07.141Z,Monaragala,DRY,Drought,3,25275,0,Water Bowsers|Dry Rations,1557,RESOLVED,SENSOR
INC-2024-1676,2024-04-08T18:01:20.037Z,Puttalam,DRY,Drought,3,119265,0,Water Bowsers|Dry Rations,4219,RESOLVED,CITIZEN
INC-2022-1677,2022-04-30T22:33:17.809Z,Galle,WET,Flood,3,1332,0,Boats|Rescue Teams|Dry Rations|Medical Kits,52,RESOLVED,CITIZEN
INC-2019-1678,2019-03-08T05:06:21.821Z,Jaffna,EAST_NORTH,High Winds/Cyclone,1,188,0,,32,RESOLVED,SENSOR
INC-2020-1679,2020-07-20T20:50:45.650Z,Kandy,HILL,Landslide,1,179,0,Dry Rations|Medical Kits,118,RESOLVED,OFFICER
INC-2018-1680,2018-03-30T19:16:46.022Z,Monaragala,DRY,Drought,2,28238,0,Water Bowsers|Dry Rations,3646,RESOLVED,OFFICER
INC-2020-1681,2020-04-30T15:47:53.837Z,Kegalle,HILL,Landslide,3,177,6,Boats|Rescue Teams|Dry Rations|Medical Kits,129,RESOLVED,CITIZEN
INC-2020-1682,2020-03-02T17:40:30.310Z,Badulla,HILL,Flood,4,12752,0,Boats|Rescue Teams|Dry Rations|Medical Kits,17,RESOLVED,CITIZEN
INC-2025-1683,2025-06-09T23:21:22.279Z,Colombo,WET,Flood,2,872,0,Dry Rations|Medical Kits,113,RESOLVED,CITIZEN
INC-2019-1684,2019-11-01T09:06:55.093Z,Galle,WET,Flood,4,9840,3,Boats|Rescue Teams|Dry Rations|Medical Kits,110,RESOLVED,SENSOR
INC-2022-1685,2022-01-16T09:30:27.152Z,Galle,WET,Flood,4,20768,3,Boats|Rescue Teams|Dry Rations|Medical Kits,36,RESOLVED,CITIZEN
INC-2022-1686,2022-08-29T16:31:46.253Z,Mannar,DRY,High Winds/Cyclone,3,16200,0,,115,RESOLVED,OFFICER
INC-2020-1687,2020-07-12T09:13:02.813Z,Gampaha,WET,Flood,3,1683,0,Boats|Rescue Teams|Dry Rations|Medical Kits,40,RESOLVED,CITIZEN
INC-2020-1688,2020-07-06T16:50:22.821Z,Matara,WET,Flood,2,4032,0,Dry Rations|Medical Kits,114,RESOLVED,CITIZEN
INC-2019-1689,2019-01-02T14:23:23.220Z,Batticaloa,EAST_NORTH,Flood,5,28075,5,Boats|Rescue Teams|Dry Rations|Medical Kits,77,RESOLVED,CITIZEN
INC-2020-1690,2020-05-28T15:13:37.356Z,Trincomalee,EAST_NORTH,Flood,2,7180,0,Dry Rations|Medical Kits,68,RESOLVED,OFFICER
INC-2024-1691,2024-06-28T18:33:29.793Z,Ampara,EAST_NORTH,Animal Attack,1,3,2,Wildlife Officers|Veterinary Kits,43,RESOLVED,SENSOR
INC-2026-1692,2026-04-18T18:00:18.314Z,Badulla,HILL,Landslide,2,474,0,Dry Rations|Medical Kits,93,RESOLVED,CITIZEN
INC-2024-1693,2024-07-11T10:36:06.807Z,Puttalam,DRY,Drought,2,89108,0,Water Bowsers|Dry Rations,4016,RESOLVED,SENSOR
INC-2024-1694,2024-05-25T05:25:11.878Z,Mullaitivu,EAST_NORTH,Flood,1,1423,0,Dry Rations|Medical Kits,68,RESOLVED,OFFICER
INC-2024-1695,2024-09-14T09:24:07.493Z,Mullaitivu,EAST_NORTH,Drought,2,97470,0,Water Bowsers|Dry Rations,4197,RESOLVED,CITIZEN
INC-2020-1696,2020-08-18T03:46:28.001Z,Kalutara,WET,Flood,4,19264,5,Boats|Rescue Teams|Dry Rations|Medical Kits,20,RESOLVED,OFFICER
INC-2018-1697,2018-07-01T08:26:06.753Z,Kurunegala,DRY,Drought,1,43964,0,Water Bowsers|Dry Rations,3932,RESOLVED,CITIZEN
INC-2025-1698,2025-03-03T16:03:01.430Z,Badulla,HILL,Landslide,1,248,0,Dry Rations|Medical Kits,79,RESOLVED,OFFICER
INC-2021-1699,2021-12-28T10:16:17.928Z,Kurunegala,DRY,Flood,3,1017,0,Boats|Rescue Teams|Dry Rations|Medical Kits,101,RESOLVED,OFFICER
INC-2025-1700,2025-03-26T10:57:42.446Z,Mannar,DRY,Drought,1,26920,0,Water Bowsers|Dry Rations,3156,RESOLVED,CITIZEN
INC-2022-1701,2022-10-02T13:06:56.481Z,Kurunegala,DRY,Animal Attack,1,5,0,Wildlife Officers|Veterinary Kits,53,RESOLVED,CITIZEN
INC-2024-1702,2024-11-17T12:47:13.484Z,Jaffna,EAST_NORTH,Flood,4,26944,0,Boats|Rescue Teams|Dry Rations|Medical Kits,51,RESOLVED,SENSOR
INC-2020-1703,2020-12-15T06:40:51.631Z,Kandy,HILL,Landslide,1,205,0,Dry Rations|Medical Kits,124,RESOLVED,OFFICER
INC-2022-1704,2022-07-01T01:05:54.580Z,Colombo,WET,Flood,2,4472,0,Dry Rations|Medical Kits,57,RESOLVED,CITIZEN
INC-2018-1705,2018-01-18T11:56:38.656Z,Anuradhapura,DRY,High Winds/Cyclone,4,7552,8,,40,RESOLVED,CITIZEN
INC-2019-1706,2019-04-02T19:38:24.798Z,Ratnapura,HILL,Forest Fire,4,120,0,Fire Trucks|Air Support,158,RESOLVED,CITIZEN
INC-2022-1707,2022-10-21T20:56:42.289Z,Galle,WET,High Winds/Cyclone,2,1844,0,,42,RESOLVED,OFFICER
INC-2023-1708,2023-12-20T23:11:39.296Z,Batticaloa,EAST_NORTH,High Winds/Cyclone,3,8919,0,,82,RESOLVED,CITIZEN
INC-2022-1709,2022-09-20T22:46:08.348Z,Kalutara,WET,Flood,2,2788,0,Dry Rations|Medical Kits,106,RESOLVED,CITIZEN
INC-2022-1710,2022-07-05T09:40:21.619Z,Nuwara Eliya,HILL,Flood,3,3348,0,Boats|Rescue Teams|Dry Rations|Medical Kits,33,RESOLVED,OFFICER
INC-2023-1711,2023-05-08T11:20:47.654Z,Gampaha,WET,Flood,2,7356,0,Dry Rations|Medical Kits,47,RESOLVED,CITIZEN
INC-2026-1712,2026-02-04T11:58:38.497Z,Mullaitivu,EAST_NORTH,High Winds/Cyclone,5,4250,1,,57,RESOLVED,CITIZEN
INC-2019-1713,2019-02-28T12:00:55.485Z,Puttalam,DRY,Animal Attack,1,10,2,Wildlife Officers|Veterinary Kits,36,RESOLVED,OFFICER
INC-2023-1714,2023-02-16T11:21:56.907Z,Matale,HILL,Animal Attack,1,8,0,Wildlife Officers|Veterinary Kits,64,RESOLVED,CITIZEN
INC-2023-1715,2023-03-27T07:36:12.816Z,Mullaitivu,EAST_NORTH,Flood,3,1827,0,Boats|Rescue Teams|Dry Rations|Medical Kits,69,RESOLVED,OFFICER
INC-2022-1716,2022-04-13T03:02:11.553Z,Matara,WET,Animal Attack,2,1,0,Wildlife Officers|Veterinary Kits,86,RESOLVED,MEDIA
INC-2021-1717,2021-12-11T22:43:06.268Z,Polonnaruwa,DRY,Flood,2,5420,0,Dry Rations|Medical Kits,59,RESOLVED,MEDIA
INC-2020-1718,2020-11-19T03:03:32.092Z,Colombo,WET,Flood,1,949,0,Dry Rations|Medical Kits,102,RESOLVED,SENSOR
INC-2026-1719,2026-01-18T19:52:36.995Z,Anuradhapura,DRY,Flood,2,3932,0,Dry Rations|Medical Kits,99,RESOLVED,CITIZEN
INC-2019-1720,2019-05-02T17:08:33.471Z,Kalutara,WET,High Winds/Cyclone,1,1757,0,,47,RESOLVED,OFFICER
INC-2024-1721,2024-04-12T17:02:57.838Z,Polonnaruwa,DRY,Flood,2,292,0,Dry Rations|Medical Kits,40,RESOLVED,SENSOR
INC-2026-1722,2026-01-06T20:19:07.582Z,Matara,WET,Flood,1,876,0,Dry Rations|Medical Kits,44,RESOLVED,CITIZEN
INC-2023-1723,2023-05-05T10:35:57.349Z,Jaffna,EAST_NORTH,Drought,1,30818,0,Water Bowsers|Dry Rations,2106,RESOLVED,CITIZEN
INC-2018-1724,2018-09-14T22:03:26.473Z,Ratnapura,HILL,Landslide,2,754,0,Dry Rations|Medical Kits,163,RESOLVED,CITIZEN
INC-2019-1725,2019-01-09T18:07:33.135Z,Gampaha,WET,High Winds/Cyclone,1,851,0,,95,RESOLVED,OFFICER
INC-2020-1726,2020-07-19T20:58:36.106Z,Kandy,HILL,Landslide,3,606,14,Boats|Rescue Teams|Dry Rations|Medical Kits,103,RESOLVED,CITIZEN
INC-2025-1727,2025-08-19T03:41:56.915Z,Colombo,WET,Landslide,4,676,9,Boats|Rescue Teams|Dry Rations|Medical Kits,41,RESOLVED,CITIZEN
INC-2025-1728,2025-05-10T20:44:59.105Z,Matara,WET,Landslide,1,221,0,Dry Rations|Medical Kits,121,RESOLVED,OFFICER
INC-2018-1729,2018-01-20T02:40:31.825Z,Galle,WET,Flood,2,5020,0,Dry Rations|Medical Kits,113,RESOLVED,OFFICER
INC-2025-1730,2025-09-29T10:56:57.328Z,Kalutara,WET,Flood,3,4185,0,Boats|Rescue Teams|Dry Rations|Medical Kits,39,RESOLVED,CITIZEN
INC-2018-1731,2018-10-11T05:52:24.699Z,Badulla,HILL,Flood,4,8320,5,Boats|Rescue Teams|Dry Rations|Medical Kits,119,RESOLVED,OFFICER
INC-2020-1732,2020-02-29T03:32:58.188Z,Ratnapura,HILL,Flood,4,5152,8,Boats|Rescue Teams|Dry Rations|Medical Kits,112,RESOLVED,OFFICER
INC-2025-1733,2025-04-15T11:14:40.451Z,Ampara,EAST_NORTH,Drought,2,12836,0,Water Bowsers|Dry Rations,3235,RESOLVED,CITIZEN
INC-2024-1734,2024-01-18T13:25:10.845Z,Kurunegala,DRY,Flood,3,6867,0,Boats|Rescue Teams|Dry Rations|Medical Kits,16,RESOLVED,CITIZEN
INC-2021-1735,2021-05-13T04:04:18.593Z,Puttalam,DRY,Flood,3,10062,0,Boats|Rescue Teams|Dry Rations|Medical Kits,34,RESOLVED,SENSOR
INC-2024-1736,2024-09-26T08:09:23.205Z,Ampara,EAST_NORTH,Animal Attack,1,7,0,Wildlife Officers|Veterinary Kits,45,RESOLVED,OFFICER
INC-2026-1737,2026-02-25T10:55:07.643Z,Matara,WET,Flood,2,332,0,Dry Rations|Medical Kits,74,RESOLVED,CITIZEN
INC-2026-1738,2026-03-05T14:05:11.208Z,Colombo,WET,Flood,3,17532,0,Boats|Rescue Teams|Dry Rations|Medical Kits,79,RESOLVED,CITIZEN
INC-2020-1739,2020-02-29T02:44:43.871Z,Matara,WET,Flood,2,856,0,Dry Rations|Medical Kits,17,RESOLVED,CITIZEN
INC-2020-1740,2020-03-16T12:50:02.850Z,Ampara,EAST_NORTH,Flood,1,1927,0,Dry Rations|Medical Kits,53,RESOLVED,CITIZEN
INC-2025-1741,2025-09-30T07:15:46.260Z,Colombo,WET,Flood,1,1155,0,Dry Rations|Medical Kits,22,RESOLVED,OFFICER
INC-2024-1742,2024-12-03T02:19:38.264Z,Kalutara,WET,Animal Attack,1,6,0,Wildlife Officers|Veterinary Kits,85,RESOLVED,CITIZEN
INC-2022-1743,2022-01-09T17:43:57.580Z,Kalutara,WET,Flood,4,13552,7,Boats|Rescue Teams|Dry Rations|Medical Kits,44,RESOLVED,CITIZEN
INC-2018-1744,2018-04-20T02:30:55.220Z,Hambantota,DRY,High Winds/Cyclone,1,542,0,,96,RESOLVED,CITIZEN
INC-2023-1745,2023-12-18T02:30:17.064Z,Trincomalee,EAST_NORTH,High Winds/Cyclone,1,498,0,,22,RESOLVED,OFFICER
INC-2020-1746,2020-01-10T21:53:57.011Z,Galle,WET,Flood,1,1015,0,Dry Rations|Medical Kits,61,RESOLVED,CITIZEN
INC-2026-1747,2026-01-22T07:04:22.297Z,Hambantota,DRY,Animal Attack,1,8,0,Wildlife Officers|Veterinary Kits,64,RESOLVED,OFFICER
INC-2026-1748,2026-02-15T08:26:31.198Z,Kurunegala,DRY,High Winds/Cyclone,2,6196,0,,32,RESOLVED,CITIZEN
INC-2019-1749,2019-06-26T02:42:39.344Z,Batticaloa,EAST_NORTH,Flood,2,7284,0,Dry Rations|Medical Kits,99,RESOLVED,SENSOR
INC-2024-1750,2024-07-01T15:06:17.174Z,Kurunegala,DRY,Drought,5,229420,0,Water Bowsers|Dry Rations,2740,RESOLVED,SENSOR
INC-2026-1751,2026-01-31T22:07:41.109Z,Matale,HILL,Landslide,1,433,0,Dry Rations|Medical Kits,98,RESOLVED,CITIZEN
INC-2022-1752,2022-01-19T00:08:52.626Z,Nuwara Eliya,HILL,Flood,5,25075,8,Boats|Rescue Teams|Dry Rations|Medical Kits,42,RESOLVED,OFFICER
INC-2020-1753,2020-11-17T04:07:00.849Z,Matale,HILL,Landslide,1,103,0,Dry Rations|Medical Kits,179,RESOLVED,OFFICER
INC-2023-1754,2023-10-03T14:59:58.199Z,Vavuniya,DRY,Animal Attack,1,6,2,Wildlife Officers|Veterinary Kits,32,RESOLVED,OFFICER
INC-2025-1755,2025-07-18T13:07:58.996Z,Colombo,WET,Landslide,2,92,0,Dry Rations|Medical Kits,152,RESOLVED,CITIZEN
INC-2019-1756,2019-01-18T02:57:39.916Z,Monaragala,DRY,Flood,2,1548,0,Dry Rations|Medical Kits,34,RESOLVED,CITIZEN
INC-2019-1757,2019-05-27T13:25:28.344Z,Polonnaruwa,DRY,Flood,3,684,0,Boats|Rescue Teams|Dry Rations|Medical Kits,19,RESOLVED,CITIZEN
INC-2021-1758,2021-07-05T16:42:29.429Z,Matale,HILL,Flood,2,4764,0,Dry Rations|Medical Kits,15,RESOLVED,OFFICER
INC-2023-1759,2023-11-05T23:33:06.216Z,Ratnapura,HILL,Forest Fire,2,82,0,Fire Trucks|Air Support,197,RESOLVED,CITIZEN
INC-2023-1760,2023-10-21T03:41:15.235Z,Batticaloa,EAST_NORTH,High Winds/Cyclone,1,427,0,,87,RESOLVED,CITIZEN
INC-2024-1761,2024-11-11T00:57:47.928Z,Galle,WET,High Winds/Cyclone,2,7288,0,,106,RESOLVED,CITIZEN
INC-2025-1762,2025-06-18T13:36:14.495Z,Nuwara Eliya,HILL,Flood,1,1685,0,Dry Rations|Medical Kits,56,RESOLVED,CITIZEN
INC-2019-1763,2019-05-08T14:28:58.920Z,Nuwara Eliya,HILL,Flood,3,6138,0,Boats|Rescue Teams|Dry Rations|Medical Kits,103,RESOLVED,CITIZEN
INC-2020-1764,2020-07-18T18:37:13.517Z,Matale,HILL,Flood,3,16686,0,Boats|Rescue Teams|Dry Rations|Medical Kits,64,RESOLVED,CITIZEN
INC-2018-1765,2018-04-08T01:56:18.998Z,Jaffna,EAST_NORTH,High Winds/Cyclone,4,20992,8,,75,RESOLVED,SENSOR
INC-2022-1766,2022-08-20T15:20:45.587Z,Kalutara,WET,Flood,2,3616,0,Dry Rations|Medical Kits,15,RESOLVED,CITIZEN
INC-2024-1767,2024-09-20T19:17:40.309Z,Monaragala,DRY,Animal Attack,2,5,2,Wildlife Officers|Veterinary Kits,30,RESOLVED,OFFICER
INC-2023-1768,2023-03-22T08:11:14.174Z,Kalutara,WET,Flood,5,17375,7,Boats|Rescue Teams|Dry Rations|Medical Kits,71,RESOLVED,OFFICER
INC-2021-1769,2021-08-26T04:42:50.152Z,Puttalam,DRY,Forest Fire,1,46,0,Fire Trucks|Air Support,176,RESOLVED,CITIZEN
INC-2020-1770,2020-06-22T04:49:18.455Z,Colombo,WET,Flood,4,10864,0,Boats|Rescue Teams|Dry Rations|Medical Kits,94,RESOLVED,OFFICER
INC-2021-1771,2021-04-14T02:19:53.326Z,Colombo,WET,Flood,1,179,0,Dry Rations|Medical Kits,19,RESOLVED,CITIZEN
INC-2018-1772,2018-05-07T19:20:55.543Z,Gampaha,WET,Flood,2,3744,0,Dry Rations|Medical Kits,110,RESOLVED,OFFICER
INC-2020-1773,2020-08-31T17:56:02.911Z,Polonnaruwa,DRY,Flood,2,6004,0,Dry Rations|Medical Kits,17,RESOLVED,MEDIA
INC-2024-1774,2024-06-17T11:40:54.483Z,Monaragala,DRY,Drought,4,122020,0,Water Bowsers|Dry Rations,3261,RESOLVED,CITIZEN
INC-2025-1775,2025-01-08T19:43:47.615Z,Gampaha,WET,Flood,2,2416,0,Dry Rations|Medical Kits,85,RESOLVED,CITIZEN
INC-2021-1776,2021-02-11T22:03:57.223Z,Matara,WET,High Winds/Cyclone,1,308,0,,108,RESOLVED,OFFICER
INC-2024-1777,2024-05-21T17:53:14.023Z,Kalutara,WET,Flood,2,5672,0,Dry Rations|Medical Kits,97,RESOLVED,CITIZEN
INC-2023-1778,2023-03-11T20:12:26.407Z,Gampaha,WET,Flood,1,178,0,Dry Rations|Medical Kits,58,RESOLVED,CITIZEN
INC-2024-1779,2024-01-12T13:37:33.226Z,Gampaha,WET,Flood,3,12663,0,Boats|Rescue Teams|Dry Rations|Medical Kits,43,RESOLVED,OFFICER
INC-2023-1780,2023-01-13T07:20:33.920Z,Kurunegala,DRY,Flood,2,1524,0,Dry Rations|Medical Kits,105,RESOLVED,OFFICER
INC-2021-1781,2021-03-11T03:17:47.662Z,Hambantota,DRY,Animal Attack,1,7,1,Wildlife Officers|Veterinary Kits,66,RESOLVED,CITIZEN
INC-2022-1782,2022-09-26T07:52:54.442Z,Matale,HILL,Landslide,1,163,0,Dry Rations|Medical Kits,124,RESOLVED,OFFICER
INC-2022-1783,2022-06-14T21:49:44.821Z,Kandy,HILL,Landslide,5,1310,5,Boats|Rescue Teams|Dry Rations|Medical Kits,32,RESOLVED,CITIZEN
INC-2022-1784,2022-08-19T01:52:47.383Z,Matara,WET,Flood,1,470,0,Dry Rations|Medical Kits,30,RESOLVED,CITIZEN
INC-2022-1785,2022-01-26T02:41:37.990Z,Vavuniya,DRY,High Winds/Cyclone,3,1179,0,,27,RESOLVED,OFFICER
INC-2025-1786,2025-10-26T14:51:42.520Z,Kandy,HILL,Flood,1,1768,0,Dry Rations|Medical Kits,76,RESOLVED,CITIZEN
INC-2025-1787,2025-11-19T17:21:53.227Z,Mullaitivu,EAST_NORTH,High Winds/Cyclone,2,344,0,,39,RESOLVED,OFFICER
INC-2024-1788,2024-12-27T16:32:56.094Z,Vavuniya,DRY,Flood,2,268,0,Dry Rations|Medical Kits,114,RESOLVED,CITIZEN
INC-2024-1789,2024-04-11T13:28:26.565Z,Matale,HILL,Landslide,4,1644,9,Boats|Rescue Teams|Dry Rations|Medical Kits,45,RESOLVED,CITIZEN
INC-2022-1790,2022-04-26T18:34:28.615Z,Nuwara Eliya,HILL,Animal Attack,2,5,0,Wildlife Officers|Veterinary Kits,34,RESOLVED,OFFICER
INC-2023-1791,2023-03-22T18:49:48.117Z,Nuwara Eliya,HILL,Flood,1,1194,0,Dry Rations|Medical Kits,59,RESOLVED,CITIZEN
INC-2023-1792,2023-02-06T08:15:02.184Z,Kalutara,WET,Flood,2,4164,0,Dry Rations|Medical Kits,87,RESOLVED,MEDIA
INC-2022-1793,2022-10-18T14:37:06.075Z,Badulla,HILL,Flood,1,1411,0,Dry Rations|Medical Kits,83,RESOLVED,CITIZEN
INC-2023-1794,2023-05-03T07:30:09.369Z,Colombo,WET,Flood,2,5396,0,Dry Rations|Medical Kits,23,RESOLVED,CITIZEN
INC-2025-1795,2025-04-30T07:16:55.411Z,Matale,HILL,Flood,3,9099,0,Boats|Rescue Teams|Dry Rations|Medical Kits,104,RESOLVED,CITIZEN
INC-2018-1796,2018-06-13T22:53:28.358Z,Mannar,DRY,Flood,2,3788,0,Dry Rations|Medical Kits,85,RESOLVED,CITIZEN
INC-2021-1797,2021-08-01T05:26:59.763Z,Ratnapura,HILL,Flood,1,864,0,Dry Rations|Medical Kits,34,RESOLVED,CITIZEN
INC-2025-1798,2025-07-13T03:52:08.280Z,Galle,WET,Flood,2,4852,0,Dry Rations|Medical Kits,44,RESOLVED,SENSOR
INC-2020-1799,2020-02-24T09:39:38.440Z,Kandy,HILL,Landslide,2,236,0,Dry Rations|Medical Kits,32,RESOLVED,OFFICER
INC-2020-1800,2020-10-18T11:28:27.817Z,Gampaha,WET,Flood,1,1479,0,Dry Rations|Medical Kits,24,RESOLVED,SENSOR
INC-2021-1801,2021-05-14T05:21:02.614Z,Kandy,HILL,Landslide,1,266,0,Dry Rations|Medical Kits,157,RESOLVED,CITIZEN
INC-2022-1802,2022-07-13T17:36:40.591Z,Galle,WET,Flood,1,1673,0,Dry Rations|Medical Kits,82,RESOLVED,OFFICER
INC-2021-1803,2021-12-01T04:15:55.456Z,Puttalam,DRY,Animal Attack,1,3,0,Wildlife Officers|Veterinary Kits,68,RESOLVED,CITIZEN
INC-2025-1804,2025-08-15T06:32:08.308Z,Kandy,HILL,Flood,1,1903,0,Dry Rations|Medical Kits,54,RESOLVED,CITIZEN
INC-2025-1805,2025-08-26T03:31:02.971Z,Matale,HILL,Flood,4,19280,4,Boats|Rescue Teams|Dry Rations|Medical Kits,116,RESOLVED,CITIZEN
INC-2024-1806,2024-09-30T06:46:58.046Z,Anuradhapura,DRY,Drought,2,73054,0,Water Bowsers|Dry Rations,2308,RESOLVED,CITIZEN
INC-2021-1807,2021-03-18T15:06:01.211Z,Puttalam,DRY,Animal Attack,1,3,1,Wildlife Officers|Veterinary Kits,50,RESOLVED,SENSOR
INC-2018-1808,2018-11-21T09:40:24.685Z,Gampaha,WET,Landslide,1,61,0,Dry Rations|Medical Kits,54,RESOLVED,CITIZEN
INC-2025-1809,2025-11-16T09:37:03.061Z,Kilinochchi,EAST_NORTH,Animal Attack,2,2,1,Wildlife Officers|Veterinary Kits,81,RESOLVED,CITIZEN
INC-2018-1810,2018-03-18T03:20:15.544Z,Ratnapura,HILL,Landslide,1,130,0,Dry Rations|Medical Kits,162,RESOLVED,SENSOR
INC-2021-1811,2021-08-22T12:14:57.556Z,Gampaha,WET,Flood,3,6255,0,Boats|Rescue Teams|Dry Rations|Medical Kits,112,RESOLVED,CITIZEN
INC-2023-1812,2023-01-29T01:50:45.813Z,Gampaha,WET,Flood,3,3447,0,Boats|Rescue Teams|Dry Rations|Medical Kits,34,RESOLVED,OFFICER
INC-2021-1813,2021-08-23T18:14:08.547Z,Puttalam,DRY,Forest Fire,2,146,0,Fire Trucks|Air Support,67,RESOLVED,CITIZEN
INC-2020-1814,2020-02-18T15:17:46.725Z,Hambantota,DRY,High Winds/Cyclone,4,16992,0,,119,RESOLVED,SENSOR
INC-2021-1815,2021-05-24T10:52:11.806Z,Mannar,DRY,Drought,2,78522,0,Water Bowsers|Dry Rations,1492,RESOLVED,MEDIA
INC-2020-1816,2020-08-22T15:44:00.130Z,Kalutara,WET,Flood,2,2724,0,Dry Rations|Medical Kits,100,RESOLVED,CITIZEN
INC-2025-1817,2025-02-03T13:13:44.776Z,Kegalle,HILL,Flood,3,6012,0,Boats|Rescue Teams|Dry Rations|Medical Kits,88,RESOLVED,MEDIA
INC-2025-1818,2025-02-06T10:26:23.299Z,Kandy,HILL,High Winds/Cyclone,2,5016,0,,63,RESOLVED,CITIZEN
INC-2020-1819,2020-05-07T18:08:47.960Z,Ampara,EAST_NORTH,Flood,3,15894,0,Boats|Rescue Teams|Dry Rations|Medical Kits,29,RESOLVED,CITIZEN
INC-2025-1820,2025-11-01T00:44:48.424Z,Polonnaruwa,DRY,Forest Fire,3,225,0,Fire Trucks|Air Support,214,RESOLVED,CITIZEN
INC-2019-1821,2019-07-29T11:42:12.013Z,Mullaitivu,EAST_NORTH,Drought,2,29212,0,Water Bowsers|Dry Rations,1861,RESOLVED,SENSOR
INC-2024-1822,2024-02-04T20:43:51.857Z,Jaffna,EAST_NORTH,Animal Attack,1,8,0,Wildlife Officers|Veterinary Kits,30,RESOLVED,CITIZEN
INC-2026-1823,2026-01-26T09:34:40.135Z,Matara,WET,Landslide,1,75,0,Dry Rations|Medical Kits,48,RESOLVED,CITIZEN
INC-2021-1824,2021-03-03T14:23:39.866Z,Mullaitivu,EAST_NORTH,Drought,2,71460,0,Water Bowsers|Dry Rations,3888,RESOLVED,CITIZEN
INC-2022-1825,2022-06-24T10:54:47.209Z,Kilinochchi,EAST_NORTH,Flood,2,2212,0,Dry Rations|Medical Kits,31,RESOLVED,CITIZEN
INC-2018-1826,2018-10-30T12:23:46.664Z,Matara,WET,Animal Attack,1,4,0,Wildlife Officers|Veterinary Kits,78,RESOLVED,OFFICER
INC-2020-1827,2020-12-29T14:38:59.658Z,Kegalle,HILL,Flood,3,9828,0,Boats|Rescue Teams|Dry Rations|Medical Kits,106,RESOLVED,CITIZEN
INC-2021-1828,2021-06-25T15:32:59.744Z,Vavuniya,DRY,Flood,4,13856,8,Boats|Rescue Teams|Dry Rations|Medical Kits,68,RESOLVED,SENSOR
INC-2018-1829,2018-01-11T17:49:41.633Z,Mannar,DRY,Flood,2,1100,0,Dry Rations|Medical Kits,89,RESOLVED,OFFICER
INC-2021-1830,2021-12-28T01:29:31.131Z,Galle,WET,Flood,3,1179,0,Boats|Rescue Teams|Dry Rations|Medical Kits,84,RESOLVED,CITIZEN
INC-2020-1831,2020-04-18T15:29:51.932Z,Kilinochchi,EAST_NORTH,High Winds/Cyclone,1,747,0,,98,RESOLVED,CITIZEN
INC-2024-1832,2024-12-12T22:03:29.133Z,Kurunegala,DRY,Flood,1,810,0,Dry Rations|Medical Kits,81,RESOLVED,CITIZEN
INC-2023-1833,2023-06-12T17:39:17.814Z,Matara,WET,Flood,3,15777,0,Boats|Rescue Teams|Dry Rations|Medical Kits,119,RESOLVED,OFFICER
INC-2021-1834,2021-08-20T05:51:01.589Z,Ampara,EAST_NORTH,Drought,1,22154,0,Water Bowsers|Dry Rations,1750,RESOLVED,OFFICER
INC-2024-1835,2024-03-29T21:07:13.659Z,Matara,WET,Flood,1,579,0,Dry Rations|Medical Kits,80,RESOLVED,SENSOR
INC-2024-1836,2024-10-19T07:31:40.416Z,Puttalam,DRY,Drought,3,40707,0,Water Bowsers|Dry Rations,2162,RESOLVED,OFFICER
INC-2021-1837,2021-07-07T06:25:45.487Z,Polonnaruwa,DRY,Forest Fire,3,198,0,Fire Trucks|Air Support,223,RESOLVED,OFFICER
INC-2024-1838,2024-09-25T23:43:14.353Z,Kandy,HILL,Landslide,1,192,0,Dry Rations|Medical Kits,172,RESOLVED,CITIZEN
INC-2021-1839,2021-04-30T01:27:16.172Z,Hambantota,DRY,Drought,1,24745,0,Water Bowsers|Dry Rations,3896,RESOLVED,OFFICER
INC-2018-1840,2018-10-19T05:00:38.009Z,Kandy,HILL,Flood,4,15264,4,Boats|Rescue Teams|Dry Rations|Medical Kits,22,RESOLVED,OFFICER
INC-2023-1841,2023-10-14T10:21:05.394Z,Nuwara Eliya,HILL,Flood,3,2826,0,Boats|Rescue Teams|Dry Rations|Medical Kits,94,RESOLVED,CITIZEN
INC-2018-1842,2018-10-08T00:03:03.241Z,Galle,WET,Animal Attack,1,1,1,Wildlife Officers|Veterinary Kits,46,RESOLVED,CITIZEN
INC-2023-1843,2023-03-17T16:29:17.867Z,Ampara,EAST_NORTH,Drought,3,78723,0,Water Bowsers|Dry Rations,2466,RESOLVED,OFFICER
INC-2023-1844,2023-05-05T11:49:29.279Z,Colombo,WET,Flood,1,991,0,Dry Rations|Medical Kits,44,RESOLVED,SENSOR
INC-2022-1845,2022-04-07T23:37:43.305Z,Kurunegala,DRY,Drought,3,104892,0,Water Bowsers|Dry Rations,2121,RESOLVED,OFFICER
INC-2021-1846,2021-08-13T09:10:56.088Z,Matara,WET,Flood,3,2781,0,Boats|Rescue Teams|Dry Rations|Medical Kits,61,RESOLVED,OFFICER
INC-2021-1847,2021-01-30T23:15:18.696Z,Kandy,HILL,Forest Fire,2,180,0,Fire Trucks|Air Support,69,RESOLVED,CITIZEN
INC-2020-1848,2020-02-29T08:38:16.788Z,Anuradhapura,DRY,Animal Attack,1,5,2,Wildlife Officers|Veterinary Kits,30,RESOLVED,CITIZEN
INC-2021-1849,2021-02-16T22:07:21.957Z,Polonnaruwa,DRY,Flood,1,1788,0,Dry Rations|Medical Kits,86,RESOLVED,CITIZEN
INC-2024-1850,2024-06-11T02:19:30.249Z,Jaffna,EAST_NORTH,High Winds/Cyclone,1,212,0,,69,RESOLVED,CITIZEN
INC-2024-1851,2024-05-07T12:26:59.948Z,Ratnapura,HILL,Landslide,1,393,0,Dry Rations|Medical Kits,136,RESOLVED,CITIZEN
INC-2021-1852,2021-12-28T09:32:21.403Z,Hambantota,DRY,Flood,1,1917,0,Dry Rations|Medical Kits,116,RESOLVED,OFFICER
INC-2021-1853,2021-03-30T02:04:43.638Z,Nuwara Eliya,HILL,Flood,2,2936,0,Dry Rations|Medical Kits,18,RESOLVED,CITIZEN
INC-2021-1854,2021-01-12T08:50:05.998Z,Polonnaruwa,DRY,High Winds/Cyclone,2,4232,0,,53,RESOLVED,SENSOR
INC-2019-1855,2019-08-06T23:42:06.970Z,Monaragala,DRY,Animal Attack,1,9,1,Wildlife Officers|Veterinary Kits,75,RESOLVED,CITIZEN
INC-2021-1856,2021-10-11T19:54:00.928Z,Jaffna,EAST_NORTH,Drought,1,19515,0,Water Bowsers|Dry Rations,2744,RESOLVED,SENSOR
INC-2020-1857,2020-09-06T08:03:27.172Z,Kilinochchi,EAST_NORTH,Drought,3,107610,0,Water Bowsers|Dry Rations,3038,RESOLVED,SENSOR
INC-2025-1858,2025-10-12T06:44:33.418Z,Galle,WET,Flood,5,29100,7,Boats|Rescue Teams|Dry Rations|Medical Kits,106,RESOLVED,CITIZEN
INC-2022-1859,2022-01-15T14:52:00.802Z,Colombo,WET,Flood,3,9270,0,Boats|Rescue Teams|Dry Rations|Medical Kits,102,RESOLVED,CITIZEN
INC-2024-1860,2024-10-27T11:05:54.087Z,Badulla,HILL,Landslide,1,115,0,Dry Rations|Medical Kits,150,RESOLVED,CITIZEN
INC-2025-1861,2025-03-19T08:24:31.830Z,Kandy,HILL,High Winds/Cyclone,1,373,0,,47,RESOLVED,CITIZEN
INC-2020-1862,2020-05-07T02:39:58.262Z,Batticaloa,EAST_NORTH,Flood,1,363,0,Dry Rations|Medical Kits,57,RESOLVED,CITIZEN
INC-2024-1863,2024-11-09T15:15:15.554Z,Hambantota,DRY,Flood,4,17568,2,Boats|Rescue Teams|Dry Rations|Medical Kits,65,RESOLVED,SENSOR
INC-2020-1864,2020-02-17T14:22:16.216Z,Kegalle,HILL,Landslide,4,680,5,Boats|Rescue Teams|Dry Rations|Medical Kits,40,RESOLVED,CITIZEN
INC-2018-1865,2018-11-07T23:12:05.017Z,Galle,WET,Landslide,1,269,0,Dry Rations|Medical Kits,74,RESOLVED,SENSOR
INC-2021-1866,2021-02-07T05:00:28.310Z,Trincomalee,EAST_NORTH,Animal Attack,1,8,0,Wildlife Officers|Veterinary Kits,35,RESOLVED,CITIZEN
INC-2024-1867,2024-09-07T11:18:40.244Z,Mullaitivu,EAST_NORTH,Drought,3,53835,0,Water Bowsers|Dry Rations,1466,RESOLVED,OFFICER
INC-2022-1868,2022-04-30T17:12:13.546Z,Mullaitivu,EAST_NORTH,Drought,4,162836,0,Water Bowsers|Dry Rations,2677,RESOLVED,OFFICER
INC-2018-1869,2018-09-20T05:43:27.361Z,Ratnapura,HILL,High Winds/Cyclone,3,9126,0,,25,RESOLVED,CITIZEN
INC-2021-1870,2021-07-20T06:15:47.260Z,Mannar,DRY,Drought,2,70940,0,Water Bowsers|Dry Rations,3450,RESOLVED,CITIZEN
INC-2023-1871,2023-09-11T11:17:28.661Z,Kilinochchi,EAST_NORTH,Animal Attack,1,5,1,Wildlife Officers|Veterinary Kits,77,RESOLVED,OFFICER
INC-2022-1872,2022-01-07T05:50:21.223Z,Trincomalee,EAST_NORTH,High Winds/Cyclone,2,6176,0,,68,RESOLVED,SENSOR
INC-2021-1873,2021-08-25T17:57:37.136Z,Mullaitivu,EAST_NORTH,Drought,1,6930,0,Water Bowsers|Dry Rations,2108,RESOLVED,CITIZEN
INC-2023-1874,2023-09-14T07:49:16.181Z,Kegalle,HILL,Landslide,1,488,0,Dry Rations|Medical Kits,135,RESOLVED,OFFICER
INC-2019-1875,2019-08-18T06:08:13.418Z,Gampaha,WET,Flood,3,16083,0,Boats|Rescue Teams|Dry Rations|Medical Kits,76,RESOLVED,CITIZEN
INC-2019-1876,2019-11-09T00:45:43.628Z,Jaffna,EAST_NORTH,Drought,1,38739,0,Water Bowsers|Dry Rations,3063,RESOLVED,OFFICER
INC-2025-1877,2025-05-22T03:53:34.663Z,Jaffna,EAST_NORTH,Drought,1,29895,0,Water Bowsers|Dry Rations,3984,RESOLVED,CITIZEN
INC-2022-1878,2022-07-27T18:16:22.121Z,Vavuniya,DRY,Forest Fire,1,44,0,Fire Trucks|Air Support,108,RESOLVED,CITIZEN
INC-2025-1879,2025-06-14T13:21:06.246Z,Matara,WET,Flood,3,9504,0,Boats|Rescue Teams|Dry Rations|Medical Kits,26,RESOLVED,CITIZEN
INC-2019-1880,2019-04-04T06:54:55.448Z,Kalutara,WET,Flood,5,37225,4,Boats|Rescue Teams|Dry Rations|Medical Kits,16,RESOLVED,CITIZEN
INC-2019-1881,2019-05-05T02:00:14.063Z,Matale,HILL,Flood,3,7443,0,Boats|Rescue Teams|Dry Rations|Medical Kits,109,RESOLVED,SENSOR
INC-2023-1882,2023-04-25T23:21:55.804Z,Polonnaruwa,DRY,Drought,1,12852,0,Water Bowsers|Dry Rations,2054,RESOLVED,OFFICER
INC-2021-1883,2021-11-02T16:37:31.017Z,Mannar,DRY,Forest Fire,5,25,0,Fire Trucks|Air Support,56,RESOLVED,OFFICER
INC-2018-1884,2018-01-30T18:53:16.100Z,Gampaha,WET,Flood,3,13806,0,Boats|Rescue Teams|Dry Rations|Medical Kits,27,RESOLVED,CITIZEN
INC-2019-1885,2019-03-13T23:12:37.572Z,Matale,HILL,Animal Attack,1,1,0,Wildlife Officers|Veterinary Kits,73,RESOLVED,OFFICER
INC-2025-1886,2025-09-19T02:45:51.888Z,Monaragala,DRY,Drought,2,65978,0,Water Bowsers|Dry Rations,2696,RESOLVED,OFFICER
INC-2022-1887,2022-11-07T10:50:38.976Z,Matara,WET,Flood,2,4208,0,Dry Rations|Medical Kits,98,RESOLVED,MEDIA
INC-2023-1888,2023-06-22T02:46:21.241Z,Kalutara,WET,Landslide,2,212,0,Dry Rations|Medical Kits,156,RESOLVED,CITIZEN
INC-2020-1889,2020-06-18T00:53:37.961Z,Matara,WET,Flood,2,4432,0,Dry Rations|Medical Kits,27,RESOLVED,CITIZEN
INC-2024-1890,2024-04-13T08:06:17.622Z,Kegalle,HILL,High Winds/Cyclone,2,2604,0,,57,RESOLVED,SENSOR
INC-2022-1891,2022-02-18T03:05:37.893Z,Nuwara Eliya,HILL,Landslide,2,864,0,Dry Rations|Medical Kits,91,RESOLVED,CITIZEN
INC-2018-1892,2018-05-13T13:03:18.836Z,Mannar,DRY,Forest Fire,5,20,0,Fire Trucks|Air Support,157,RESOLVED,SENSOR
INC-2023-1893,2023-12-15T17:31:28.988Z,Vavuniya,DRY,Flood,2,5268,0,Dry Rations|Medical Kits,104,RESOLVED,CITIZEN
INC-2021-1894,2021-02-02T05:24:14.304Z,Matara,WET,Animal Attack,1,6,2,Wildlife Officers|Veterinary Kits,81,RESOLVED,CITIZEN
INC-2024-1895,2024-02-24T09:20:22.335Z,Kandy,HILL,Landslide,1,431,0,Dry Rations|Medical Kits,179,RESOLVED,OFFICER
INC-2023-1896,2023-12-03T20:46:25.019Z,Batticaloa,EAST_NORTH,High Winds/Cyclone,4,29984,2,,21,RESOLVED,CITIZEN
INC-2018-1897,2018-10-14T21:01:33.786Z,Badulla,HILL,Flood,5,19500,10,Boats|Rescue Teams|Dry Rations|Medical Kits,77,RESOLVED,CITIZEN
INC-2022-1898,2022-09-09T11:50:38.385Z,Kalutara,WET,Flood,5,20375,7,Boats|Rescue Teams|Dry Rations|Medical Kits,116,RESOLVED,CITIZEN
INC-2019-1899,2019-01-25T07:19:36.456Z,Matara,WET,Flood,5,20925,8,Boats|Rescue Teams|Dry Rations|Medical Kits,106,RESOLVED,SENSOR
INC-2022-1900,2022-08-04T23:40:32.289Z,Mannar,DRY,Drought,1,14382,0,Water Bowsers|Dry Rations,3935,RESOLVED,SENSOR
INC-2020-1901,2020-11-25T15:07:31.581Z,Monaragala,DRY,Drought,2,60626,0,Water Bowsers|Dry Rations,4002,RESOLVED,SENSOR
INC-2019-1902,2019-02-01T06:10:57.370Z,Ratnapura,HILL,Flood,3,6210,0,Boats|Rescue Teams|Dry Rations|Medical Kits,73,RESOLVED,MEDIA
INC-2025-1903,2025-08-18T06:14:13.254Z,Kalutara,WET,Flood,1,1643,0,Dry Rations|Medical Kits,58,RESOLVED,SENSOR
INC-2019-1904,2019-09-06T19:30:03.107Z,Galle,WET,Landslide,1,168,0,Dry Rations|Medical Kits,143,RESOLVED,SENSOR
INC-2021-1905,2021-09-04T09:42:48.554Z,Galle,WET,Flood,3,4725,0,Boats|Rescue Teams|Dry Rations|Medical Kits,44,RESOLVED,OFFICER
INC-2024-1906,2024-08-01T16:47:59.963Z,Badulla,HILL,Landslide,3,885,6,Boats|Rescue Teams|Dry Rations|Medical Kits,64,RESOLVED,OFFICER
INC-2018-1907,2018-01-29T13:13:39.682Z,Trincomalee,EAST_NORTH,Flood,4,15712,0,Boats|Rescue Teams|Dry Rations|Medical Kits,98,RESOLVED,CITIZEN
INC-2024-1908,2024-04-10T01:02:16.019Z,Ratnapura,HILL,High Winds/Cyclone,1,1710,0,,90,RESOLVED,OFFICER
INC-2021-1909,2021-05-31T10:11:40.124Z,Kalutara,WET,Flood,4,29664,5,Boats|Rescue Teams|Dry Rations|Medical Kits,68,RESOLVED,OFFICER
INC-2019-1910,2019-05-01T21:15:27.414Z,Monaragala,DRY,Flood,2,5980,0,Dry Rations|Medical Kits,30,RESOLVED,SENSOR
INC-2024-1911,2024-10-21T06:10:03.808Z,Galle,WET,Flood,5,5650,8,Boats|Rescue Teams|Dry Rations|Medical Kits,21,RESOLVED,CITIZEN
INC-2021-1912,2021-05-16T21:40:38.007Z,Galle,WET,Flood,1,1264,0,Dry Rations|Medical Kits,99,RESOLVED,CITIZEN
INC-2025-1913,2025-06-20T08:51:19.979Z,Ampara,EAST_NORTH,Flood,2,6544,0,Dry Rations|Medical Kits,54,RESOLVED,OFFICER
INC-2023-1914,2023-03-26T16:33:59.650Z,Matara,WET,Animal Attack,2,8,1,Wildlife Officers|Veterinary Kits,54,RESOLVED,CITIZEN
INC-2023-1915,2023-12-23T11:39:33.572Z,Mullaitivu,EAST_NORTH,High Winds/Cyclone,2,1968,0,,119,RESOLVED,OFFICER
INC-2020-1916,2020-08-08T22:43:41.512Z,Gampaha,WET,Flood,1,686,0,Dry Rations|Medical Kits,27,RESOLVED,CITIZEN
INC-2026-1917,2026-04-05T18:40:36.538Z,Vavuniya,DRY,Flood,1,382,0,Dry Rations|Medical Kits,70,RESOLVED,OFFICER
INC-2023-1918,2023-02-04T06:22:46.179Z,Matara,WET,Animal Attack,1,3,0,Wildlife Officers|Veterinary Kits,35,RESOLVED,CITIZEN
INC-2025-1919,2025-10-16T02:46:34.992Z,Colombo,WET,Flood,2,7876,0,Dry Rations|Medical Kits,23,RESOLVED,MEDIA
INC-2025-1920,2025-08-28T21:36:27.440Z,Ratnapura,HILL,Landslide,1,432,0,Dry Rations|Medical Kits,38,RESOLVED,SENSOR
INC-2023-1921,2023-01-27T18:26:29.802Z,Galle,WET,Flood,4,24672,8,Boats|Rescue Teams|Dry Rations|Medical Kits,70,RESOLVED,CITIZEN
INC-2019-1922,2019-08-18T08:55:34.249Z,Galle,WET,High Winds/Cyclone,3,11133,0,,87,RESOLVED,OFFICER
INC-2021-1923,2021-12-20T12:48:34.559Z,Kandy,HILL,Landslide,2,482,0,Dry Rations|Medical Kits,71,RESOLVED,OFFICER
INC-2026-1924,2026-03-28T12:02:13.014Z,Mannar,DRY,Drought,2,19224,0,Water Bowsers|Dry Rations,1952,RESOLVED,CITIZEN
INC-2021-1925,2021-02-04T00:06:04.436Z,Kegalle,HILL,High Winds/Cyclone,5,40600,3,,60,RESOLVED,OFFICER
INC-2022-1926,2022-03-30T22:52:42.983Z,Colombo,WET,Flood,2,6036,0,Dry Rations|Medical Kits,24,RESOLVED,OFFICER
INC-2026-1927,2026-05-10T08:59:37.631Z,Batticaloa,EAST_NORTH,Flood,1,1771,0,Dry Rations|Medical Kits,63,RESOLVED,CITIZEN
INC-2020-1928,2020-04-02T11:11:49.098Z,Monaragala,DRY,Drought,1,41684,0,Water Bowsers|Dry Rations,3463,RESOLVED,CITIZEN
INC-2020-1929,2020-07-06T06:47:26.846Z,Colombo,WET,Flood,1,1170,0,Dry Rations|Medical Kits,93,RESOLVED,OFFICER
INC-2018-1930,2018-09-24T18:51:14.338Z,Kalutara,WET,Flood,3,13320,0,Boats|Rescue Teams|Dry Rations|Medical Kits,102,RESOLVED,CITIZEN
INC-2024-1931,2024-06-05T15:29:55.619Z,Ampara,EAST_NORTH,Drought,2,13430,0,Water Bowsers|Dry Rations,2880,RESOLVED,CITIZEN
INC-2024-1932,2024-04-10T04:01:50.566Z,Kilinochchi,EAST_NORTH,Animal Attack,1,5,0,Wildlife Officers|Veterinary Kits,62,RESOLVED,OFFICER
INC-2019-1933,2019-09-22T23:37:58.492Z,Kurunegala,DRY,Animal Attack,2,1,1,Wildlife Officers|Veterinary Kits,53,RESOLVED,CITIZEN
INC-2022-1934,2022-08-16T01:40:28.138Z,Mannar,DRY,Drought,2,61824,0,Water Bowsers|Dry Rations,2682,RESOLVED,CITIZEN
INC-2024-1935,2024-06-30T16:57:34.164Z,Hambantota,DRY,Animal Attack,2,5,0,Wildlife Officers|Veterinary Kits,65,RESOLVED,OFFICER
INC-2024-1936,2024-02-23T08:15:20.257Z,Ampara,EAST_NORTH,High Winds/Cyclone,2,6980,0,,81,RESOLVED,OFFICER
INC-2022-1937,2022-11-17T08:48:04.578Z,Anuradhapura,DRY,Flood,3,14922,0,Boats|Rescue Teams|Dry Rations|Medical Kits,106,RESOLVED,OFFICER
INC-2021-1938,2021-04-20T15:55:29.188Z,Matale,HILL,Forest Fire,3,39,0,Fire Trucks|Air Support,175,RESOLVED,CITIZEN
INC-2021-1939,2021-10-20T18:21:02.577Z,Matara,WET,Flood,3,5526,0,Boats|Rescue Teams|Dry Rations|Medical Kits,44,RESOLVED,OFFICER
INC-2018-1940,2018-01-20T14:25:47.206Z,Trincomalee,EAST_NORTH,High Winds/Cyclone,2,3172,0,,80,RESOLVED,SENSOR
INC-2021-1941,2021-11-23T06:03:34.790Z,Mannar,DRY,Flood,5,23175,7,Boats|Rescue Teams|Dry Rations|Medical Kits,16,RESOLVED,SENSOR
INC-2023-1942,2023-05-18T13:15:16.058Z,Matara,WET,Flood,3,15993,0,Boats|Rescue Teams|Dry Rations|Medical Kits,41,RESOLVED,CITIZEN
INC-2026-1943,2026-01-06T13:30:07.855Z,Kalutara,WET,Flood,3,5652,0,Boats|Rescue Teams|Dry Rations|Medical Kits,51,RESOLVED,CITIZEN
INC-2025-1944,2025-11-29T20:52:09.051Z,Polonnaruwa,DRY,Flood,2,4852,0,Dry Rations|Medical Kits,38,RESOLVED,OFFICER
INC-2022-1945,2022-02-06T07:23:29.847Z,Polonnaruwa,DRY,Animal Attack,1,6,1,Wildlife Officers|Veterinary Kits,49,RESOLVED,MEDIA
INC-2018-1946,2018-10-26T14:12:43.682Z,Kurunegala,DRY,Animal Attack,1,2,1,Wildlife Officers|Veterinary Kits,68,RESOLVED,OFFICER
INC-2021-1947,2021-11-27T14:04:03.988Z,Kalutara,WET,Flood,4,7856,2,Boats|Rescue Teams|Dry Rations|Medical Kits,119,RESOLVED,MEDIA
INC-2022-1948,2022-12-18T22:58:07.968Z,Kandy,HILL,Animal Attack,1,2,0,Wildlife Officers|Veterinary Kits,64,RESOLVED,OFFICER
INC-2018-1949,2018-01-17T01:32:29.826Z,Matara,WET,Flood,5,24675,9,Boats|Rescue Teams|Dry Rations|Medical Kits,101,RESOLVED,CITIZEN
INC-2025-1950,2025-01-25T21:03:29.881Z,Matale,HILL,Flood,1,237,0,Dry Rations|Medical Kits,88,RESOLVED,OFFICER
INC-2024-1951,2024-07-07T22:53:02.672Z,Monaragala,DRY,Drought,1,8977,0,Water Bowsers|Dry Rations,2945,RESOLVED,OFFICER
INC-2023-1952,2023-09-01T08:05:51.948Z,Anuradhapura,DRY,Drought,1,45994,0,Water Bowsers|Dry Rations,2330,RESOLVED,OFFICER
INC-2018-1953,2018-04-29T06:15:18.684Z,Matale,HILL,Landslide,1,13,0,Dry Rations|Medical Kits,179,RESOLVED,CITIZEN
INC-2023-1954,2023-02-24T11:37:05.172Z,Nuwara Eliya,HILL,Landslide,1,446,0,Dry Rations|Medical Kits,70,RESOLVED,SENSOR
INC-2021-1955,2021-11-06T20:24:34.283Z,Batticaloa,EAST_NORTH,Drought,3,27492,0,Water Bowsers|Dry Rations,2296,RESOLVED,CITIZEN
INC-2022-1956,2022-03-09T18:38:29.186Z,Ratnapura,HILL,Animal Attack,1,5,0,Wildlife Officers|Veterinary Kits,62,RESOLVED,SENSOR
INC-2020-1957,2020-05-18T04:00:22.043Z,Badulla,HILL,Landslide,1,291,0,Dry Rations|Medical Kits,178,RESOLVED,OFFICER
INC-2018-1958,2018-02-19T12:18:05.001Z,Matara,WET,Flood,2,5308,0,Dry Rations|Medical Kits,29,RESOLVED,SENSOR
INC-2019-1959,2019-08-26T23:19:26.732Z,Batticaloa,EAST_NORTH,High Winds/Cyclone,1,1569,0,,90,RESOLVED,MEDIA
INC-2020-1960,2020-12-07T19:59:16.874Z,Batticaloa,EAST_NORTH,Flood,3,12600,0,Boats|Rescue Teams|Dry Rations|Medical Kits,40,RESOLVED,CITIZEN
INC-2025-1961,2025-10-15T07:48:58.227Z,Galle,WET,High Winds/Cyclone,5,35500,6,,17,RESOLVED,CITIZEN
INC-2021-1962,2021-02-20T16:11:43.640Z,Kalutara,WET,Flood,5,2950,2,Boats|Rescue Teams|Dry Rations|Medical Kits,103,RESOLVED,OFFICER
INC-2025-1963,2025-09-03T00:33:15.494Z,Batticaloa,EAST_NORTH,Animal Attack,1,10,0,Wildlife Officers|Veterinary Kits,49,RESOLVED,CITIZEN
INC-2020-1964,2020-12-09T15:22:49.106Z,Colombo,WET,Flood,4,20544,3,Boats|Rescue Teams|Dry Rations|Medical Kits,88,RESOLVED,CITIZEN
INC-2021-1965,2021-05-11T05:33:59.225Z,Hambantota,DRY,Drought,4,140544,0,Water Bowsers|Dry Rations,2283,RESOLVED,OFFICER
INC-2021-1966,2021-11-13T08:28:43.428Z,Badulla,HILL,High Winds/Cyclone,1,1652,0,,80,RESOLVED,OFFICER
INC-2018-1967,2018-08-30T13:40:19.666Z,Vavuniya,DRY,Drought,1,47378,0,Water Bowsers|Dry Rations,4157,RESOLVED,OFFICER
INC-2024-1968,2024-06-19T20:03:22.583Z,Hambantota,DRY,Flood,1,1229,0,Dry Rations|Medical Kits,98,RESOLVED,CITIZEN
INC-2018-1969,2018-08-05T18:35:22.145Z,Vavuniya,DRY,High Winds/Cyclone,1,268,0,,107,RESOLVED,CITIZEN
INC-2018-1970,2018-05-31T22:51:35.601Z,Galle,WET,Flood,3,9360,0,Boats|Rescue Teams|Dry Rations|Medical Kits,73,RESOLVED,OFFICER
INC-2022-1971,2022-08-16T00:48:17.205Z,Ampara,EAST_NORTH,High Winds/Cyclone,2,6968,0,,102,RESOLVED,SENSOR
INC-2024-1972,2024-08-14T00:46:12.313Z,Mullaitivu,EAST_NORTH,High Winds/Cyclone,1,676,0,,84,RESOLVED,CITIZEN
INC-2018-1973,2018-06-03T21:00:17.367Z,Gampaha,WET,Flood,2,684,0,Dry Rations|Medical Kits,88,RESOLVED,CITIZEN
INC-2022-1974,2022-05-11T02:24:48.632Z,Ampara,EAST_NORTH,Flood,3,13905,0,Boats|Rescue Teams|Dry Rations|Medical Kits,74,RESOLVED,CITIZEN
INC-2022-1975,2022-04-07T22:42:19.667Z,Trincomalee,EAST_NORTH,Flood,2,712,0,Dry Rations|Medical Kits,89,RESOLVED,CITIZEN
INC-2019-1976,2019-02-02T07:37:52.889Z,Colombo,WET,Flood,4,23152,0,Boats|Rescue Teams|Dry Rations|Medical Kits,35,RESOLVED,CITIZEN
INC-2025-1977,2025-07-03T11:28:25.415Z,Galle,WET,Flood,4,9984,7,Boats|Rescue Teams|Dry Rations|Medical Kits,75,RESOLVED,SENSOR
INC-2021-1978,2021-11-19T09:06:23.509Z,Colombo,WET,Animal Attack,1,4,1,Wildlife Officers|Veterinary Kits,48,RESOLVED,CITIZEN
INC-2021-1979,2021-08-11T15:21:16.351Z,Gampaha,WET,Flood,3,16596,0,Boats|Rescue Teams|Dry Rations|Medical Kits,43,RESOLVED,SENSOR
INC-2018-1980,2018-04-15T04:28:19.803Z,Kalutara,WET,Animal Attack,2,3,2,Wildlife Officers|Veterinary Kits,79,RESOLVED,SENSOR
INC-2021-1981,2021-10-21T11:34:53.230Z,Colombo,WET,Flood,4,22944,2,Boats|Rescue Teams|Dry Rations|Medical Kits,117,RESOLVED,CITIZEN
INC-2021-1982,2021-09-10T16:30:43.372Z,Kilinochchi,EAST_NORTH,Drought,1,48298,0,Water Bowsers|Dry Rations,3895,RESOLVED,CITIZEN
INC-2025-1983,2025-11-18T06:56:35.893Z,Trincomalee,EAST_NORTH,Drought,4,23368,0,Water Bowsers|Dry Rations,2313,RESOLVED,SENSOR
INC-2024-1984,2024-05-22T23:19:05.075Z,Mannar,DRY,Flood,3,3996,0,Boats|Rescue Teams|Dry Rations|Medical Kits,22,RESOLVED,CITIZEN
INC-2025-1985,2025-04-08T01:53:56.725Z,Puttalam,DRY,Drought,2,26076,0,Water Bowsers|Dry Rations,2146,RESOLVED,OFFICER
INC-2025-1986,2025-08-02T17:19:34.840Z,Gampaha,WET,Flood,2,920,0,Dry Rations|Medical Kits,120,RESOLVED,MEDIA
INC-2020-1987,2020-03-10T22:57:14.744Z,Gampaha,WET,Landslide,1,176,0,Dry Rations|Medical Kits,107,RESOLVED,CITIZEN
INC-2023-1988,2023-03-12T18:24:43.991Z,Matale,HILL,Landslide,1,35,0,Dry Rations|Medical Kits,60,RESOLVED,CITIZEN
INC-2018-1989,2018-05-11T14:34:33.898Z,Matale,HILL,Landslide,4,1420,4,Boats|Rescue Teams|Dry Rations|Medical Kits,42,RESOLVED,SENSOR
INC-2025-1990,2025-08-25T04:03:08.437Z,Puttalam,DRY,Drought,5,122975,0,Water Bowsers|Dry Rations,4007,RESOLVED,CITIZEN
INC-2022-1991,2022-09-28T05:58:28.342Z,Ampara,EAST_NORTH,Animal Attack,2,4,0,Wildlife Officers|Veterinary Kits,57,RESOLVED,OFFICER
INC-2020-1992,2020-06-06T11:08:50.113Z,Trincomalee,EAST_NORTH,Drought,1,21126,0,Water Bowsers|Dry Rations,3344,RESOLVED,CITIZEN
INC-2021-1993,2021-12-19T20:23:48.612Z,Gampaha,WET,Animal Attack,1,7,2,Wildlife Officers|Veterinary Kits,89,RESOLVED,CITIZEN
INC-2018-1994,2018-02-20T09:38:39.112Z,Badulla,HILL,Landslide,2,214,0,Dry Rations|Medical Kits,177,RESOLVED,CITIZEN
INC-2019-1995,2019-05-08T04:46:55.962Z,Kandy,HILL,High Winds/Cyclone,2,3872,0,,18,RESOLVED,MEDIA
INC-2020-1996,2020-05-15T17:41:13.960Z,Kurunegala,DRY,Animal Attack,1,9,1,Wildlife Officers|Veterinary Kits,45,RESOLVED,CITIZEN
INC-2023-1997,2023-08-21T22:32:34.158Z,Puttalam,DRY,High Winds/Cyclone,2,4888,0,,89,RESOLVED,CITIZEN
INC-2023-1998,2023-01-20T12:33:55.692Z,Kegalle,HILL,Flood,3,8910,0,Boats|Rescue Teams|Dry Rations|Medical Kits,20,RESOLVED,OFFICER
INC-2019-1999,2019-08-22T04:31:45.902Z,Mannar,DRY,Drought,4,71068,0,Water Bowsers|Dry Rations,3525,RESOLVED,OFFICER
INC-2020-2000,2020-07-27T02:46:50.901Z,Galle,WET,Flood,1,1130,0,Dry Rations|Medical Kits,65,RESOLVED,SENSOR
INC-2024-2001,2024-01-04T22:43:05.318Z,Polonnaruwa,DRY,Flood,3,5697,0,Boats|Rescue Teams|Dry Rations|Medical Kits,87,RESOLVED,CITIZEN
INC-2021-2002,2021-04-21T20:09:09.718Z,Ampara,EAST_NORTH,Drought,1,29769,0,Water Bowsers|Dry Rations,2970,RESOLVED,CITIZEN
INC-2021-2003,2021-11-07T07:41:00.202Z,Ratnapura,HILL,Animal Attack,1,9,0,Wildlife Officers|Veterinary Kits,42,RESOLVED,OFFICER
INC-2022-2004,2022-03-04T05:05:32.721Z,Gampaha,WET,Flood,1,207,0,Dry Rations|Medical Kits,40,RESOLVED,CITIZEN
INC-2022-2005,2022-08-23T03:07:56.905Z,Polonnaruwa,DRY,Flood,3,7965,0,Boats|Rescue Teams|Dry Rations|Medical Kits,113,RESOLVED,CITIZEN
INC-2025-2006,2025-10-15T10:57:31.451Z,Matara,WET,High Winds/Cyclone,2,5804,0,,49,RESOLVED,OFFICER
INC-2026-2007,2026-03-03T06:08:02.323Z,Batticaloa,EAST_NORTH,Drought,1,12866,0,Water Bowsers|Dry Rations,3862,RESOLVED,MEDIA
INC-2020-2008,2020-03-01T23:02:05.584Z,Colombo,WET,Animal Attack,2,10,2,Wildlife Officers|Veterinary Kits,59,RESOLVED,CITIZEN
INC-2024-2009,2024-07-07T08:15:19.704Z,Anuradhapura,DRY,Drought,5,46320,0,Water Bowsers|Dry Rations,3695,RESOLVED,SENSOR
INC-2021-2010,2021-09-23T17:53:38.841Z,Jaffna,EAST_NORTH,Forest Fire,1,10,0,Fire Trucks|Air Support,126,RESOLVED,OFFICER
INC-2019-2011,2019-09-24T21:56:35.253Z,Kurunegala,DRY,Drought,4,64212,0,Water Bowsers|Dry Rations,4276,RESOLVED,CITIZEN
INC-2021-2012,2021-10-06T09:45:44.055Z,Jaffna,EAST_NORTH,Animal Attack,1,7,2,Wildlife Officers|Veterinary Kits,51,RESOLVED,CITIZEN
INC-2023-2013,2023-03-01T20:31:45.339Z,Vavuniya,DRY,High Winds/Cyclone,2,4976,0,,35,RESOLVED,CITIZEN
INC-2018-2014,2018-12-24T02:23:57.616Z,Kegalle,HILL,Landslide,1,450,0,Dry Rations|Medical Kits,82,RESOLVED,CITIZEN
INC-2024-2015,2024-10-07T22:28:01.558Z,Galle,WET,Flood,1,941,0,Dry Rations|Medical Kits,21,RESOLVED,CITIZEN
INC-2019-2016,2019-05-14T22:17:57.001Z,Kurunegala,DRY,Drought,2,34024,0,Water Bowsers|Dry Rations,3751,RESOLVED,OFFICER
INC-2023-2017,2023-05-10T06:09:32.695Z,Gampaha,WET,Flood,4,28944,6,Boats|Rescue Teams|Dry Rations|Medical Kits,59,RESOLVED,CITIZEN
INC-2024-2018,2024-04-16T04:42:49.057Z,Badulla,HILL,Flood,1,480,0,Dry Rations|Medical Kits,95,RESOLVED,OFFICER
INC-2023-2019,2023-06-24T13:44:57.498Z,Nuwara Eliya,HILL,High Winds/Cyclone,2,4668,0,,49,RESOLVED,SENSOR
INC-2023-2020,2023-06-21T09:14:58.470Z,Matara,WET,Flood,3,14346,0,Boats|Rescue Teams|Dry Rations|Medical Kits,108,RESOLVED,SENSOR
INC-2025-2021,2025-02-28T23:25:18.211Z,Trincomalee,EAST_NORTH,High Winds/Cyclone,2,3864,0,,23,RESOLVED,OFFICER
INC-2023-2022,2023-08-23T10:31:33.808Z,Matale,HILL,Flood,3,12411,0,Boats|Rescue Teams|Dry Rations|Medical Kits,119,RESOLVED,OFFICER
INC-2023-2023,2023-07-07T08:09:01.843Z,Colombo,WET,Flood,2,5732,0,Dry Rations|Medical Kits,81,RESOLVED,OFFICER
INC-2020-2024,2020-02-06T22:32:32.184Z,Hambantota,DRY,High Winds/Cyclone,2,3596,0,,55,RESOLVED,CITIZEN
INC-2018-2025,2018-10-07T23:29:14.654Z,Puttalam,DRY,Animal Attack,1,3,1,Wildlife Officers|Veterinary Kits,73,RESOLVED,CITIZEN
INC-2020-2026,2020-08-30T13:41:57.840Z,Galle,WET,Flood,4,30992,7,Boats|Rescue Teams|Dry Rations|Medical Kits,82,RESOLVED,CITIZEN
INC-2023-2027,2023-03-16T12:50:51.943Z,Matale,HILL,Landslide,2,370,0,Dry Rations|Medical Kits,49,RESOLVED,OFFICER
INC-2021-2028,2021-08-29T06:28:37.014Z,Hambantota,DRY,Drought,1,21116,0,Water Bowsers|Dry Rations,2671,RESOLVED,SENSOR
INC-2023-2029,2023-02-17T03:47:25.021Z,Hambantota,DRY,Flood,2,2488,0,Dry Rations|Medical Kits,33,RESOLVED,SENSOR
INC-2026-2030,2026-05-19T22:05:47.709Z,Monaragala,DRY,Drought,3,50604,0,Water Bowsers|Dry Rations,3387,RESOLVED,CITIZEN
INC-2018-2031,2018-08-12T12:31:22.212Z,Galle,WET,Flood,3,4311,0,Boats|Rescue Teams|Dry Rations|Medical Kits,27,RESOLVED,MEDIA
INC-2024-2032,2024-10-07T19:49:29.965Z,Anuradhapura,DRY,High Winds/Cyclone,1,417,0,,80,RESOLVED,OFFICER
INC-2024-2033,2024-03-02T14:11:13.661Z,Nuwara Eliya,HILL,High Winds/Cyclone,3,14481,0,,89,RESOLVED,SENSOR
INC-2024-2034,2024-05-07T10:47:43.601Z,Galle,WET,Flood,2,3004,0,Dry Rations|Medical Kits,77,RESOLVED,OFFICER
INC-2018-2035,2018-11-29T10:32:52.252Z,Kalutara,WET,Flood,1,1801,0,Dry Rations|Medical Kits,119,RESOLVED,OFFICER
INC-2018-2036,2018-08-02T03:06:15.318Z,Matara,WET,Flood,2,2820,0,Dry Rations|Medical Kits,32,RESOLVED,CITIZEN
INC-2025-2037,2025-02-03T02:21:29.353Z,Hambantota,DRY,Flood,5,28250,10,Boats|Rescue Teams|Dry Rations|Medical Kits,47,RESOLVED,OFFICER
INC-2025-2038,2025-09-02T18:16:28.274Z,Jaffna,EAST_NORTH,Forest Fire,1,14,0,Fire Trucks|Air Support,109,RESOLVED,CITIZEN
INC-2020-2039,2020-08-27T04:37:15.996Z,Gampaha,WET,Flood,1,1426,0,Dry Rations|Medical Kits,96,RESOLVED,OFFICER
INC-2022-2040,2022-08-20T09:28:31.809Z,Jaffna,EAST_NORTH,Drought,2,21264,0,Water Bowsers|Dry Rations,2147,RESOLVED,OFFICER
INC-2021-2041,2021-11-20T04:36:45.120Z,Polonnaruwa,DRY,Flood,1,1658,0,Dry Rations|Medical Kits,94,RESOLVED,CITIZEN
INC-2023-2042,2023-08-22T16:17:28.923Z,Matale,HILL,Flood,3,6075,0,Boats|Rescue Teams|Dry Rations|Medical Kits,27,RESOLVED,SENSOR
INC-2019-2043,2019-11-14T07:41:59.962Z,Kurunegala,DRY,Forest Fire,1,38,0,Fire Trucks|Air Support,128,RESOLVED,CITIZEN
INC-2020-2044,2020-09-02T01:57:44.450Z,Gampaha,WET,Flood,3,9945,0,Boats|Rescue Teams|Dry Rations|Medical Kits,120,RESOLVED,CITIZEN
INC-2021-2045,2021-03-20T13:31:16.991Z,Puttalam,DRY,Flood,3,14877,0,Boats|Rescue Teams|Dry Rations|Medical Kits,35,RESOLVED,CITIZEN
INC-2023-2046,2023-05-21T10:11:57.367Z,Gampaha,WET,Landslide,1,304,0,Dry Rations|Medical Kits,173,RESOLVED,OFFICER
INC-2026-2047,2026-02-22T18:44:48.123Z,Badulla,HILL,Flood,2,3728,0,Dry Rations|Medical Kits,37,RESOLVED,CITIZEN
INC-2018-2048,2018-04-04T17:31:13.662Z,Mullaitivu,EAST_NORTH,Animal Attack,1,7,0,Wildlife Officers|Veterinary Kits,75,RESOLVED,OFFICER
INC-2025-2049,2025-12-20T18:41:59.088Z,Kandy,HILL,Flood,2,1924,0,Dry Rations|Medical Kits,43,RESOLVED,OFFICER
INC-2024-2050,2024-11-18T08:34:43.487Z,Kandy,HILL,Flood,2,6984,0,Dry Rations|Medical Kits,83,RESOLVED,OFFICER
INC-2021-2051,2021-04-28T05:07:14.648Z,Trincomalee,EAST_NORTH,Animal Attack,1,1,1,Wildlife Officers|Veterinary Kits,46,RESOLVED,CITIZEN
INC-2024-2052,2024-11-23T05:39:37.007Z,Puttalam,DRY,Drought,2,88350,0,Water Bowsers|Dry Rations,2209,RESOLVED,OFFICER
INC-2019-2053,2019-03-23T07:09:02.418Z,Kegalle,HILL,Flood,1,1950,0,Dry Rations|Medical Kits,90,RESOLVED,SENSOR
INC-2021-2054,2021-03-07T20:40:34.536Z,Galle,WET,Flood,3,6246,0,Boats|Rescue Teams|Dry Rations|Medical Kits,53,RESOLVED,CITIZEN
INC-2020-2055,2020-06-08T19:53:09.084Z,Trincomalee,EAST_NORTH,Drought,2,63660,0,Water Bowsers|Dry Rations,2176,RESOLVED,CITIZEN
INC-2018-2056,2018-12-29T13:15:52.332Z,Mannar,DRY,Animal Attack,2,9,2,Wildlife Officers|Veterinary Kits,36,RESOLVED,CITIZEN
INC-2018-2057,2018-08-06T15:04:15.102Z,Trincomalee,EAST_NORTH,Drought,3,73101,0,Water Bowsers|Dry Rations,3960,RESOLVED,CITIZEN
INC-2018-2058,2018-12-26T08:14:07.173Z,Matale,HILL,Flood,3,16254,0,Boats|Rescue Teams|Dry Rations|Medical Kits,35,RESOLVED,OFFICER
INC-2018-2059,2018-09-05T07:38:32.371Z,Monaragala,DRY,Drought,2,65196,0,Water Bowsers|Dry Rations,4112,RESOLVED,CITIZEN
INC-2019-2060,2019-06-09T03:51:39.874Z,Kalutara,WET,Landslide,3,807,9,Boats|Rescue Teams|Dry Rations|Medical Kits,148,RESOLVED,CITIZEN
INC-2018-2061,2018-06-11T21:15:47.147Z,Kilinochchi,EAST_NORTH,High Winds/Cyclone,1,572,0,,104,RESOLVED,CITIZEN
INC-2024-2062,2024-01-29T01:52:40.357Z,Matara,WET,Landslide,1,21,0,Dry Rations|Medical Kits,130,RESOLVED,CITIZEN
INC-2018-2063,2018-04-06T04:46:41.391Z,Kalutara,WET,Flood,4,1360,4,Boats|Rescue Teams|Dry Rations|Medical Kits,47,RESOLVED,CITIZEN
INC-2024-2064,2024-01-20T01:52:06.800Z,Mannar,DRY,Flood,2,4568,0,Dry Rations|Medical Kits,27,RESOLVED,CITIZEN
INC-2021-2065,2021-04-02T07:16:27.960Z,Matale,HILL,Flood,1,1603,0,Dry Rations|Medical Kits,115,RESOLVED,CITIZEN
INC-2018-2066,2018-11-13T06:13:53.611Z,Colombo,WET,Flood,1,68,0,Dry Rations|Medical Kits,81,RESOLVED,CITIZEN
INC-2018-2067,2018-06-10T04:15:49.958Z,Jaffna,EAST_NORTH,Animal Attack,1,8,0,Wildlife Officers|Veterinary Kits,86,RESOLVED,SENSOR
INC-2021-2068,2021-11-15T03:09:00.911Z,Polonnaruwa,DRY,High Winds/Cyclone,3,12177,0,,113,RESOLVED,OFFICER
INC-2019-2069,2019-09-02T04:37:01.551Z,Monaragala,DRY,Drought,4,120396,0,Water Bowsers|Dry Rations,4287,RESOLVED,SENSOR
INC-2023-2070,2023-12-03T10:17:13.237Z,Nuwara Eliya,HILL,Landslide,3,693,3,Boats|Rescue Teams|Dry Rations|Medical Kits,154,RESOLVED,OFFICER
INC-2025-2071,2025-10-22T11:41:49.560Z,Vavuniya,DRY,Flood,2,7172,0,Dry Rations|Medical Kits,21,RESOLVED,MEDIA
INC-2026-2072,2026-02-03T19:02:20.267Z,Kegalle,HILL,Flood,2,4940,0,Dry Rations|Medical Kits,59,RESOLVED,OFFICER
INC-2019-2073,2019-06-24T07:08:08.273Z,Kilinochchi,EAST_NORTH,Animal Attack,1,2,1,Wildlife Officers|Veterinary Kits,62,RESOLVED,CITIZEN
INC-2024-2074,2024-03-22T01:51:06.052Z,Mullaitivu,EAST_NORTH,Animal Attack,1,10,0,Wildlife Officers|Veterinary Kits,68,RESOLVED,OFFICER
INC-2024-2075,2024-02-15T15:33:48.364Z,Puttalam,DRY,High Winds/Cyclone,1,766,0,,58,RESOLVED,CITIZEN
INC-2026-2076,2026-04-25T22:29:12.729Z,Nuwara Eliya,HILL,Flood,1,269,0,Dry Rations|Medical Kits,57,RESOLVED,OFFICER
INC-2026-2077,2026-04-01T22:44:01.786Z,Anuradhapura,DRY,Drought,2,65224,0,Water Bowsers|Dry Rations,3806,RESOLVED,CITIZEN
INC-2023-2078,2023-11-04T02:06:34.488Z,Hambantota,DRY,Flood,1,576,0,Dry Rations|Medical Kits,61,RESOLVED,OFFICER
INC-2024-2079,2024-05-30T17:21:43.931Z,Kilinochchi,EAST_NORTH,Animal Attack,1,9,2,Wildlife Officers|Veterinary Kits,75,RESOLVED,CITIZEN
INC-2023-2080,2023-11-24T03:41:47.885Z,Gampaha,WET,Animal Attack,1,8,0,Wildlife Officers|Veterinary Kits,51,RESOLVED,SENSOR
INC-2019-2081,2019-03-19T17:32:15.285Z,Kurunegala,DRY,Drought,3,124461,0,Water Bowsers|Dry Rations,2648,RESOLVED,CITIZEN
INC-2025-2082,2025-07-09T20:46:05.320Z,Galle,WET,Landslide,2,668,0,Dry Rations|Medical Kits,134,RESOLVED,CITIZEN
INC-2021-2083,2021-07-24T09:37:53.027Z,Kalutara,WET,Flood,2,2408,0,Dry Rations|Medical Kits,74,RESOLVED,SENSOR
INC-2022-2084,2022-01-26T05:28:05.287Z,Ampara,EAST_NORTH,High Winds/Cyclone,2,1280,0,,106,RESOLVED,MEDIA
INC-2023-2085,2023-03-25T17:51:42.623Z,Monaragala,DRY,Animal Attack,1,7,1,Wildlife Officers|Veterinary Kits,81,RESOLVED,CITIZEN
INC-2022-2086,2022-02-28T11:37:46.046Z,Ratnapura,HILL,Flood,2,4920,0,Dry Rations|Medical Kits,52,RESOLVED,SENSOR
INC-2024-2087,2024-06-28T01:48:27.925Z,Gampaha,WET,Flood,1,558,0,Dry Rations|Medical Kits,17,RESOLVED,CITIZEN
INC-2025-2088,2025-07-01T11:23:43.729Z,Kalutara,WET,Flood,4,8800,0,Boats|Rescue Teams|Dry Rations|Medical Kits,74,RESOLVED,OFFICER
INC-2019-2089,2019-07-30T05:23:00.494Z,Jaffna,EAST_NORTH,Forest Fire,2,56,0,Fire Trucks|Air Support,146,RESOLVED,OFFICER
INC-2023-2090,2023-03-17T15:52:54.963Z,Matara,WET,High Winds/Cyclone,1,1130,0,,18,RESOLVED,SENSOR
INC-2023-2091,2023-09-21T22:47:03.293Z,Colombo,WET,Flood,3,17811,0,Boats|Rescue Teams|Dry Rations|Medical Kits,29,RESOLVED,CITIZEN
INC-2023-2092,2023-12-11T05:45:54.461Z,Ampara,EAST_NORTH,Flood,1,1338,0,Dry Rations|Medical Kits,87,RESOLVED,CITIZEN
INC-2021-2093,2021-07-20T10:25:29.689Z,Kalutara,WET,Flood,1,1192,0,Dry Rations|Medical Kits,120,RESOLVED,CITIZEN
INC-2026-2094,2026-01-11T22:11:29.935Z,Gampaha,WET,Flood,3,6597,0,Boats|Rescue Teams|Dry Rations|Medical Kits,78,RESOLVED,CITIZEN
INC-2022-2095,2022-08-30T22:38:49.948Z,Kandy,HILL,Flood,3,1152,0,Boats|Rescue Teams|Dry Rations|Medical Kits,64,RESOLVED,CITIZEN
INC-2024-2096,2024-06-23T13:38:53.386Z,Mullaitivu,EAST_NORTH,Drought,2,51534,0,Water Bowsers|Dry Rations,1669,RESOLVED,OFFICER
INC-2023-2097,2023-01-27T04:15:53.317Z,Ampara,EAST_NORTH,High Winds/Cyclone,3,16191,0,,22,RESOLVED,CITIZEN
INC-2018-2098,2018-08-11T18:27:51.554Z,Galle,WET,Flood,5,34175,2,Boats|Rescue Teams|Dry Rations|Medical Kits,120,RESOLVED,CITIZEN
INC-2023-2099,2023-06-07T05:50:12.290Z,Matara,WET,Flood,4,31200,7,Boats|Rescue Teams|Dry Rations|Medical Kits,41,RESOLVED,CITIZEN
INC-2025-2100,2025-01-04T22:24:54.514Z,Matara,WET,Flood,5,2600,5,Boats|Rescue Teams|Dry Rations|Medical Kits,86,RESOLVED,OFFICER
INC-2018-2101,2018-01-25T09:13:34.502Z,Colombo,WET,Animal Attack,2,2,1,Wildlife Officers|Veterinary Kits,35,RESOLVED,MEDIA
INC-2019-2102,2019-01-01T13:04:34.445Z,Matara,WET,Flood,1,848,0,Dry Rations|Medical Kits,99,RESOLVED,OFFICER
INC-2019-2103,2019-02-16T14:30:17.030Z,Ratnapura,HILL,Landslide,1,184,0,Dry Rations|Medical Kits,116,RESOLVED,CITIZEN
INC-2018-2104,2018-08-29T05:32:28.615Z,Badulla,HILL,High Winds/Cyclone,2,5704,0,,80,RESOLVED,OFFICER
INC-2022-2105,2022-09-18T19:24:35.610Z,Kilinochchi,EAST_NORTH,Animal Attack,1,10,2,Wildlife Officers|Veterinary Kits,56,RESOLVED,OFFICER
INC-2020-2106,2020-03-03T01:37:54.534Z,Nuwara Eliya,HILL,Landslide,2,116,0,Dry Rations|Medical Kits,131,RESOLVED,SENSOR
INC-2018-2107,2018-11-25T07:37:18.602Z,Nuwara Eliya,HILL,High Winds/Cyclone,5,27900,8,,66,RESOLVED,CITIZEN
INC-2021-2108,2021-08-15T05:18:21.886Z,Matara,WET,Flood,2,7400,0,Dry Rations|Medical Kits,50,RESOLVED,OFFICER
INC-2024-2109,2024-01-23T12:44:00.053Z,Badulla,HILL,Animal Attack,2,3,0,Wildlife Officers|Veterinary Kits,33,RESOLVED,SENSOR
INC-2021-2110,2021-10-12T13:52:22.523Z,Kalutara,WET,Flood,5,14150,9,Boats|Rescue Teams|Dry Rations|Medical Kits,98,RESOLVED,MEDIA
INC-2020-2111,2020-02-12T02:22:26.629Z,Ratnapura,HILL,Landslide,4,1992,1,Boats|Rescue Teams|Dry Rations|Medical Kits,180,RESOLVED,OFFICER
INC-2023-2112,2023-09-05T15:02:00.451Z,Kandy,HILL,Landslide,1,260,0,Dry Rations|Medical Kits,164,RESOLVED,CITIZEN
INC-2019-2113,2019-12-08T21:10:35.645Z,Badulla,HILL,Flood,5,46200,0,Boats|Rescue Teams|Dry Rations|Medical Kits,118,RESOLVED,SENSOR
INC-2018-2114,2018-01-06T04:19:45.395Z,Matale,HILL,Landslide,2,650,0,Dry Rations|Medical Kits,146,RESOLVED,SENSOR
INC-2019-2115,2019-05-26T13:42:16.721Z,Anuradhapura,DRY,High Winds/Cyclone,1,484,0,,97,RESOLVED,CITIZEN
INC-2023-2116,2023-12-30T11:26:08.049Z,Ratnapura,HILL,Flood,2,4152,0,Dry Rations|Medical Kits,62,RESOLVED,CITIZEN
INC-2023-2117,2023-12-08T07:35:38.893Z,Kandy,HILL,Flood,2,3176,0,Dry Rations|Medical Kits,56,RESOLVED,OFFICER
INC-2018-2118,2018-09-20T09:11:40.309Z,Kalutara,WET,Flood,3,7002,0,Boats|Rescue Teams|Dry Rations|Medical Kits,117,RESOLVED,SENSOR
INC-2020-2119,2020-07-01T13:09:57.356Z,Kalutara,WET,Flood,3,2790,0,Boats|Rescue Teams|Dry Rations|Medical Kits,79,RESOLVED,MEDIA
INC-2025-2120,2025-03-03T11:06:35.907Z,Badulla,HILL,Animal Attack,1,6,0,Wildlife Officers|Veterinary Kits,61,RESOLVED,CITIZEN
INC-2019-2121,2019-06-16T12:10:20.705Z,Puttalam,DRY,Flood,3,15057,0,Boats|Rescue Teams|Dry Rations|Medical Kits,96,RESOLVED,CITIZEN
INC-2019-2122,2019-08-20T11:29:35.721Z,Gampaha,WET,Flood,2,1476,0,Dry Rations|Medical Kits,79,RESOLVED,CITIZEN
INC-2021-2123,2021-04-06T03:51:03.184Z,Polonnaruwa,DRY,Forest Fire,1,11,0,Fire Trucks|Air Support,109,RESOLVED,SENSOR
INC-2020-2124,2020-01-22T07:23:09.140Z,Colombo,WET,Flood,3,12096,0,Boats|Rescue Teams|Dry Rations|Medical Kits,114,RESOLVED,CITIZEN
INC-2024-2125,2024-02-23T16:47:11.318Z,Mullaitivu,EAST_NORTH,Flood,3,12474,0,Boats|Rescue Teams|Dry Rations|Medical Kits,58,RESOLVED,SENSOR
INC-2021-2126,2021-07-07T16:38:45.963Z,Colombo,WET,Flood,3,1278,0,Boats|Rescue Teams|Dry Rations|Medical Kits,28,RESOLVED,OFFICER
INC-2019-2127,2019-03-02T18:48:39.814Z,Ratnapura,HILL,Flood,1,1505,0,Dry Rations|Medical Kits,26,RESOLVED,OFFICER
INC-2020-2128,2020-10-08T09:08:08.646Z,Gampaha,WET,Landslide,1,410,0,Dry Rations|Medical Kits,40,RESOLVED,CITIZEN
INC-2026-2129,2026-03-24T19:56:47.642Z,Galle,WET,Animal Attack,1,9,2,Wildlife Officers|Veterinary Kits,74,RESOLVED,OFFICER
INC-2020-2130,2020-11-17T01:11:18.283Z,Matale,HILL,Landslide,1,441,0,Dry Rations|Medical Kits,31,RESOLVED,CITIZEN
INC-2021-2131,2021-06-12T09:04:31.934Z,Badulla,HILL,Landslide,1,65,0,Dry Rations|Medical Kits,124,RESOLVED,SENSOR
INC-2019-2132,2019-07-22T18:39:47.031Z,Colombo,WET,Flood,3,15768,0,Boats|Rescue Teams|Dry Rations|Medical Kits,100,RESOLVED,CITIZEN
INC-2026-2133,2026-02-09T01:00:16.502Z,Ratnapura,HILL,Landslide,1,293,0,Dry Rations|Medical Kits,177,RESOLVED,CITIZEN
INC-2025-2134,2025-04-08T07:00:28.880Z,Nuwara Eliya,HILL,Flood,3,6165,0,Boats|Rescue Teams|Dry Rations|Medical Kits,65,RESOLVED,CITIZEN
INC-2023-2135,2023-06-10T04:27:45.096Z,Batticaloa,EAST_NORTH,Flood,5,22300,5,Boats|Rescue Teams|Dry Rations|Medical Kits,119,RESOLVED,CITIZEN
INC-2018-2136,2018-10-01T06:26:50.964Z,Matara,WET,High Winds/Cyclone,4,18704,6,,52,RESOLVED,CITIZEN
INC-2019-2137,2019-09-06T17:14:55.062Z,Galle,WET,High Winds/Cyclone,3,3447,0,,56,RESOLVED,CITIZEN
INC-2020-2138,2020-05-27T16:16:54.400Z,Ampara,EAST_NORTH,Animal Attack,1,2,1,Wildlife Officers|Veterinary Kits,70,RESOLVED,SENSOR
INC-2019-2139,2019-05-18T11:07:38.841Z,Colombo,WET,Flood,4,23776,3,Boats|Rescue Teams|Dry Rations|Medical Kits,88,RESOLVED,CITIZEN
INC-2021-2140,2021-10-24T00:02:27.087Z,Gampaha,WET,Flood,1,1799,0,Dry Rations|Medical Kits,93,RESOLVED,OFFICER
INC-2024-2141,2024-10-31T13:25:50.296Z,Gampaha,WET,Flood,4,25616,5,Boats|Rescue Teams|Dry Rations|Medical Kits,84,RESOLVED,CITIZEN
INC-2018-2142,2018-03-30T01:41:20.459Z,Vavuniya,DRY,Drought,1,23589,0,Water Bowsers|Dry Rations,2405,RESOLVED,CITIZEN
INC-2020-2143,2020-06-19T11:21:16.373Z,Badulla,HILL,Landslide,1,241,0,Dry Rations|Medical Kits,116,RESOLVED,MEDIA
INC-2022-2144,2022-02-13T06:06:44.721Z,Kilinochchi,EAST_NORTH,Flood,2,312,0,Dry Rations|Medical Kits,93,RESOLVED,OFFICER
INC-2025-2145,2025-04-12T11:04:37.895Z,Badulla,HILL,High Winds/Cyclone,3,4140,0,,84,RESOLVED,SENSOR
INC-2022-2146,2022-05-26T18:50:45.651Z,Kandy,HILL,High Winds/Cyclone,2,4936,0,,97,RESOLVED,OFFICER
INC-2019-2147,2019-03-06T02:47:36.808Z,Mannar,DRY,Animal Attack,2,1,0,Wildlife Officers|Veterinary Kits,81,RESOLVED,OFFICER
INC-2019-2148,2019-04-04T06:20:57.827Z,Colombo,WET,Animal Attack,1,10,0,Wildlife Officers|Veterinary Kits,55,RESOLVED,CITIZEN
INC-2021-2149,2021-08-16T06:27:33.227Z,Mullaitivu,EAST_NORTH,High Winds/Cyclone,1,1699,0,,38,RESOLVED,SENSOR
INC-2024-2150,2024-12-27T10:11:24.429Z,Matara,WET,Flood,3,4878,0,Boats|Rescue Teams|Dry Rations|Medical Kits,115,RESOLVED,OFFICER
INC-2022-2151,2022-02-02T18:46:05.857Z,Kurunegala,DRY,Flood,3,13041,0,Boats|Rescue Teams|Dry Rations|Medical Kits,56,RESOLVED,CITIZEN
INC-2021-2152,2021-08-24T17:35:39.882Z,Puttalam,DRY,Animal Attack,1,10,2,Wildlife Officers|Veterinary Kits,78,RESOLVED,OFFICER
INC-2021-2153,2021-11-27T22:20:40.880Z,Kandy,HILL,Flood,2,1120,0,Dry Rations|Medical Kits,33,RESOLVED,OFFICER
INC-2018-2154,2018-03-22T19:19:43.414Z,Polonnaruwa,DRY,Drought,2,85322,0,Water Bowsers|Dry Rations,4167,RESOLVED,MEDIA
INC-2026-2155,2026-05-22T23:47:47.755Z,Matale,HILL,Flood,2,4204,0,Dry Rations|Medical Kits,55,RESOLVED,OFFICER
INC-2023-2156,2023-04-03T09:04:55.916Z,Colombo,WET,Animal Attack,1,4,0,Wildlife Officers|Veterinary Kits,34,RESOLVED,OFFICER
INC-2020-2157,2020-02-13T01:20:28.275Z,Ratnapura,HILL,High Winds/Cyclone,5,7900,0,,86,RESOLVED,CITIZEN
INC-2020-2158,2020-02-15T15:00:00.252Z,Colombo,WET,Flood,1,829,0,Dry Rations|Medical Kits,29,RESOLVED,CITIZEN
INC-2022-2159,2022-07-18T10:10:14.374Z,Ratnapura,HILL,Landslide,1,216,0,Dry Rations|Medical Kits,120,RESOLVED,OFFICER
INC-2023-2160,2023-07-30T15:52:27.149Z,Galle,WET,High Winds/Cyclone,1,1758,0,,27,RESOLVED,OFFICER
INC-2024-2161,2024-08-05T17:42:50.765Z,Kalutara,WET,High Winds/Cyclone,1,1900,0,,34,RESOLVED,CITIZEN
INC-2024-2162,2024-10-03T08:51:06.948Z,Matara,WET,Flood,1,1108,0,Dry Rations|Medical Kits,116,RESOLVED,CITIZEN
INC-2022-2163,2022-05-14T19:59:35.740Z,Gampaha,WET,Flood,1,552,0,Dry Rations|Medical Kits,81,RESOLVED,CITIZEN
INC-2025-2164,2025-03-31T22:32:48.145Z,Gampaha,WET,Flood,1,1982,0,Dry Rations|Medical Kits,46,RESOLVED,SENSOR
INC-2022-2165,2022-02-25T02:04:31.953Z,Galle,WET,Animal Attack,1,2,1,Wildlife Officers|Veterinary Kits,34,RESOLVED,CITIZEN
INC-2023-2166,2023-06-26T02:32:22.822Z,Galle,WET,High Winds/Cyclone,1,975,0,,117,RESOLVED,CITIZEN
INC-2026-2167,2026-02-11T09:26:16.161Z,Monaragala,DRY,Flood,2,304,0,Dry Rations|Medical Kits,84,RESOLVED,CITIZEN
INC-2022-2168,2022-11-28T23:43:46.543Z,Kegalle,HILL,High Winds/Cyclone,5,40050,9,,91,RESOLVED,OFFICER
INC-2020-2169,2020-01-25T04:08:57.480Z,Kalutara,WET,Flood,2,3220,0,Dry Rations|Medical Kits,66,RESOLVED,CITIZEN
INC-2024-2170,2024-04-02T08:43:45.512Z,Matara,WET,Flood,1,526,0,Dry Rations|Medical Kits,87,RESOLVED,CITIZEN
INC-2018-2171,2018-07-11T21:22:57.422Z,Kegalle,HILL,Landslide,1,174,0,Dry Rations|Medical Kits,61,RESOLVED,SENSOR
INC-2022-2172,2022-12-17T01:15:46.614Z,Mannar,DRY,Flood,2,7464,0,Dry Rations|Medical Kits,94,RESOLVED,SENSOR
INC-2025-2173,2025-01-14T23:43:25.689Z,Kalutara,WET,Flood,4,16736,0,Boats|Rescue Teams|Dry Rations|Medical Kits,89,RESOLVED,CITIZEN
INC-2020-2174,2020-09-03T17:35:39.407Z,Mullaitivu,EAST_NORTH,Drought,5,198355,0,Water Bowsers|Dry Rations,3060,RESOLVED,OFFICER
INC-2023-2175,2023-07-13T21:06:01.682Z,Hambantota,DRY,Animal Attack,1,8,2,Wildlife Officers|Veterinary Kits,55,RESOLVED,OFFICER
INC-2024-2176,2024-03-29T13:55:49.882Z,Jaffna,EAST_NORTH,Drought,5,25565,0,Water Bowsers|Dry Rations,4092,RESOLVED,CITIZEN
INC-2024-2177,2024-03-21T15:53:02.546Z,Nuwara Eliya,HILL,Landslide,1,341,0,Dry Rations|Medical Kits,66,RESOLVED,CITIZEN
INC-2021-2178,2021-06-04T00:34:16.338Z,Matara,WET,Landslide,2,486,0,Dry Rations|Medical Kits,175,RESOLVED,CITIZEN
INC-2020-2179,2020-05-28T08:27:38.645Z,Gampaha,WET,Flood,2,3720,0,Dry Rations|Medical Kits,20,RESOLVED,CITIZEN
INC-2023-2180,2023-06-05T15:11:50.962Z,Colombo,WET,Flood,3,8145,0,Boats|Rescue Teams|Dry Rations|Medical Kits,100,RESOLVED,CITIZEN
INC-2021-2181,2021-03-07T10:44:03.316Z,Anuradhapura,DRY,Drought,4,180916,0,Water Bowsers|Dry Rations,1992,RESOLVED,CITIZEN
INC-2025-2182,2025-12-25T21:40:31.829Z,Gampaha,WET,Flood,1,315,0,Dry Rations|Medical Kits,120,RESOLVED,OFFICER
INC-2020-2183,2020-11-16T15:42:18.016Z,Galle,WET,Flood,2,6124,0,Dry Rations|Medical Kits,36,RESOLVED,SENSOR
INC-2021-2184,2021-08-19T01:33:27.613Z,Galle,WET,Flood,2,3596,0,Dry Rations|Medical Kits,56,RESOLVED,OFFICER
INC-2026-2185,2026-03-15T12:26:23.318Z,Nuwara Eliya,HILL,Forest Fire,1,3,0,Fire Trucks|Air Support,213,RESOLVED,CITIZEN
INC-2019-2186,2019-07-10T03:38:50.620Z,Badulla,HILL,Flood,2,1432,0,Dry Rations|Medical Kits,83,RESOLVED,CITIZEN
INC-2022-2187,2022-01-21T09:23:07.858Z,Colombo,WET,Animal Attack,1,10,2,Wildlife Officers|Veterinary Kits,72,RESOLVED,OFFICER
INC-2020-2188,2020-04-07T14:49:34.129Z,Mannar,DRY,High Winds/Cyclone,2,6392,0,,87,RESOLVED,OFFICER
INC-2019-2189,2019-11-20T05:20:23.554Z,Galle,WET,Landslide,1,257,0,Dry Rations|Medical Kits,96,RESOLVED,OFFICER
INC-2018-2190,2018-06-16T20:19:43.778Z,Mannar,DRY,Animal Attack,1,5,1,Wildlife Officers|Veterinary Kits,70,RESOLVED,OFFICER
INC-2022-2191,2022-01-26T16:17:55.748Z,Galle,WET,Flood,1,1405,0,Dry Rations|Medical Kits,89,RESOLVED,OFFICER
INC-2018-2192,2018-07-11T10:49:56.132Z,Ratnapura,HILL,Flood,3,3222,0,Boats|Rescue Teams|Dry Rations|Medical Kits,26,RESOLVED,CITIZEN
INC-2022-2193,2022-09-26T10:49:11.054Z,Kilinochchi,EAST_NORTH,Drought,4,20488,0,Water Bowsers|Dry Rations,1680,RESOLVED,OFFICER
INC-2023-2194,2023-05-23T10:49:12.585Z,Nuwara Eliya,HILL,High Winds/Cyclone,1,1995,0,,104,RESOLVED,CITIZEN
INC-2020-2195,2020-08-27T20:23:27.969Z,Colombo,WET,Flood,3,3177,0,Boats|Rescue Teams|Dry Rations|Medical Kits,32,RESOLVED,OFFICER
INC-2024-2196,2024-04-15T07:16:15.166Z,Matale,HILL,Landslide,5,545,14,Boats|Rescue Teams|Dry Rations|Medical Kits,72,RESOLVED,CITIZEN
INC-2024-2197,2024-03-03T20:58:08.274Z,Ratnapura,HILL,Flood,1,1341,0,Dry Rations|Medical Kits,67,RESOLVED,OFFICER
INC-2020-2198,2020-03-09T19:19:45.624Z,Badulla,HILL,Animal Attack,1,1,1,Wildlife Officers|Veterinary Kits,37,RESOLVED,CITIZEN
INC-2024-2199,2024-07-16T16:02:13.357Z,Kalutara,WET,Landslide,2,562,0,Dry Rations|Medical Kits,63,RESOLVED,SENSOR
INC-2021-2200,2021-05-01T21:42:28.354Z,Matara,WET,Flood,2,6412,0,Dry Rations|Medical Kits,117,RESOLVED,CITIZEN
INC-2026-2201,2026-04-12T21:18:43.692Z,Gampaha,WET,Flood,1,1176,0,Dry Rations|Medical Kits,56,RESOLVED,CITIZEN
INC-2020-2202,2020-04-03T08:37:08.943Z,Matara,WET,High Winds/Cyclone,2,6744,0,,81,RESOLVED,CITIZEN
INC-2019-2203,2019-02-19T04:19:31.333Z,Trincomalee,EAST_NORTH,Flood,2,4640,0,Dry Rations|Medical Kits,42,RESOLVED,MEDIA
INC-2025-2204,2025-06-09T14:31:23.505Z,Badulla,HILL,Landslide,4,300,0,Boats|Rescue Teams|Dry Rations|Medical Kits,111,RESOLVED,MEDIA
INC-2021-2205,2021-03-08T22:20:33.410Z,Matara,WET,Flood,1,114,0,Dry Rations|Medical Kits,36,RESOLVED,SENSOR
INC-2019-2206,2019-07-21T10:13:26.935Z,Polonnaruwa,DRY,Drought,2,46242,0,Water Bowsers|Dry Rations,1452,RESOLVED,OFFICER
INC-2023-2207,2023-07-26T15:13:43.994Z,Kalutara,WET,Flood,3,16884,0,Boats|Rescue Teams|Dry Rations|Medical Kits,48,RESOLVED,OFFICER
INC-2025-2208,2025-02-13T08:34:58.567Z,Kilinochchi,EAST_NORTH,Flood,2,7596,0,Dry Rations|Medical Kits,118,RESOLVED,OFFICER
INC-2019-2209,2019-05-25T21:39:06.826Z,Anuradhapura,DRY,Drought,5,27760,0,Water Bowsers|Dry Rations,4121,RESOLVED,OFFICER
INC-2021-2210,2021-04-21T16:03:55.538Z,Colombo,WET,Flood,2,580,0,Dry Rations|Medical Kits,68,RESOLVED,OFFICER
INC-2021-2211,2021-01-24T09:38:06.348Z,Galle,WET,Landslide,1,216,0,Dry Rations|Medical Kits,90,RESOLVED,CITIZEN
INC-2018-2212,2018-10-27T05:20:34.052Z,Ratnapura,HILL,High Winds/Cyclone,1,1101,0,,83,RESOLVED,OFFICER
INC-2020-2213,2020-03-21T20:59:41.778Z,Matara,WET,High Winds/Cyclone,1,419,0,,31,RESOLVED,OFFICER
INC-2018-2214,2018-12-18T06:10:19.666Z,Vavuniya,DRY,Flood,4,18928,4,Boats|Rescue Teams|Dry Rations|Medical Kits,81,RESOLVED,CITIZEN
INC-2020-2215,2020-01-24T14:51:16.144Z,Matara,WET,Flood,4,21232,0,Boats|Rescue Teams|Dry Rations|Medical Kits,70,RESOLVED,CITIZEN
INC-2026-2216,2026-01-07T06:04:51.115Z,Galle,WET,Animal Attack,1,6,2,Wildlife Officers|Veterinary Kits,84,RESOLVED,OFFICER
INC-2022-2217,2022-06-15T13:13:02.046Z,Matale,HILL,Landslide,1,215,0,Dry Rations|Medical Kits,30,RESOLVED,CITIZEN
INC-2018-2218,2018-08-28T19:59:54.970Z,Mullaitivu,EAST_NORTH,Animal Attack,1,8,0,Wildlife Officers|Veterinary Kits,33,RESOLVED,CITIZEN
INC-2018-2219,2018-04-07T01:44:11.439Z,Badulla,HILL,Landslide,1,405,0,Dry Rations|Medical Kits,112,RESOLVED,OFFICER
INC-2023-2220,2023-12-11T17:39:28.546Z,Kegalle,HILL,High Winds/Cyclone,1,1235,0,,32,RESOLVED,SENSOR
INC-2019-2221,2019-04-15T13:47:46.635Z,Kalutara,WET,Flood,3,14184,0,Boats|Rescue Teams|Dry Rations|Medical Kits,34,RESOLVED,OFFICER
INC-2024-2222,2024-05-23T23:14:57.625Z,Nuwara Eliya,HILL,Flood,3,17532,0,Boats|Rescue Teams|Dry Rations|Medical Kits,40,RESOLVED,OFFICER
INC-2024-2223,2024-10-30T09:11:09.030Z,Jaffna,EAST_NORTH,Animal Attack,1,6,0,Wildlife Officers|Veterinary Kits,78,RESOLVED,CITIZEN
INC-2026-2224,2026-04-18T14:14:05.723Z,Kegalle,HILL,Animal Attack,1,4,2,Wildlife Officers|Veterinary Kits,56,RESOLVED,SENSOR
INC-2025-2225,2025-05-12T11:16:55.033Z,Mannar,DRY,Drought,1,46864,0,Water Bowsers|Dry Rations,2251,RESOLVED,CITIZEN
INC-2021-2226,2021-01-16T02:53:42.842Z,Polonnaruwa,DRY,Flood,3,12150,0,Boats|Rescue Teams|Dry Rations|Medical Kits,56,RESOLVED,CITIZEN
INC-2025-2227,2025-09-22T16:09:59.008Z,Puttalam,DRY,Drought,1,30683,0,Water Bowsers|Dry Rations,4209,RESOLVED,CITIZEN
INC-2020-2228,2020-09-26T06:23:39.981Z,Ratnapura,HILL,Landslide,2,406,0,Dry Rations|Medical Kits,106,RESOLVED,CITIZEN
INC-2019-2229,2019-10-02T00:54:28.151Z,Nuwara Eliya,HILL,High Winds/Cyclone,2,6480,0,,34,RESOLVED,SENSOR
INC-2021-2230,2021-04-06T03:25:11.477Z,Polonnaruwa,DRY,Drought,1,47172,0,Water Bowsers|Dry Rations,1731,RESOLVED,SENSOR
INC-2023-2231,2023-03-25T23:11:18.046Z,Puttalam,DRY,High Winds/Cyclone,1,841,0,,41,RESOLVED,CITIZEN
INC-2020-2232,2020-01-17T02:50:59.758Z,Gampaha,WET,Flood,2,5072,0,Dry Rations|Medical Kits,35,RESOLVED,SENSOR
INC-2023-2233,2023-11-09T06:08:10.742Z,Ratnapura,HILL,High Winds/Cyclone,2,7756,0,,67,RESOLVED,OFFICER
INC-2019-2234,2019-09-27T08:44:47.049Z,Batticaloa,EAST_NORTH,Drought,1,20167,0,Water Bowsers|Dry Rations,3566,RESOLVED,OFFICER
INC-2020-2235,2020-09-25T18:51:43.898Z,Ratnapura,HILL,Flood,3,13113,0,Boats|Rescue Teams|Dry Rations|Medical Kits,99,RESOLVED,CITIZEN
INC-2025-2236,2025-03-30T05:34:58.467Z,Batticaloa,EAST_NORTH,Animal Attack,1,9,1,Wildlife Officers|Veterinary Kits,73,RESOLVED,CITIZEN
INC-2020-2237,2020-05-07T00:30:33.501Z,Puttalam,DRY,Drought,1,24684,0,Water Bowsers|Dry Rations,2301,RESOLVED,OFFICER
INC-2025-2238,2025-07-30T10:13:27.310Z,Kalutara,WET,Flood,3,3339,0,Boats|Rescue Teams|Dry Rations|Medical Kits,101,RESOLVED,CITIZEN
INC-2022-2239,2022-05-02T17:43:07.662Z,Kalutara,WET,Landslide,1,267,0,Dry Rations|Medical Kits,72,RESOLVED,CITIZEN
INC-2025-2240,2025-01-22T17:10:21.982Z,Gampaha,WET,High Winds/Cyclone,2,528,0,,117,RESOLVED,CITIZEN
INC-2024-2241,2024-02-05T04:21:31.000Z,Badulla,HILL,Flood,2,812,0,Dry Rations|Medical Kits,93,RESOLVED,SENSOR
INC-2025-2242,2025-10-31T18:50:49.949Z,Matara,WET,Landslide,1,128,0,Dry Rations|Medical Kits,74,RESOLVED,SENSOR
INC-2023-2243,2023-04-28T19:06:08.442Z,Monaragala,DRY,Drought,4,152184,0,Water Bowsers|Dry Rations,3614,RESOLVED,CITIZEN
INC-2020-2244,2020-06-04T04:12:16.252Z,Galle,WET,Flood,4,19456,3,Boats|Rescue Teams|Dry Rations|Medical Kits,19,RESOLVED,CITIZEN
INC-2018-2245,2018-03-27T23:24:01.367Z,Nuwara Eliya,HILL,Forest Fire,1,41,0,Fire Trucks|Air Support,105,RESOLVED,OFFICER
INC-2021-2246,2021-11-14T14:18:22.692Z,Kilinochchi,EAST_NORTH,Animal Attack,1,2,1,Wildlife Officers|Veterinary Kits,36,RESOLVED,CITIZEN
INC-2023-2247,2023-12-21T01:41:43.242Z,Colombo,WET,Flood,1,575,0,Dry Rations|Medical Kits,82,RESOLVED,CITIZEN
INC-2020-2248,2020-05-28T08:35:20.719Z,Gampaha,WET,High Winds/Cyclone,1,1178,0,,78,RESOLVED,CITIZEN
INC-2022-2249,2022-05-09T20:58:52.247Z,Badulla,HILL,Landslide,2,846,0,Dry Rations|Medical Kits,172,RESOLVED,CITIZEN
INC-2025-2250,2025-04-08T20:41:02.139Z,Badulla,HILL,Landslide,1,217,0,Dry Rations|Medical Kits,149,RESOLVED,OFFICER
INC-2025-2251,2025-08-25T06:29:27.424Z,Monaragala,DRY,Flood,2,1788,0,Dry Rations|Medical Kits,40,RESOLVED,OFFICER
INC-2025-2252,2025-05-30T03:25:06.547Z,Trincomalee,EAST_NORTH,Drought,4,61892,0,Water Bowsers|Dry Rations,2654,RESOLVED,SENSOR
INC-2025-2253,2025-05-24T22:24:40.660Z,Colombo,WET,Flood,1,1915,0,Dry Rations|Medical Kits,30,RESOLVED,CITIZEN
INC-2020-2254,2020-10-08T08:43:36.037Z,Vavuniya,DRY,Animal Attack,1,8,1,Wildlife Officers|Veterinary Kits,78,RESOLVED,OFFICER
INC-2024-2255,2024-05-27T12:57:24.413Z,Matale,HILL,Flood,3,1404,0,Boats|Rescue Teams|Dry Rations|Medical Kits,66,RESOLVED,CITIZEN
INC-2020-2256,2020-04-28T03:55:49.071Z,Kurunegala,DRY,Drought,1,25964,0,Water Bowsers|Dry Rations,1465,RESOLVED,SENSOR
INC-2020-2257,2020-07-07T01:59:03.071Z,Matale,HILL,Landslide,1,459,0,Dry Rations|Medical Kits,74,RESOLVED,CITIZEN
INC-2025-2258,2025-03-13T12:59:31.243Z,Jaffna,EAST_NORTH,Drought,1,14165,0,Water Bowsers|Dry Rations,3579,RESOLVED,CITIZEN
INC-2019-2259,2019-05-03T19:15:02.367Z,Kalutara,WET,Flood,3,1548,0,Boats|Rescue Teams|Dry Rations|Medical Kits,41,RESOLVED,CITIZEN
INC-2019-2260,2019-10-27T16:20:35.912Z,Mullaitivu,EAST_NORTH,Animal Attack,2,5,0,Wildlife Officers|Veterinary Kits,33,RESOLVED,CITIZEN
INC-2018-2261,2018-05-08T09:16:08.331Z,Matara,WET,Flood,2,1076,0,Dry Rations|Medical Kits,108,RESOLVED,CITIZEN
INC-2024-2262,2024-12-22T19:35:00.945Z,Polonnaruwa,DRY,Flood,1,90,0,Dry Rations|Medical Kits,67,RESOLVED,SENSOR
INC-2023-2263,2023-07-12T03:53:03.327Z,Nuwara Eliya,HILL,Landslide,1,360,0,Dry Rations|Medical Kits,124,RESOLVED,CITIZEN
INC-2024-2264,2024-03-02T05:03:31.830Z,Gampaha,WET,High Winds/Cyclone,2,3060,0,,50,RESOLVED,SENSOR
INC-2018-2265,2018-06-12T13:06:53.013Z,Polonnaruwa,DRY,Drought,1,14310,0,Water Bowsers|Dry Rations,4144,RESOLVED,CITIZEN
INC-2026-2266,2026-01-27T14:29:31.966Z,Vavuniya,DRY,Flood,3,5175,0,Boats|Rescue Teams|Dry Rations|Medical Kits,97,RESOLVED,CITIZEN
INC-2022-2267,2022-11-18T10:36:44.528Z,Matara,WET,Animal Attack,2,10,1,Wildlife Officers|Veterinary Kits,85,RESOLVED,CITIZEN
INC-2022-2268,2022-02-01T06:38:01.620Z,Nuwara Eliya,HILL,Forest Fire,1,91,0,Fire Trucks|Air Support,214,RESOLVED,OFFICER
INC-2021-2269,2021-05-06T03:48:42.356Z,Gampaha,WET,Flood,2,2404,0,Dry Rations|Medical Kits,71,RESOLVED,CITIZEN
INC-2024-2270,2024-04-01T07:06:26.488Z,Colombo,WET,Flood,2,2440,0,Dry Rations|Medical Kits,103,RESOLVED,CITIZEN
INC-2021-2271,2021-10-30T14:54:29.195Z,Badulla,HILL,Landslide,2,480,0,Dry Rations|Medical Kits,163,RESOLVED,CITIZEN
INC-2020-2272,2020-11-25T08:04:23.287Z,Gampaha,WET,High Winds/Cyclone,2,5308,0,,65,RESOLVED,CITIZEN
INC-2021-2273,2021-08-10T19:28:33.095Z,Ratnapura,HILL,Flood,4,7168,8,Boats|Rescue Teams|Dry Rations|Medical Kits,70,RESOLVED,CITIZEN
INC-2024-2274,2024-01-14T14:14:15.299Z,Kalutara,WET,Flood,1,1635,0,Dry Rations|Medical Kits,88,RESOLVED,CITIZEN
INC-2021-2275,2021-08-24T04:22:13.700Z,Trincomalee,EAST_NORTH,Drought,1,37227,0,Water Bowsers|Dry Rations,3709,RESOLVED,OFFICER
INC-2021-2276,2021-07-10T09:01:30.737Z,Hambantota,DRY,Drought,2,52908,0,Water Bowsers|Dry Rations,4055,RESOLVED,CITIZEN
INC-2020-2277,2020-12-29T07:00:34.471Z,Badulla,HILL,Flood,2,316,0,Dry Rations|Medical Kits,99,RESOLVED,CITIZEN
INC-2018-2278,2018-06-03T03:03:07.977Z,Matale,HILL,Landslide,3,405,11,Boats|Rescue Teams|Dry Rations|Medical Kits,155,RESOLVED,CITIZEN
INC-2018-2279,2018-03-24T09:27:05.977Z,Vavuniya,DRY,Animal Attack,1,7,1,Wildlife Officers|Veterinary Kits,78,RESOLVED,CITIZEN
INC-2023-2280,2023-04-24T22:13:27.037Z,Colombo,WET,Flood,2,4276,0,Dry Rations|Medical Kits,34,RESOLVED,OFFICER
INC-2023-2281,2023-06-17T06:44:12.722Z,Matara,WET,Flood,3,1485,0,Boats|Rescue Teams|Dry Rations|Medical Kits,77,RESOLVED,CITIZEN
INC-2023-2282,2023-05-13T23:36:00.713Z,Kandy,HILL,Flood,3,5436,0,Boats|Rescue Teams|Dry Rations|Medical Kits,70,RESOLVED,CITIZEN
INC-2018-2283,2018-02-03T07:33:51.941Z,Nuwara Eliya,HILL,Flood,4,21904,6,Boats|Rescue Teams|Dry Rations|Medical Kits,33,RESOLVED,CITIZEN
INC-2022-2284,2022-08-17T05:41:04.997Z,Ratnapura,HILL,Landslide,2,848,0,Dry Rations|Medical Kits,146,RESOLVED,CITIZEN
INC-2019-2285,2019-10-19T14:52:56.262Z,Galle,WET,High Winds/Cyclone,2,5116,0,,82,RESOLVED,CITIZEN
INC-2023-2286,2023-01-02T13:52:31.589Z,Matara,WET,High Winds/Cyclone,1,102,0,,87,RESOLVED,CITIZEN
INC-2025-2287,2025-08-04T19:02:03.335Z,Polonnaruwa,DRY,Drought,4,175932,0,Water Bowsers|Dry Rations,2475,RESOLVED,CITIZEN
INC-2024-2288,2024-02-27T02:15:15.031Z,Hambantota,DRY,Flood,3,12501,0,Boats|Rescue Teams|Dry Rations|Medical Kits,55,RESOLVED,CITIZEN
INC-2025-2289,2025-01-10T05:38:40.355Z,Matara,WET,Flood,4,14992,2,Boats|Rescue Teams|Dry Rations|Medical Kits,47,RESOLVED,CITIZEN
INC-2025-2290,2025-06-29T03:16:02.943Z,Gampaha,WET,Flood,3,14454,0,Boats|Rescue Teams|Dry Rations|Medical Kits,118,RESOLVED,SENSOR
INC-2025-2291,2025-02-18T04:25:09.363Z,Colombo,WET,High Winds/Cyclone,2,772,0,,117,RESOLVED,CITIZEN
INC-2024-2292,2024-07-25T15:04:39.048Z,Kurunegala,DRY,Drought,1,5720,0,Water Bowsers|Dry Rations,2444,RESOLVED,OFFICER
INC-2020-2293,2020-12-19T15:27:29.743Z,Polonnaruwa,DRY,Flood,2,6748,0,Dry Rations|Medical Kits,110,RESOLVED,CITIZEN
INC-2019-2294,2019-03-12T22:50:58.647Z,Kandy,HILL,Landslide,2,350,0,Dry Rations|Medical Kits,32,RESOLVED,OFFICER
INC-2024-2295,2024-10-20T23:40:17.281Z,Nuwara Eliya,HILL,Landslide,3,714,0,Boats|Rescue Teams|Dry Rations|Medical Kits,30,RESOLVED,CITIZEN
INC-2021-2296,2021-07-12T06:50:50.659Z,Badulla,HILL,Flood,3,16632,0,Boats|Rescue Teams|Dry Rations|Medical Kits,98,RESOLVED,MEDIA
INC-2019-2297,2019-07-24T16:16:48.235Z,Galle,WET,Flood,2,2492,0,Dry Rations|Medical Kits,104,RESOLVED,CITIZEN
INC-2024-2298,2024-01-21T01:09:50.439Z,Mullaitivu,EAST_NORTH,Flood,5,12925,0,Boats|Rescue Teams|Dry Rations|Medical Kits,44,RESOLVED,SENSOR
INC-2021-2299,2021-10-05T12:36:06.807Z,Gampaha,WET,High Winds/Cyclone,2,3504,0,,16,RESOLVED,OFFICER
INC-2020-2300,2020-09-10T05:00:47.326Z,Galle,WET,Flood,1,1382,0,Dry Rations|Medical Kits,26,RESOLVED,CITIZEN
INC-2021-2301,2021-07-21T12:24:38.131Z,Jaffna,EAST_NORTH,Drought,1,10192,0,Water Bowsers|Dry Rations,2895,RESOLVED,SENSOR
INC-2024-2302,2024-12-20T21:04:46.852Z,Batticaloa,EAST_NORTH,High Winds/Cyclone,4,2448,2,,75,RESOLVED,SENSOR
INC-2020-2303,2020-11-23T17:27:29.731Z,Batticaloa,EAST_NORTH,Flood,4,27840,2,Boats|Rescue Teams|Dry Rations|Medical Kits,55,RESOLVED,OFFICER
INC-2025-2304,2025-08-04T10:27:03.084Z,Polonnaruwa,DRY,Drought,2,11896,0,Water Bowsers|Dry Rations,4247,RESOLVED,CITIZEN
INC-2020-2305,2020-01-05T00:24:37.983Z,Kalutara,WET,Flood,1,1020,0,Dry Rations|Medical Kits,112,RESOLVED,CITIZEN
INC-2025-2306,2025-06-05T03:17:46.487Z,Mannar,DRY,Flood,2,2168,0,Dry Rations|Medical Kits,46,RESOLVED,CITIZEN
INC-2025-2307,2025-10-21T17:40:53.266Z,Trincomalee,EAST_NORTH,High Winds/Cyclone,4,9984,5,,101,RESOLVED,MEDIA
INC-2021-2308,2021-10-24T07:35:49.011Z,Hambantota,DRY,Drought,2,57124,0,Water Bowsers|Dry Rations,1966,RESOLVED,CITIZEN
INC-2025-2309,2025-05-26T08:09:35.871Z,Polonnaruwa,DRY,Animal Attack,1,10,2,Wildlife Officers|Veterinary Kits,52,RESOLVED,OFFICER
INC-2019-2310,2019-12-17T16:16:20.930Z,Trincomalee,EAST_NORTH,High Winds/Cyclone,4,11088,3,,55,RESOLVED,CITIZEN
INC-2026-2311,2026-03-17T04:33:47.189Z,Jaffna,EAST_NORTH,Drought,1,23126,0,Water Bowsers|Dry Rations,4129,RESOLVED,CITIZEN
INC-2020-2312,2020-08-18T10:37:17.699Z,Monaragala,DRY,Drought,1,5531,0,Water Bowsers|Dry Rations,1491,RESOLVED,CITIZEN
INC-2020-2313,2020-07-10T08:48:32.277Z,Matara,WET,Landslide,2,620,0,Dry Rations|Medical Kits,143,RESOLVED,CITIZEN
INC-2019-2314,2019-08-22T00:06:09.921Z,Colombo,WET,Landslide,1,440,0,Dry Rations|Medical Kits,160,RESOLVED,OFFICER
INC-2025-2315,2025-02-27T18:01:29.496Z,Jaffna,EAST_NORTH,High Winds/Cyclone,1,680,0,,77,RESOLVED,OFFICER
INC-2025-2316,2025-03-19T14:36:34.366Z,Kilinochchi,EAST_NORTH,Animal Attack,1,6,2,Wildlife Officers|Veterinary Kits,81,RESOLVED,SENSOR
INC-2018-2317,2018-03-08T22:37:39.939Z,Colombo,WET,High Winds/Cyclone,1,363,0,,63,RESOLVED,CITIZEN
INC-2024-2318,2024-11-27T19:36:25.857Z,Matara,WET,High Winds/Cyclone,2,2684,0,,98,RESOLVED,CITIZEN
INC-2026-2319,2026-04-09T13:52:30.741Z,Vavuniya,DRY,High Winds/Cyclone,2,236,0,,27,RESOLVED,CITIZEN
INC-2020-2320,2020-01-26T01:17:54.353Z,Mullaitivu,EAST_NORTH,High Winds/Cyclone,5,13775,10,,35,RESOLVED,OFFICER
INC-2023-2321,2023-11-29T05:30:06.873Z,Colombo,WET,Flood,3,8199,0,Boats|Rescue Teams|Dry Rations|Medical Kits,25,RESOLVED,CITIZEN
INC-2021-2322,2021-07-28T07:33:59.387Z,Kalutara,WET,Flood,2,452,0,Dry Rations|Medical Kits,107,RESOLVED,MEDIA
INC-2025-2323,2025-07-07T21:56:58.803Z,Galle,WET,Flood,4,20304,5,Boats|Rescue Teams|Dry Rations|Medical Kits,55,RESOLVED,OFFICER
INC-2024-2324,2024-05-05T09:46:44.212Z,Nuwara Eliya,HILL,Landslide,3,1227,1,Boats|Rescue Teams|Dry Rations|Medical Kits,97,RESOLVED,SENSOR
INC-2018-2325,2018-02-28T15:48:55.811Z,Matara,WET,Flood,4,19456,6,Boats|Rescue Teams|Dry Rations|Medical Kits,116,RESOLVED,CITIZEN
INC-2024-2326,2024-08-01T14:34:35.820Z,Gampaha,WET,Flood,2,5300,0,Dry Rations|Medical Kits,63,RESOLVED,CITIZEN
INC-2023-2327,2023-03-24T02:34:47.913Z,Kegalle,HILL,High Winds/Cyclone,1,999,0,,89,RESOLVED,CITIZEN
INC-2024-2328,2024-02-18T23:57:38.070Z,Kegalle,HILL,Flood,3,9351,0,Boats|Rescue Teams|Dry Rations|Medical Kits,55,RESOLVED,CITIZEN
INC-2022-2329,2022-12-15T22:42:46.983Z,Batticaloa,EAST_NORTH,Flood,3,3285,0,Boats|Rescue Teams|Dry Rations|Medical Kits,111,RESOLVED,CITIZEN
INC-2021-2330,2021-05-06T20:55:16.742Z,Nuwara Eliya,HILL,Flood,4,4880,5,Boats|Rescue Teams|Dry Rations|Medical Kits,23,RESOLVED,SENSOR
INC-2025-2331,2025-12-11T11:07:04.829Z,Nuwara Eliya,HILL,Landslide,2,252,0,Dry Rations|Medical Kits,86,RESOLVED,OFFICER
INC-2019-2332,2019-07-28T15:51:46.455Z,Kalutara,WET,Flood,3,7281,0,Boats|Rescue Teams|Dry Rations|Medical Kits,115,RESOLVED,CITIZEN
INC-2024-2333,2024-05-13T13:59:09.023Z,Gampaha,WET,Flood,4,8848,6,Boats|Rescue Teams|Dry Rations|Medical Kits,56,RESOLVED,CITIZEN
INC-2022-2334,2022-05-04T20:56:49.592Z,Vavuniya,DRY,Flood,2,2088,0,Dry Rations|Medical Kits,18,RESOLVED,MEDIA
INC-2023-2335,2023-11-10T05:48:22.372Z,Polonnaruwa,DRY,Flood,1,465,0,Dry Rations|Medical Kits,35,RESOLVED,SENSOR
INC-2020-2336,2020-06-02T07:11:34.439Z,Galle,WET,Flood,2,4660,0,Dry Rations|Medical Kits,42,RESOLVED,CITIZEN
INC-2020-2337,2020-01-06T05:25:31.167Z,Colombo,WET,Flood,3,12060,0,Boats|Rescue Teams|Dry Rations|Medical Kits,108,RESOLVED,OFFICER
INC-2020-2338,2020-08-18T07:59:26.736Z,Badulla,HILL,Landslide,3,228,13,Boats|Rescue Teams|Dry Rations|Medical Kits,31,RESOLVED,CITIZEN
INC-2020-2339,2020-07-06T16:39:19.808Z,Matara,WET,Flood,2,5420,0,Dry Rations|Medical Kits,59,RESOLVED,CITIZEN
INC-2023-2340,2023-04-23T01:44:59.740Z,Ratnapura,HILL,Animal Attack,1,2,1,Wildlife Officers|Veterinary Kits,41,RESOLVED,CITIZEN
INC-2024-2341,2024-04-18T22:09:30.794Z,Galle,WET,Flood,2,6552,0,Dry Rations|Medical Kits,28,RESOLVED,OFFICER
INC-2021-2342,2021-04-08T01:30:35.341Z,Nuwara Eliya,HILL,Animal Attack,1,5,2,Wildlife Officers|Veterinary Kits,60,RESOLVED,OFFICER
INC-2018-2343,2018-01-18T18:04:06.231Z,Nuwara Eliya,HILL,Forest Fire,1,34,0,Fire Trucks|Air Support,62,RESOLVED,OFFICER
INC-2025-2344,2025-09-21T21:51:23.917Z,Gampaha,WET,Flood,2,756,0,Dry Rations|Medical Kits,70,RESOLVED,SENSOR
INC-2018-2345,2018-07-28T18:21:01.991Z,Gampaha,WET,Flood,1,1134,0,Dry Rations|Medical Kits,19,RESOLVED,OFFICER
INC-2025-2346,2025-11-05T18:55:14.911Z,Colombo,WET,High Winds/Cyclone,3,13131,0,,50,RESOLVED,MEDIA
INC-2019-2347,2019-09-19T22:54:30.465Z,Matara,WET,Flood,1,654,0,Dry Rations|Medical Kits,70,RESOLVED,OFFICER
INC-2018-2348,2018-07-14T12:21:19.027Z,Matara,WET,Flood,2,5924,0,Dry Rations|Medical Kits,22,RESOLVED,SENSOR
INC-2025-2349,2025-07-01T22:50:11.086Z,Anuradhapura,DRY,High Winds/Cyclone,2,3020,0,,81,RESOLVED,CITIZEN
INC-2019-2350,2019-03-29T11:20:02.650Z,Gampaha,WET,Flood,2,7864,0,Dry Rations|Medical Kits,24,RESOLVED,MEDIA
INC-2018-2351,2018-06-23T23:21:00.773Z,Kalutara,WET,Flood,1,1482,0,Dry Rations|Medical Kits,31,RESOLVED,CITIZEN
INC-2025-2352,2025-03-30T14:12:00.761Z,Monaragala,DRY,Animal Attack,1,6,2,Wildlife Officers|Veterinary Kits,84,RESOLVED,MEDIA
INC-2023-2353,2023-01-29T13:46:03.875Z,Matara,WET,High Winds/Cyclone,3,14895,0,,98,RESOLVED,CITIZEN
INC-2019-2354,2019-07-02T01:57:42.160Z,Colombo,WET,Flood,4,6912,7,Boats|Rescue Teams|Dry Rations|Medical Kits,19,RESOLVED,SENSOR
INC-2019-2355,2019-06-26T12:57:10.678Z,Vavuniya,DRY,High Winds/Cyclone,3,12303,0,,44,RESOLVED,SENSOR
INC-2024-2356,2024-03-19T21:20:19.744Z,Kandy,HILL,Landslide,1,349,0,Dry Rations|Medical Kits,140,RESOLVED,OFFICER
INC-2024-2357,2024-12-16T11:38:35.576Z,Hambantota,DRY,Flood,2,2116,0,Dry Rations|Medical Kits,45,RESOLVED,OFFICER
INC-2019-2358,2019-10-15T15:52:04.828Z,Matale,HILL,Flood,2,1620,0,Dry Rations|Medical Kits,74,RESOLVED,CITIZEN
INC-2026-2359,2026-02-22T12:45:14.567Z,Ratnapura,HILL,Landslide,4,80,1,Boats|Rescue Teams|Dry Rations|Medical Kits,110,RESOLVED,CITIZEN
INC-2021-2360,2021-10-11T06:48:24.366Z,Colombo,WET,Flood,1,1820,0,Dry Rations|Medical Kits,83,RESOLVED,OFFICER
INC-2024-2361,2024-03-02T23:09:27.708Z,Matara,WET,High Winds/Cyclone,5,18150,7,,68,RESOLVED,CITIZEN
INC-2025-2362,2025-03-15T16:21:06.484Z,Matale,HILL,Landslide,5,1525,19,Boats|Rescue Teams|Dry Rations|Medical Kits,100,RESOLVED,CITIZEN
INC-2026-2363,2026-02-03T22:55:10.749Z,Nuwara Eliya,HILL,High Winds/Cyclone,2,1348,0,,101,RESOLVED,CITIZEN
INC-2018-2364,2018-08-06T23:02:57.035Z,Mullaitivu,EAST_NORTH,Animal Attack,1,5,0,Wildlife Officers|Veterinary Kits,71,RESOLVED,OFFICER
INC-2024-2365,2024-09-22T12:34:10.507Z,Trincomalee,EAST_NORTH,Animal Attack,1,10,0,Wildlife Officers|Veterinary Kits,45,RESOLVED,CITIZEN
INC-2024-2366,2024-12-01T20:47:48.896Z,Polonnaruwa,DRY,Flood,3,9522,0,Boats|Rescue Teams|Dry Rations|Medical Kits,65,RESOLVED,OFFICER
INC-2023-2367,2023-05-29T21:44:01.210Z,Kilinochchi,EAST_NORTH,High Winds/Cyclone,2,1176,0,,52,RESOLVED,CITIZEN
INC-2021-2368,2021-11-10T23:36:38.469Z,Kandy,HILL,Animal Attack,1,7,1,Wildlife Officers|Veterinary Kits,50,RESOLVED,CITIZEN
INC-2023-2369,2023-01-21T10:30:46.431Z,Hambantota,DRY,Animal Attack,1,5,1,Wildlife Officers|Veterinary Kits,33,RESOLVED,CITIZEN
INC-2018-2370,2018-05-05T07:03:23.229Z,Galle,WET,Flood,2,6976,0,Dry Rations|Medical Kits,40,RESOLVED,CITIZEN
INC-2021-2371,2021-08-18T16:31:33.477Z,Polonnaruwa,DRY,Forest Fire,3,159,0,Fire Trucks|Air Support,204,RESOLVED,OFFICER
INC-2026-2372,2026-04-01T09:08:38.722Z,Gampaha,WET,Landslide,3,327,11,Boats|Rescue Teams|Dry Rations|Medical Kits,153,RESOLVED,OFFICER
INC-2018-2373,2018-10-26T03:15:02.176Z,Galle,WET,Animal Attack,1,10,1,Wildlife Officers|Veterinary Kits,66,RESOLVED,CITIZEN
INC-2021-2374,2021-02-05T04:29:13.805Z,Jaffna,EAST_NORTH,Flood,2,7128,0,Dry Rations|Medical Kits,52,RESOLVED,CITIZEN
INC-2019-2375,2019-03-17T05:55:23.229Z,Matale,HILL,Landslide,1,414,0,Dry Rations|Medical Kits,37,RESOLVED,OFFICER
INC-2023-2376,2023-03-27T23:27:33.554Z,Matara,WET,Flood,1,890,0,Dry Rations|Medical Kits,87,RESOLVED,OFFICER
INC-2020-2377,2020-06-17T09:07:13.660Z,Anuradhapura,DRY,Drought,3,68538,0,Water Bowsers|Dry Rations,2736,RESOLVED,CITIZEN
INC-2019-2378,2019-12-10T03:27:50.537Z,Anuradhapura,DRY,Flood,2,5640,0,Dry Rations|Medical Kits,38,RESOLVED,CITIZEN
INC-2023-2379,2023-05-29T07:49:54.639Z,Kalutara,WET,Landslide,1,262,0,Dry Rations|Medical Kits,100,RESOLVED,MEDIA
INC-2025-2380,2025-04-12T03:34:19.329Z,Colombo,WET,High Winds/Cyclone,2,4396,0,,27,RESOLVED,OFFICER
INC-2023-2381,2023-04-15T06:51:18.728Z,Ampara,EAST_NORTH,High Winds/Cyclone,1,1681,0,,67,RESOLVED,MEDIA
INC-2018-2382,2018-01-04T23:35:15.128Z,Matara,WET,Flood,3,4869,0,Boats|Rescue Teams|Dry Rations|Medical Kits,90,RESOLVED,CITIZEN
INC-2025-2383,2025-08-13T21:25:11.122Z,Ratnapura,HILL,Landslide,1,270,0,Dry Rations|Medical Kits,53,RESOLVED,OFFICER
INC-2022-2384,2022-12-26T22:03:01.544Z,Matale,HILL,Forest Fire,2,166,0,Fire Trucks|Air Support,152,RESOLVED,SENSOR
INC-2021-2385,2021-08-16T07:32:55.141Z,Trincomalee,EAST_NORTH,Drought,4,56432,0,Water Bowsers|Dry Rations,1749,RESOLVED,CITIZEN
INC-2022-2386,2022-09-24T07:30:31.511Z,Mannar,DRY,Drought,5,181115,0,Water Bowsers|Dry Rations,2065,RESOLVED,OFFICER
INC-2025-2387,2025-06-17T00:39:30.866Z,Polonnaruwa,DRY,Drought,1,9503,0,Water Bowsers|Dry Rations,1616,RESOLVED,CITIZEN
INC-2024-2388,2024-03-11T07:59:39.202Z,Nuwara Eliya,HILL,High Winds/Cyclone,1,293,0,,94,RESOLVED,OFFICER
INC-2025-2389,2025-07-15T03:26:24.541Z,Ampara,EAST_NORTH,Drought,4,77924,0,Water Bowsers|Dry Rations,1925,RESOLVED,CITIZEN
INC-2019-2390,2019-01-20T05:43:30.159Z,Gampaha,WET,Flood,3,12303,0,Boats|Rescue Teams|Dry Rations|Medical Kits,93,RESOLVED,SENSOR
INC-2023-2391,2023-09-25T21:40:32.261Z,Matale,HILL,Flood,2,5956,0,Dry Rations|Medical Kits,94,RESOLVED,OFFICER
INC-2024-2392,2024-02-27T13:09:31.367Z,Matara,WET,Flood,3,8622,0,Boats|Rescue Teams|Dry Rations|Medical Kits,17,RESOLVED,CITIZEN
INC-2020-2393,2020-02-22T04:13:59.670Z,Hambantota,DRY,High Winds/Cyclone,2,2592,0,,60,RESOLVED,SENSOR
INC-2024-2394,2024-04-28T00:57:55.872Z,Polonnaruwa,DRY,Animal Attack,1,10,1,Wildlife Officers|Veterinary Kits,62,RESOLVED,MEDIA
INC-2018-2395,2018-06-28T02:08:47.922Z,Badulla,HILL,High Winds/Cyclone,3,14409,0,,78,RESOLVED,OFFICER
INC-2025-2396,2025-09-23T22:49:21.214Z,Kegalle,HILL,Landslide,4,1748,17,Boats|Rescue Teams|Dry Rations|Medical Kits,171,RESOLVED,CITIZEN
INC-2021-2397,2021-09-27T06:42:05.220Z,Kegalle,HILL,Flood,1,348,0,Dry Rations|Medical Kits,59,RESOLVED,SENSOR
INC-2023-2398,2023-02-26T18:39:26.712Z,Trincomalee,EAST_NORTH,High Winds/Cyclone,2,7224,0,,114,RESOLVED,CITIZEN
INC-2022-2399,2022-08-08T08:43:48.477Z,Badulla,HILL,Landslide,1,470,0,Dry Rations|Medical Kits,115,RESOLVED,OFFICER
INC-2021-2400,2021-05-05T04:56:06.169Z,Anuradhapura,DRY,Flood,2,7060,0,Dry Rations|Medical Kits,77,RESOLVED,CITIZEN
INC-2019-2401,2019-07-18T23:18:34.046Z,Colombo,WET,Flood,2,5356,0,Dry Rations|Medical Kits,119,RESOLVED,MEDIA
INC-2024-2402,2024-01-15T00:15:40.655Z,Anuradhapura,DRY,Flood,2,3736,0,Dry Rations|Medical Kits,73,RESOLVED,CITIZEN
INC-2025-2403,2025-04-19T08:30:13.922Z,Nuwara Eliya,HILL,Landslide,1,468,0,Dry Rations|Medical Kits,66,RESOLVED,SENSOR
INC-2019-2404,2019-05-01T19:12:54.494Z,Matale,HILL,Landslide,4,596,1,Boats|Rescue Teams|Dry Rations|Medical Kits,120,RESOLVED,SENSOR
INC-2019-2405,2019-03-26T07:41:56.512Z,Mannar,DRY,High Winds/Cyclone,3,3897,0,,60,RESOLVED,MEDIA
INC-2024-2406,2024-02-28T04:29:56.657Z,Matale,HILL,Forest Fire,1,41,0,Fire Trucks|Air Support,106,RESOLVED,CITIZEN
INC-2025-2407,2025-08-30T13:35:29.991Z,Matara,WET,Flood,1,193,0,Dry Rations|Medical Kits,93,RESOLVED,OFFICER
INC-2018-2408,2018-12-28T17:01:44.332Z,Mannar,DRY,Flood,1,1871,0,Dry Rations|Medical Kits,78,RESOLVED,CITIZEN
INC-2024-2409,2024-04-29T19:34:32.466Z,Trincomalee,EAST_NORTH,Flood,1,1951,0,Dry Rations|Medical Kits,83,RESOLVED,CITIZEN
INC-2018-2410,2018-11-22T13:39:26.911Z,Jaffna,EAST_NORTH,Drought,1,13791,0,Water Bowsers|Dry Rations,3286,RESOLVED,CITIZEN
INC-2023-2411,2023-08-01T21:06:23.584Z,Galle,WET,Flood,2,3640,0,Dry Rations|Medical Kits,107,RESOLVED,CITIZEN
INC-2018-2412,2018-03-19T09:44:49.057Z,Mullaitivu,EAST_NORTH,Animal Attack,1,3,0,Wildlife Officers|Veterinary Kits,87,RESOLVED,CITIZEN
INC-2022-2413,2022-09-27T10:37:27.920Z,Puttalam,DRY,Drought,5,132005,0,Water Bowsers|Dry Rations,4256,RESOLVED,OFFICER
INC-2019-2414,2019-01-17T22:17:24.355Z,Colombo,WET,High Winds/Cyclone,1,910,0,,61,RESOLVED,CITIZEN
INC-2024-2415,2024-07-12T12:12:57.601Z,Badulla,HILL,Flood,2,7424,0,Dry Rations|Medical Kits,71,RESOLVED,OFFICER
INC-2024-2416,2024-11-09T16:58:33.991Z,Polonnaruwa,DRY,Drought,3,149829,0,Water Bowsers|Dry Rations,3628,RESOLVED,SENSOR
INC-2026-2417,2026-03-21T07:17:07.678Z,Jaffna,EAST_NORTH,Drought,1,24274,0,Water Bowsers|Dry Rations,3950,RESOLVED,OFFICER
INC-2020-2418,2020-10-06T20:22:32.647Z,Colombo,WET,Animal Attack,1,2,1,Wildlife Officers|Veterinary Kits,61,RESOLVED,CITIZEN
INC-2019-2419,2019-11-21T14:31:02.179Z,Gampaha,WET,Animal Attack,1,6,0,Wildlife Officers|Veterinary Kits,64,RESOLVED,OFFICER
INC-2021-2420,2021-02-10T16:09:09.483Z,Badulla,HILL,Forest Fire,1,76,0,Fire Trucks|Air Support,228,RESOLVED,OFFICER
INC-2023-2421,2023-08-14T07:14:20.570Z,Anuradhapura,DRY,Drought,3,53202,0,Water Bowsers|Dry Rations,3224,RESOLVED,CITIZEN
INC-2023-2422,2023-07-02T23:06:17.109Z,Ratnapura,HILL,Landslide,2,642,0,Dry Rations|Medical Kits,175,RESOLVED,SENSOR
INC-2023-2423,2023-11-29T04:54:39.765Z,Trincomalee,EAST_NORTH,Drought,2,43682,0,Water Bowsers|Dry Rations,1671,RESOLVED,CITIZEN
INC-2019-2424,2019-03-13T00:12:33.981Z,Gampaha,WET,Flood,2,2784,0,Dry Rations|Medical Kits,46,RESOLVED,CITIZEN
INC-2020-2425,2020-10-02T02:42:56.795Z,Kalutara,WET,Flood,4,19264,8,Boats|Rescue Teams|Dry Rations|Medical Kits,31,RESOLVED,CITIZEN
INC-2024-2426,2024-06-14T05:07:23.913Z,Matara,WET,Flood,3,11358,0,Boats|Rescue Teams|Dry Rations|Medical Kits,68,RESOLVED,CITIZEN
INC-2018-2427,2018-02-07T15:37:23.740Z,Matale,HILL,Landslide,1,495,0,Dry Rations|Medical Kits,152,RESOLVED,CITIZEN
INC-2021-2428,2021-01-21T06:09:18.255Z,Monaragala,DRY,Flood,1,427,0,Dry Rations|Medical Kits,29,RESOLVED,CITIZEN
INC-2023-2429,2023-06-02T23:32:10.929Z,Mullaitivu,EAST_NORTH,Drought,1,8520,0,Water Bowsers|Dry Rations,3456,RESOLVED,CITIZEN
INC-2023-2430,2023-06-22T04:50:34.262Z,Matara,WET,High Winds/Cyclone,2,2776,0,,99,RESOLVED,CITIZEN
INC-2022-2431,2022-05-28T08:41:16.716Z,Kegalle,HILL,Landslide,2,384,0,Dry Rations|Medical Kits,171,RESOLVED,OFFICER
INC-2019-2432,2019-05-04T12:08:43.141Z,Kandy,HILL,Landslide,2,282,0,Dry Rations|Medical Kits,112,RESOLVED,SENSOR
INC-2023-2433,2023-10-31T03:44:58.826Z,Gampaha,WET,Flood,1,689,0,Dry Rations|Medical Kits,104,RESOLVED,OFFICER
INC-2021-2434,2021-05-01T06:08:40.592Z,Colombo,WET,Flood,4,3008,6,Boats|Rescue Teams|Dry Rations|Medical Kits,87,RESOLVED,SENSOR
INC-2021-2435,2021-07-24T15:37:34.636Z,Kandy,HILL,Landslide,3,1329,0,Boats|Rescue Teams|Dry Rations|Medical Kits,41,RESOLVED,CITIZEN
INC-2024-2436,2024-07-10T23:00:01.483Z,Ratnapura,HILL,Landslide,1,158,0,Dry Rations|Medical Kits,154,RESOLVED,CITIZEN
INC-2020-2437,2020-09-25T22:28:32.950Z,Kurunegala,DRY,Animal Attack,1,1,1,Wildlife Officers|Veterinary Kits,84,RESOLVED,CITIZEN
INC-2022-2438,2022-04-07T02:54:26.991Z,Ampara,EAST_NORTH,Flood,2,7556,0,Dry Rations|Medical Kits,89,RESOLVED,SENSOR
INC-2020-2439,2020-06-27T16:20:11.448Z,Matara,WET,Flood,3,10611,0,Boats|Rescue Teams|Dry Rations|Medical Kits,23,RESOLVED,OFFICER
INC-2018-2440,2018-09-25T10:07:31.770Z,Monaragala,DRY,Drought,3,136245,0,Water Bowsers|Dry Rations,3217,RESOLVED,CITIZEN
INC-2025-2441,2025-01-24T22:49:38.742Z,Jaffna,EAST_NORTH,High Winds/Cyclone,2,2484,0,,58,RESOLVED,OFFICER
INC-2022-2442,2022-11-01T23:29:30.276Z,Anuradhapura,DRY,Forest Fire,4,244,0,Fire Trucks|Air Support,237,RESOLVED,OFFICER
INC-2023-2443,2023-07-05T23:48:51.230Z,Badulla,HILL,Landslide,1,417,0,Dry Rations|Medical Kits,124,RESOLVED,OFFICER
INC-2021-2444,2021-09-09T21:00:42.105Z,Gampaha,WET,Flood,4,5312,7,Boats|Rescue Teams|Dry Rations|Medical Kits,77,RESOLVED,CITIZEN
INC-2020-2445,2020-04-16T10:16:58.997Z,Kalutara,WET,High Winds/Cyclone,1,1346,0,,109,RESOLVED,SENSOR
INC-2024-2446,2024-04-13T10:24:46.396Z,Puttalam,DRY,Flood,1,1395,0,Dry Rations|Medical Kits,80,RESOLVED,SENSOR
INC-2020-2447,2020-08-14T00:10:41.193Z,Matale,HILL,Landslide,1,81,0,Dry Rations|Medical Kits,102,RESOLVED,OFFICER
INC-2018-2448,2018-08-30T18:39:04.588Z,Batticaloa,EAST_NORTH,Forest Fire,1,98,0,Fire Trucks|Air Support,128,RESOLVED,CITIZEN
INC-2019-2449,2019-06-02T07:13:38.040Z,Kegalle,HILL,Landslide,5,2150,3,Boats|Rescue Teams|Dry Rations|Medical Kits,50,RESOLVED,CITIZEN
INC-2019-2450,2019-02-16T07:12:17.725Z,Kalutara,WET,Landslide,1,189,0,Dry Rations|Medical Kits,124,RESOLVED,OFFICER
INC-2023-2451,2023-11-19T10:28:15.705Z,Matara,WET,Animal Attack,2,6,1,Wildlife Officers|Veterinary Kits,52,RESOLVED,CITIZEN
INC-2020-2452,2020-03-31T11:35:38.667Z,Colombo,WET,Animal Attack,1,4,1,Wildlife Officers|Veterinary Kits,62,RESOLVED,CITIZEN
INC-2019-2453,2019-01-09T10:13:26.470Z,Matara,WET,Flood,2,2336,0,Dry Rations|Medical Kits,88,RESOLVED,OFFICER
INC-2020-2454,2020-04-03T21:33:44.056Z,Mannar,DRY,High Winds/Cyclone,4,9648,6,,112,RESOLVED,CITIZEN
INC-2026-2455,2026-04-02T14:19:16.521Z,Badulla,HILL,Landslide,1,148,0,Dry Rations|Medical Kits,170,RESOLVED,SENSOR
INC-2020-2456,2020-02-22T09:24:58.416Z,Kurunegala,DRY,Flood,3,7947,0,Boats|Rescue Teams|Dry Rations|Medical Kits,69,RESOLVED,OFFICER
INC-2023-2457,2023-07-31T07:39:18.104Z,Colombo,WET,Flood,2,812,0,Dry Rations|Medical Kits,37,RESOLVED,OFFICER
INC-2021-2458,2021-09-09T04:55:35.511Z,Kilinochchi,EAST_NORTH,Drought,1,38322,0,Water Bowsers|Dry Rations,1750,RESOLVED,SENSOR
INC-2020-2459,2020-06-21T07:08:59.058Z,Badulla,HILL,Flood,3,2844,0,Boats|Rescue Teams|Dry Rations|Medical Kits,56,RESOLVED,SENSOR
INC-2026-2460,2026-01-03T12:32:07.908Z,Matale,HILL,Flood,3,10242,0,Boats|Rescue Teams|Dry Rations|Medical Kits,99,RESOLVED,CITIZEN
INC-2018-2461,2018-07-09T11:16:36.093Z,Matara,WET,Flood,1,684,0,Dry Rations|Medical Kits,105,RESOLVED,CITIZEN
INC-2020-2462,2020-08-01T23:56:14.974Z,Matara,WET,Flood,1,956,0,Dry Rations|Medical Kits,62,RESOLVED,CITIZEN
INC-2022-2463,2022-03-22T12:17:18.780Z,Kalutara,WET,Flood,1,1581,0,Dry Rations|Medical Kits,31,RESOLVED,CITIZEN
INC-2025-2464,2025-08-26T02:48:56.913Z,Gampaha,WET,Flood,3,12951,0,Boats|Rescue Teams|Dry Rations|Medical Kits,119,RESOLVED,OFFICER
INC-2025-2465,2025-12-23T12:04:13.982Z,Badulla,HILL,High Winds/Cyclone,1,268,0,,98,RESOLVED,OFFICER
INC-2024-2466,2024-02-25T06:06:50.718Z,Ampara,EAST_NORTH,Flood,3,9486,0,Boats|Rescue Teams|Dry Rations|Medical Kits,31,RESOLVED,OFFICER
INC-2020-2467,2020-10-16T22:22:03.753Z,Ratnapura,HILL,Animal Attack,1,2,0,Wildlife Officers|Veterinary Kits,45,RESOLVED,CITIZEN
INC-2025-2468,2025-08-14T06:45:04.189Z,Nuwara Eliya,HILL,Landslide,2,988,0,Dry Rations|Medical Kits,167,RESOLVED,OFFICER
INC-2023-2469,2023-07-17T14:17:24.693Z,Mullaitivu,EAST_NORTH,Drought,2,86662,0,Water Bowsers|Dry Rations,3008,RESOLVED,OFFICER
INC-2022-2470,2022-11-02T18:30:43.658Z,Monaragala,DRY,Flood,1,291,0,Dry Rations|Medical Kits,80,RESOLVED,CITIZEN
INC-2026-2471,2026-03-25T02:59:33.071Z,Colombo,WET,Flood,2,2876,0,Dry Rations|Medical Kits,48,RESOLVED,SENSOR
INC-2021-2472,2021-04-16T20:56:34.073Z,Matale,HILL,Landslide,1,389,0,Dry Rations|Medical Kits,85,RESOLVED,CITIZEN
INC-2018-2473,2018-04-26T01:53:07.662Z,Monaragala,DRY,Flood,1,1007,0,Dry Rations|Medical Kits,16,RESOLVED,CITIZEN
INC-2026-2474,2026-03-08T20:09:22.932Z,Galle,WET,Animal Attack,1,1,1,Wildlife Officers|Veterinary Kits,56,RESOLVED,CITIZEN
INC-2025-2475,2025-02-16T15:01:01.220Z,Mullaitivu,EAST_NORTH,Flood,5,3725,7,Boats|Rescue Teams|Dry Rations|Medical Kits,95,RESOLVED,CITIZEN
INC-2022-2476,2022-09-01T10:09:43.665Z,Galle,WET,Flood,2,2704,0,Dry Rations|Medical Kits,48,RESOLVED,OFFICER
INC-2019-2477,2019-06-04T08:14:27.292Z,Colombo,WET,Flood,3,11277,0,Boats|Rescue Teams|Dry Rations|Medical Kits,28,RESOLVED,MEDIA
INC-2018-2478,2018-07-03T08:05:36.677Z,Colombo,WET,Flood,2,1024,0,Dry Rations|Medical Kits,18,RESOLVED,CITIZEN
INC-2018-2479,2018-05-26T10:48:34.017Z,Colombo,WET,Flood,2,6916,0,Dry Rations|Medical Kits,36,RESOLVED,SENSOR
INC-2020-2480,2020-03-04T17:15:38.208Z,Batticaloa,EAST_NORTH,High Winds/Cyclone,1,160,0,,97,RESOLVED,OFFICER
INC-2024-2481,2024-01-26T12:58:55.099Z,Mannar,DRY,Flood,3,13545,0,Boats|Rescue Teams|Dry Rations|Medical Kits,18,RESOLVED,OFFICER
INC-2019-2482,2019-01-11T15:13:36.545Z,Kurunegala,DRY,Flood,3,7875,0,Boats|Rescue Teams|Dry Rations|Medical Kits,95,RESOLVED,CITIZEN
INC-2019-2483,2019-12-10T23:47:34.398Z,Badulla,HILL,Flood,3,8316,0,Boats|Rescue Teams|Dry Rations|Medical Kits,29,RESOLVED,CITIZEN
INC-2020-2484,2020-12-03T15:47:48.648Z,Kurunegala,DRY,Flood,4,10144,7,Boats|Rescue Teams|Dry Rations|Medical Kits,109,RESOLVED,OFFICER
INC-2023-2485,2023-10-12T17:27:23.229Z,Mullaitivu,EAST_NORTH,Animal Attack,1,7,1,Wildlife Officers|Veterinary Kits,86,RESOLVED,CITIZEN
INC-2023-2486,2023-07-28T05:28:03.613Z,Ratnapura,HILL,Flood,1,912,0,Dry Rations|Medical Kits,25,RESOLVED,CITIZEN
INC-2023-2487,2023-12-28T23:13:56.764Z,Mannar,DRY,Flood,4,13136,1,Boats|Rescue Teams|Dry Rations|Medical Kits,39,RESOLVED,CITIZEN
INC-2023-2488,2023-12-26T17:40:07.483Z,Badulla,HILL,Flood,2,3888,0,Dry Rations|Medical Kits,64,RESOLVED,OFFICER
INC-2025-2489,2025-08-24T05:42:48.176Z,Galle,WET,Flood,1,1642,0,Dry Rations|Medical Kits,26,RESOLVED,CITIZEN
INC-2022-2490,2022-06-09T23:22:14.064Z,Polonnaruwa,DRY,Flood,2,7848,0,Dry Rations|Medical Kits,33,RESOLVED,OFFICER
INC-2023-2491,2023-03-08T22:09:17.571Z,Colombo,WET,Flood,3,11709,0,Boats|Rescue Teams|Dry Rations|Medical Kits,29,RESOLVED,CITIZEN
INC-2024-2492,2024-03-06T22:36:20.429Z,Matara,WET,Animal Attack,2,3,1,Wildlife Officers|Veterinary Kits,42,RESOLVED,CITIZEN
INC-2020-2493,2020-05-03T21:55:24.101Z,Colombo,WET,Flood,4,2400,1,Boats|Rescue Teams|Dry Rations|Medical Kits,23,RESOLVED,OFFICER
INC-2018-2494,2018-09-21T03:07:44.213Z,Matale,HILL,Flood,2,3328,0,Dry Rations|Medical Kits,22,RESOLVED,CITIZEN
INC-2018-2495,2018-08-05T08:46:08.597Z,Matara,WET,Flood,4,7680,0,Boats|Rescue Teams|Dry Rations|Medical Kits,54,RESOLVED,OFFICER
INC-2023-2496,2023-01-17T00:40:01.024Z,Matara,WET,Flood,1,1567,0,Dry Rations|Medical Kits,68,RESOLVED,CITIZEN
INC-2026-2497,2026-04-09T00:10:19.834Z,Batticaloa,EAST_NORTH,Flood,2,5912,0,Dry Rations|Medical Kits,40,RESOLVED,OFFICER
INC-2023-2498,2023-01-30T05:34:08.760Z,Matale,HILL,Landslide,2,614,0,Dry Rations|Medical Kits,145,RESOLVED,SENSOR
INC-2022-2499,2022-01-11T13:16:30.805Z,Kurunegala,DRY,Flood,4,10208,3,Boats|Rescue Teams|Dry Rations|Medical Kits,89,RESOLVED,MEDIA
INC-2019-2500,2019-02-08T20:47:24.732Z,Colombo,WET,Flood,3,6777,0,Boats|Rescue Teams|Dry Rations|Medical Kits,34,RESOLVED,SENSOR
INC-2020-2501,2020-12-17T11:03:33.748Z,Anuradhapura,DRY,Flood,2,4540,0,Dry Rations|Medical Kits,68,RESOLVED,OFFICER
INC-2023-2502,2023-12-17T22:15:32.648Z,Colombo,WET,Flood,1,1474,0,Dry Rations|Medical Kits,117,RESOLVED,CITIZEN
INC-2020-2503,2020-05-21T06:27:10.803Z,Nuwara Eliya,HILL,Landslide,2,158,0,Dry Rations|Medical Kits,81,RESOLVED,CITIZEN
INC-2023-2504,2023-02-21T12:56:38.716Z,Puttalam,DRY,Flood,2,5824,0,Dry Rations|Medical Kits,23,RESOLVED,MEDIA
INC-2019-2505,2019-08-31T10:48:58.717Z,Kalutara,WET,Flood,3,11142,0,Boats|Rescue Teams|Dry Rations|Medical Kits,31,RESOLVED,OFFICER
INC-2019-2506,2019-12-17T09:43:06.951Z,Galle,WET,Animal Attack,1,7,1,Wildlife Officers|Veterinary Kits,86,RESOLVED,CITIZEN
INC-2022-2507,2022-11-19T23:39:02.464Z,Kurunegala,DRY,High Winds/Cyclone,5,33600,1,,28,RESOLVED,OFFICER
INC-2022-2508,2022-11-13T10:53:56.889Z,Matale,HILL,Flood,4,15680,5,Boats|Rescue Teams|Dry Rations|Medical Kits,117,RESOLVED,OFFICER
INC-2020-2509,2020-10-06T20:49:26.980Z,Kalutara,WET,Flood,4,27968,3,Boats|Rescue Teams|Dry Rations|Medical Kits,112,RESOLVED,CITIZEN
INC-2024-2510,2024-04-27T08:32:31.036Z,Matara,WET,Flood,1,255,0,Dry Rations|Medical Kits,111,RESOLVED,OFFICER
INC-2021-2511,2021-06-23T03:53:57.611Z,Badulla,HILL,Landslide,4,868,2,Boats|Rescue Teams|Dry Rations|Medical Kits,172,RESOLVED,CITIZEN
INC-2025-2512,2025-05-24T13:36:23.767Z,Matale,HILL,Landslide,2,318,0,Dry Rations|Medical Kits,76,RESOLVED,OFFICER
INC-2025-2513,2025-06-23T22:16:31.471Z,Ratnapura,HILL,Landslide,1,333,0,Dry Rations|Medical Kits,159,RESOLVED,CITIZEN
INC-2024-2514,2024-07-09T05:11:01.291Z,Galle,WET,Flood,1,647,0,Dry Rations|Medical Kits,68,RESOLVED,CITIZEN
INC-2023-2515,2023-09-04T09:10:23.198Z,Anuradhapura,DRY,Animal Attack,2,1,2,Wildlife Officers|Veterinary Kits,73,RESOLVED,OFFICER
INC-2018-2516,2018-05-12T22:59:44.069Z,Matale,HILL,Flood,3,11943,0,Boats|Rescue Teams|Dry Rations|Medical Kits,100,RESOLVED,MEDIA
INC-2019-2517,2019-08-27T09:58:59.673Z,Gampaha,WET,Flood,3,14274,0,Boats|Rescue Teams|Dry Rations|Medical Kits,38,RESOLVED,CITIZEN
INC-2024-2518,2024-03-10T13:40:30.048Z,Colombo,WET,Flood,2,7000,0,Dry Rations|Medical Kits,84,RESOLVED,OFFICER
INC-2024-2519,2024-06-01T23:04:40.787Z,Galle,WET,Flood,1,1593,0,Dry Rations|Medical Kits,116,RESOLVED,OFFICER
INC-2025-2520,2025-06-26T22:50:50.406Z,Batticaloa,EAST_NORTH,Animal Attack,2,3,0,Wildlife Officers|Veterinary Kits,33,RESOLVED,OFFICER
INC-2023-2521,2023-09-15T16:56:44.938Z,Hambantota,DRY,Drought,3,53475,0,Water Bowsers|Dry Rations,3851,RESOLVED,CITIZEN
INC-2021-2522,2021-05-26T12:12:20.089Z,Anuradhapura,DRY,Animal Attack,1,10,2,Wildlife Officers|Veterinary Kits,84,RESOLVED,SENSOR
INC-2021-2523,2021-03-19T13:08:23.023Z,Nuwara Eliya,HILL,Animal Attack,1,1,0,Wildlife Officers|Veterinary Kits,34,RESOLVED,MEDIA
INC-2023-2524,2023-07-07T05:30:09.127Z,Kalutara,WET,High Winds/Cyclone,1,1595,0,,81,RESOLVED,CITIZEN
INC-2020-2525,2020-03-04T20:22:01.312Z,Kalutara,WET,Animal Attack,1,4,2,Wildlife Officers|Veterinary Kits,84,RESOLVED,CITIZEN
INC-2021-2526,2021-01-28T08:10:32.839Z,Galle,WET,Flood,4,19600,8,Boats|Rescue Teams|Dry Rations|Medical Kits,46,RESOLVED,CITIZEN
INC-2025-2527,2025-08-21T08:07:23.919Z,Kalutara,WET,Flood,1,720,0,Dry Rations|Medical Kits,103,RESOLVED,OFFICER
INC-2021-2528,2021-10-31T13:42:17.110Z,Gampaha,WET,Flood,2,6376,0,Dry Rations|Medical Kits,17,RESOLVED,OFFICER
INC-2025-2529,2025-05-03T13:59:43.552Z,Vavuniya,DRY,Flood,2,5876,0,Dry Rations|Medical Kits,23,RESOLVED,SENSOR
INC-2024-2530,2024-09-15T06:51:38.210Z,Vavuniya,DRY,Flood,4,13536,1,Boats|Rescue Teams|Dry Rations|Medical Kits,119,RESOLVED,SENSOR
INC-2022-2531,2022-09-12T19:40:59.340Z,Monaragala,DRY,Drought,4,50420,0,Water Bowsers|Dry Rations,3599,RESOLVED,OFFICER
INC-2021-2532,2021-08-20T07:05:00.144Z,Batticaloa,EAST_NORTH,Drought,2,32156,0,Water Bowsers|Dry Rations,2793,RESOLVED,CITIZEN
INC-2019-2533,2019-08-13T03:55:23.692Z,Jaffna,EAST_NORTH,Drought,1,11320,0,Water Bowsers|Dry Rations,3364,RESOLVED,MEDIA
INC-2023-2534,2023-04-05T00:23:03.315Z,Colombo,WET,Flood,1,1224,0,Dry Rations|Medical Kits,84,RESOLVED,CITIZEN
INC-2024-2535,2024-01-12T15:28:35.292Z,Polonnaruwa,DRY,Flood,2,6016,0,Dry Rations|Medical Kits,92,RESOLVED,CITIZEN
INC-2022-2536,2022-06-08T09:41:20.159Z,Ratnapura,HILL,Landslide,1,432,0,Dry Rations|Medical Kits,60,RESOLVED,OFFICER
INC-2020-2537,2020-05-02T21:24:09.007Z,Hambantota,DRY,Drought,4,45300,0,Water Bowsers|Dry Rations,1524,RESOLVED,CITIZEN
INC-2018-2538,2018-08-01T06:09:45.846Z,Kandy,HILL,Landslide,1,194,0,Dry Rations|Medical Kits,85,RESOLVED,CITIZEN
INC-2020-2539,2020-02-21T18:50:38.945Z,Puttalam,DRY,Flood,3,2790,0,Boats|Rescue Teams|Dry Rations|Medical Kits,41,RESOLVED,CITIZEN
INC-2022-2540,2022-08-19T06:30:30.780Z,Kalutara,WET,Flood,3,4284,0,Boats|Rescue Teams|Dry Rations|Medical Kits,76,RESOLVED,MEDIA
INC-2022-2541,2022-06-14T05:12:53.624Z,Matale,HILL,Flood,1,779,0,Dry Rations|Medical Kits,18,RESOLVED,CITIZEN
INC-2023-2542,2023-06-23T02:31:24.962Z,Kandy,HILL,High Winds/Cyclone,2,2696,0,,108,RESOLVED,OFFICER
INC-2025-2543,2025-04-08T11:24:39.150Z,Mannar,DRY,Drought,1,43477,0,Water Bowsers|Dry Rations,1684,RESOLVED,CITIZEN
INC-2023-2544,2023-07-25T12:57:28.438Z,Mannar,DRY,Animal Attack,1,2,1,Wildlife Officers|Veterinary Kits,80,RESOLVED,OFFICER
INC-2023-2545,2023-08-13T18:55:04.353Z,Badulla,HILL,High Winds/Cyclone,3,11979,0,,33,RESOLVED,CITIZEN
INC-2022-2546,2022-04-20T12:01:52.759Z,Badulla,HILL,Landslide,2,746,0,Dry Rations|Medical Kits,173,RESOLVED,CITIZEN
INC-2025-2547,2025-10-26T03:34:31.033Z,Badulla,HILL,Landslide,2,946,0,Dry Rations|Medical Kits,104,RESOLVED,CITIZEN
INC-2025-2548,2025-12-25T07:26:22.085Z,Mannar,DRY,Flood,4,19136,1,Boats|Rescue Teams|Dry Rations|Medical Kits,92,RESOLVED,OFFICER
INC-2025-2549,2025-06-29T19:18:37.723Z,Mullaitivu,EAST_NORTH,Drought,1,10079,0,Water Bowsers|Dry Rations,3698,RESOLVED,SENSOR
INC-2026-2550,2026-04-28T13:21:31.465Z,Kurunegala,DRY,High Winds/Cyclone,1,1747,0,,120,RESOLVED,OFFICER
INC-2021-2551,2021-02-10T06:28:31.550Z,Kalutara,WET,High Winds/Cyclone,5,8350,8,,108,RESOLVED,CITIZEN
INC-2021-2552,2021-04-08T20:06:47.087Z,Galle,WET,Landslide,1,142,0,Dry Rations|Medical Kits,30,RESOLVED,SENSOR
INC-2018-2553,2018-09-27T06:53:50.082Z,Matara,WET,Flood,3,9639,0,Boats|Rescue Teams|Dry Rations|Medical Kits,116,RESOLVED,OFFICER
INC-2022-2554,2022-11-14T09:44:02.012Z,Colombo,WET,Flood,3,12699,0,Boats|Rescue Teams|Dry Rations|Medical Kits,94,RESOLVED,MEDIA
INC-2022-2555,2022-12-21T00:46:57.988Z,Mannar,DRY,Flood,2,2976,0,Dry Rations|Medical Kits,93,RESOLVED,CITIZEN
INC-2024-2556,2024-01-13T09:56:08.412Z,Ampara,EAST_NORTH,High Winds/Cyclone,2,508,0,,91,RESOLVED,CITIZEN
INC-2021-2557,2021-09-03T01:50:15.561Z,Matara,WET,Flood,3,2988,0,Boats|Rescue Teams|Dry Rations|Medical Kits,114,RESOLVED,CITIZEN
INC-2018-2558,2018-02-15T21:03:52.823Z,Polonnaruwa,DRY,Flood,4,9296,4,Boats|Rescue Teams|Dry Rations|Medical Kits,85,RESOLVED,CITIZEN
INC-2019-2559,2019-12-15T03:53:45.542Z,Matale,HILL,Forest Fire,2,192,0,Fire Trucks|Air Support,156,RESOLVED,OFFICER
INC-2024-2560,2024-07-27T15:16:07.778Z,Kandy,HILL,Flood,2,3164,0,Dry Rations|Medical Kits,108,RESOLVED,CITIZEN
INC-2024-2561,2024-08-13T22:25:25.190Z,Mullaitivu,EAST_NORTH,Drought,2,46784,0,Water Bowsers|Dry Rations,3106,RESOLVED,OFFICER
INC-2023-2562,2023-11-25T14:24:24.562Z,Nuwara Eliya,HILL,Landslide,1,371,0,Dry Rations|Medical Kits,146,RESOLVED,OFFICER
INC-2021-2563,2021-12-04T23:34:17.407Z,Galle,WET,Flood,3,1530,0,Boats|Rescue Teams|Dry Rations|Medical Kits,26,RESOLVED,OFFICER
INC-2024-2564,2024-11-18T21:41:17.470Z,Mannar,DRY,Flood,2,3048,0,Dry Rations|Medical Kits,55,RESOLVED,OFFICER
INC-2018-2565,2018-01-07T18:08:07.963Z,Mannar,DRY,Flood,1,1687,0,Dry Rations|Medical Kits,69,RESOLVED,CITIZEN
INC-2024-2566,2024-03-30T15:35:58.051Z,Gampaha,WET,Flood,1,418,0,Dry Rations|Medical Kits,36,RESOLVED,CITIZEN
INC-2025-2567,2025-03-16T00:17:03.477Z,Nuwara Eliya,HILL,Flood,1,1585,0,Dry Rations|Medical Kits,106,RESOLVED,CITIZEN
INC-2022-2568,2022-07-16T17:05:59.724Z,Nuwara Eliya,HILL,Flood,3,17118,0,Boats|Rescue Teams|Dry Rations|Medical Kits,80,RESOLVED,SENSOR
INC-2026-2569,2026-03-07T16:29:35.132Z,Trincomalee,EAST_NORTH,Drought,3,107082,0,Water Bowsers|Dry Rations,2671,RESOLVED,CITIZEN
INC-2026-2570,2026-01-03T12:02:21.831Z,Kalutara,WET,Flood,3,4383,0,Boats|Rescue Teams|Dry Rations|Medical Kits,46,RESOLVED,CITIZEN
INC-2023-2571,2023-06-02T06:00:45.502Z,Kurunegala,DRY,Drought,2,45468,0,Water Bowsers|Dry Rations,4066,RESOLVED,OFFICER
INC-2022-2572,2022-10-22T22:43:37.809Z,Polonnaruwa,DRY,Drought,1,16016,0,Water Bowsers|Dry Rations,2278,RESOLVED,OFFICER
INC-2021-2573,2021-12-28T11:12:04.981Z,Puttalam,DRY,Flood,4,27920,5,Boats|Rescue Teams|Dry Rations|Medical Kits,18,RESOLVED,CITIZEN
INC-2024-2574,2024-12-29T13:13:25.119Z,Kalutara,WET,Flood,2,5108,0,Dry Rations|Medical Kits,15,RESOLVED,SENSOR
INC-2018-2575,2018-12-04T15:39:33.018Z,Colombo,WET,Flood,2,4496,0,Dry Rations|Medical Kits,60,RESOLVED,OFFICER
INC-2022-2576,2022-09-14T19:14:45.853Z,Batticaloa,EAST_NORTH,Animal Attack,2,4,1,Wildlife Officers|Veterinary Kits,31,RESOLVED,OFFICER
INC-2022-2577,2022-01-11T09:30:35.191Z,Anuradhapura,DRY,Flood,2,1200,0,Dry Rations|Medical Kits,103,RESOLVED,OFFICER
INC-2023-2578,2023-07-12T01:57:24.613Z,Kalutara,WET,Flood,2,4032,0,Dry Rations|Medical Kits,43,RESOLVED,OFFICER
INC-2019-2579,2019-05-20T00:01:57.627Z,Colombo,WET,Flood,3,3672,0,Boats|Rescue Teams|Dry Rations|Medical Kits,69,RESOLVED,OFFICER
INC-2023-2580,2023-03-14T00:21:05.369Z,Kegalle,HILL,Forest Fire,1,39,0,Fire Trucks|Air Support,178,RESOLVED,CITIZEN
INC-2018-2581,2018-05-29T01:18:38.829Z,Ampara,EAST_NORTH,Flood,4,27904,0,Boats|Rescue Teams|Dry Rations|Medical Kits,108,RESOLVED,OFFICER
INC-2024-2582,2024-05-20T14:40:13.551Z,Gampaha,WET,Flood,4,5504,4,Boats|Rescue Teams|Dry Rations|Medical Kits,32,RESOLVED,SENSOR
INC-2022-2583,2022-12-11T18:21:19.364Z,Kalutara,WET,Landslide,1,181,0,Dry Rations|Medical Kits,136,RESOLVED,CITIZEN
INC-2024-2584,2024-09-18T10:44:18.830Z,Colombo,WET,Flood,2,3120,0,Dry Rations|Medical Kits,114,RESOLVED,CITIZEN
INC-2026-2585,2026-04-12T05:28:20.927Z,Kegalle,HILL,Flood,2,7924,0,Dry Rations|Medical Kits,51,RESOLVED,MEDIA
INC-2022-2586,2022-07-01T03:02:19.459Z,Kalutara,WET,High Winds/Cyclone,1,990,0,,47,RESOLVED,CITIZEN
INC-2018-2587,2018-03-27T01:52:18.645Z,Kegalle,HILL,Landslide,1,44,0,Dry Rations|Medical Kits,34,RESOLVED,CITIZEN
INC-2022-2588,2022-02-27T19:01:39.236Z,Trincomalee,EAST_NORTH,Animal Attack,1,9,0,Wildlife Officers|Veterinary Kits,57,RESOLVED,SENSOR
INC-2025-2589,2025-11-07T13:43:51.135Z,Galle,WET,Animal Attack,1,8,1,Wildlife Officers|Veterinary Kits,75,RESOLVED,OFFICER
INC-2023-2590,2023-11-12T09:00:51.260Z,Colombo,WET,Flood,3,1080,0,Boats|Rescue Teams|Dry Rations|Medical Kits,111,RESOLVED,OFFICER
INC-2024-2591,2024-05-04T06:18:47.162Z,Mannar,DRY,Drought,2,42472,0,Water Bowsers|Dry Rations,2521,RESOLVED,CITIZEN
INC-2021-2592,2021-05-09T05:25:02.059Z,Kurunegala,DRY,Forest Fire,3,147,0,Fire Trucks|Air Support,158,RESOLVED,CITIZEN
INC-2024-2593,2024-08-03T13:41:51.475Z,Trincomalee,EAST_NORTH,Animal Attack,1,2,2,Wildlife Officers|Veterinary Kits,46,RESOLVED,SENSOR
INC-2020-2594,2020-06-06T14:22:54.581Z,Colombo,WET,Flood,1,624,0,Dry Rations|Medical Kits,84,RESOLVED,CITIZEN
INC-2019-2595,2019-06-08T04:25:44.599Z,Ratnapura,HILL,Flood,4,12192,2,Boats|Rescue Teams|Dry Rations|Medical Kits,62,RESOLVED,OFFICER
INC-2025-2596,2025-06-28T18:46:24.690Z,Gampaha,WET,Flood,2,1876,0,Dry Rations|Medical Kits,101,RESOLVED,SENSOR
INC-2024-2597,2024-05-24T00:22:47.022Z,Galle,WET,Flood,2,2936,0,Dry Rations|Medical Kits,54,RESOLVED,CITIZEN
INC-2018-2598,2018-09-13T09:36:46.542Z,Badulla,HILL,Flood,2,3428,0,Dry Rations|Medical Kits,112,RESOLVED,SENSOR
INC-2019-2599,2019-03-11T12:01:51.159Z,Kurunegala,DRY,Drought,4,163496,0,Water Bowsers|Dry Rations,3431,RESOLVED,OFFICER
INC-2019-2600,2019-11-05T00:02:38.879Z,Monaragala,DRY,Flood,2,5656,0,Dry Rations|Medical Kits,21,RESOLVED,CITIZEN
INC-2022-2601,2022-05-15T12:30:41.613Z,Kalutara,WET,Flood,1,96,0,Dry Rations|Medical Kits,19,RESOLVED,CITIZEN
INC-2021-2602,2021-03-18T03:30:33.673Z,Hambantota,DRY,Flood,2,3356,0,Dry Rations|Medical Kits,16,RESOLVED,CITIZEN
INC-2025-2603,2025-09-28T12:55:10.504Z,Ampara,EAST_NORTH,Animal Attack,1,6,2,Wildlife Officers|Veterinary Kits,74,RESOLVED,CITIZEN
INC-2020-2604,2020-04-26T14:52:20.839Z,Ratnapura,HILL,High Winds/Cyclone,1,349,0,,33,RESOLVED,CITIZEN
INC-2018-2605,2018-02-04T07:32:45.075Z,Ampara,EAST_NORTH,Animal Attack,2,5,1,Wildlife Officers|Veterinary Kits,77,RESOLVED,OFFICER
INC-2021-2606,2021-12-17T20:18:49.807Z,Kilinochchi,EAST_NORTH,High Winds/Cyclone,3,2547,0,,67,RESOLVED,CITIZEN
INC-2025-2607,2025-10-13T16:19:46.930Z,Kandy,HILL,Landslide,2,260,0,Dry Rations|Medical Kits,139,RESOLVED,OFFICER
INC-2025-2608,2025-05-02T05:41:35.539Z,Gampaha,WET,Flood,5,25975,3,Boats|Rescue Teams|Dry Rations|Medical Kits,50,RESOLVED,CITIZEN
INC-2025-2609,2025-04-15T01:36:44.754Z,Colombo,WET,Animal Attack,1,5,1,Wildlife Officers|Veterinary Kits,44,RESOLVED,CITIZEN
INC-2022-2610,2022-02-21T12:58:56.988Z,Anuradhapura,DRY,Flood,1,205,0,Dry Rations|Medical Kits,107,RESOLVED,CITIZEN
INC-2019-2611,2019-06-01T05:39:49.774Z,Kandy,HILL,Landslide,4,284,9,Boats|Rescue Teams|Dry Rations|Medical Kits,115,RESOLVED,OFFICER
INC-2018-2612,2018-05-30T21:29:27.238Z,Kalutara,WET,Landslide,1,110,0,Dry Rations|Medical Kits,172,RESOLVED,CITIZEN
INC-2021-2613,2021-02-07T06:27:46.555Z,Kalutara,WET,Flood,4,24224,5,Boats|Rescue Teams|Dry Rations|Medical Kits,100,RESOLVED,SENSOR
INC-2024-2614,2024-10-12T11:22:22.242Z,Kilinochchi,EAST_NORTH,Animal Attack,1,10,2,Wildlife Officers|Veterinary Kits,57,RESOLVED,CITIZEN
INC-2022-2615,2022-02-14T18:21:52.731Z,Polonnaruwa,DRY,Flood,2,6964,0,Dry Rations|Medical Kits,27,RESOLVED,SENSOR
INC-2023-2616,2023-02-25T05:29:11.259Z,Colombo,WET,Flood,2,3852,0,Dry Rations|Medical Kits,90,RESOLVED,CITIZEN
INC-2025-2617,2025-09-09T05:00:58.028Z,Hambantota,DRY,Drought,3,100056,0,Water Bowsers|Dry Rations,1707,RESOLVED,SENSOR
INC-2019-2618,2019-11-20T22:15:00.761Z,Kalutara,WET,Animal Attack,1,6,0,Wildlife Officers|Veterinary Kits,44,RESOLVED,SENSOR
INC-2026-2619,2026-01-10T00:39:30.587Z,Ratnapura,HILL,Landslide,4,788,16,Boats|Rescue Teams|Dry Rations|Medical Kits,48,RESOLVED,MEDIA
INC-2023-2620,2023-12-29T03:20:24.308Z,Kalutara,WET,Animal Attack,1,1,2,Wildlife Officers|Veterinary Kits,68,RESOLVED,MEDIA
INC-2025-2621,2025-03-03T01:26:21.297Z,Matara,WET,High Winds/Cyclone,1,1676,0,,72,RESOLVED,OFFICER
INC-2020-2622,2020-04-25T06:50:13.602Z,Badulla,HILL,Flood,2,7780,0,Dry Rations|Medical Kits,84,RESOLVED,SENSOR
INC-2022-2623,2022-08-12T02:15:19.960Z,Mullaitivu,EAST_NORTH,Drought,4,126204,0,Water Bowsers|Dry Rations,3172,RESOLVED,CITIZEN
INC-2018-2624,2018-12-03T11:50:17.482Z,Gampaha,WET,Animal Attack,1,3,0,Wildlife Officers|Veterinary Kits,71,RESOLVED,OFFICER
INC-2024-2625,2024-05-11T21:58:26.468Z,Ratnapura,HILL,Flood,3,8181,0,Boats|Rescue Teams|Dry Rations|Medical Kits,109,RESOLVED,OFFICER
INC-2021-2626,2021-04-15T21:48:07.909Z,Badulla,HILL,Animal Attack,1,5,0,Wildlife Officers|Veterinary Kits,41,RESOLVED,OFFICER
INC-2024-2627,2024-02-07T18:03:28.028Z,Galle,WET,Animal Attack,1,10,0,Wildlife Officers|Veterinary Kits,62,RESOLVED,OFFICER
INC-2023-2628,2023-11-27T18:52:44.960Z,Kegalle,HILL,Animal Attack,1,1,2,Wildlife Officers|Veterinary Kits,59,RESOLVED,OFFICER
INC-2023-2629,2023-11-11T06:02:22.360Z,Polonnaruwa,DRY,High Winds/Cyclone,1,687,0,,105,RESOLVED,CITIZEN
INC-2024-2630,2024-06-13T10:47:56.404Z,Hambantota,DRY,Forest Fire,1,67,0,Fire Trucks|Air Support,128,RESOLVED,CITIZEN
INC-2020-2631,2020-05-27T01:52:08.509Z,Mannar,DRY,Flood,2,3896,0,Dry Rations|Medical Kits,81,RESOLVED,CITIZEN
INC-2020-2632,2020-01-27T00:47:21.107Z,Batticaloa,EAST_NORTH,High Winds/Cyclone,1,1061,0,,35,RESOLVED,OFFICER
INC-2025-2633,2025-08-08T19:43:35.894Z,Galle,WET,Flood,4,7648,6,Boats|Rescue Teams|Dry Rations|Medical Kits,119,RESOLVED,CITIZEN
INC-2023-2634,2023-02-20T13:13:36.889Z,Jaffna,EAST_NORTH,High Winds/Cyclone,1,1487,0,,34,RESOLVED,CITIZEN
INC-2020-2635,2020-06-27T08:00:08.038Z,Nuwara Eliya,HILL,Flood,3,5058,0,Boats|Rescue Teams|Dry Rations|Medical Kits,70,RESOLVED,SENSOR
INC-2019-2636,2019-08-08T20:50:47.348Z,Kalutara,WET,Flood,1,692,0,Dry Rations|Medical Kits,97,RESOLVED,CITIZEN
INC-2026-2637,2026-04-08T03:57:45.670Z,Jaffna,EAST_NORTH,Drought,1,39301,0,Water Bowsers|Dry Rations,4174,RESOLVED,OFFICER
INC-2018-2638,2018-12-04T00:55:43.806Z,Hambantota,DRY,Flood,2,296,0,Dry Rations|Medical Kits,63,RESOLVED,CITIZEN
INC-2018-2639,2018-10-13T22:12:00.970Z,Kandy,HILL,Flood,1,420,0,Dry Rations|Medical Kits,74,RESOLVED,CITIZEN
INC-2025-2640,2025-12-21T09:38:48.209Z,Kalutara,WET,Flood,2,876,0,Dry Rations|Medical Kits,22,RESOLVED,OFFICER
INC-2025-2641,2025-03-24T14:21:14.337Z,Gampaha,WET,Landslide,1,182,0,Dry Rations|Medical Kits,105,RESOLVED,OFFICER
INC-2025-2642,2025-02-08T01:30:28.151Z,Kandy,HILL,High Winds/Cyclone,1,196,0,,44,RESOLVED,CITIZEN
INC-2018-2643,2018-04-13T02:59:14.579Z,Anuradhapura,DRY,Flood,2,6380,0,Dry Rations|Medical Kits,74,RESOLVED,CITIZEN
INC-2022-2644,2022-04-30T12:51:41.235Z,Mullaitivu,EAST_NORTH,Animal Attack,1,2,2,Wildlife Officers|Veterinary Kits,74,RESOLVED,CITIZEN
INC-2024-2645,2024-06-14T02:47:17.119Z,Polonnaruwa,DRY,Drought,5,237735,0,Water Bowsers|Dry Rations,3314,RESOLVED,CITIZEN
INC-2021-2646,2021-10-15T06:15:15.352Z,Colombo,WET,Animal Attack,1,10,1,Wildlife Officers|Veterinary Kits,74,RESOLVED,SENSOR
INC-2019-2647,2019-02-11T05:43:52.322Z,Colombo,WET,Flood,2,4764,0,Dry Rations|Medical Kits,70,RESOLVED,OFFICER
INC-2023-2648,2023-07-13T05:50:43.236Z,Matara,WET,Flood,1,645,0,Dry Rations|Medical Kits,74,RESOLVED,SENSOR
INC-2021-2649,2021-11-09T17:23:11.063Z,Batticaloa,EAST_NORTH,Flood,2,2396,0,Dry Rations|Medical Kits,21,RESOLVED,CITIZEN
INC-2021-2650,2021-06-02T05:52:13.915Z,Nuwara Eliya,HILL,Landslide,2,528,0,Dry Rations|Medical Kits,123,RESOLVED,OFFICER
INC-2018-2651,2018-12-19T01:51:41.682Z,Matale,HILL,High Winds/Cyclone,4,4000,3,,71,RESOLVED,OFFICER
INC-2022-2652,2022-04-06T11:17:05.047Z,Kurunegala,DRY,Flood,1,1028,0,Dry Rations|Medical Kits,42,RESOLVED,CITIZEN
INC-2019-2653,2019-01-18T17:28:48.578Z,Nuwara Eliya,HILL,Landslide,1,249,0,Dry Rations|Medical Kits,100,RESOLVED,SENSOR
INC-2018-2654,2018-02-07T09:44:40.377Z,Badulla,HILL,Animal Attack,1,6,0,Wildlife Officers|Veterinary Kits,32,RESOLVED,OFFICER
INC-2018-2655,2018-07-31T07:38:06.032Z,Galle,WET,Flood,1,1472,0,Dry Rations|Medical Kits,31,RESOLVED,CITIZEN
INC-2022-2656,2022-06-14T16:03:32.889Z,Polonnaruwa,DRY,Forest Fire,2,134,0,Fire Trucks|Air Support,140,RESOLVED,OFFICER
INC-2021-2657,2021-02-01T04:56:48.690Z,Kalutara,WET,Landslide,1,440,0,Dry Rations|Medical Kits,80,RESOLVED,OFFICER
INC-2022-2658,2022-02-11T02:41:56.123Z,Gampaha,WET,Flood,1,1271,0,Dry Rations|Medical Kits,18,RESOLVED,SENSOR
INC-2021-2659,2021-07-07T14:30:06.712Z,Galle,WET,Flood,1,188,0,Dry Rations|Medical Kits,80,RESOLVED,CITIZEN
INC-2021-2660,2021-02-20T05:08:02.027Z,Kalutara,WET,Flood,4,1536,3,Boats|Rescue Teams|Dry Rations|Medical Kits,58,RESOLVED,CITIZEN
INC-2023-2661,2023-02-08T23:22:13.174Z,Colombo,WET,Animal Attack,1,7,0,Wildlife Officers|Veterinary Kits,32,RESOLVED,CITIZEN
INC-2020-2662,2020-08-03T22:21:18.503Z,Kandy,HILL,Flood,4,7088,6,Boats|Rescue Teams|Dry Rations|Medical Kits,44,RESOLVED,CITIZEN
INC-2019-2663,2019-07-08T00:17:53.091Z,Colombo,WET,Flood,4,6768,5,Boats|Rescue Teams|Dry Rations|Medical Kits,22,RESOLVED,CITIZEN
INC-2026-2664,2026-02-20T14:26:23.990Z,Gampaha,WET,Flood,3,7839,0,Boats|Rescue Teams|Dry Rations|Medical Kits,112,RESOLVED,OFFICER
INC-2018-2665,2018-03-19T14:58:25.084Z,Monaragala,DRY,Drought,4,140524,0,Water Bowsers|Dry Rations,4110,RESOLVED,OFFICER
INC-2019-2666,2019-02-14T05:09:55.262Z,Kandy,HILL,High Winds/Cyclone,2,5340,0,,62,RESOLVED,CITIZEN
INC-2025-2667,2025-11-20T00:02:58.424Z,Kilinochchi,EAST_NORTH,Drought,2,45210,0,Water Bowsers|Dry Rations,3459,RESOLVED,OFFICER
INC-2026-2668,2026-05-27T17:21:05.338Z,Gampaha,WET,Flood,4,17200,3,Boats|Rescue Teams|Dry Rations|Medical Kits,108,IN_PROGRESS,CITIZEN
INC-2024-2669,2024-05-20T23:29:12.482Z,Kilinochchi,EAST_NORTH,High Winds/Cyclone,3,13275,0,,75,RESOLVED,CITIZEN
INC-2025-2670,2025-12-10T00:41:26.154Z,Anuradhapura,DRY,Flood,3,14157,0,Boats|Rescue Teams|Dry Rations|Medical Kits,84,RESOLVED,CITIZEN
INC-2020-2671,2020-09-27T10:35:03.518Z,Polonnaruwa,DRY,Drought,2,69666,0,Water Bowsers|Dry Rations,1803,RESOLVED,CITIZEN
INC-2023-2672,2023-12-12T08:19:26.264Z,Gampaha,WET,Flood,3,4194,0,Boats|Rescue Teams|Dry Rations|Medical Kits,61,RESOLVED,SENSOR
INC-2023-2673,2023-06-03T17:37:40.331Z,Colombo,WET,Flood,3,1467,0,Boats|Rescue Teams|Dry Rations|Medical Kits,31,RESOLVED,CITIZEN
INC-2020-2674,2020-02-11T04:25:50.720Z,Anuradhapura,DRY,Animal Attack,1,7,1,Wildlife Officers|Veterinary Kits,64,RESOLVED,CITIZEN
INC-2023-2675,2023-03-21T19:10:54.477Z,Ratnapura,HILL,Flood,1,235,0,Dry Rations|Medical Kits,21,RESOLVED,OFFICER
INC-2019-2676,2019-03-11T09:15:14.169Z,Matara,WET,Flood,2,5364,0,Dry Rations|Medical Kits,48,RESOLVED,SENSOR
INC-2019-2677,2019-05-28T08:46:24.908Z,Colombo,WET,High Winds/Cyclone,4,10240,3,,16,RESOLVED,CITIZEN
INC-2022-2678,2022-09-16T16:39:37.143Z,Vavuniya,DRY,Animal Attack,1,5,1,Wildlife Officers|Veterinary Kits,53,RESOLVED,CITIZEN
INC-2021-2679,2021-12-26T02:05:41.385Z,Jaffna,EAST_NORTH,Flood,2,6968,0,Dry Rations|Medical Kits,104,RESOLVED,CITIZEN
INC-2024-2680,2024-06-28T19:29:17.486Z,Matale,HILL,Landslide,1,168,0,Dry Rations|Medical Kits,159,RESOLVED,OFFICER
INC-2021-2681,2021-11-27T07:04:48.769Z,Matale,HILL,Landslide,5,940,9,Boats|Rescue Teams|Dry Rations|Medical Kits,48,RESOLVED,OFFICER
INC-2021-2682,2021-01-15T11:08:53.361Z,Nuwara Eliya,HILL,Flood,3,9351,0,Boats|Rescue Teams|Dry Rations|Medical Kits,55,RESOLVED,SENSOR
INC-2025-2683,2025-12-28T11:46:36.075Z,Matale,HILL,Animal Attack,2,2,2,Wildlife Officers|Veterinary Kits,37,RESOLVED,SENSOR
INC-2022-2684,2022-05-27T02:47:05.431Z,Gampaha,WET,Flood,2,4592,0,Dry Rations|Medical Kits,64,RESOLVED,OFFICER
INC-2025-2685,2025-03-01T20:58:07.535Z,Anuradhapura,DRY,Drought,2,76376,0,Water Bowsers|Dry Rations,2643,RESOLVED,CITIZEN
INC-2023-2686,2023-03-24T09:27:49.650Z,Colombo,WET,Flood,2,3160,0,Dry Rations|Medical Kits,43,RESOLVED,SENSOR
INC-2020-2687,2020-10-09T12:24:31.219Z,Galle,WET,Flood,1,1412,0,Dry Rations|Medical Kits,59,RESOLVED,OFFICER
INC-2023-2688,2023-04-15T00:48:24.137Z,Matale,HILL,Landslide,1,106,0,Dry Rations|Medical Kits,151,RESOLVED,CITIZEN
INC-2023-2689,2023-04-09T07:06:53.970Z,Nuwara Eliya,HILL,Flood,3,10188,0,Boats|Rescue Teams|Dry Rations|Medical Kits,119,RESOLVED,MEDIA
INC-2024-2690,2024-06-07T13:57:18.099Z,Kilinochchi,EAST_NORTH,High Winds/Cyclone,1,1292,0,,76,RESOLVED,CITIZEN
INC-2023-2691,2023-07-13T02:40:17.463Z,Matara,WET,Flood,1,69,0,Dry Rations|Medical Kits,28,RESOLVED,CITIZEN
INC-2025-2692,2025-05-27T07:51:12.377Z,Mullaitivu,EAST_NORTH,High Winds/Cyclone,1,1502,0,,86,RESOLVED,CITIZEN
INC-2018-2693,2018-05-03T12:53:12.056Z,Hambantota,DRY,Drought,1,15467,0,Water Bowsers|Dry Rations,3361,RESOLVED,OFFICER
INC-2023-2694,2023-08-23T14:02:39.939Z,Kandy,HILL,Flood,2,4984,0,Dry Rations|Medical Kits,43,RESOLVED,CITIZEN
INC-2025-2695,2025-08-17T07:48:40.808Z,Batticaloa,EAST_NORTH,Drought,2,91964,0,Water Bowsers|Dry Rations,2547,RESOLVED,CITIZEN
INC-2018-2696,2018-08-06T03:36:07.226Z,Matara,WET,Flood,4,30176,6,Boats|Rescue Teams|Dry Rations|Medical Kits,65,RESOLVED,OFFICER
INC-2019-2697,2019-12-11T19:13:48.974Z,Kalutara,WET,High Winds/Cyclone,1,704,0,,19,RESOLVED,CITIZEN
INC-2026-2698,2026-02-20T02:46:49.076Z,Ratnapura,HILL,Flood,3,7083,0,Boats|Rescue Teams|Dry Rations|Medical Kits,80,RESOLVED,CITIZEN
INC-2024-2699,2024-10-19T04:30:32.170Z,Colombo,WET,Flood,1,1595,0,Dry Rations|Medical Kits,46,RESOLVED,CITIZEN
INC-2025-2700,2025-01-27T12:26:41.141Z,Anuradhapura,DRY,High Winds/Cyclone,1,462,0,,78,RESOLVED,CITIZEN
INC-2023-2701,2023-07-13T10:21:41.449Z,Ratnapura,HILL,Flood,2,1196,0,Dry Rations|Medical Kits,60,RESOLVED,CITIZEN
INC-2019-2702,2019-05-20T23:54:42.405Z,Hambantota,DRY,Drought,2,45234,0,Water Bowsers|Dry Rations,2425,RESOLVED,SENSOR
INC-2025-2703,2025-03-21T05:29:53.155Z,Puttalam,DRY,Animal Attack,1,6,2,Wildlife Officers|Veterinary Kits,52,RESOLVED,CITIZEN
INC-2018-2704,2018-04-17T21:37:28.997Z,Matale,HILL,Flood,4,4192,4,Boats|Rescue Teams|Dry Rations|Medical Kits,118,RESOLVED,SENSOR
INC-2025-2705,2025-04-22T17:51:34.463Z,Kilinochchi,EAST_NORTH,Drought,3,123552,0,Water Bowsers|Dry Rations,2545,RESOLVED,CITIZEN
INC-2022-2706,2022-10-03T09:22:37.368Z,Galle,WET,Flood,1,1386,0,Dry Rations|Medical Kits,31,RESOLVED,CITIZEN
INC-2021-2707,2021-10-23T17:08:39.788Z,Batticaloa,EAST_NORTH,Flood,1,1874,0,Dry Rations|Medical Kits,56,RESOLVED,CITIZEN
INC-2020-2708,2020-03-17T03:14:30.679Z,Badulla,HILL,Landslide,3,1401,6,Boats|Rescue Teams|Dry Rations|Medical Kits,119,RESOLVED,SENSOR
INC-2022-2709,2022-03-12T12:08:19.527Z,Trincomalee,EAST_NORTH,Drought,3,19581,0,Water Bowsers|Dry Rations,2578,RESOLVED,OFFICER
INC-2020-2710,2020-05-03T05:28:36.641Z,Galle,WET,Flood,2,1024,0,Dry Rations|Medical Kits,60,RESOLVED,CITIZEN
INC-2024-2711,2024-10-18T17:32:57.719Z,Mannar,DRY,Drought,1,12038,0,Water Bowsers|Dry Rations,1492,RESOLVED,CITIZEN
INC-2021-2712,2021-07-21T21:16:24.552Z,Kalutara,WET,Flood,1,708,0,Dry Rations|Medical Kits,108,RESOLVED,OFFICER
INC-2023-2713,2023-06-17T08:50:30.017Z,Colombo,WET,Flood,2,4020,0,Dry Rations|Medical Kits,115,RESOLVED,OFFICER
INC-2020-2714,2020-08-07T02:44:04.965Z,Ampara,EAST_NORTH,Drought,2,41828,0,Water Bowsers|Dry Rations,2418,RESOLVED,CITIZEN
INC-2019-2715,2019-11-21T06:17:13.224Z,Matara,WET,Flood,2,5052,0,Dry Rations|Medical Kits,110,RESOLVED,CITIZEN
INC-2018-2716,2018-07-21T13:47:32.722Z,Nuwara Eliya,HILL,High Winds/Cyclone,3,10611,0,,24,RESOLVED,CITIZEN
INC-2019-2717,2019-01-26T09:56:36.450Z,Kurunegala,DRY,Flood,2,5896,0,Dry Rations|Medical Kits,92,RESOLVED,OFFICER
INC-2025-2718,2025-04-21T07:39:34.638Z,Vavuniya,DRY,Drought,1,41956,0,Water Bowsers|Dry Rations,3270,RESOLVED,CITIZEN
INC-2025-2719,2025-05-11T12:57:39.867Z,Monaragala,DRY,Flood,1,230,0,Dry Rations|Medical Kits,54,RESOLVED,CITIZEN
INC-2024-2720,2024-05-30T05:24:58.779Z,Kurunegala,DRY,Drought,2,89298,0,Water Bowsers|Dry Rations,3397,RESOLVED,CITIZEN
INC-2020-2721,2020-07-16T16:46:19.757Z,Trincomalee,EAST_NORTH,Drought,2,62914,0,Water Bowsers|Dry Rations,2802,RESOLVED,CITIZEN
INC-2024-2722,2024-12-13T06:22:24.554Z,Trincomalee,EAST_NORTH,Animal Attack,1,4,1,Wildlife Officers|Veterinary Kits,78,RESOLVED,OFFICER
INC-2020-2723,2020-03-21T19:26:12.385Z,Colombo,WET,Landslide,4,1896,13,Boats|Rescue Teams|Dry Rations|Medical Kits,91,RESOLVED,MEDIA
INC-2024-2724,2024-02-05T13:18:12.867Z,Monaragala,DRY,Flood,4,26352,2,Boats|Rescue Teams|Dry Rations|Medical Kits,120,RESOLVED,SENSOR
INC-2026-2725,2026-04-18T09:27:20.444Z,Batticaloa,EAST_NORTH,Flood,2,6448,0,Dry Rations|Medical Kits,85,RESOLVED,CITIZEN
INC-2025-2726,2025-04-06T14:32:01.997Z,Ampara,EAST_NORTH,High Winds/Cyclone,2,3700,0,,70,RESOLVED,CITIZEN
INC-2022-2727,2022-10-08T08:54:02.973Z,Puttalam,DRY,Animal Attack,1,2,2,Wildlife Officers|Veterinary Kits,48,RESOLVED,OFFICER
INC-2019-2728,2019-03-06T23:20:43.604Z,Colombo,WET,Flood,1,760,0,Dry Rations|Medical Kits,92,RESOLVED,CITIZEN
INC-2024-2729,2024-05-29T02:03:42.492Z,Monaragala,DRY,Flood,1,140,0,Dry Rations|Medical Kits,80,RESOLVED,CITIZEN
INC-2021-2730,2021-09-05T04:15:24.219Z,Matale,HILL,Flood,3,5481,0,Boats|Rescue Teams|Dry Rations|Medical Kits,104,RESOLVED,OFFICER
INC-2025-2731,2025-07-19T08:56:26.748Z,Matara,WET,Flood,2,4008,0,Dry Rations|Medical Kits,109,RESOLVED,CITIZEN
INC-2022-2732,2022-07-21T07:38:48.019Z,Nuwara Eliya,HILL,Landslide,1,195,0,Dry Rations|Medical Kits,165,RESOLVED,MEDIA
INC-2025-2733,2025-02-01T15:37:16.156Z,Gampaha,WET,Flood,4,992,6,Boats|Rescue Teams|Dry Rations|Medical Kits,59,RESOLVED,CITIZEN
INC-2018-2734,2018-01-20T22:15:38.063Z,Colombo,WET,High Winds/Cyclone,1,1026,0,,92,RESOLVED,OFFICER
INC-2018-2735,2018-03-06T21:38:08.644Z,Mannar,DRY,Drought,3,126771,0,Water Bowsers|Dry Rations,3501,RESOLVED,CITIZEN
INC-2022-2736,2022-05-05T05:22:52.794Z,Mannar,DRY,Animal Attack,1,8,1,Wildlife Officers|Veterinary Kits,58,RESOLVED,CITIZEN
INC-2022-2737,2022-06-11T01:03:21.529Z,Galle,WET,Flood,3,5742,0,Boats|Rescue Teams|Dry Rations|Medical Kits,57,RESOLVED,OFFICER
INC-2018-2738,2018-12-19T09:08:06.336Z,Mannar,DRY,High Winds/Cyclone,2,7668,0,,66,RESOLVED,OFFICER
INC-2018-2739,2018-11-08T07:45:13.612Z,Galle,WET,Flood,3,11187,0,Boats|Rescue Teams|Dry Rations|Medical Kits,112,RESOLVED,CITIZEN
INC-2020-2740,2020-04-28T21:54:12.529Z,Gampaha,WET,Flood,3,12366,0,Boats|Rescue Teams|Dry Rations|Medical Kits,109,RESOLVED,CITIZEN
INC-2023-2741,2023-11-28T07:04:39.229Z,Kegalle,HILL,Landslide,2,522,0,Dry Rations|Medical Kits,35,RESOLVED,CITIZEN
INC-2020-2742,2020-05-10T18:11:15.124Z,Kurunegala,DRY,Drought,4,25088,0,Water Bowsers|Dry Rations,3729,RESOLVED,CITIZEN
INC-2020-2743,2020-12-21T21:26:34.219Z,Mullaitivu,EAST_NORTH,Flood,2,2572,0,Dry Rations|Medical Kits,89,RESOLVED,CITIZEN
INC-2024-2744,2024-04-08T21:56:14.849Z,Ratnapura,HILL,Flood,3,4221,0,Boats|Rescue Teams|Dry Rations|Medical Kits,93,RESOLVED,SENSOR
INC-2020-2745,2020-06-20T03:50:44.046Z,Kurunegala,DRY,Animal Attack,1,7,1,Wildlife Officers|Veterinary Kits,43,RESOLVED,OFFICER
INC-2022-2746,2022-11-13T10:59:56.573Z,Galle,WET,Flood,1,119,0,Dry Rations|Medical Kits,71,RESOLVED,SENSOR
INC-2025-2747,2025-08-31T21:14:23.370Z,Colombo,WET,Flood,2,3300,0,Dry Rations|Medical Kits,38,RESOLVED,CITIZEN
INC-2022-2748,2022-07-20T21:04:19.674Z,Matara,WET,Flood,2,3372,0,Dry Rations|Medical Kits,19,RESOLVED,OFFICER
INC-2020-2749,2020-06-28T02:37:16.486Z,Mannar,DRY,Drought,2,23102,0,Water Bowsers|Dry Rations,1499,RESOLVED,CITIZEN
INC-2018-2750,2018-11-18T16:18:54.373Z,Batticaloa,EAST_NORTH,Drought,1,25754,0,Water Bowsers|Dry Rations,4319,RESOLVED,CITIZEN
INC-2022-2751,2022-04-19T03:20:08.191Z,Polonnaruwa,DRY,Flood,3,7677,0,Boats|Rescue Teams|Dry Rations|Medical Kits,43,RESOLVED,CITIZEN
INC-2022-2752,2022-02-05T21:42:32.382Z,Matara,WET,Flood,3,1179,0,Boats|Rescue Teams|Dry Rations|Medical Kits,63,RESOLVED,CITIZEN
INC-2020-2753,2020-06-29T00:52:05.497Z,Kandy,HILL,High Winds/Cyclone,1,1199,0,,87,RESOLVED,SENSOR
INC-2019-2754,2019-03-02T23:56:24.826Z,Nuwara Eliya,HILL,Landslide,1,369,0,Dry Rations|Medical Kits,34,RESOLVED,CITIZEN
INC-2021-2755,2021-02-25T02:27:05.381Z,Kilinochchi,EAST_NORTH,High Winds/Cyclone,3,7164,0,,77,RESOLVED,CITIZEN
INC-2025-2756,2025-01-20T02:42:36.056Z,Hambantota,DRY,Flood,2,6948,0,Dry Rations|Medical Kits,52,RESOLVED,CITIZEN
INC-2026-2757,2026-01-30T02:36:44.816Z,Matara,WET,High Winds/Cyclone,4,24224,3,,16,RESOLVED,CITIZEN
INC-2022-2758,2022-03-13T03:01:24.477Z,Polonnaruwa,DRY,Forest Fire,1,68,0,Fire Trucks|Air Support,126,RESOLVED,CITIZEN
INC-2019-2759,2019-01-11T15:31:02.257Z,Kegalle,HILL,Animal Attack,1,1,0,Wildlife Officers|Veterinary Kits,43,RESOLVED,SENSOR
INC-2024-2760,2024-08-01T11:15:12.243Z,Mullaitivu,EAST_NORTH,Drought,5,193410,0,Water Bowsers|Dry Rations,1457,RESOLVED,OFFICER
INC-2023-2761,2023-10-12T14:42:13.944Z,Gampaha,WET,Flood,2,4864,0,Dry Rations|Medical Kits,15,RESOLVED,CITIZEN
INC-2025-2762,2025-09-22T10:19:51.825Z,Colombo,WET,Flood,3,4122,0,Boats|Rescue Teams|Dry Rations|Medical Kits,56,RESOLVED,OFFICER
INC-2020-2763,2020-01-20T16:13:08.694Z,Monaragala,DRY,High Winds/Cyclone,3,15111,0,,58,RESOLVED,CITIZEN
INC-2018-2764,2018-01-26T10:56:13.759Z,Trincomalee,EAST_NORTH,High Winds/Cyclone,1,268,0,,92,RESOLVED,CITIZEN
INC-2019-2765,2019-10-10T12:07:19.558Z,Matara,WET,Flood,1,1729,0,Dry Rations|Medical Kits,96,RESOLVED,CITIZEN
INC-2020-2766,2020-06-26T20:27:45.312Z,Matara,WET,Flood,4,3808,0,Boats|Rescue Teams|Dry Rations|Medical Kits,30,RESOLVED,OFFICER
INC-2025-2767,2025-05-19T05:02:28.388Z,Galle,WET,High Winds/Cyclone,1,1088,0,,113,RESOLVED,CITIZEN
INC-2021-2768,2021-07-17T13:27:57.448Z,Trincomalee,EAST_NORTH,Drought,1,10147,0,Water Bowsers|Dry Rations,3366,RESOLVED,CITIZEN
INC-2019-2769,2019-06-02T19:22:28.793Z,Batticaloa,EAST_NORTH,Flood,5,47875,10,Boats|Rescue Teams|Dry Rations|Medical Kits,73,RESOLVED,CITIZEN
INC-2018-2770,2018-02-14T03:22:52.144Z,Vavuniya,DRY,Flood,1,1971,0,Dry Rations|Medical Kits,83,RESOLVED,CITIZEN
INC-2020-2771,2020-11-13T16:45:59.569Z,Colombo,WET,Flood,3,486,0,Boats|Rescue Teams|Dry Rations|Medical Kits,78,RESOLVED,CITIZEN
INC-2021-2772,2021-07-14T17:56:12.554Z,Galle,WET,Flood,2,2520,0,Dry Rations|Medical Kits,68,RESOLVED,CITIZEN
INC-2020-2773,2020-10-14T19:49:04.593Z,Matale,HILL,Animal Attack,1,3,1,Wildlife Officers|Veterinary Kits,90,RESOLVED,OFFICER
INC-2018-2774,2018-05-08T05:57:51.248Z,Ratnapura,HILL,Landslide,2,366,0,Dry Rations|Medical Kits,49,RESOLVED,CITIZEN
INC-2018-2775,2018-07-27T03:14:51.466Z,Galle,WET,Flood,2,5424,0,Dry Rations|Medical Kits,69,RESOLVED,CITIZEN
INC-2018-2776,2018-09-19T12:58:28.552Z,Kalutara,WET,Flood,3,13617,0,Boats|Rescue Teams|Dry Rations|Medical Kits,102,RESOLVED,OFFICER
INC-2022-2777,2022-05-18T03:59:57.728Z,Kegalle,HILL,Landslide,1,372,0,Dry Rations|Medical Kits,103,RESOLVED,CITIZEN
INC-2023-2778,2023-09-16T07:32:17.042Z,Kandy,HILL,Flood,2,3280,0,Dry Rations|Medical Kits,19,RESOLVED,OFFICER
INC-2023-2779,2023-10-31T20:33:52.217Z,Gampaha,WET,High Winds/Cyclone,2,6460,0,,113,RESOLVED,SENSOR
INC-2024-2780,2024-03-15T19:23:51.482Z,Kandy,HILL,Landslide,5,1040,4,Boats|Rescue Teams|Dry Rations|Medical Kits,50,RESOLVED,SENSOR
INC-2025-2781,2025-09-22T16:07:56.987Z,Jaffna,EAST_NORTH,Drought,3,103140,0,Water Bowsers|Dry Rations,3739,RESOLVED,SENSOR
INC-2022-2782,2022-05-20T10:23:50.222Z,Matara,WET,Flood,3,10665,0,Boats|Rescue Teams|Dry Rations|Medical Kits,97,RESOLVED,OFFICER
INC-2019-2783,2019-10-24T02:26:54.963Z,Kilinochchi,EAST_NORTH,Drought,3,144357,0,Water Bowsers|Dry Rations,3823,RESOLVED,OFFICER
INC-2019-2784,2019-01-12T01:05:20.188Z,Polonnaruwa,DRY,Animal Attack,1,7,1,Wildlife Officers|Veterinary Kits,51,RESOLVED,CITIZEN
INC-2019-2785,2019-03-31T18:21:17.930Z,Badulla,HILL,Flood,2,2196,0,Dry Rations|Medical Kits,35,RESOLVED,OFFICER
INC-2022-2786,2022-09-03T09:10:37.710Z,Matara,WET,Flood,3,2061,0,Boats|Rescue Teams|Dry Rations|Medical Kits,76,RESOLVED,OFFICER
INC-2024-2787,2024-02-18T13:04:42.273Z,Matara,WET,Animal Attack,2,2,2,Wildlife Officers|Veterinary Kits,76,RESOLVED,CITIZEN
INC-2026-2788,2026-03-19T02:59:25.810Z,Batticaloa,EAST_NORTH,Drought,3,77658,0,Water Bowsers|Dry Rations,3771,RESOLVED,SENSOR
INC-2021-2789,2021-12-30T09:22:09.980Z,Trincomalee,EAST_NORTH,Flood,1,695,0,Dry Rations|Medical Kits,28,RESOLVED,CITIZEN
INC-2018-2790,2018-01-17T14:53:30.088Z,Anuradhapura,DRY,High Winds/Cyclone,3,9018,0,,26,RESOLVED,CITIZEN
INC-2021-2791,2021-09-24T23:30:35.684Z,Jaffna,EAST_NORTH,Drought,1,39281,0,Water Bowsers|Dry Rations,1957,RESOLVED,OFFICER
INC-2023-2792,2023-04-06T10:29:29.338Z,Kurunegala,DRY,Flood,3,4491,0,Boats|Rescue Teams|Dry Rations|Medical Kits,118,RESOLVED,CITIZEN
INC-2024-2793,2024-02-19T09:41:25.261Z,Nuwara Eliya,HILL,Flood,2,6660,0,Dry Rations|Medical Kits,97,RESOLVED,CITIZEN
INC-2023-2794,2023-11-23T08:31:18.017Z,Galle,WET,High Winds/Cyclone,5,49275,5,,68,RESOLVED,CITIZEN
INC-2018-2795,2018-02-06T08:54:50.967Z,Matara,WET,Animal Attack,1,9,1,Wildlife Officers|Veterinary Kits,90,RESOLVED,MEDIA
INC-2023-2796,2023-03-18T20:05:27.680Z,Kalutara,WET,Flood,1,831,0,Dry Rations|Medical Kits,60,RESOLVED,OFFICER
INC-2025-2797,2025-09-01T16:47:02.744Z,Ratnapura,HILL,Landslide,5,145,15,Boats|Rescue Teams|Dry Rations|Medical Kits,41,RESOLVED,OFFICER
INC-2024-2798,2024-11-15T20:50:17.261Z,Gampaha,WET,High Winds/Cyclone,1,195,0,,84,RESOLVED,CITIZEN
INC-2021-2799,2021-12-26T10:09:37.761Z,Galle,WET,Flood,1,1086,0,Dry Rations|Medical Kits,30,RESOLVED,CITIZEN
INC-2022-2800,2022-08-17T19:11:00.855Z,Kalutara,WET,Landslide,1,100,0,Dry Rations|Medical Kits,37,RESOLVED,CITIZEN
INC-2023-2801,2023-03-21T01:51:18.584Z,Kegalle,HILL,Flood,1,869,0,Dry Rations|Medical Kits,111,RESOLVED,CITIZEN
INC-2022-2802,2022-03-10T12:37:55.753Z,Gampaha,WET,High Winds/Cyclone,2,2520,0,,95,RESOLVED,CITIZEN
INC-2019-2803,2019-12-13T11:14:35.163Z,Trincomalee,EAST_NORTH,High Winds/Cyclone,2,4616,0,,114,RESOLVED,OFFICER
INC-2020-2804,2020-03-06T20:01:58.175Z,Kalutara,WET,Landslide,3,378,14,Boats|Rescue Teams|Dry Rations|Medical Kits,92,RESOLVED,CITIZEN
INC-2022-2805,2022-11-03T10:22:22.562Z,Kilinochchi,EAST_NORTH,Flood,1,573,0,Dry Rations|Medical Kits,52,RESOLVED,CITIZEN
INC-2023-2806,2023-02-07T14:18:32.074Z,Batticaloa,EAST_NORTH,Flood,3,13707,0,Boats|Rescue Teams|Dry Rations|Medical Kits,71,RESOLVED,MEDIA
INC-2018-2807,2018-01-08T13:24:36.298Z,Mannar,DRY,Animal Attack,1,7,2,Wildlife Officers|Veterinary Kits,62,RESOLVED,CITIZEN
INC-2021-2808,2021-11-30T10:01:07.038Z,Puttalam,DRY,Drought,2,99686,0,Water Bowsers|Dry Rations,2718,RESOLVED,CITIZEN
INC-2025-2809,2025-07-20T09:22:01.564Z,Badulla,HILL,Landslide,1,56,0,Dry Rations|Medical Kits,138,RESOLVED,CITIZEN
INC-2018-2810,2018-08-29T10:12:51.020Z,Kurunegala,DRY,Drought,1,30094,0,Water Bowsers|Dry Rations,3629,RESOLVED,OFFICER
INC-2023-2811,2023-09-26T03:00:36.608Z,Mullaitivu,EAST_NORTH,Drought,2,27670,0,Water Bowsers|Dry Rations,1694,RESOLVED,CITIZEN
INC-2019-2812,2019-08-16T12:16:24.487Z,Anuradhapura,DRY,Drought,3,28131,0,Water Bowsers|Dry Rations,3740,RESOLVED,SENSOR
INC-2018-2813,2018-11-11T03:28:07.496Z,Nuwara Eliya,HILL,Flood,3,10530,0,Boats|Rescue Teams|Dry Rations|Medical Kits,28,RESOLVED,CITIZEN
INC-2022-2814,2022-08-19T15:18:28.412Z,Anuradhapura,DRY,Drought,4,96308,0,Water Bowsers|Dry Rations,3028,RESOLVED,CITIZEN
INC-2024-2815,2024-09-21T19:32:04.528Z,Gampaha,WET,High Winds/Cyclone,3,8280,0,,47,RESOLVED,OFFICER
INC-2025-2816,2025-01-11T16:28:36.282Z,Ampara,EAST_NORTH,Flood,4,30032,5,Boats|Rescue Teams|Dry Rations|Medical Kits,98,RESOLVED,OFFICER
INC-2025-2817,2025-10-04T18:28:46.914Z,Kurunegala,DRY,Animal Attack,1,2,0,Wildlife Officers|Veterinary Kits,30,RESOLVED,CITIZEN
INC-2025-2818,2025-08-06T21:06:48.779Z,Hambantota,DRY,Flood,4,18848,2,Boats|Rescue Teams|Dry Rations|Medical Kits,111,RESOLVED,SENSOR
INC-2024-2819,2024-04-23T22:59:18.876Z,Jaffna,EAST_NORTH,Flood,3,4995,0,Boats|Rescue Teams|Dry Rations|Medical Kits,46,RESOLVED,CITIZEN
INC-2019-2820,2019-12-09T05:18:05.154Z,Vavuniya,DRY,Flood,1,1877,0,Dry Rations|Medical Kits,97,RESOLVED,CITIZEN
INC-2023-2821,2023-05-23T15:32:53.234Z,Anuradhapura,DRY,High Winds/Cyclone,3,8541,0,,22,RESOLVED,CITIZEN
INC-2024-2822,2024-07-24T08:40:12.762Z,Kegalle,HILL,Landslide,2,362,0,Dry Rations|Medical Kits,75,RESOLVED,CITIZEN
INC-2024-2823,2024-07-09T19:50:45.695Z,Gampaha,WET,Flood,1,1292,0,Dry Rations|Medical Kits,40,RESOLVED,OFFICER
INC-2018-2824,2018-10-01T02:13:34.023Z,Kalutara,WET,Flood,4,6880,0,Boats|Rescue Teams|Dry Rations|Medical Kits,72,RESOLVED,CITIZEN
INC-2020-2825,2020-10-02T23:31:54.073Z,Galle,WET,Flood,5,13225,8,Boats|Rescue Teams|Dry Rations|Medical Kits,65,RESOLVED,CITIZEN
INC-2019-2826,2019-07-12T06:58:04.421Z,Ratnapura,HILL,High Winds/Cyclone,3,5346,0,,109,RESOLVED,CITIZEN
INC-2025-2827,2025-03-27T19:39:26.819Z,Puttalam,DRY,Flood,1,276,0,Dry Rations|Medical Kits,69,RESOLVED,CITIZEN
INC-2022-2828,2022-10-03T05:58:59.982Z,Monaragala,DRY,Flood,4,21824,5,Boats|Rescue Teams|Dry Rations|Medical Kits,49,RESOLVED,SENSOR
INC-2026-2829,2026-01-14T18:48:32.034Z,Colombo,WET,Flood,4,2176,7,Boats|Rescue Teams|Dry Rations|Medical Kits,18,RESOLVED,CITIZEN
INC-2022-2830,2022-01-25T04:14:12.339Z,Ratnapura,HILL,Landslide,2,108,0,Dry Rations|Medical Kits,165,RESOLVED,MEDIA
INC-2018-2831,2018-09-23T09:27:29.835Z,Mannar,DRY,Forest Fire,3,6,0,Fire Trucks|Air Support,164,RESOLVED,CITIZEN
INC-2020-2832,2020-01-19T12:55:30.947Z,Kalutara,WET,Flood,2,5008,0,Dry Rations|Medical Kits,26,RESOLVED,CITIZEN
INC-2022-2833,2022-11-18T04:23:42.201Z,Kandy,HILL,Landslide,3,1479,0,Boats|Rescue Teams|Dry Rations|Medical Kits,121,RESOLVED,SENSOR
INC-2018-2834,2018-06-12T23:23:35.745Z,Kurunegala,DRY,High Winds/Cyclone,2,1300,0,,119,RESOLVED,SENSOR
INC-2020-2835,2020-03-12T12:44:00.610Z,Galle,WET,Animal Attack,2,8,1,Wildlife Officers|Veterinary Kits,49,RESOLVED,SENSOR
INC-2021-2836,2021-02-11T23:25:28.196Z,Kandy,HILL,Flood,4,30208,8,Boats|Rescue Teams|Dry Rations|Medical Kits,84,RESOLVED,OFFICER
INC-2023-2837,2023-05-02T17:33:38.546Z,Badulla,HILL,Landslide,3,1263,3,Boats|Rescue Teams|Dry Rations|Medical Kits,178,RESOLVED,CITIZEN
INC-2020-2838,2020-05-06T23:58:02.094Z,Badulla,HILL,Landslide,2,418,0,Dry Rations|Medical Kits,38,RESOLVED,MEDIA
INC-2018-2839,2018-03-01T00:30:35.631Z,Anuradhapura,DRY,Flood,1,1309,0,Dry Rations|Medical Kits,86,RESOLVED,OFFICER
INC-2023-2840,2023-10-31T04:02:46.305Z,Monaragala,DRY,Flood,1,588,0,Dry Rations|Medical Kits,24,RESOLVED,OFFICER
INC-2021-2841,2021-03-11T00:29:04.285Z,Gampaha,WET,Flood,1,318,0,Dry Rations|Medical Kits,42,RESOLVED,OFFICER
INC-2019-2842,2019-11-30T14:01:08.279Z,Kalutara,WET,Flood,4,30944,5,Boats|Rescue Teams|Dry Rations|Medical Kits,29,RESOLVED,CITIZEN
INC-2024-2843,2024-03-20T22:59:47.688Z,Jaffna,EAST_NORTH,Flood,1,365,0,Dry Rations|Medical Kits,74,RESOLVED,OFFICER
INC-2022-2844,2022-05-21T19:56:35.659Z,Vavuniya,DRY,High Winds/Cyclone,4,6592,5,,54,RESOLVED,CITIZEN
INC-2022-2845,2022-12-10T17:38:51.378Z,Kalutara,WET,Flood,3,4401,0,Boats|Rescue Teams|Dry Rations|Medical Kits,64,RESOLVED,OFFICER
INC-2018-2846,2018-12-22T22:06:12.566Z,Kalutara,WET,Flood,2,6340,0,Dry Rations|Medical Kits,49,RESOLVED,OFFICER
INC-2020-2847,2020-04-05T21:56:04.538Z,Hambantota,DRY,Animal Attack,1,7,1,Wildlife Officers|Veterinary Kits,73,RESOLVED,CITIZEN
INC-2025-2848,2025-01-21T12:28:02.239Z,Matara,WET,Flood,1,1713,0,Dry Rations|Medical Kits,59,RESOLVED,CITIZEN
INC-2023-2849,2023-06-09T07:09:55.166Z,Puttalam,DRY,Flood,3,10449,0,Boats|Rescue Teams|Dry Rations|Medical Kits,32,RESOLVED,SENSOR
INC-2022-2850,2022-07-22T01:01:44.014Z,Badulla,HILL,Landslide,3,138,3,Boats|Rescue Teams|Dry Rations|Medical Kits,40,RESOLVED,CITIZEN
INC-2023-2851,2023-07-29T11:55:39.881Z,Matale,HILL,Landslide,2,922,0,Dry Rations|Medical Kits,51,RESOLVED,CITIZEN
INC-2019-2852,2019-09-22T05:56:10.819Z,Trincomalee,EAST_NORTH,Drought,2,60846,0,Water Bowsers|Dry Rations,2589,RESOLVED,CITIZEN
INC-2023-2853,2023-07-25T21:19:22.730Z,Badulla,HILL,Flood,2,7728,0,Dry Rations|Medical Kits,57,RESOLVED,SENSOR
INC-2022-2854,2022-02-14T23:34:36.698Z,Anuradhapura,DRY,Animal Attack,1,4,0,Wildlife Officers|Veterinary Kits,31,RESOLVED,CITIZEN
INC-2021-2855,2021-03-13T06:39:03.234Z,Matara,WET,Animal Attack,1,1,0,Wildlife Officers|Veterinary Kits,41,RESOLVED,SENSOR
INC-2022-2856,2022-01-10T13:17:10.978Z,Kegalle,HILL,Flood,2,5652,0,Dry Rations|Medical Kits,97,RESOLVED,CITIZEN
INC-2023-2857,2023-09-15T20:25:05.236Z,Galle,WET,Flood,2,7008,0,Dry Rations|Medical Kits,100,RESOLVED,OFFICER
INC-2023-2858,2023-06-13T20:53:54.063Z,Colombo,WET,Flood,2,2104,0,Dry Rations|Medical Kits,67,RESOLVED,CITIZEN
INC-2022-2859,2022-10-06T22:18:08.467Z,Nuwara Eliya,HILL,Landslide,2,340,0,Dry Rations|Medical Kits,70,RESOLVED,CITIZEN
INC-2023-2860,2023-05-15T06:25:05.244Z,Monaragala,DRY,High Winds/Cyclone,5,15200,3,,77,RESOLVED,CITIZEN
INC-2025-2861,2025-01-16T03:01:02.510Z,Polonnaruwa,DRY,Flood,3,10377,0,Boats|Rescue Teams|Dry Rations|Medical Kits,30,RESOLVED,CITIZEN
INC-2024-2862,2024-02-03T23:13:31.690Z,Gampaha,WET,Landslide,2,944,0,Dry Rations|Medical Kits,96,RESOLVED,SENSOR
INC-2018-2863,2018-08-11T12:38:46.964Z,Galle,WET,Flood,3,8658,0,Boats|Rescue Teams|Dry Rations|Medical Kits,36,RESOLVED,CITIZEN
INC-2020-2864,2020-06-02T12:54:11.153Z,Ratnapura,HILL,Flood,3,4743,0,Boats|Rescue Teams|Dry Rations|Medical Kits,48,RESOLVED,CITIZEN
INC-2018-2865,2018-01-03T11:07:14.880Z,Badulla,HILL,Landslide,2,90,0,Dry Rations|Medical Kits,107,RESOLVED,SENSOR
INC-2023-2866,2023-08-06T18:28:25.421Z,Colombo,WET,High Winds/Cyclone,2,6600,0,,106,RESOLVED,CITIZEN
INC-2018-2867,2018-02-02T11:37:02.578Z,Monaragala,DRY,Flood,2,6048,0,Dry Rations|Medical Kits,19,RESOLVED,OFFICER
INC-2025-2868,2025-11-08T10:11:04.373Z,Anuradhapura,DRY,Flood,1,236,0,Dry Rations|Medical Kits,18,RESOLVED,CITIZEN
INC-2021-2869,2021-04-01T20:31:17.157Z,Colombo,WET,Animal Attack,1,3,0,Wildlife Officers|Veterinary Kits,54,RESOLVED,OFFICER
INC-2025-2870,2025-04-23T22:00:56.330Z,Hambantota,DRY,Animal Attack,1,5,2,Wildlife Officers|Veterinary Kits,59,RESOLVED,CITIZEN
INC-2022-2871,2022-06-14T19:56:49.163Z,Nuwara Eliya,HILL,Flood,2,6932,0,Dry Rations|Medical Kits,46,RESOLVED,CITIZEN
INC-2025-2872,2025-09-10T04:30:41.797Z,Gampaha,WET,Flood,1,1321,0,Dry Rations|Medical Kits,111,RESOLVED,CITIZEN
INC-2024-2873,2024-10-15T21:37:54.011Z,Nuwara Eliya,HILL,Forest Fire,3,210,0,Fire Trucks|Air Support,144,RESOLVED,CITIZEN
INC-2019-2874,2019-04-21T02:35:37.869Z,Puttalam,DRY,Flood,2,1748,0,Dry Rations|Medical Kits,93,RESOLVED,CITIZEN
INC-2023-2875,2023-06-08T23:36:20.455Z,Trincomalee,EAST_NORTH,Drought,2,98626,0,Water Bowsers|Dry Rations,4015,RESOLVED,CITIZEN
INC-2021-2876,2021-08-17T02:15:13.564Z,Mannar,DRY,Flood,3,10728,0,Boats|Rescue Teams|Dry Rations|Medical Kits,87,RESOLVED,OFFICER
INC-2021-2877,2021-03-29T20:25:09.865Z,Kalutara,WET,Flood,3,6714,0,Boats|Rescue Teams|Dry Rations|Medical Kits,53,RESOLVED,CITIZEN
INC-2023-2878,2023-09-27T17:15:38.060Z,Kandy,HILL,Landslide,3,495,0,Boats|Rescue Teams|Dry Rations|Medical Kits,130,RESOLVED,CITIZEN
INC-2019-2879,2019-11-30T14:22:43.009Z,Ampara,EAST_NORTH,High Winds/Cyclone,2,7756,0,,29,RESOLVED,CITIZEN
INC-2020-2880,2020-03-17T02:59:12.904Z,Jaffna,EAST_NORTH,High Winds/Cyclone,2,2448,0,,88,RESOLVED,CITIZEN
INC-2024-2881,2024-10-12T12:27:47.538Z,Kalutara,WET,Animal Attack,1,7,1,Wildlife Officers|Veterinary Kits,56,RESOLVED,OFFICER
INC-2020-2882,2020-01-05T13:09:10.151Z,Ampara,EAST_NORTH,Flood,2,3528,0,Dry Rations|Medical Kits,89,RESOLVED,CITIZEN
INC-2019-2883,2019-01-16T14:45:27.452Z,Colombo,WET,Animal Attack,1,7,1,Wildlife Officers|Veterinary Kits,64,RESOLVED,OFFICER
INC-2019-2884,2019-04-12T18:05:06.549Z,Colombo,WET,High Winds/Cyclone,3,9450,0,,105,RESOLVED,OFFICER
INC-2023-2885,2023-03-21T02:44:32.485Z,Kalutara,WET,Animal Attack,1,5,2,Wildlife Officers|Veterinary Kits,39,RESOLVED,CITIZEN
INC-2020-2886,2020-05-01T17:13:55.146Z,Matara,WET,Landslide,2,850,0,Dry Rations|Medical Kits,107,RESOLVED,CITIZEN
INC-2025-2887,2025-08-19T20:45:12.581Z,Matale,HILL,Landslide,3,921,14,Boats|Rescue Teams|Dry Rations|Medical Kits,105,RESOLVED,CITIZEN
INC-2026-2888,2026-02-04T21:59:27.020Z,Trincomalee,EAST_NORTH,High Winds/Cyclone,1,1475,0,,114,RESOLVED,CITIZEN
INC-2022-2889,2022-01-16T09:08:13.171Z,Monaragala,DRY,Animal Attack,2,2,2,Wildlife Officers|Veterinary Kits,46,RESOLVED,OFFICER
INC-2019-2890,2019-11-17T18:05:12.941Z,Trincomalee,EAST_NORTH,Animal Attack,2,3,2,Wildlife Officers|Veterinary Kits,40,RESOLVED,CITIZEN
INC-2022-2891,2022-11-18T20:10:24.566Z,Jaffna,EAST_NORTH,Drought,2,22366,0,Water Bowsers|Dry Rations,4130,RESOLVED,SENSOR
INC-2019-2892,2019-03-01T16:17:03.011Z,Puttalam,DRY,High Winds/Cyclone,2,5316,0,,45,RESOLVED,SENSOR
INC-2025-2893,2025-08-05T12:32:48.812Z,Badulla,HILL,Landslide,1,34,0,Dry Rations|Medical Kits,41,RESOLVED,OFFICER
INC-2018-2894,2018-03-01T20:43:09.368Z,Kandy,HILL,Landslide,3,1248,2,Boats|Rescue Teams|Dry Rations|Medical Kits,125,RESOLVED,CITIZEN
INC-2025-2895,2025-04-14T21:27:14.977Z,Mullaitivu,EAST_NORTH,High Winds/Cyclone,1,1162,0,,38,RESOLVED,CITIZEN
INC-2020-2896,2020-04-23T17:29:04.773Z,Trincomalee,EAST_NORTH,Animal Attack,1,5,2,Wildlife Officers|Veterinary Kits,89,RESOLVED,SENSOR
INC-2024-2897,2024-11-27T18:09:27.625Z,Mannar,DRY,Flood,1,886,0,Dry Rations|Medical Kits,34,RESOLVED,CITIZEN
INC-2018-2898,2018-01-21T20:14:56.867Z,Jaffna,EAST_NORTH,High Winds/Cyclone,5,47000,4,,39,RESOLVED,OFFICER
INC-2018-2899,2018-08-31T06:42:32.768Z,Polonnaruwa,DRY,Drought,2,94628,0,Water Bowsers|Dry Rations,2964,RESOLVED,OFFICER
INC-2020-2900,2020-09-23T17:10:00.234Z,Galle,WET,Flood,1,713,0,Dry Rations|Medical Kits,79,RESOLVED,OFFICER
INC-2020-2901,2020-04-23T20:14:14.747Z,Galle,WET,Animal Attack,1,7,0,Wildlife Officers|Veterinary Kits,43,RESOLVED,CITIZEN
INC-2025-2902,2025-09-27T07:41:25.924Z,Ampara,EAST_NORTH,Drought,1,20765,0,Water Bowsers|Dry Rations,2400,RESOLVED,SENSOR
INC-2022-2903,2022-01-02T22:03:15.635Z,Ampara,EAST_NORTH,Flood,4,10992,6,Boats|Rescue Teams|Dry Rations|Medical Kits,59,RESOLVED,SENSOR
INC-2023-2904,2023-04-29T15:00:41.781Z,Kalutara,WET,Flood,1,1122,0,Dry Rations|Medical Kits,30,RESOLVED,CITIZEN
INC-2023-2905,2023-02-20T11:14:26.787Z,Ampara,EAST_NORTH,Animal Attack,2,2,0,Wildlife Officers|Veterinary Kits,38,RESOLVED,CITIZEN
INC-2020-2906,2020-09-30T04:02:55.384Z,Ampara,EAST_NORTH,Flood,3,17937,0,Boats|Rescue Teams|Dry Rations|Medical Kits,112,RESOLVED,OFFICER
INC-2019-2907,2019-04-17T07:02:17.472Z,Kalutara,WET,Flood,2,5148,0,Dry Rations|Medical Kits,34,RESOLVED,CITIZEN
INC-2024-2908,2024-03-09T23:15:16.035Z,Nuwara Eliya,HILL,Flood,4,31920,5,Boats|Rescue Teams|Dry Rations|Medical Kits,54,RESOLVED,CITIZEN
INC-2025-2909,2025-07-17T20:29:12.584Z,Colombo,WET,Flood,2,2028,0,Dry Rations|Medical Kits,58,RESOLVED,OFFICER
INC-2018-2910,2018-10-28T01:40:46.995Z,Badulla,HILL,Flood,1,524,0,Dry Rations|Medical Kits,89,RESOLVED,SENSOR
INC-2025-2911,2025-03-19T00:26:34.446Z,Kegalle,HILL,Flood,2,3432,0,Dry Rations|Medical Kits,117,RESOLVED,CITIZEN
INC-2026-2912,2026-05-06T09:28:36.598Z,Colombo,WET,Flood,4,26160,0,Boats|Rescue Teams|Dry Rations|Medical Kits,32,RESOLVED,CITIZEN
INC-2022-2913,2022-11-13T20:39:06.997Z,Galle,WET,Animal Attack,1,7,0,Wildlife Officers|Veterinary Kits,57,RESOLVED,CITIZEN
INC-2026-2914,2026-04-15T09:38:50.715Z,Gampaha,WET,Flood,3,16272,0,Boats|Rescue Teams|Dry Rations|Medical Kits,63,RESOLVED,SENSOR
INC-2020-2915,2020-02-25T17:27:56.586Z,Matara,WET,Flood,3,13113,0,Boats|Rescue Teams|Dry Rations|Medical Kits,15,RESOLVED,OFFICER
INC-2018-2916,2018-01-11T16:38:10.263Z,Kandy,HILL,Landslide,5,330,4,Boats|Rescue Teams|Dry Rations|Medical Kits,121,RESOLVED,MEDIA
INC-2025-2917,2025-07-20T11:49:25.414Z,Kilinochchi,EAST_NORTH,Drought,4,101832,0,Water Bowsers|Dry Rations,4088,RESOLVED,SENSOR
INC-2024-2918,2024-04-12T14:14:41.062Z,Matara,WET,Flood,2,5444,0,Dry Rations|Medical Kits,54,RESOLVED,CITIZEN
INC-2021-2919,2021-03-14T11:41:41.186Z,Nuwara Eliya,HILL,Forest Fire,5,110,0,Fire Trucks|Air Support,103,RESOLVED,CITIZEN
INC-2025-2920,2025-10-23T07:35:52.749Z,Hambantota,DRY,Flood,2,3192,0,Dry Rations|Medical Kits,31,RESOLVED,CITIZEN
INC-2024-2921,2024-08-28T03:51:56.896Z,Vavuniya,DRY,Animal Attack,1,2,1,Wildlife Officers|Veterinary Kits,54,RESOLVED,CITIZEN
INC-2024-2922,2024-11-20T13:39:37.654Z,Jaffna,EAST_NORTH,Animal Attack,1,7,0,Wildlife Officers|Veterinary Kits,90,RESOLVED,SENSOR
INC-2020-2923,2020-04-22T05:47:13.298Z,Nuwara Eliya,HILL,Landslide,1,319,0,Dry Rations|Medical Kits,49,RESOLVED,SENSOR
INC-2018-2924,2018-11-07T23:16:38.986Z,Badulla,HILL,Landslide,3,414,11,Boats|Rescue Teams|Dry Rations|Medical Kits,36,RESOLVED,OFFICER
INC-2025-2925,2025-03-28T00:47:01.574Z,Galle,WET,Flood,4,27904,4,Boats|Rescue Teams|Dry Rations|Medical Kits,48,RESOLVED,CITIZEN
INC-2023-2926,2023-10-09T19:58:11.214Z,Matale,HILL,Landslide,2,134,0,Dry Rations|Medical Kits,163,RESOLVED,OFFICER
INC-2022-2927,2022-09-30T20:50:53.857Z,Matara,WET,High Winds/Cyclone,4,8000,2,,117,RESOLVED,OFFICER
INC-2025-2928,2025-01-14T16:05:58.807Z,Ampara,EAST_NORTH,High Winds/Cyclone,5,22900,10,,82,RESOLVED,MEDIA
INC-2021-2929,2021-04-07T17:04:04.216Z,Badulla,HILL,Forest Fire,1,1,0,Fire Trucks|Air Support,127,RESOLVED,MEDIA
INC-2022-2930,2022-09-20T07:14:32.132Z,Gampaha,WET,Landslide,2,640,0,Dry Rations|Medical Kits,57,RESOLVED,CITIZEN
INC-2021-2931,2021-09-13T05:00:20.558Z,Kalutara,WET,Flood,2,2616,0,Dry Rations|Medical Kits,58,RESOLVED,SENSOR
INC-2019-2932,2019-12-14T08:53:22.533Z,Vavuniya,DRY,Flood,2,6868,0,Dry Rations|Medical Kits,45,RESOLVED,CITIZEN
INC-2024-2933,2024-07-01T12:49:51.848Z,Jaffna,EAST_NORTH,Forest Fire,4,160,0,Fire Trucks|Air Support,75,RESOLVED,CITIZEN
INC-2026-2934,2026-03-15T01:57:41.920Z,Gampaha,WET,Flood,2,2004,0,Dry Rations|Medical Kits,48,RESOLVED,CITIZEN
INC-2022-2935,2022-02-11T22:10:49.452Z,Jaffna,EAST_NORTH,Flood,3,5670,0,Boats|Rescue Teams|Dry Rations|Medical Kits,80,RESOLVED,CITIZEN
INC-2018-2936,2018-10-06T04:18:54.370Z,Matale,HILL,Landslide,1,237,0,Dry Rations|Medical Kits,108,RESOLVED,CITIZEN
INC-2021-2937,2021-08-14T13:01:46.077Z,Matale,HILL,Landslide,3,567,2,Boats|Rescue Teams|Dry Rations|Medical Kits,94,RESOLVED,OFFICER
INC-2025-2938,2025-07-28T14:39:24.156Z,Nuwara Eliya,HILL,Landslide,1,478,0,Dry Rations|Medical Kits,169,RESOLVED,CITIZEN
INC-2021-2939,2021-02-02T20:48:34.234Z,Colombo,WET,Flood,2,5348,0,Dry Rations|Medical Kits,67,RESOLVED,CITIZEN
INC-2021-2940,2021-08-01T11:48:50.801Z,Galle,WET,Flood,2,5136,0,Dry Rations|Medical Kits,68,RESOLVED,OFFICER
INC-2026-2941,2026-05-09T21:54:35.871Z,Jaffna,EAST_NORTH,High Winds/Cyclone,1,723,0,,26,RESOLVED,CITIZEN
INC-2020-2942,2020-05-11T15:40:11.015Z,Galle,WET,Flood,1,85,0,Dry Rations|Medical Kits,41,RESOLVED,CITIZEN
INC-2020-2943,2020-06-26T15:11:01.105Z,Kurunegala,DRY,Flood,2,3352,0,Dry Rations|Medical Kits,41,RESOLVED,OFFICER
INC-2020-2944,2020-11-05T03:07:57.669Z,Kalutara,WET,Flood,3,4194,0,Boats|Rescue Teams|Dry Rations|Medical Kits,16,RESOLVED,CITIZEN
INC-2023-2945,2023-12-27T12:30:36.354Z,Kegalle,HILL,Landslide,3,30,6,Boats|Rescue Teams|Dry Rations|Medical Kits,92,RESOLVED,CITIZEN
INC-2022-2946,2022-01-15T02:11:22.361Z,Badulla,HILL,Animal Attack,2,5,1,Wildlife Officers|Veterinary Kits,38,RESOLVED,OFFICER
INC-2022-2947,2022-02-27T05:02:17.529Z,Colombo,WET,Flood,3,2313,0,Boats|Rescue Teams|Dry Rations|Medical Kits,81,RESOLVED,SENSOR
INC-2020-2948,2020-11-08T00:36:29.418Z,Colombo,WET,Landslide,2,406,0,Dry Rations|Medical Kits,179,RESOLVED,OFFICER
INC-2023-2949,2023-04-04T09:11:53.350Z,Batticaloa,EAST_NORTH,High Winds/Cyclone,2,5936,0,,53,RESOLVED,CITIZEN
INC-2025-2950,2025-04-05T06:54:25.703Z,Mannar,DRY,High Winds/Cyclone,3,9027,0,,84,RESOLVED,SENSOR
INC-2025-2951,2025-06-19T15:35:55.714Z,Badulla,HILL,Flood,2,5816,0,Dry Rations|Medical Kits,26,RESOLVED,MEDIA
INC-2019-2952,2019-02-10T21:08:16.941Z,Trincomalee,EAST_NORTH,High Winds/Cyclone,1,1154,0,,27,RESOLVED,OFFICER
INC-2022-2953,2022-10-06T16:04:44.962Z,Polonnaruwa,DRY,Drought,2,78252,0,Water Bowsers|Dry Rations,1908,RESOLVED,OFFICER
INC-2019-2954,2019-09-18T05:34:27.053Z,Ampara,EAST_NORTH,High Winds/Cyclone,2,4964,0,,21,RESOLVED,OFFICER
INC-2023-2955,2023-07-23T10:41:40.279Z,Polonnaruwa,DRY,Animal Attack,1,10,1,Wildlife Officers|Veterinary Kits,77,RESOLVED,CITIZEN
INC-2023-2956,2023-06-09T22:40:14.783Z,Ampara,EAST_NORTH,Flood,1,479,0,Dry Rations|Medical Kits,95,RESOLVED,OFFICER
INC-2020-2957,2020-03-11T11:28:45.475Z,Kandy,HILL,Animal Attack,1,3,0,Wildlife Officers|Veterinary Kits,46,RESOLVED,CITIZEN
INC-2026-2958,2026-03-26T09:15:00.424Z,Nuwara Eliya,HILL,Flood,2,5532,0,Dry Rations|Medical Kits,47,RESOLVED,MEDIA
INC-2022-2959,2022-03-26T02:06:38.219Z,Vavuniya,DRY,Drought,4,27772,0,Water Bowsers|Dry Rations,2940,RESOLVED,OFFICER
INC-2019-2960,2019-08-23T07:25:30.626Z,Kegalle,HILL,Flood,2,6324,0,Dry Rations|Medical Kits,26,RESOLVED,OFFICER
INC-2018-2961,2018-07-16T19:08:02.076Z,Kalutara,WET,Flood,1,149,0,Dry Rations|Medical Kits,16,RESOLVED,CITIZEN
INC-2021-2962,2021-04-30T08:15:04.756Z,Jaffna,EAST_NORTH,High Winds/Cyclone,1,330,0,,15,RESOLVED,CITIZEN
INC-2019-2963,2019-08-05T22:31:58.339Z,Matara,WET,Flood,4,2272,0,Boats|Rescue Teams|Dry Rations|Medical Kits,105,RESOLVED,MEDIA
INC-2019-2964,2019-06-27T11:24:43.576Z,Vavuniya,DRY,Flood,2,4704,0,Dry Rations|Medical Kits,51,RESOLVED,CITIZEN
INC-2025-2965,2025-05-21T16:02:25.231Z,Monaragala,DRY,Flood,2,6652,0,Dry Rations|Medical Kits,28,RESOLVED,CITIZEN
INC-2023-2966,2023-01-27T02:52:03.535Z,Gampaha,WET,Flood,4,10080,6,Boats|Rescue Teams|Dry Rations|Medical Kits,101,RESOLVED,CITIZEN
INC-2019-2967,2019-09-20T07:44:39.733Z,Hambantota,DRY,Drought,4,106044,0,Water Bowsers|Dry Rations,3620,RESOLVED,OFFICER
INC-2024-2968,2024-12-05T14:20:15.580Z,Hambantota,DRY,Flood,4,7680,1,Boats|Rescue Teams|Dry Rations|Medical Kits,79,RESOLVED,CITIZEN
INC-2021-2969,2021-11-19T04:21:04.753Z,Galle,WET,Animal Attack,1,5,1,Wildlife Officers|Veterinary Kits,63,RESOLVED,SENSOR
INC-2022-2970,2022-09-26T21:29:26.548Z,Galle,WET,Flood,2,1468,0,Dry Rations|Medical Kits,70,RESOLVED,SENSOR
INC-2020-2971,2020-10-26T10:46:57.778Z,Ampara,EAST_NORTH,Flood,1,1197,0,Dry Rations|Medical Kits,73,RESOLVED,CITIZEN
INC-2025-2972,2025-09-10T03:32:52.191Z,Colombo,WET,High Winds/Cyclone,1,600,0,,28,RESOLVED,OFFICER
INC-2024-2973,2024-11-10T09:51:43.733Z,Colombo,WET,High Winds/Cyclone,1,1663,0,,119,RESOLVED,OFFICER
INC-2025-2974,2025-08-08T03:15:21.485Z,Nuwara Eliya,HILL,Flood,2,3552,0,Dry Rations|Medical Kits,53,RESOLVED,CITIZEN
INC-2019-2975,2019-03-06T09:12:39.621Z,Colombo,WET,Flood,1,1602,0,Dry Rations|Medical Kits,53,RESOLVED,CITIZEN
INC-2022-2976,2022-03-07T09:09:33.870Z,Polonnaruwa,DRY,Drought,4,158736,0,Water Bowsers|Dry Rations,1865,RESOLVED,SENSOR
INC-2020-2977,2020-06-12T20:21:08.409Z,Puttalam,DRY,Drought,1,19419,0,Water Bowsers|Dry Rations,2514,RESOLVED,CITIZEN
INC-2022-2978,2022-06-26T11:04:02.457Z,Kegalle,HILL,Landslide,3,1122,13,Boats|Rescue Teams|Dry Rations|Medical Kits,78,RESOLVED,CITIZEN
INC-2021-2979,2021-10-24T05:14:57.757Z,Ampara,EAST_NORTH,Animal Attack,1,2,0,Wildlife Officers|Veterinary Kits,66,RESOLVED,CITIZEN
INC-2026-2980,2026-03-19T05:38:48.969Z,Matara,WET,Flood,2,7948,0,Dry Rations|Medical Kits,24,RESOLVED,CITIZEN
INC-2024-2981,2024-10-24T08:56:29.518Z,Vavuniya,DRY,Drought,1,41210,0,Water Bowsers|Dry Rations,4054,RESOLVED,CITIZEN
INC-2025-2982,2025-01-17T21:33:51.089Z,Batticaloa,EAST_NORTH,Flood,3,4302,0,Boats|Rescue Teams|Dry Rations|Medical Kits,52,RESOLVED,SENSOR
INC-2019-2983,2019-10-20T13:02:48.739Z,Matara,WET,Flood,2,2752,0,Dry Rations|Medical Kits,115,RESOLVED,CITIZEN
INC-2020-2984,2020-06-09T01:07:54.381Z,Monaragala,DRY,Flood,2,5500,0,Dry Rations|Medical Kits,36,RESOLVED,OFFICER
INC-2018-2985,2018-01-04T21:57:45.465Z,Nuwara Eliya,HILL,Landslide,5,430,11,Boats|Rescue Teams|Dry Rations|Medical Kits,124,RESOLVED,CITIZEN
INC-2019-2986,2019-11-03T21:30:14.996Z,Matara,WET,Animal Attack,1,8,0,Wildlife Officers|Veterinary Kits,80,RESOLVED,CITIZEN
INC-2021-2987,2021-06-11T15:46:28.448Z,Vavuniya,DRY,Forest Fire,1,68,0,Fire Trucks|Air Support,130,RESOLVED,CITIZEN
INC-2020-2988,2020-07-19T21:02:47.928Z,Colombo,WET,Landslide,1,192,0,Dry Rations|Medical Kits,151,RESOLVED,CITIZEN
INC-2024-2989,2024-10-05T08:44:49.590Z,Kegalle,HILL,High Winds/Cyclone,1,200,0,,23,RESOLVED,CITIZEN
INC-2023-2990,2023-10-03T03:22:53.831Z,Hambantota,DRY,Flood,1,1553,0,Dry Rations|Medical Kits,80,RESOLVED,CITIZEN
INC-2026-2991,2026-04-28T04:40:38.143Z,Nuwara Eliya,HILL,Flood,1,167,0,Dry Rations|Medical Kits,68,RESOLVED,CITIZEN
INC-2022-2992,2022-05-19T22:42:43.596Z,Kalutara,WET,High Winds/Cyclone,1,966,0,,91,RESOLVED,OFFICER
INC-2021-2993,2021-01-31T15:54:49.854Z,Gampaha,WET,High Winds/Cyclone,1,340,0,,22,RESOLVED,SENSOR
INC-2020-2994,2020-08-09T05:52:43.160Z,Kegalle,HILL,Landslide,1,149,0,Dry Rations|Medical Kits,41,RESOLVED,MEDIA
INC-2024-2995,2024-03-22T07:07:25.414Z,Polonnaruwa,DRY,High Winds/Cyclone,2,7792,0,,70,RESOLVED,SENSOR
INC-2025-2996,2025-03-24T03:48:16.821Z,Kandy,HILL,Landslide,1,153,0,Dry Rations|Medical Kits,169,RESOLVED,CITIZEN
INC-2025-2997,2025-09-21T14:12:06.452Z,Kalutara,WET,Flood,3,3843,0,Boats|Rescue Teams|Dry Rations|Medical Kits,114,RESOLVED,MEDIA
INC-2020-2998,2020-12-04T17:39:12.965Z,Puttalam,DRY,High Winds/Cyclone,2,3856,0,,23,RESOLVED,CITIZEN
INC-2022-2999,2022-09-15T22:21:49.304Z,Puttalam,DRY,Drought,1,25493,0,Water Bowsers|Dry Rations,2730,RESOLVED,SENSOR
INC-2023-3000,2023-01-14T10:48:32.594Z,Vavuniya,DRY,Animal Attack,1,1,0,Wildlife Officers|Veterinary Kits,55,RESOLVED,CITIZEN
INC-2025-3001,2025-12-18T07:12:18.936Z,Colombo,WET,Animal Attack,1,8,0,Wildlife Officers|Veterinary Kits,37,RESOLVED,OFFICER
INC-2026-3002,2026-04-16T01:38:48.014Z,Ratnapura,HILL,Flood,1,1812,0,Dry Rations|Medical Kits,63,RESOLVED,CITIZEN
INC-2023-3003,2023-12-07T19:12:33.222Z,Matara,WET,Animal Attack,1,1,2,Wildlife Officers|Veterinary Kits,83,RESOLVED,OFFICER
INC-2024-3004,2024-09-21T03:52:12.972Z,Galle,WET,Flood,2,7416,0,Dry Rations|Medical Kits,110,RESOLVED,CITIZEN
INC-2019-3005,2019-11-04T02:31:08.919Z,Polonnaruwa,DRY,Drought,1,9236,0,Water Bowsers|Dry Rations,1984,RESOLVED,SENSOR
INC-2023-3006,2023-11-24T22:50:21.075Z,Mannar,DRY,Flood,2,4556,0,Dry Rations|Medical Kits,93,RESOLVED,CITIZEN
INC-2022-3007,2022-01-25T00:29:03.732Z,Vavuniya,DRY,Flood,4,26080,4,Boats|Rescue Teams|Dry Rations|Medical Kits,94,RESOLVED,CITIZEN
INC-2018-3008,2018-02-22T00:09:35.476Z,Monaragala,DRY,Flood,1,1352,0,Dry Rations|Medical Kits,120,RESOLVED,OFFICER
INC-2025-3009,2025-09-22T10:25:34.443Z,Polonnaruwa,DRY,Drought,1,21275,0,Water Bowsers|Dry Rations,1659,RESOLVED,CITIZEN
INC-2026-3010,2026-02-03T00:05:52.232Z,Gampaha,WET,Flood,2,2120,0,Dry Rations|Medical Kits,52,RESOLVED,CITIZEN
INC-2018-3011,2018-02-13T03:44:39.447Z,Badulla,HILL,Landslide,5,340,0,Boats|Rescue Teams|Dry Rations|Medical Kits,82,RESOLVED,MEDIA
INC-2021-3012,2021-04-25T16:14:12.534Z,Ampara,EAST_NORTH,Drought,1,28575,0,Water Bowsers|Dry Rations,3246,RESOLVED,SENSOR
INC-2018-3013,2018-12-18T01:30:47.459Z,Matale,HILL,Landslide,2,758,0,Dry Rations|Medical Kits,41,RESOLVED,OFFICER
INC-2019-3014,2019-06-02T06:13:20.488Z,Mullaitivu,EAST_NORTH,Animal Attack,2,7,1,Wildlife Officers|Veterinary Kits,50,RESOLVED,SENSOR
INC-2021-3015,2021-08-01T14:34:30.596Z,Ratnapura,HILL,Landslide,1,263,0,Dry Rations|Medical Kits,90,RESOLVED,OFFICER
INC-2025-3016,2025-07-06T18:07:35.551Z,Kilinochchi,EAST_NORTH,Forest Fire,1,11,0,Fire Trucks|Air Support,55,RESOLVED,MEDIA
INC-2019-3017,2019-05-06T00:54:28.971Z,Galle,WET,Flood,4,29168,6,Boats|Rescue Teams|Dry Rations|Medical Kits,29,RESOLVED,CITIZEN
INC-2020-3018,2020-09-15T23:58:06.492Z,Hambantota,DRY,Drought,2,49544,0,Water Bowsers|Dry Rations,1971,RESOLVED,CITIZEN
INC-2020-3019,2020-11-04T11:22:21.148Z,Polonnaruwa,DRY,High Winds/Cyclone,1,1255,0,,49,RESOLVED,MEDIA
INC-2020-3020,2020-08-02T03:38:15.327Z,Ampara,EAST_NORTH,Animal Attack,1,2,2,Wildlife Officers|Veterinary Kits,82,RESOLVED,CITIZEN
INC-2024-3021,2024-09-03T11:07:37.334Z,Badulla,HILL,Landslide,1,403,0,Dry Rations|Medical Kits,141,RESOLVED,CITIZEN
INC-2022-3022,2022-12-25T02:54:09.635Z,Kegalle,HILL,Landslide,2,590,0,Dry Rations|Medical Kits,141,RESOLVED,OFFICER
INC-2018-3023,2018-02-19T10:02:27.174Z,Kalutara,WET,Flood,3,8694,0,Boats|Rescue Teams|Dry Rations|Medical Kits,105,RESOLVED,SENSOR
INC-2019-3024,2019-04-17T02:07:38.364Z,Hambantota,DRY,Flood,3,13293,0,Boats|Rescue Teams|Dry Rations|Medical Kits,18,RESOLVED,OFFICER
INC-2023-3025,2023-11-17T07:31:08.170Z,Matale,HILL,Landslide,1,435,0,Dry Rations|Medical Kits,110,RESOLVED,OFFICER
INC-2019-3026,2019-09-22T00:24:25.656Z,Kalutara,WET,Flood,4,17264,5,Boats|Rescue Teams|Dry Rations|Medical Kits,86,RESOLVED,CITIZEN
INC-2023-3027,2023-12-28T19:49:24.051Z,Polonnaruwa,DRY,Animal Attack,2,5,2,Wildlife Officers|Veterinary Kits,74,RESOLVED,SENSOR
INC-2025-3028,2025-12-05T20:57:43.703Z,Galle,WET,Flood,2,7516,0,Dry Rations|Medical Kits,32,RESOLVED,OFFICER
INC-2020-3029,2020-04-26T23:51:36.506Z,Nuwara Eliya,HILL,Landslide,1,493,0,Dry Rations|Medical Kits,59,RESOLVED,CITIZEN
INC-2021-3030,2021-05-20T23:06:44.193Z,Anuradhapura,DRY,Flood,2,5612,0,Dry Rations|Medical Kits,102,RESOLVED,CITIZEN
INC-2025-3031,2025-06-21T23:51:30.475Z,Kalutara,WET,Flood,1,1092,0,Dry Rations|Medical Kits,120,RESOLVED,MEDIA
INC-2020-3032,2020-03-25T14:45:41.259Z,Gampaha,WET,Flood,1,1352,0,Dry Rations|Medical Kits,115,RESOLVED,CITIZEN
INC-2022-3033,2022-04-17T22:26:53.486Z,Batticaloa,EAST_NORTH,Animal Attack,1,3,2,Wildlife Officers|Veterinary Kits,79,RESOLVED,CITIZEN
INC-2019-3034,2019-12-08T05:23:49.633Z,Badulla,HILL,Landslide,4,132,17,Boats|Rescue Teams|Dry Rations|Medical Kits,50,RESOLVED,CITIZEN
INC-2022-3035,2022-02-24T19:26:20.043Z,Nuwara Eliya,HILL,Flood,1,899,0,Dry Rations|Medical Kits,66,RESOLVED,OFFICER
INC-2024-3036,2024-11-19T05:03:47.319Z,Jaffna,EAST_NORTH,Animal Attack,1,2,0,Wildlife Officers|Veterinary Kits,68,RESOLVED,SENSOR
INC-2023-3037,2023-01-24T16:54:37.373Z,Batticaloa,EAST_NORTH,Flood,4,24752,2,Boats|Rescue Teams|Dry Rations|Medical Kits,97,RESOLVED,CITIZEN
INC-2020-3038,2020-01-28T09:21:19.456Z,Galle,WET,Landslide,1,93,0,Dry Rations|Medical Kits,167,RESOLVED,SENSOR
INC-2025-3039,2025-05-02T18:34:36.774Z,Nuwara Eliya,HILL,Flood,2,1364,0,Dry Rations|Medical Kits,66,RESOLVED,OFFICER
INC-2020-3040,2020-01-11T12:40:18.320Z,Kalutara,WET,Flood,2,6772,0,Dry Rations|Medical Kits,71,RESOLVED,OFFICER
INC-2024-3041,2024-06-18T19:21:17.523Z,Vavuniya,DRY,Animal Attack,1,4,2,Wildlife Officers|Veterinary Kits,69,RESOLVED,OFFICER
INC-2020-3042,2020-02-27T11:55:45.040Z,Badulla,HILL,Flood,2,1540,0,Dry Rations|Medical Kits,16,RESOLVED,SENSOR
INC-2018-3043,2018-06-04T16:08:04.631Z,Kilinochchi,EAST_NORTH,High Winds/Cyclone,1,1348,0,,96,RESOLVED,CITIZEN
INC-2020-3044,2020-04-17T04:39:54.484Z,Gampaha,WET,Flood,3,3411,0,Boats|Rescue Teams|Dry Rations|Medical Kits,29,RESOLVED,CITIZEN
INC-2023-3045,2023-04-20T18:45:08.523Z,Gampaha,WET,Flood,1,1288,0,Dry Rations|Medical Kits,104,RESOLVED,OFFICER
INC-2019-3046,2019-12-18T02:57:06.719Z,Kurunegala,DRY,Flood,4,15968,1,Boats|Rescue Teams|Dry Rations|Medical Kits,60,RESOLVED,CITIZEN
INC-2025-3047,2025-02-23T08:04:08.313Z,Mannar,DRY,Flood,2,6772,0,Dry Rations|Medical Kits,120,RESOLVED,CITIZEN
INC-2018-3048,2018-01-27T04:52:27.951Z,Kegalle,HILL,Landslide,1,62,0,Dry Rations|Medical Kits,30,RESOLVED,CITIZEN
INC-2021-3049,2021-06-13T11:46:56.080Z,Kegalle,HILL,High Winds/Cyclone,2,860,0,,65,RESOLVED,SENSOR
INC-2025-3050,2025-04-11T03:15:45.327Z,Anuradhapura,DRY,Drought,3,27063,0,Water Bowsers|Dry Rations,3435,RESOLVED,OFFICER
INC-2025-3051,2025-06-26T12:14:53.787Z,Badulla,HILL,Landslide,1,336,0,Dry Rations|Medical Kits,120,RESOLVED,OFFICER
INC-2025-3052,2025-12-26T04:01:10.787Z,Anuradhapura,DRY,Flood,2,3864,0,Dry Rations|Medical Kits,88,RESOLVED,OFFICER
INC-2019-3053,2019-07-02T14:33:45.116Z,Colombo,WET,Flood,3,1935,0,Boats|Rescue Teams|Dry Rations|Medical Kits,79,RESOLVED,CITIZEN
INC-2023-3054,2023-10-22T14:04:34.221Z,Badulla,HILL,Flood,5,46025,6,Boats|Rescue Teams|Dry Rations|Medical Kits,90,RESOLVED,MEDIA
INC-2019-3055,2019-11-01T13:25:24.316Z,Gampaha,WET,Animal Attack,1,7,0,Wildlife Officers|Veterinary Kits,37,RESOLVED,CITIZEN
INC-2020-3056,2020-03-01T02:10:18.983Z,Batticaloa,EAST_NORTH,Drought,2,80162,0,Water Bowsers|Dry Rations,4170,RESOLVED,CITIZEN
INC-2026-3057,2026-02-07T10:08:09.072Z,Kegalle,HILL,Landslide,3,567,7,Boats|Rescue Teams|Dry Rations|Medical Kits,155,RESOLVED,CITIZEN
INC-2025-3058,2025-11-15T05:41:11.916Z,Trincomalee,EAST_NORTH,Flood,2,1292,0,Dry Rations|Medical Kits,57,RESOLVED,OFFICER
INC-2018-3059,2018-04-30T00:27:18.492Z,Kegalle,HILL,Flood,2,2512,0,Dry Rations|Medical Kits,111,RESOLVED,CITIZEN
INC-2023-3060,2023-12-17T04:26:44.430Z,Monaragala,DRY,Flood,1,710,0,Dry Rations|Medical Kits,15,RESOLVED,CITIZEN
INC-2025-3061,2025-05-07T20:03:57.872Z,Vavuniya,DRY,Flood,5,40475,6,Boats|Rescue Teams|Dry Rations|Medical Kits,78,RESOLVED,CITIZEN
INC-2026-3062,2026-01-26T06:49:18.257Z,Mullaitivu,EAST_NORTH,High Winds/Cyclone,2,1660,0,,120,RESOLVED,SENSOR
INC-2021-3063,2021-01-12T08:30:51.512Z,Kegalle,HILL,Forest Fire,1,39,0,Fire Trucks|Air Support,54,RESOLVED,CITIZEN
INC-2020-3064,2020-04-15T07:16:30.898Z,Kilinochchi,EAST_NORTH,Animal Attack,1,7,1,Wildlife Officers|Veterinary Kits,38,RESOLVED,CITIZEN
INC-2022-3065,2022-06-04T10:05:57.530Z,Kalutara,WET,Flood,3,13347,0,Boats|Rescue Teams|Dry Rations|Medical Kits,99,RESOLVED,OFFICER
INC-2026-3066,2026-02-16T11:37:57.186Z,Matale,HILL,Landslide,1,128,0,Dry Rations|Medical Kits,173,RESOLVED,OFFICER
INC-2024-3067,2024-04-11T20:22:17.839Z,Matara,WET,Flood,2,6172,0,Dry Rations|Medical Kits,93,RESOLVED,SENSOR
INC-2018-3068,2018-08-30T13:44:55.406Z,Kalutara,WET,Flood,2,564,0,Dry Rations|Medical Kits,118,RESOLVED,CITIZEN
INC-2021-3069,2021-10-27T03:15:18.290Z,Vavuniya,DRY,Flood,1,641,0,Dry Rations|Medical Kits,34,RESOLVED,CITIZEN
INC-2025-3070,2025-05-03T02:20:47.904Z,Kalutara,WET,Landslide,4,1868,10,Boats|Rescue Teams|Dry Rations|Medical Kits,35,RESOLVED,CITIZEN
INC-2026-3071,2026-04-05T13:51:28.902Z,Anuradhapura,DRY,Animal Attack,1,5,0,Wildlife Officers|Veterinary Kits,65,RESOLVED,OFFICER
INC-2019-3072,2019-09-18T06:32:36.765Z,Nuwara Eliya,HILL,Landslide,3,522,15,Boats|Rescue Teams|Dry Rations|Medical Kits,137,RESOLVED,MEDIA
INC-2023-3073,2023-04-24T13:04:23.712Z,Mullaitivu,EAST_NORTH,Animal Attack,2,9,0,Wildlife Officers|Veterinary Kits,61,RESOLVED,SENSOR
INC-2018-3074,2018-01-25T19:57:03.109Z,Matara,WET,High Winds/Cyclone,3,2628,0,,18,RESOLVED,SENSOR
INC-2025-3075,2025-09-09T15:16:08.859Z,Colombo,WET,Flood,2,7364,0,Dry Rations|Medical Kits,104,RESOLVED,CITIZEN
INC-2024-3076,2024-07-27T04:24:08.496Z,Colombo,WET,Flood,2,5308,0,Dry Rations|Medical Kits,27,RESOLVED,CITIZEN
INC-2022-3077,2022-09-13T12:33:12.209Z,Kandy,HILL,Flood,3,7533,0,Boats|Rescue Teams|Dry Rations|Medical Kits,114,RESOLVED,OFFICER
INC-2021-3078,2021-06-28T05:16:29.747Z,Gampaha,WET,Flood,3,10953,0,Boats|Rescue Teams|Dry Rations|Medical Kits,67,RESOLVED,CITIZEN
INC-2018-3079,2018-01-10T17:27:55.625Z,Polonnaruwa,DRY,Flood,4,21600,4,Boats|Rescue Teams|Dry Rations|Medical Kits,34,RESOLVED,CITIZEN
INC-2019-3080,2019-11-02T01:01:48.041Z,Kurunegala,DRY,Flood,1,803,0,Dry Rations|Medical Kits,84,RESOLVED,OFFICER
INC-2025-3081,2025-06-12T07:49:22.720Z,Anuradhapura,DRY,Flood,2,3864,0,Dry Rations|Medical Kits,15,RESOLVED,OFFICER
INC-2020-3082,2020-01-01T18:33:51.120Z,Kalutara,WET,Animal Attack,1,7,2,Wildlife Officers|Veterinary Kits,33,RESOLVED,CITIZEN
INC-2025-3083,2025-05-23T21:51:39.452Z,Ratnapura,HILL,Flood,4,25152,5,Boats|Rescue Teams|Dry Rations|Medical Kits,97,RESOLVED,SENSOR
INC-2020-3084,2020-09-21T21:26:10.884Z,Kalutara,WET,Flood,2,7980,0,Dry Rations|Medical Kits,100,RESOLVED,SENSOR
INC-2023-3085,2023-10-09T09:32:26.442Z,Mannar,DRY,Flood,2,4864,0,Dry Rations|Medical Kits,34,RESOLVED,CITIZEN
INC-2020-3086,2020-09-26T05:58:22.665Z,Colombo,WET,Flood,4,26064,1,Boats|Rescue Teams|Dry Rations|Medical Kits,97,RESOLVED,SENSOR
INC-2022-3087,2022-07-25T02:31:33.125Z,Matara,WET,Flood,2,2460,0,Dry Rations|Medical Kits,32,RESOLVED,CITIZEN
INC-2023-3088,2023-07-08T10:48:17.312Z,Monaragala,DRY,High Winds/Cyclone,2,7280,0,,52,RESOLVED,CITIZEN
INC-2023-3089,2023-07-30T12:34:59.834Z,Colombo,WET,Flood,2,2736,0,Dry Rations|Medical Kits,17,RESOLVED,CITIZEN
INC-2024-3090,2024-09-10T09:44:49.191Z,Galle,WET,Flood,3,5724,0,Boats|Rescue Teams|Dry Rations|Medical Kits,109,RESOLVED,CITIZEN
INC-2025-3091,2025-06-07T14:29:21.365Z,Matara,WET,Flood,1,1317,0,Dry Rations|Medical Kits,115,RESOLVED,CITIZEN
INC-2025-3092,2025-01-11T03:24:45.195Z,Mullaitivu,EAST_NORTH,Flood,2,4196,0,Dry Rations|Medical Kits,30,RESOLVED,OFFICER
INC-2024-3093,2024-07-14T15:04:51.550Z,Matara,WET,Flood,1,435,0,Dry Rations|Medical Kits,60,RESOLVED,OFFICER
INC-2019-3094,2019-11-04T09:36:34.899Z,Gampaha,WET,Animal Attack,2,5,1,Wildlife Officers|Veterinary Kits,76,RESOLVED,MEDIA
INC-2021-3095,2021-04-17T18:07:33.982Z,Ampara,EAST_NORTH,Drought,4,159136,0,Water Bowsers|Dry Rations,2518,RESOLVED,OFFICER
INC-2018-3096,2018-05-22T18:04:24.467Z,Kurunegala,DRY,Drought,2,45988,0,Water Bowsers|Dry Rations,3814,RESOLVED,CITIZEN
INC-2022-3097,2022-04-11T15:32:10.391Z,Gampaha,WET,Flood,2,7028,0,Dry Rations|Medical Kits,92,RESOLVED,SENSOR
INC-2021-3098,2021-05-15T22:57:20.886Z,Ratnapura,HILL,Landslide,2,302,0,Dry Rations|Medical Kits,102,RESOLVED,OFFICER
INC-2025-3099,2025-06-07T00:13:23.225Z,Kalutara,WET,Flood,3,2826,0,Boats|Rescue Teams|Dry Rations|Medical Kits,23,RESOLVED,CITIZEN
INC-2020-3100,2020-08-22T22:31:16.665Z,Kalutara,WET,Flood,1,500,0,Dry Rations|Medical Kits,29,RESOLVED,SENSOR
INC-2021-3101,2021-05-15T07:11:28.395Z,Matara,WET,Flood,3,17073,0,Boats|Rescue Teams|Dry Rations|Medical Kits,19,RESOLVED,SENSOR
INC-2025-3102,2025-11-24T06:39:15.192Z,Ampara,EAST_NORTH,Animal Attack,1,9,2,Wildlife Officers|Veterinary Kits,68,RESOLVED,OFFICER
INC-2020-3103,2020-07-31T11:50:23.850Z,Anuradhapura,DRY,Drought,1,16404,0,Water Bowsers|Dry Rations,2573,RESOLVED,OFFICER
INC-2020-3104,2020-10-06T00:22:39.059Z,Ampara,EAST_NORTH,Drought,1,44953,0,Water Bowsers|Dry Rations,3752,RESOLVED,CITIZEN
INC-2021-3105,2021-01-30T09:43:10.504Z,Kandy,HILL,High Winds/Cyclone,5,33275,9,,46,RESOLVED,CITIZEN
INC-2024-3106,2024-11-04T11:39:04.658Z,Kurunegala,DRY,Animal Attack,2,2,2,Wildlife Officers|Veterinary Kits,50,RESOLVED,OFFICER
INC-2022-3107,2022-01-12T13:39:51.131Z,Nuwara Eliya,HILL,Landslide,1,457,0,Dry Rations|Medical Kits,141,RESOLVED,OFFICER
INC-2018-3108,2018-03-30T18:26:29.593Z,Puttalam,DRY,Flood,4,2816,5,Boats|Rescue Teams|Dry Rations|Medical Kits,118,RESOLVED,CITIZEN
INC-2019-3109,2019-09-02T06:06:57.861Z,Batticaloa,EAST_NORTH,Drought,1,15927,0,Water Bowsers|Dry Rations,1467,RESOLVED,CITIZEN
INC-2025-3110,2025-01-11T19:49:46.956Z,Galle,WET,Flood,4,6896,6,Boats|Rescue Teams|Dry Rations|Medical Kits,104,RESOLVED,CITIZEN
INC-2025-3111,2025-11-30T18:35:12.813Z,Colombo,WET,Flood,3,1053,0,Boats|Rescue Teams|Dry Rations|Medical Kits,111,RESOLVED,OFFICER
INC-2024-3112,2024-08-14T00:26:24.877Z,Trincomalee,EAST_NORTH,Forest Fire,3,186,0,Fire Trucks|Air Support,156,RESOLVED,OFFICER
INC-2018-3113,2018-11-02T18:32:39.941Z,Ampara,EAST_NORTH,Animal Attack,1,9,0,Wildlife Officers|Veterinary Kits,87,RESOLVED,CITIZEN
INC-2023-3114,2023-05-11T07:00:55.418Z,Matara,WET,Flood,3,15903,0,Boats|Rescue Teams|Dry Rations|Medical Kits,69,RESOLVED,CITIZEN
INC-2021-3115,2021-04-12T22:36:24.637Z,Galle,WET,Flood,1,346,0,Dry Rations|Medical Kits,95,RESOLVED,OFFICER
INC-2022-3116,2022-12-02T16:40:21.761Z,Nuwara Eliya,HILL,Animal Attack,1,4,2,Wildlife Officers|Veterinary Kits,87,RESOLVED,OFFICER
INC-2026-3117,2026-01-01T03:21:25.392Z,Puttalam,DRY,Flood,4,20160,6,Boats|Rescue Teams|Dry Rations|Medical Kits,42,RESOLVED,CITIZEN
INC-2018-3118,2018-12-31T07:14:29.248Z,Kalutara,WET,Flood,1,648,0,Dry Rations|Medical Kits,18,RESOLVED,OFFICER
INC-2020-3119,2020-09-02T20:24:43.213Z,Galle,WET,Flood,2,6108,0,Dry Rations|Medical Kits,75,RESOLVED,CITIZEN
INC-2024-3120,2024-08-22T13:15:54.462Z,Vavuniya,DRY,Animal Attack,2,1,2,Wildlife Officers|Veterinary Kits,34,RESOLVED,SENSOR
INC-2020-3121,2020-10-21T22:37:16.593Z,Gampaha,WET,Flood,1,1288,0,Dry Rations|Medical Kits,120,RESOLVED,CITIZEN
INC-2018-3122,2018-05-28T09:27:29.089Z,Badulla,HILL,Landslide,1,221,0,Dry Rations|Medical Kits,92,RESOLVED,OFFICER
INC-2024-3123,2024-02-01T06:51:57.809Z,Nuwara Eliya,HILL,Flood,2,4432,0,Dry Rations|Medical Kits,78,RESOLVED,OFFICER
INC-2021-3124,2021-10-12T04:27:27.435Z,Vavuniya,DRY,High Winds/Cyclone,2,2660,0,,110,RESOLVED,OFFICER
INC-2020-3125,2020-07-27T16:49:03.093Z,Nuwara Eliya,HILL,High Winds/Cyclone,2,4236,0,,114,RESOLVED,MEDIA
INC-2020-3126,2020-02-21T08:11:10.335Z,Matara,WET,Flood,1,397,0,Dry Rations|Medical Kits,94,RESOLVED,CITIZEN
INC-2024-3127,2024-06-27T21:52:21.527Z,Kandy,HILL,Flood,2,2744,0,Dry Rations|Medical Kits,118,RESOLVED,CITIZEN
INC-2024-3128,2024-05-12T04:19:06.634Z,Galle,WET,Flood,4,8320,5,Boats|Rescue Teams|Dry Rations|Medical Kits,52,RESOLVED,SENSOR
INC-2019-3129,2019-06-25T18:23:39.121Z,Polonnaruwa,DRY,Flood,3,12744,0,Boats|Rescue Teams|Dry Rations|Medical Kits,37,RESOLVED,OFFICER
INC-2020-3130,2020-11-15T19:58:10.647Z,Colombo,WET,Landslide,1,287,0,Dry Rations|Medical Kits,164,RESOLVED,CITIZEN
INC-2021-3131,2021-06-14T10:32:35.272Z,Kegalle,HILL,Landslide,1,140,0,Dry Rations|Medical Kits,33,RESOLVED,CITIZEN
INC-2023-3132,2023-11-16T09:29:21.526Z,Badulla,HILL,Flood,1,1514,0,Dry Rations|Medical Kits,110,RESOLVED,CITIZEN
INC-2024-3133,2024-07-14T03:44:59.608Z,Hambantota,DRY,Animal Attack,1,7,2,Wildlife Officers|Veterinary Kits,44,RESOLVED,MEDIA
INC-2020-3134,2020-03-22T04:58:03.235Z,Colombo,WET,Flood,1,1338,0,Dry Rations|Medical Kits,77,RESOLVED,OFFICER
INC-2023-3135,2023-01-14T10:16:07.830Z,Kandy,HILL,Landslide,2,404,0,Dry Rations|Medical Kits,115,RESOLVED,SENSOR
INC-2023-3136,2023-05-15T14:08:35.196Z,Gampaha,WET,Flood,2,5312,0,Dry Rations|Medical Kits,54,RESOLVED,CITIZEN
INC-2025-3137,2025-04-07T16:02:38.095Z,Batticaloa,EAST_NORTH,Animal Attack,1,7,2,Wildlife Officers|Veterinary Kits,79,RESOLVED,CITIZEN
INC-2021-3138,2021-03-17T21:21:36.375Z,Galle,WET,Flood,1,450,0,Dry Rations|Medical Kits,58,RESOLVED,SENSOR
INC-2023-3139,2023-05-27T23:18:02.941Z,Badulla,HILL,Flood,2,6932,0,Dry Rations|Medical Kits,95,RESOLVED,CITIZEN
INC-2023-3140,2023-12-27T00:05:19.804Z,Kurunegala,DRY,Flood,2,2500,0,Dry Rations|Medical Kits,88,RESOLVED,OFFICER
INC-2019-3141,2019-10-25T15:50:49.282Z,Puttalam,DRY,Animal Attack,1,1,0,Wildlife Officers|Veterinary Kits,38,RESOLVED,CITIZEN
INC-2025-3142,2025-03-19T03:37:34.169Z,Polonnaruwa,DRY,Forest Fire,2,44,0,Fire Trucks|Air Support,207,RESOLVED,OFFICER
INC-2018-3143,2018-01-27T09:31:36.174Z,Colombo,WET,Flood,3,17667,0,Boats|Rescue Teams|Dry Rations|Medical Kits,81,RESOLVED,CITIZEN
INC-2020-3144,2020-05-29T00:53:09.651Z,Polonnaruwa,DRY,Flood,2,568,0,Dry Rations|Medical Kits,102,RESOLVED,CITIZEN
INC-2020-3145,2020-05-07T02:48:26.882Z,Kalutara,WET,Flood,4,18800,3,Boats|Rescue Teams|Dry Rations|Medical Kits,99,RESOLVED,CITIZEN
INC-2025-3146,2025-04-18T04:49:42.857Z,Kilinochchi,EAST_NORTH,Animal Attack,1,10,2,Wildlife Officers|Veterinary Kits,74,RESOLVED,OFFICER
INC-2023-3147,2023-12-19T19:00:23.629Z,Kurunegala,DRY,Flood,4,1040,0,Boats|Rescue Teams|Dry Rations|Medical Kits,104,RESOLVED,CITIZEN
INC-2025-3148,2025-06-08T22:46:11.831Z,Nuwara Eliya,HILL,Landslide,3,1221,14,Boats|Rescue Teams|Dry Rations|Medical Kits,80,RESOLVED,SENSOR
INC-2021-3149,2021-02-09T07:50:40.737Z,Ampara,EAST_NORTH,High Winds/Cyclone,4,20576,2,,119,RESOLVED,CITIZEN
INC-2022-3150,2022-05-15T15:49:50.712Z,Kegalle,HILL,Flood,1,108,0,Dry Rations|Medical Kits,64,RESOLVED,SENSOR
INC-2023-3151,2023-11-25T04:49:24.255Z,Colombo,WET,Flood,3,5274,0,Boats|Rescue Teams|Dry Rations|Medical Kits,79,RESOLVED,SENSOR
INC-2025-3152,2025-02-10T11:07:57.266Z,Colombo,WET,Flood,4,10240,3,Boats|Rescue Teams|Dry Rations|Medical Kits,22,RESOLVED,CITIZEN
INC-2021-3153,2021-07-09T21:01:48.746Z,Polonnaruwa,DRY,Drought,3,50367,0,Water Bowsers|Dry Rations,1495,RESOLVED,OFFICER
INC-2026-3154,2026-05-15T00:13:02.176Z,Gampaha,WET,Flood,2,1580,0,Dry Rations|Medical Kits,48,RESOLVED,OFFICER
INC-2024-3155,2024-03-11T00:52:19.260Z,Galle,WET,Flood,2,2424,0,Dry Rations|Medical Kits,36,RESOLVED,CITIZEN
INC-2022-3156,2022-07-31T05:33:27.012Z,Mannar,DRY,Drought,5,136585,0,Water Bowsers|Dry Rations,1715,RESOLVED,MEDIA
INC-2022-3157,2022-10-11T18:15:52.906Z,Gampaha,WET,Flood,1,1371,0,Dry Rations|Medical Kits,23,RESOLVED,CITIZEN
INC-2025-3158,2025-09-09T01:30:58.975Z,Mannar,DRY,Animal Attack,2,4,0,Wildlife Officers|Veterinary Kits,69,RESOLVED,CITIZEN
INC-2022-3159,2022-01-30T09:59:54.468Z,Jaffna,EAST_NORTH,Animal Attack,1,1,1,Wildlife Officers|Veterinary Kits,34,RESOLVED,CITIZEN
INC-2024-3160,2024-09-02T15:23:03.002Z,Puttalam,DRY,Animal Attack,1,8,1,Wildlife Officers|Veterinary Kits,53,RESOLVED,OFFICER
INC-2025-3161,2025-07-10T23:55:02.865Z,Matara,WET,Flood,2,1904,0,Dry Rations|Medical Kits,97,RESOLVED,OFFICER
INC-2019-3162,2019-02-10T07:41:10.057Z,Ampara,EAST_NORTH,High Winds/Cyclone,2,1472,0,,34,RESOLVED,SENSOR
INC-2024-3163,2024-11-17T17:48:10.729Z,Matale,HILL,Landslide,4,1780,15,Boats|Rescue Teams|Dry Rations|Medical Kits,32,RESOLVED,OFFICER
INC-2020-3164,2020-08-23T21:09:28.927Z,Mullaitivu,EAST_NORTH,Animal Attack,1,6,2,Wildlife Officers|Veterinary Kits,85,RESOLVED,OFFICER
INC-2018-3165,2018-07-22T16:54:25.893Z,Matara,WET,Flood,3,9900,0,Boats|Rescue Teams|Dry Rations|Medical Kits,112,RESOLVED,CITIZEN
INC-2023-3166,2023-01-21T01:39:28.352Z,Vavuniya,DRY,Flood,2,3208,0,Dry Rations|Medical Kits,22,RESOLVED,OFFICER
INC-2020-3167,2020-12-28T22:52:59.703Z,Kalutara,WET,Landslide,1,361,0,Dry Rations|Medical Kits,153,RESOLVED,CITIZEN
INC-2022-3168,2022-03-02T20:32:57.618Z,Puttalam,DRY,High Winds/Cyclone,1,853,0,,93,RESOLVED,OFFICER
INC-2021-3169,2021-06-19T13:00:10.811Z,Mannar,DRY,Drought,2,66150,0,Water Bowsers|Dry Rations,3602,RESOLVED,CITIZEN
INC-2023-3170,2023-07-13T02:12:20.650Z,Hambantota,DRY,Animal Attack,1,6,1,Wildlife Officers|Veterinary Kits,52,RESOLVED,CITIZEN
INC-2018-3171,2018-08-01T09:57:34.819Z,Galle,WET,Flood,2,6584,0,Dry Rations|Medical Kits,27,RESOLVED,CITIZEN
INC-2023-3172,2023-10-16T10:27:18.729Z,Polonnaruwa,DRY,Drought,3,116859,0,Water Bowsers|Dry Rations,3208,RESOLVED,OFFICER
INC-2021-3173,2021-11-15T10:34:32.263Z,Kalutara,WET,Flood,1,273,0,Dry Rations|Medical Kits,47,RESOLVED,CITIZEN
INC-2024-3174,2024-01-18T19:35:35.322Z,Puttalam,DRY,Flood,2,6752,0,Dry Rations|Medical Kits,86,RESOLVED,CITIZEN
INC-2018-3175,2018-12-04T17:20:58.143Z,Kandy,HILL,Landslide,2,826,0,Dry Rations|Medical Kits,33,RESOLVED,CITIZEN
INC-2018-3176,2018-03-24T06:24:59.245Z,Monaragala,DRY,High Winds/Cyclone,4,9296,2,,27,RESOLVED,SENSOR
INC-2023-3177,2023-12-16T13:13:47.878Z,Mannar,DRY,Animal Attack,1,9,0,Wildlife Officers|Veterinary Kits,47,RESOLVED,CITIZEN
INC-2024-3178,2024-02-26T01:40:57.981Z,Ratnapura,HILL,Landslide,3,594,13,Boats|Rescue Teams|Dry Rations|Medical Kits,155,RESOLVED,OFFICER
INC-2019-3179,2019-11-20T15:33:58.105Z,Kalutara,WET,Flood,3,4050,0,Boats|Rescue Teams|Dry Rations|Medical Kits,117,RESOLVED,CITIZEN
INC-2023-3180,2023-09-09T18:43:19.898Z,Kandy,HILL,Landslide,1,419,0,Dry Rations|Medical Kits,131,RESOLVED,SENSOR
INC-2019-3181,2019-06-08T12:47:47.612Z,Batticaloa,EAST_NORTH,High Winds/Cyclone,3,3384,0,,46,RESOLVED,CITIZEN
INC-2020-3182,2020-06-12T14:14:59.624Z,Matale,HILL,Flood,3,7560,0,Boats|Rescue Teams|Dry Rations|Medical Kits,89,RESOLVED,CITIZEN
INC-2024-3183,2024-08-02T07:36:46.367Z,Gampaha,WET,Flood,2,488,0,Dry Rations|Medical Kits,109,RESOLVED,OFFICER
INC-2026-3184,2026-01-26T06:05:33.998Z,Nuwara Eliya,HILL,Animal Attack,1,2,0,Wildlife Officers|Veterinary Kits,79,RESOLVED,OFFICER
INC-2025-3185,2025-01-21T02:51:51.404Z,Kalutara,WET,Flood,3,1800,0,Boats|Rescue Teams|Dry Rations|Medical Kits,89,RESOLVED,OFFICER
INC-2018-3186,2018-03-10T18:25:54.638Z,Colombo,WET,Animal Attack,1,6,0,Wildlife Officers|Veterinary Kits,46,RESOLVED,OFFICER
INC-2019-3187,2019-10-05T17:14:38.518Z,Monaragala,DRY,Flood,2,1496,0,Dry Rations|Medical Kits,23,RESOLVED,OFFICER
INC-2023-3188,2023-10-09T00:12:10.643Z,Vavuniya,DRY,Drought,2,65828,0,Water Bowsers|Dry Rations,2619,RESOLVED,CITIZEN
INC-2019-3189,2019-08-13T22:22:46.851Z,Badulla,HILL,Landslide,3,1374,1,Boats|Rescue Teams|Dry Rations|Medical Kits,79,RESOLVED,CITIZEN
INC-2019-3190,2019-07-01T09:59:18.151Z,Matale,HILL,High Winds/Cyclone,2,7920,0,,97,RESOLVED,OFFICER
INC-2024-3191,2024-10-18T19:24:22.459Z,Mannar,DRY,Animal Attack,1,9,2,Wildlife Officers|Veterinary Kits,87,RESOLVED,CITIZEN
INC-2020-3192,2020-02-10T05:42:07.538Z,Matara,WET,Flood,3,5859,0,Boats|Rescue Teams|Dry Rations|Medical Kits,20,RESOLVED,CITIZEN
INC-2025-3193,2025-01-19T17:46:47.620Z,Nuwara Eliya,HILL,Flood,1,651,0,Dry Rations|Medical Kits,88,RESOLVED,CITIZEN
INC-2023-3194,2023-11-14T17:23:58.439Z,Kalutara,WET,Flood,1,1008,0,Dry Rations|Medical Kits,97,RESOLVED,CITIZEN
INC-2020-3195,2020-01-12T10:33:41.027Z,Polonnaruwa,DRY,High Winds/Cyclone,2,1000,0,,37,RESOLVED,SENSOR
INC-2020-3196,2020-02-18T09:07:49.066Z,Badulla,HILL,High Winds/Cyclone,2,6748,0,,66,RESOLVED,OFFICER
INC-2024-3197,2024-06-17T04:31:14.233Z,Matara,WET,Flood,4,3984,1,Boats|Rescue Teams|Dry Rations|Medical Kits,87,RESOLVED,CITIZEN
INC-2022-3198,2022-06-09T21:59:13.669Z,Kalutara,WET,Flood,3,1935,0,Boats|Rescue Teams|Dry Rations|Medical Kits,107,RESOLVED,CITIZEN
INC-2023-3199,2023-05-12T05:07:33.576Z,Hambantota,DRY,Animal Attack,1,10,1,Wildlife Officers|Veterinary Kits,34,RESOLVED,SENSOR
INC-2019-3200,2019-11-17T13:02:31.368Z,Matara,WET,Flood,1,1132,0,Dry Rations|Medical Kits,27,RESOLVED,CITIZEN
INC-2024-3201,2024-06-16T16:48:36.489Z,Badulla,HILL,Landslide,1,163,0,Dry Rations|Medical Kits,70,RESOLVED,CITIZEN
INC-2022-3202,2022-09-17T00:51:37.817Z,Kegalle,HILL,Landslide,5,2070,19,Boats|Rescue Teams|Dry Rations|Medical Kits,66,RESOLVED,MEDIA
INC-2023-3203,2023-03-28T07:07:52.719Z,Polonnaruwa,DRY,Drought,2,85646,0,Water Bowsers|Dry Rations,3957,RESOLVED,CITIZEN
INC-2023-3204,2023-10-09T15:44:27.132Z,Kegalle,HILL,Animal Attack,1,6,1,Wildlife Officers|Veterinary Kits,37,RESOLVED,CITIZEN
INC-2022-3205,2022-10-07T00:53:50.652Z,Badulla,HILL,Animal Attack,1,2,0,Wildlife Officers|Veterinary Kits,69,RESOLVED,OFFICER
INC-2025-3206,2025-04-29T20:26:29.608Z,Puttalam,DRY,Drought,1,8604,0,Water Bowsers|Dry Rations,2825,RESOLVED,CITIZEN
INC-2021-3207,2021-11-09T23:34:32.838Z,Badulla,HILL,Flood,5,27575,6,Boats|Rescue Teams|Dry Rations|Medical Kits,65,RESOLVED,CITIZEN
INC-2022-3208,2022-09-06T01:48:32.611Z,Gampaha,WET,Flood,1,1874,0,Dry Rations|Medical Kits,102,RESOLVED,CITIZEN
INC-2023-3209,2023-11-01T18:56:49.729Z,Galle,WET,Flood,1,1790,0,Dry Rations|Medical Kits,26,RESOLVED,OFFICER
INC-2023-3210,2023-09-25T13:26:29.505Z,Puttalam,DRY,Drought,2,80832,0,Water Bowsers|Dry Rations,2218,RESOLVED,CITIZEN
INC-2021-3211,2021-11-03T03:42:32.361Z,Matale,HILL,Landslide,3,468,6,Boats|Rescue Teams|Dry Rations|Medical Kits,169,RESOLVED,CITIZEN
INC-2025-3212,2025-08-28T02:42:53.324Z,Kandy,HILL,Landslide,5,2460,1,Boats|Rescue Teams|Dry Rations|Medical Kits,173,RESOLVED,CITIZEN
INC-2021-3213,2021-01-21T13:00:38.857Z,Ratnapura,HILL,Landslide,4,1152,16,Boats|Rescue Teams|Dry Rations|Medical Kits,169,RESOLVED,SENSOR
INC-2026-3214,2026-04-07T04:53:45.101Z,Nuwara Eliya,HILL,Flood,1,504,0,Dry Rations|Medical Kits,76,RESOLVED,CITIZEN
INC-2020-3215,2020-06-26T03:41:27.164Z,Batticaloa,EAST_NORTH,Flood,1,1268,0,Dry Rations|Medical Kits,40,RESOLVED,CITIZEN
INC-2018-3216,2018-10-25T00:35:37.266Z,Nuwara Eliya,HILL,Landslide,3,645,0,Boats|Rescue Teams|Dry Rations|Medical Kits,75,RESOLVED,CITIZEN
INC-2021-3217,2021-03-22T22:02:50.014Z,Kilinochchi,EAST_NORTH,Animal Attack,1,7,2,Wildlife Officers|Veterinary Kits,84,RESOLVED,MEDIA
INC-2019-3218,2019-02-02T19:28:12.707Z,Kalutara,WET,Animal Attack,1,2,0,Wildlife Officers|Veterinary Kits,84,RESOLVED,MEDIA
INC-2024-3219,2024-08-09T16:16:24.544Z,Kurunegala,DRY,Animal Attack,2,3,0,Wildlife Officers|Veterinary Kits,77,RESOLVED,CITIZEN
INC-2021-3220,2021-11-22T15:55:06.385Z,Mannar,DRY,Drought,1,36559,0,Water Bowsers|Dry Rations,2899,RESOLVED,SENSOR
INC-2023-3221,2023-06-26T16:16:17.490Z,Jaffna,EAST_NORTH,High Winds/Cyclone,1,968,0,,99,RESOLVED,CITIZEN
INC-2023-3222,2023-11-21T15:48:11.972Z,Colombo,WET,High Winds/Cyclone,1,886,0,,96,RESOLVED,CITIZEN
INC-2025-3223,2025-01-23T18:46:45.690Z,Anuradhapura,DRY,High Winds/Cyclone,5,17875,8,,66,RESOLVED,OFFICER
INC-2025-3224,2025-06-04T12:35:05.094Z,Galle,WET,Flood,2,5828,0,Dry Rations|Medical Kits,26,RESOLVED,SENSOR
INC-2018-3225,2018-01-09T05:19:34.691Z,Nuwara Eliya,HILL,Flood,3,11619,0,Boats|Rescue Teams|Dry Rations|Medical Kits,42,RESOLVED,SENSOR
INC-2022-3226,2022-12-04T00:11:05.251Z,Anuradhapura,DRY,Flood,2,4516,0,Dry Rations|Medical Kits,35,RESOLVED,OFFICER
INC-2019-3227,2019-08-10T06:38:25.376Z,Badulla,HILL,High Winds/Cyclone,1,681,0,,49,RESOLVED,CITIZEN
INC-2018-3228,2018-11-20T09:50:23.321Z,Badulla,HILL,Flood,1,637,0,Dry Rations|Medical Kits,16,RESOLVED,OFFICER
INC-2023-3229,2023-11-15T12:18:36.419Z,Ratnapura,HILL,Forest Fire,2,166,0,Fire Trucks|Air Support,167,RESOLVED,CITIZEN
INC-2021-3230,2021-05-01T02:23:04.687Z,Polonnaruwa,DRY,Forest Fire,3,120,0,Fire Trucks|Air Support,175,RESOLVED,OFFICER
INC-2018-3231,2018-09-15T22:51:20.401Z,Gampaha,WET,Flood,3,14301,0,Boats|Rescue Teams|Dry Rations|Medical Kits,31,RESOLVED,CITIZEN
INC-2023-3232,2023-03-02T18:58:12.665Z,Colombo,WET,Animal Attack,1,1,2,Wildlife Officers|Veterinary Kits,31,RESOLVED,CITIZEN
INC-2018-3233,2018-06-20T05:07:15.394Z,Kegalle,HILL,High Winds/Cyclone,2,3988,0,,105,RESOLVED,OFFICER
INC-2024-3234,2024-09-16T07:19:28.266Z,Badulla,HILL,Landslide,1,48,0,Dry Rations|Medical Kits,40,RESOLVED,CITIZEN
INC-2023-3235,2023-11-29T21:40:52.170Z,Matale,HILL,Landslide,5,1945,23,Boats|Rescue Teams|Dry Rations|Medical Kits,133,RESOLVED,CITIZEN
INC-2019-3236,2019-07-12T08:58:57.035Z,Jaffna,EAST_NORTH,Drought,1,6234,0,Water Bowsers|Dry Rations,3389,RESOLVED,CITIZEN
INC-2023-3237,2023-04-29T10:31:38.914Z,Matale,HILL,Landslide,4,1784,20,Boats|Rescue Teams|Dry Rations|Medical Kits,47,RESOLVED,OFFICER
INC-2020-3238,2020-10-01T08:16:26.883Z,Ratnapura,HILL,Landslide,1,248,0,Dry Rations|Medical Kits,156,RESOLVED,SENSOR
INC-2018-3239,2018-08-31T03:51:13.878Z,Matara,WET,Flood,2,3832,0,Dry Rations|Medical Kits,55,RESOLVED,CITIZEN
INC-2018-3240,2018-06-18T18:56:42.725Z,Hambantota,DRY,High Winds/Cyclone,1,572,0,,76,RESOLVED,CITIZEN
INC-2024-3241,2024-04-21T02:53:49.905Z,Ratnapura,HILL,Forest Fire,2,40,0,Fire Trucks|Air Support,111,RESOLVED,CITIZEN
INC-2019-3242,2019-11-17T18:07:04.816Z,Gampaha,WET,Flood,1,1739,0,Dry Rations|Medical Kits,67,RESOLVED,SENSOR
INC-2024-3243,2024-10-10T03:15:54.118Z,Galle,WET,Flood,3,7785,0,Boats|Rescue Teams|Dry Rations|Medical Kits,96,RESOLVED,OFFICER
INC-2019-3244,2019-07-09T03:14:33.824Z,Ampara,EAST_NORTH,Animal Attack,1,10,0,Wildlife Officers|Veterinary Kits,73,RESOLVED,OFFICER
INC-2018-3245,2018-04-03T23:30:43.989Z,Kandy,HILL,Forest Fire,1,96,0,Fire Trucks|Air Support,99,RESOLVED,CITIZEN
INC-2018-3246,2018-03-11T01:28:22.958Z,Gampaha,WET,Animal Attack,1,1,1,Wildlife Officers|Veterinary Kits,83,RESOLVED,CITIZEN
INC-2023-3247,2023-03-24T19:56:14.066Z,Ratnapura,HILL,High Winds/Cyclone,2,2372,0,,35,RESOLVED,OFFICER
INC-2023-3248,2023-07-14T04:50:59.934Z,Kandy,HILL,Flood,4,12672,0,Boats|Rescue Teams|Dry Rations|Medical Kits,99,RESOLVED,OFFICER
INC-2021-3249,2021-05-22T17:49:29.060Z,Kalutara,WET,Flood,2,6676,0,Dry Rations|Medical Kits,34,RESOLVED,OFFICER
INC-2026-3250,2026-03-04T05:36:55.020Z,Colombo,WET,Flood,1,1509,0,Dry Rations|Medical Kits,120,RESOLVED,CITIZEN
INC-2018-3251,2018-08-20T22:11:41.553Z,Gampaha,WET,Flood,2,5304,0,Dry Rations|Medical Kits,69,RESOLVED,OFFICER
INC-2024-3252,2024-08-02T09:09:32.866Z,Badulla,HILL,Landslide,4,80,1,Boats|Rescue Teams|Dry Rations|Medical Kits,36,RESOLVED,OFFICER
INC-2024-3253,2024-07-13T12:20:11.734Z,Kalutara,WET,Flood,1,764,0,Dry Rations|Medical Kits,108,RESOLVED,CITIZEN
INC-2023-3254,2023-06-19T04:14:55.358Z,Nuwara Eliya,HILL,Flood,5,16325,3,Boats|Rescue Teams|Dry Rations|Medical Kits,92,RESOLVED,OFFICER
INC-2019-3255,2019-02-26T05:35:50.374Z,Hambantota,DRY,Flood,3,14832,0,Boats|Rescue Teams|Dry Rations|Medical Kits,96,RESOLVED,CITIZEN
INC-2024-3256,2024-01-29T09:19:04.824Z,Kegalle,HILL,Flood,1,176,0,Dry Rations|Medical Kits,90,RESOLVED,MEDIA
INC-2020-3257,2020-10-05T14:38:30.445Z,Hambantota,DRY,Flood,2,1208,0,Dry Rations|Medical Kits,64,RESOLVED,SENSOR
INC-2026-3258,2026-04-20T19:36:15.602Z,Puttalam,DRY,Drought,1,27529,0,Water Bowsers|Dry Rations,3726,RESOLVED,MEDIA
INC-2020-3259,2020-01-22T19:42:36.787Z,Matale,HILL,Flood,3,8676,0,Boats|Rescue Teams|Dry Rations|Medical Kits,57,RESOLVED,CITIZEN
INC-2023-3260,2023-12-02T04:45:49.076Z,Galle,WET,Animal Attack,2,5,1,Wildlife Officers|Veterinary Kits,61,RESOLVED,CITIZEN
INC-2023-3261,2023-09-24T05:46:52.876Z,Nuwara Eliya,HILL,Landslide,5,2255,1,Boats|Rescue Teams|Dry Rations|Medical Kits,74,RESOLVED,SENSOR
INC-2026-3262,2026-03-06T13:53:49.812Z,Puttalam,DRY,High Winds/Cyclone,4,2128,0,,34,RESOLVED,OFFICER
INC-2020-3263,2020-03-10T17:18:20.900Z,Colombo,WET,Animal Attack,1,1,1,Wildlife Officers|Veterinary Kits,75,RESOLVED,CITIZEN
INC-2019-3264,2019-01-12T00:01:15.203Z,Matara,WET,Animal Attack,2,1,1,Wildlife Officers|Veterinary Kits,51,RESOLVED,CITIZEN
INC-2025-3265,2025-12-24T16:06:40.763Z,Kandy,HILL,Landslide,1,411,0,Dry Rations|Medical Kits,129,RESOLVED,CITIZEN
INC-2023-3266,2023-06-02T22:39:15.036Z,Matara,WET,Flood,3,6120,0,Boats|Rescue Teams|Dry Rations|Medical Kits,101,RESOLVED,CITIZEN
INC-2022-3267,2022-12-26T08:27:28.654Z,Jaffna,EAST_NORTH,High Winds/Cyclone,3,17757,0,,15,RESOLVED,OFFICER
INC-2020-3268,2020-12-16T21:58:34.853Z,Polonnaruwa,DRY,High Winds/Cyclone,2,5348,0,,36,RESOLVED,OFFICER
INC-2024-3269,2024-12-20T06:20:38.671Z,Polonnaruwa,DRY,Flood,3,6903,0,Boats|Rescue Teams|Dry Rations|Medical Kits,109,RESOLVED,CITIZEN
INC-2025-3270,2025-07-01T12:51:15.512Z,Matara,WET,Flood,3,4554,0,Boats|Rescue Teams|Dry Rations|Medical Kits,52,RESOLVED,MEDIA
INC-2023-3271,2023-07-24T20:31:54.606Z,Gampaha,WET,High Winds/Cyclone,4,24144,5,,34,RESOLVED,SENSOR
INC-2025-3272,2025-10-04T00:08:14.573Z,Matara,WET,Flood,1,578,0,Dry Rations|Medical Kits,81,RESOLVED,CITIZEN
INC-2025-3273,2025-11-02T02:40:29.444Z,Matara,WET,Flood,4,7088,6,Boats|Rescue Teams|Dry Rations|Medical Kits,42,RESOLVED,SENSOR
INC-2025-3274,2025-01-19T19:36:24.423Z,Matara,WET,Flood,2,2488,0,Dry Rations|Medical Kits,19,RESOLVED,CITIZEN
INC-2021-3275,2021-01-02T23:21:28.260Z,Jaffna,EAST_NORTH,High Winds/Cyclone,1,1936,0,,97,RESOLVED,CITIZEN
INC-2022-3276,2022-08-09T16:40:29.971Z,Kurunegala,DRY,Animal Attack,1,7,1,Wildlife Officers|Veterinary Kits,63,RESOLVED,OFFICER
INC-2025-3277,2025-11-03T23:19:31.677Z,Anuradhapura,DRY,Flood,1,1310,0,Dry Rations|Medical Kits,36,RESOLVED,OFFICER
INC-2018-3278,2018-04-26T22:07:49.316Z,Kandy,HILL,Flood,2,228,0,Dry Rations|Medical Kits,67,RESOLVED,OFFICER
INC-2024-3279,2024-07-20T05:12:42.050Z,Matara,WET,Flood,5,14275,8,Boats|Rescue Teams|Dry Rations|Medical Kits,43,RESOLVED,OFFICER
INC-2025-3280,2025-01-12T18:33:55.187Z,Anuradhapura,DRY,Animal Attack,1,9,0,Wildlife Officers|Veterinary Kits,54,RESOLVED,CITIZEN
INC-2021-3281,2021-05-01T13:15:26.500Z,Matara,WET,Flood,3,3636,0,Boats|Rescue Teams|Dry Rations|Medical Kits,108,RESOLVED,CITIZEN
INC-2026-3282,2026-02-08T09:59:26.271Z,Colombo,WET,Flood,2,5704,0,Dry Rations|Medical Kits,47,RESOLVED,SENSOR
INC-2024-3283,2024-01-04T00:57:03.718Z,Matale,HILL,Landslide,3,1212,0,Boats|Rescue Teams|Dry Rations|Medical Kits,85,RESOLVED,CITIZEN
INC-2025-3284,2025-08-31T16:53:43.264Z,Kalutara,WET,Flood,3,5148,0,Boats|Rescue Teams|Dry Rations|Medical Kits,48,RESOLVED,CITIZEN
INC-2023-3285,2023-08-02T18:11:08.851Z,Colombo,WET,Landslide,3,1053,8,Boats|Rescue Teams|Dry Rations|Medical Kits,89,RESOLVED,SENSOR
INC-2021-3286,2021-11-13T07:36:13.762Z,Kandy,HILL,Landslide,2,780,0,Dry Rations|Medical Kits,109,RESOLVED,OFFICER
INC-2023-3287,2023-12-27T23:34:20.909Z,Monaragala,DRY,Flood,2,5120,0,Dry Rations|Medical Kits,28,RESOLVED,CITIZEN
INC-2023-3288,2023-09-26T05:06:53.292Z,Trincomalee,EAST_NORTH,Animal Attack,1,3,2,Wildlife Officers|Veterinary Kits,44,RESOLVED,OFFICER
INC-2022-3289,2022-12-30T09:38:28.902Z,Matara,WET,Flood,1,1837,0,Dry Rations|Medical Kits,40,RESOLVED,CITIZEN
INC-2025-3290,2025-06-06T12:02:03.302Z,Polonnaruwa,DRY,Drought,1,40080,0,Water Bowsers|Dry Rations,1896,RESOLVED,OFFICER
INC-2025-3291,2025-07-10T00:46:40.965Z,Galle,WET,Flood,3,16740,0,Boats|Rescue Teams|Dry Rations|Medical Kits,71,RESOLVED,OFFICER
INC-2018-3292,2018-04-23T05:01:27.354Z,Kegalle,HILL,Landslide,2,142,0,Dry Rations|Medical Kits,159,RESOLVED,CITIZEN
INC-2022-3293,2022-10-09T08:44:54.352Z,Matale,HILL,Flood,1,1985,0,Dry Rations|Medical Kits,24,RESOLVED,CITIZEN
INC-2018-3294,2018-07-17T23:29:07.297Z,Ampara,EAST_NORTH,Drought,1,6794,0,Water Bowsers|Dry Rations,2934,RESOLVED,SENSOR
INC-2024-3295,2024-06-29T03:38:42.737Z,Colombo,WET,Flood,3,9792,0,Boats|Rescue Teams|Dry Rations|Medical Kits,96,RESOLVED,SENSOR
INC-2026-3296,2026-05-29T11:49:47.084Z,Kalutara,WET,High Winds/Cyclone,3,5778,0,,94,RESOLVED,CITIZEN
INC-2022-3297,2022-07-30T14:55:32.761Z,Kalutara,WET,Flood,2,6180,0,Dry Rations|Medical Kits,24,RESOLVED,OFFICER
INC-2019-3298,2019-06-12T11:27:00.755Z,Galle,WET,Flood,5,10050,3,Boats|Rescue Teams|Dry Rations|Medical Kits,39,RESOLVED,SENSOR
INC-2022-3299,2022-05-22T08:23:44.970Z,Hambantota,DRY,High Winds/Cyclone,4,26240,3,,39,RESOLVED,CITIZEN
INC-2023-3300,2023-06-04T13:39:05.282Z,Puttalam,DRY,High Winds/Cyclone,2,7248,0,,90,RESOLVED,OFFICER
INC-2023-3301,2023-08-09T17:27:07.833Z,Galle,WET,Flood,3,4635,0,Boats|Rescue Teams|Dry Rations|Medical Kits,29,RESOLVED,SENSOR
INC-2022-3302,2022-01-26T16:18:09.411Z,Matara,WET,Flood,2,1576,0,Dry Rations|Medical Kits,62,RESOLVED,CITIZEN
INC-2018-3303,2018-09-05T12:40:34.835Z,Mannar,DRY,Forest Fire,3,264,0,Fire Trucks|Air Support,160,RESOLVED,CITIZEN
INC-2018-3304,2018-01-05T11:42:33.817Z,Kalutara,WET,Animal Attack,1,10,1,Wildlife Officers|Veterinary Kits,34,RESOLVED,CITIZEN
INC-2023-3305,2023-08-12T13:40:16.534Z,Hambantota,DRY,Drought,2,89668,0,Water Bowsers|Dry Rations,4168,RESOLVED,OFFICER
INC-2020-3306,2020-06-25T03:41:55.636Z,Kalutara,WET,Landslide,2,914,0,Dry Rations|Medical Kits,112,RESOLVED,CITIZEN
INC-2021-3307,2021-01-06T14:50:44.963Z,Vavuniya,DRY,Flood,4,3424,1,Boats|Rescue Teams|Dry Rations|Medical Kits,67,RESOLVED,OFFICER
INC-2025-3308,2025-07-27T07:42:25.606Z,Puttalam,DRY,Drought,3,97098,0,Water Bowsers|Dry Rations,1903,RESOLVED,SENSOR
INC-2024-3309,2024-04-23T12:59:38.759Z,Kandy,HILL,Landslide,1,250,0,Dry Rations|Medical Kits,72,RESOLVED,OFFICER
INC-2018-3310,2018-11-16T13:39:30.307Z,Trincomalee,EAST_NORTH,Drought,2,21860,0,Water Bowsers|Dry Rations,2120,RESOLVED,CITIZEN
INC-2018-3311,2018-01-29T10:09:59.188Z,Kalutara,WET,Flood,4,25440,0,Boats|Rescue Teams|Dry Rations|Medical Kits,37,RESOLVED,CITIZEN
INC-2019-3312,2019-06-01T21:25:13.225Z,Kegalle,HILL,Flood,4,31520,2,Boats|Rescue Teams|Dry Rations|Medical Kits,70,RESOLVED,CITIZEN
INC-2019-3313,2019-06-26T19:34:43.388Z,Kalutara,WET,Flood,3,2952,0,Boats|Rescue Teams|Dry Rations|Medical Kits,76,RESOLVED,CITIZEN
INC-2025-3314,2025-05-12T23:05:49.121Z,Matara,WET,Flood,3,9927,0,Boats|Rescue Teams|Dry Rations|Medical Kits,111,RESOLVED,CITIZEN
INC-2025-3315,2025-05-09T07:58:39.939Z,Batticaloa,EAST_NORTH,Drought,2,53134,0,Water Bowsers|Dry Rations,3301,RESOLVED,OFFICER
INC-2022-3316,2022-09-15T17:07:08.032Z,Badulla,HILL,Landslide,1,353,0,Dry Rations|Medical Kits,64,RESOLVED,OFFICER
INC-2020-3317,2020-12-20T03:57:28.933Z,Matale,HILL,Flood,5,5350,9,Boats|Rescue Teams|Dry Rations|Medical Kits,102,RESOLVED,CITIZEN
INC-2020-3318,2020-03-26T10:29:08.219Z,Batticaloa,EAST_NORTH,Flood,2,3636,0,Dry Rations|Medical Kits,37,RESOLVED,SENSOR
INC-2023-3319,2023-04-18T20:12:51.803Z,Kurunegala,DRY,Forest Fire,1,54,0,Fire Trucks|Air Support,169,RESOLVED,OFFICER
INC-2024-3320,2024-06-22T18:32:06.762Z,Kalutara,WET,Flood,1,1455,0,Dry Rations|Medical Kits,89,RESOLVED,CITIZEN
INC-2022-3321,2022-02-04T04:49:18.361Z,Hambantota,DRY,Animal Attack,1,6,0,Wildlife Officers|Veterinary Kits,61,RESOLVED,CITIZEN
INC-2020-3322,2020-05-14T10:00:27.147Z,Kurunegala,DRY,Drought,5,208080,0,Water Bowsers|Dry Rations,1610,RESOLVED,OFFICER
INC-2023-3323,2023-09-17T06:37:10.498Z,Colombo,WET,Flood,5,30150,10,Boats|Rescue Teams|Dry Rations|Medical Kits,28,RESOLVED,SENSOR
INC-2018-3324,2018-11-27T14:51:07.564Z,Kurunegala,DRY,Flood,1,511,0,Dry Rations|Medical Kits,18,RESOLVED,CITIZEN
INC-2024-3325,2024-10-16T02:28:46.075Z,Badulla,HILL,Flood,2,4344,0,Dry Rations|Medical Kits,33,RESOLVED,OFFICER
INC-2023-3326,2023-06-19T21:24:08.847Z,Kalutara,WET,Landslide,1,327,0,Dry Rations|Medical Kits,127,RESOLVED,OFFICER
INC-2025-3327,2025-05-25T06:57:30.249Z,Ratnapura,HILL,Landslide,3,717,3,Boats|Rescue Teams|Dry Rations|Medical Kits,155,RESOLVED,CITIZEN
INC-2024-3328,2024-07-01T11:22:22.587Z,Batticaloa,EAST_NORTH,Animal Attack,1,7,0,Wildlife Officers|Veterinary Kits,56,RESOLVED,CITIZEN
INC-2023-3329,2023-02-07T03:31:40.310Z,Mannar,DRY,Flood,5,43500,6,Boats|Rescue Teams|Dry Rations|Medical Kits,18,RESOLVED,MEDIA
INC-2021-3330,2021-11-25T17:59:43.004Z,Colombo,WET,Animal Attack,1,4,0,Wildlife Officers|Veterinary Kits,54,RESOLVED,CITIZEN
INC-2020-3331,2020-01-04T12:10:18.149Z,Ratnapura,HILL,Landslide,2,144,0,Dry Rations|Medical Kits,92,RESOLVED,CITIZEN
INC-2018-3332,2018-09-11T16:32:26.245Z,Anuradhapura,DRY,Drought,1,32998,0,Water Bowsers|Dry Rations,4317,RESOLVED,CITIZEN
INC-2020-3333,2020-02-17T03:38:32.361Z,Matara,WET,Flood,2,7628,0,Dry Rations|Medical Kits,15,RESOLVED,OFFICER
INC-2024-3334,2024-03-19T05:55:06.034Z,Galle,WET,Flood,3,4374,0,Boats|Rescue Teams|Dry Rations|Medical Kits,98,RESOLVED,OFFICER
INC-2024-3335,2024-01-16T20:16:21.089Z,Galle,WET,Flood,3,7623,0,Boats|Rescue Teams|Dry Rations|Medical Kits,111,RESOLVED,CITIZEN
INC-2023-3336,2023-04-08T21:28:21.227Z,Kalutara,WET,High Winds/Cyclone,1,929,0,,92,RESOLVED,OFFICER
INC-2026-3337,2026-04-18T03:11:17.851Z,Galle,WET,Animal Attack,2,8,1,Wildlife Officers|Veterinary Kits,70,RESOLVED,CITIZEN
INC-2023-3338,2023-01-10T06:57:42.906Z,Kilinochchi,EAST_NORTH,High Winds/Cyclone,2,1940,0,,45,RESOLVED,CITIZEN
INC-2023-3339,2023-09-23T11:35:11.893Z,Polonnaruwa,DRY,Forest Fire,3,45,0,Fire Trucks|Air Support,201,RESOLVED,CITIZEN
INC-2019-3340,2019-09-01T19:49:40.032Z,Hambantota,DRY,Drought,1,25362,0,Water Bowsers|Dry Rations,1448,RESOLVED,OFFICER
INC-2024-3341,2024-01-28T11:16:36.488Z,Kegalle,HILL,Landslide,2,668,0,Dry Rations|Medical Kits,120,RESOLVED,CITIZEN
INC-2025-3342,2025-12-05T12:22:21.472Z,Kandy,HILL,Landslide,3,48,6,Boats|Rescue Teams|Dry Rations|Medical Kits,85,RESOLVED,OFFICER
INC-2020-3343,2020-10-14T02:06:23.895Z,Kegalle,HILL,Landslide,1,228,0,Dry Rations|Medical Kits,153,RESOLVED,OFFICER
INC-2025-3344,2025-03-26T18:37:33.913Z,Kurunegala,DRY,Drought,2,65940,0,Water Bowsers|Dry Rations,2743,RESOLVED,CITIZEN
INC-2020-3345,2020-07-05T10:58:15.664Z,Kandy,HILL,Landslide,4,1608,18,Boats|Rescue Teams|Dry Rations|Medical Kits,129,RESOLVED,CITIZEN
INC-2021-3346,2021-06-20T23:20:19.023Z,Kalutara,WET,High Winds/Cyclone,3,17478,0,,58,RESOLVED,OFFICER
INC-2019-3347,2019-07-09T01:49:58.092Z,Nuwara Eliya,HILL,Flood,1,549,0,Dry Rations|Medical Kits,117,RESOLVED,CITIZEN
INC-2025-3348,2025-07-18T00:19:55.257Z,Galle,WET,Flood,4,944,8,Boats|Rescue Teams|Dry Rations|Medical Kits,87,RESOLVED,CITIZEN
INC-2023-3349,2023-03-22T09:01:56.192Z,Vavuniya,DRY,Drought,2,90248,0,Water Bowsers|Dry Rations,1822,RESOLVED,CITIZEN
INC-2020-3350,2020-04-10T00:49:57.104Z,Gampaha,WET,Flood,3,1044,0,Boats|Rescue Teams|Dry Rations|Medical Kits,25,RESOLVED,CITIZEN
INC-2018-3351,2018-08-06T00:50:42.474Z,Kegalle,HILL,Landslide,3,1350,2,Boats|Rescue Teams|Dry Rations|Medical Kits,52,RESOLVED,OFFICER
INC-2019-3352,2019-10-13T04:08:15.464Z,Kandy,HILL,Flood,1,1261,0,Dry Rations|Medical Kits,36,RESOLVED,CITIZEN
INC-2023-3353,2023-09-08T02:46:13.633Z,Batticaloa,EAST_NORTH,Animal Attack,1,4,0,Wildlife Officers|Veterinary Kits,47,RESOLVED,SENSOR
INC-2024-3354,2024-02-10T14:57:45.218Z,Kegalle,HILL,Animal Attack,1,5,1,Wildlife Officers|Veterinary Kits,31,RESOLVED,SENSOR
INC-2022-3355,2022-11-04T19:42:06.608Z,Kalutara,WET,Flood,3,3411,0,Boats|Rescue Teams|Dry Rations|Medical Kits,35,RESOLVED,CITIZEN
INC-2019-3356,2019-09-27T04:53:09.154Z,Polonnaruwa,DRY,Animal Attack,1,9,2,Wildlife Officers|Veterinary Kits,72,RESOLVED,OFFICER
INC-2024-3357,2024-03-12T21:51:03.660Z,Polonnaruwa,DRY,Forest Fire,1,32,0,Fire Trucks|Air Support,154,RESOLVED,CITIZEN
INC-2025-3358,2025-10-16T09:11:26.166Z,Polonnaruwa,DRY,High Winds/Cyclone,1,390,0,,87,RESOLVED,OFFICER
INC-2024-3359,2024-12-01T07:18:18.314Z,Nuwara Eliya,HILL,Landslide,1,208,0,Dry Rations|Medical Kits,117,RESOLVED,CITIZEN
INC-2023-3360,2023-01-25T14:07:50.767Z,Badulla,HILL,Animal Attack,1,9,2,Wildlife Officers|Veterinary Kits,33,RESOLVED,OFFICER
INC-2023-3361,2023-10-27T20:00:36.433Z,Polonnaruwa,DRY,Drought,1,19831,0,Water Bowsers|Dry Rations,3737,RESOLVED,CITIZEN
INC-2021-3362,2021-09-18T12:12:28.810Z,Mannar,DRY,Forest Fire,3,66,0,Fire Trucks|Air Support,80,RESOLVED,CITIZEN
INC-2018-3363,2018-12-28T06:32:02.035Z,Puttalam,DRY,Flood,3,3717,0,Boats|Rescue Teams|Dry Rations|Medical Kits,85,RESOLVED,CITIZEN
INC-2026-3364,2026-04-17T05:09:16.912Z,Hambantota,DRY,Drought,1,43783,0,Water Bowsers|Dry Rations,1773,RESOLVED,CITIZEN
INC-2025-3365,2025-01-10T23:24:34.647Z,Gampaha,WET,High Winds/Cyclone,4,28688,4,,37,RESOLVED,OFFICER
INC-2024-3366,2024-03-10T12:24:10.086Z,Mannar,DRY,Animal Attack,1,5,2,Wildlife Officers|Veterinary Kits,32,RESOLVED,OFFICER
INC-2019-3367,2019-04-04T02:22:17.271Z,Colombo,WET,Animal Attack,1,7,2,Wildlife Officers|Veterinary Kits,43,RESOLVED,CITIZEN
INC-2022-3368,2022-01-04T09:03:59.425Z,Kurunegala,DRY,Flood,3,3474,0,Boats|Rescue Teams|Dry Rations|Medical Kits,110,RESOLVED,CITIZEN
INC-2024-3369,2024-04-10T15:23:15.151Z,Puttalam,DRY,High Winds/Cyclone,3,7461,0,,114,RESOLVED,CITIZEN
INC-2022-3370,2022-11-27T07:05:31.739Z,Kegalle,HILL,Landslide,4,464,12,Boats|Rescue Teams|Dry Rations|Medical Kits,152,RESOLVED,OFFICER
INC-2021-3371,2021-06-02T14:24:08.909Z,Trincomalee,EAST_NORTH,Drought,2,93954,0,Water Bowsers|Dry Rations,2588,RESOLVED,MEDIA
INC-2019-3372,2019-04-26T04:44:03.566Z,Nuwara Eliya,HILL,Flood,2,4884,0,Dry Rations|Medical Kits,112,RESOLVED,CITIZEN
INC-2022-3373,2022-09-02T06:14:31.597Z,Polonnaruwa,DRY,Drought,2,37694,0,Water Bowsers|Dry Rations,2498,RESOLVED,OFFICER
INC-2018-3374,2018-06-30T02:33:13.404Z,Gampaha,WET,Flood,2,4476,0,Dry Rations|Medical Kits,96,RESOLVED,OFFICER
INC-2025-3375,2025-01-22T15:30:41.685Z,Colombo,WET,Animal Attack,1,8,2,Wildlife Officers|Veterinary Kits,72,RESOLVED,CITIZEN
INC-2022-3376,2022-10-21T08:28:33.486Z,Matara,WET,Animal Attack,1,8,2,Wildlife Officers|Veterinary Kits,35,RESOLVED,CITIZEN
INC-2024-3377,2024-07-17T01:04:53.018Z,Kandy,HILL,Landslide,3,1404,8,Boats|Rescue Teams|Dry Rations|Medical Kits,50,RESOLVED,CITIZEN
INC-2024-3378,2024-12-08T17:10:54.937Z,Nuwara Eliya,HILL,Forest Fire,2,146,0,Fire Trucks|Air Support,95,RESOLVED,OFFICER
INC-2022-3379,2022-08-19T08:05:04.974Z,Matale,HILL,Flood,3,3717,0,Boats|Rescue Teams|Dry Rations|Medical Kits,89,RESOLVED,CITIZEN
INC-2018-3380,2018-08-12T05:31:35.551Z,Polonnaruwa,DRY,Drought,5,182870,0,Water Bowsers|Dry Rations,1688,RESOLVED,CITIZEN
INC-2018-3381,2018-09-11T23:35:47.108Z,Kilinochchi,EAST_NORTH,Flood,4,19376,7,Boats|Rescue Teams|Dry Rations|Medical Kits,98,RESOLVED,SENSOR
INC-2020-3382,2020-12-15T23:36:19.002Z,Colombo,WET,Flood,4,20656,2,Boats|Rescue Teams|Dry Rations|Medical Kits,85,RESOLVED,CITIZEN
INC-2021-3383,2021-10-24T16:34:16.333Z,Trincomalee,EAST_NORTH,Animal Attack,1,5,2,Wildlife Officers|Veterinary Kits,39,RESOLVED,CITIZEN
INC-2022-3384,2022-04-06T04:09:01.716Z,Kurunegala,DRY,Flood,1,1454,0,Dry Rations|Medical Kits,55,RESOLVED,CITIZEN
INC-2020-3385,2020-04-16T02:03:57.513Z,Batticaloa,EAST_NORTH,Animal Attack,2,10,1,Wildlife Officers|Veterinary Kits,41,RESOLVED,OFFICER
INC-2024-3386,2024-12-04T14:37:30.281Z,Colombo,WET,Flood,1,1170,0,Dry Rations|Medical Kits,87,RESOLVED,SENSOR
INC-2025-3387,2025-01-22T19:24:09.810Z,Kandy,HILL,Landslide,3,1497,12,Boats|Rescue Teams|Dry Rations|Medical Kits,158,RESOLVED,CITIZEN
INC-2022-3388,2022-09-04T09:55:52.275Z,Gampaha,WET,Flood,3,8244,0,Boats|Rescue Teams|Dry Rations|Medical Kits,31,RESOLVED,CITIZEN
INC-2018-3389,2018-08-09T09:24:41.266Z,Galle,WET,Flood,3,5337,0,Boats|Rescue Teams|Dry Rations|Medical Kits,93,RESOLVED,CITIZEN
INC-2019-3390,2019-02-23T06:40:31.457Z,Kalutara,WET,Flood,1,1921,0,Dry Rations|Medical Kits,75,RESOLVED,OFFICER
INC-2021-3391,2021-02-03T13:56:51.834Z,Batticaloa,EAST_NORTH,High Winds/Cyclone,1,611,0,,109,RESOLVED,SENSOR
INC-2018-3392,2018-03-30T13:33:09.224Z,Badulla,HILL,High Winds/Cyclone,1,1953,0,,31,RESOLVED,OFFICER
INC-2023-3393,2023-07-18T22:06:13.344Z,Batticaloa,EAST_NORTH,Drought,1,33953,0,Water Bowsers|Dry Rations,2236,RESOLVED,CITIZEN
INC-2025-3394,2025-04-15T03:40:47.074Z,Kurunegala,DRY,High Winds/Cyclone,2,3828,0,,120,RESOLVED,SENSOR
INC-2022-3395,2022-03-19T19:39:23.521Z,Kegalle,HILL,Flood,1,1847,0,Dry Rations|Medical Kits,40,RESOLVED,SENSOR
INC-2021-3396,2021-12-05T19:21:27.777Z,Ratnapura,HILL,Flood,1,198,0,Dry Rations|Medical Kits,64,RESOLVED,CITIZEN
INC-2025-3397,2025-03-18T14:52:17.702Z,Badulla,HILL,Flood,4,21728,5,Boats|Rescue Teams|Dry Rations|Medical Kits,20,RESOLVED,OFFICER
INC-2024-3398,2024-01-02T15:41:23.560Z,Kegalle,HILL,Landslide,4,660,7,Boats|Rescue Teams|Dry Rations|Medical Kits,66,RESOLVED,OFFICER
INC-2020-3399,2020-04-03T14:56:55.713Z,Gampaha,WET,Flood,1,1612,0,Dry Rations|Medical Kits,15,RESOLVED,SENSOR
INC-2019-3400,2019-05-06T22:49:38.140Z,Colombo,WET,Flood,2,7984,0,Dry Rations|Medical Kits,48,RESOLVED,MEDIA
INC-2019-3401,2019-12-19T21:27:31.877Z,Puttalam,DRY,Animal Attack,1,1,2,Wildlife Officers|Veterinary Kits,46,RESOLVED,SENSOR
INC-2023-3402,2023-11-07T19:12:20.838Z,Anuradhapura,DRY,Drought,1,34262,0,Water Bowsers|Dry Rations,3386,RESOLVED,CITIZEN
INC-2025-3403,2025-03-10T16:00:15.222Z,Anuradhapura,DRY,Drought,1,44254,0,Water Bowsers|Dry Rations,4276,RESOLVED,OFFICER
INC-2024-3404,2024-12-01T00:11:02.595Z,Jaffna,EAST_NORTH,High Winds/Cyclone,1,1660,0,,107,RESOLVED,OFFICER
INC-2021-3405,2021-08-13T09:08:00.013Z,Vavuniya,DRY,Drought,1,43633,0,Water Bowsers|Dry Rations,3563,RESOLVED,OFFICER
INC-2020-3406,2020-03-19T13:11:05.230Z,Galle,WET,Flood,1,232,0,Dry Rations|Medical Kits,97,RESOLVED,SENSOR
INC-2020-3407,2020-07-28T10:49:53.726Z,Gampaha,WET,Flood,3,9198,0,Boats|Rescue Teams|Dry Rations|Medical Kits,117,RESOLVED,CITIZEN
INC-2021-3408,2021-11-10T22:28:32.172Z,Gampaha,WET,Animal Attack,2,5,0,Wildlife Officers|Veterinary Kits,30,RESOLVED,SENSOR
INC-2018-3409,2018-09-19T03:30:31.221Z,Colombo,WET,Flood,3,7920,0,Boats|Rescue Teams|Dry Rations|Medical Kits,31,RESOLVED,CITIZEN
INC-2022-3410,2022-07-30T07:33:13.713Z,Mannar,DRY,Animal Attack,1,9,1,Wildlife Officers|Veterinary Kits,68,RESOLVED,CITIZEN
INC-2020-3411,2020-10-14T19:58:49.453Z,Ratnapura,HILL,Landslide,2,386,0,Dry Rations|Medical Kits,143,RESOLVED,CITIZEN
INC-2019-3412,2019-06-26T05:40:24.944Z,Kandy,HILL,Landslide,1,276,0,Dry Rations|Medical Kits,82,RESOLVED,CITIZEN
INC-2025-3413,2025-02-06T20:50:14.806Z,Colombo,WET,Flood,5,24500,2,Boats|Rescue Teams|Dry Rations|Medical Kits,82,RESOLVED,CITIZEN
INC-2024-3414,2024-11-27T14:07:16.302Z,Ratnapura,HILL,Flood,2,2276,0,Dry Rations|Medical Kits,86,RESOLVED,CITIZEN
INC-2022-3415,2022-09-23T04:04:19.733Z,Colombo,WET,Landslide,1,363,0,Dry Rations|Medical Kits,114,RESOLVED,OFFICER
INC-2026-3416,2026-04-07T16:09:47.151Z,Anuradhapura,DRY,Drought,3,37590,0,Water Bowsers|Dry Rations,1671,RESOLVED,OFFICER
INC-2023-3417,2023-01-27T13:55:22.008Z,Polonnaruwa,DRY,Flood,2,4980,0,Dry Rations|Medical Kits,115,RESOLVED,CITIZEN
INC-2023-3418,2023-02-22T23:14:17.167Z,Matara,WET,Landslide,1,191,0,Dry Rations|Medical Kits,74,RESOLVED,OFFICER
INC-2023-3419,2023-11-20T17:51:58.396Z,Ratnapura,HILL,Landslide,2,938,0,Dry Rations|Medical Kits,99,RESOLVED,OFFICER
INC-2019-3420,2019-03-01T15:10:58.995Z,Anuradhapura,DRY,High Winds/Cyclone,1,1472,0,,21,RESOLVED,OFFICER
INC-2020-3421,2020-08-12T10:53:02.251Z,Matara,WET,Flood,1,1007,0,Dry Rations|Medical Kits,110,RESOLVED,OFFICER
INC-2020-3422,2020-06-16T07:41:17.729Z,Mullaitivu,EAST_NORTH,High Winds/Cyclone,4,16896,2,,103,RESOLVED,CITIZEN
INC-2019-3423,2019-08-30T08:57:08.531Z,Puttalam,DRY,Drought,2,37908,0,Water Bowsers|Dry Rations,4148,RESOLVED,CITIZEN
INC-2020-3424,2020-09-23T20:38:22.157Z,Kurunegala,DRY,Drought,3,91620,0,Water Bowsers|Dry Rations,3244,RESOLVED,SENSOR
INC-2021-3425,2021-05-03T13:05:54.742Z,Nuwara Eliya,HILL,Landslide,2,440,0,Dry Rations|Medical Kits,118,RESOLVED,CITIZEN
INC-2024-3426,2024-07-26T19:53:38.737Z,Kurunegala,DRY,Drought,2,78696,0,Water Bowsers|Dry Rations,4145,RESOLVED,CITIZEN
INC-2025-3427,2025-02-19T11:25:04.611Z,Ratnapura,HILL,Forest Fire,5,485,0,Fire Trucks|Air Support,128,RESOLVED,CITIZEN
INC-2022-3428,2022-09-03T04:36:32.483Z,Hambantota,DRY,Flood,3,15354,0,Boats|Rescue Teams|Dry Rations|Medical Kits,62,RESOLVED,CITIZEN
INC-2024-3429,2024-02-24T20:45:29.185Z,Vavuniya,DRY,Flood,1,1631,0,Dry Rations|Medical Kits,35,RESOLVED,CITIZEN
INC-2023-3430,2023-06-03T06:05:51.366Z,Kegalle,HILL,Flood,4,5712,4,Boats|Rescue Teams|Dry Rations|Medical Kits,83,RESOLVED,OFFICER
INC-2019-3431,2019-05-16T03:01:54.018Z,Galle,WET,Flood,1,484,0,Dry Rations|Medical Kits,33,RESOLVED,CITIZEN
INC-2020-3432,2020-12-26T23:37:58.490Z,Galle,WET,High Winds/Cyclone,3,8235,0,,107,RESOLVED,CITIZEN
INC-2021-3433,2021-05-04T13:48:07.633Z,Jaffna,EAST_NORTH,Animal Attack,1,3,1,Wildlife Officers|Veterinary Kits,41,RESOLVED,CITIZEN
INC-2022-3434,2022-07-15T15:44:30.266Z,Kilinochchi,EAST_NORTH,Drought,2,26354,0,Water Bowsers|Dry Rations,2030,RESOLVED,CITIZEN
INC-2025-3435,2025-07-20T01:02:41.456Z,Kurunegala,DRY,Forest Fire,2,182,0,Fire Trucks|Air Support,113,RESOLVED,SENSOR
INC-2018-3436,2018-05-19T22:11:08.877Z,Gampaha,WET,Flood,4,28080,1,Boats|Rescue Teams|Dry Rations|Medical Kits,110,RESOLVED,OFFICER
INC-2021-3437,2021-06-10T14:53:51.016Z,Trincomalee,EAST_NORTH,High Winds/Cyclone,1,1841,0,,112,RESOLVED,OFFICER
INC-2019-3438,2019-10-16T12:06:13.528Z,Kegalle,HILL,Landslide,1,330,0,Dry Rations|Medical Kits,31,RESOLVED,SENSOR
INC-2018-3439,2018-01-06T06:54:16.883Z,Badulla,HILL,Flood,4,9888,0,Boats|Rescue Teams|Dry Rations|Medical Kits,117,RESOLVED,SENSOR
INC-2021-3440,2021-01-01T01:27:24.465Z,Puttalam,DRY,Flood,4,18832,5,Boats|Rescue Teams|Dry Rations|Medical Kits,53,RESOLVED,CITIZEN
INC-2019-3441,2019-06-06T09:29:49.208Z,Kegalle,HILL,Landslide,4,384,11,Boats|Rescue Teams|Dry Rations|Medical Kits,149,RESOLVED,OFFICER
INC-2019-3442,2019-06-27T20:27:34.287Z,Gampaha,WET,Flood,2,5512,0,Dry Rations|Medical Kits,81,RESOLVED,CITIZEN
INC-2023-3443,2023-01-02T10:52:05.672Z,Monaragala,DRY,Animal Attack,1,5,2,Wildlife Officers|Veterinary Kits,83,RESOLVED,CITIZEN
INC-2018-3444,2018-12-27T07:32:58.582Z,Badulla,HILL,Landslide,1,439,0,Dry Rations|Medical Kits,91,RESOLVED,CITIZEN
INC-2023-3445,2023-05-10T15:25:16.257Z,Batticaloa,EAST_NORTH,Animal Attack,1,10,2,Wildlife Officers|Veterinary Kits,84,RESOLVED,CITIZEN
INC-2022-3446,2022-03-06T08:33:05.053Z,Ratnapura,HILL,Landslide,1,289,0,Dry Rations|Medical Kits,127,RESOLVED,OFFICER
INC-2023-3447,2023-06-02T04:21:13.774Z,Hambantota,DRY,Flood,3,1503,0,Boats|Rescue Teams|Dry Rations|Medical Kits,87,RESOLVED,OFFICER
INC-2022-3448,2022-01-31T16:39:40.865Z,Trincomalee,EAST_NORTH,High Winds/Cyclone,2,5868,0,,101,RESOLVED,CITIZEN
INC-2025-3449,2025-09-30T15:59:20.424Z,Colombo,WET,Landslide,3,1110,11,Boats|Rescue Teams|Dry Rations|Medical Kits,95,RESOLVED,MEDIA
INC-2019-3450,2019-07-22T23:32:08.604Z,Kalutara,WET,Landslide,2,240,0,Dry Rations|Medical Kits,172,RESOLVED,OFFICER
INC-2024-3451,2024-10-05T03:27:35.611Z,Nuwara Eliya,HILL,Flood,1,1019,0,Dry Rations|Medical Kits,82,RESOLVED,OFFICER
INC-2022-3452,2022-01-06T22:17:09.219Z,Kilinochchi,EAST_NORTH,Flood,4,20304,5,Boats|Rescue Teams|Dry Rations|Medical Kits,75,RESOLVED,SENSOR
INC-2022-3453,2022-08-20T11:48:20.225Z,Galle,WET,Landslide,2,474,0,Dry Rations|Medical Kits,92,RESOLVED,CITIZEN
INC-2021-3454,2021-12-23T11:20:30.267Z,Galle,WET,Flood,3,5517,0,Boats|Rescue Teams|Dry Rations|Medical Kits,107,RESOLVED,OFFICER
INC-2023-3455,2023-07-04T16:59:22.656Z,Monaragala,DRY,Forest Fire,2,38,0,Fire Trucks|Air Support,56,RESOLVED,SENSOR
INC-2021-3456,2021-12-05T21:04:16.826Z,Hambantota,DRY,Flood,2,320,0,Dry Rations|Medical Kits,48,RESOLVED,CITIZEN
INC-2019-3457,2019-07-13T09:20:40.028Z,Trincomalee,EAST_NORTH,Forest Fire,4,180,0,Fire Trucks|Air Support,133,RESOLVED,CITIZEN
INC-2019-3458,2019-01-09T01:27:29.231Z,Batticaloa,EAST_NORTH,High Winds/Cyclone,2,5312,0,,97,RESOLVED,CITIZEN
INC-2025-3459,2025-07-15T00:00:20.791Z,Matara,WET,Flood,3,1251,0,Boats|Rescue Teams|Dry Rations|Medical Kits,81,RESOLVED,CITIZEN
INC-2019-3460,2019-01-15T06:23:03.633Z,Mullaitivu,EAST_NORTH,High Winds/Cyclone,2,3696,0,,73,RESOLVED,CITIZEN
INC-2022-3461,2022-09-26T00:45:34.625Z,Matale,HILL,Flood,2,4528,0,Dry Rations|Medical Kits,75,RESOLVED,OFFICER
INC-2022-3462,2022-07-02T20:50:32.156Z,Ratnapura,HILL,Landslide,3,1455,9,Boats|Rescue Teams|Dry Rations|Medical Kits,30,RESOLVED,CITIZEN
INC-2023-3463,2023-11-29T03:57:49.088Z,Gampaha,WET,Animal Attack,1,3,1,Wildlife Officers|Veterinary Kits,33,RESOLVED,CITIZEN
INC-2020-3464,2020-12-31T15:48:38.141Z,Matara,WET,Flood,4,13424,8,Boats|Rescue Teams|Dry Rations|Medical Kits,102,RESOLVED,OFFICER
INC-2019-3465,2019-10-27T03:10:10.512Z,Galle,WET,Flood,1,1433,0,Dry Rations|Medical Kits,118,RESOLVED,OFFICER
INC-2026-3466,2026-01-30T00:28:21.964Z,Gampaha,WET,Flood,1,1616,0,Dry Rations|Medical Kits,34,RESOLVED,CITIZEN
INC-2023-3467,2023-04-19T06:51:29.092Z,Galle,WET,Flood,4,8416,1,Boats|Rescue Teams|Dry Rations|Medical Kits,52,RESOLVED,CITIZEN
INC-2019-3468,2019-05-10T14:59:23.711Z,Monaragala,DRY,Flood,3,9774,0,Boats|Rescue Teams|Dry Rations|Medical Kits,54,RESOLVED,SENSOR
INC-2019-3469,2019-12-23T22:32:21.738Z,Kurunegala,DRY,Flood,1,1265,0,Dry Rations|Medical Kits,70,RESOLVED,SENSOR
INC-2021-3470,2021-05-28T08:41:02.696Z,Galle,WET,Flood,1,1723,0,Dry Rations|Medical Kits,53,RESOLVED,CITIZEN
INC-2022-3471,2022-10-31T05:48:08.147Z,Puttalam,DRY,Drought,2,80030,0,Water Bowsers|Dry Rations,4284,RESOLVED,OFFICER
INC-2018-3472,2018-09-06T18:41:17.509Z,Nuwara Eliya,HILL,Landslide,1,481,0,Dry Rations|Medical Kits,172,RESOLVED,OFFICER
INC-2019-3473,2019-02-04T01:19:26.221Z,Anuradhapura,DRY,Flood,4,6848,5,Boats|Rescue Teams|Dry Rations|Medical Kits,38,RESOLVED,OFFICER
INC-2022-3474,2022-11-20T03:15:18.408Z,Batticaloa,EAST_NORTH,Flood,2,6096,0,Dry Rations|Medical Kits,33,RESOLVED,SENSOR
INC-2019-3475,2019-12-02T05:37:16.577Z,Kalutara,WET,Flood,4,17568,6,Boats|Rescue Teams|Dry Rations|Medical Kits,86,RESOLVED,OFFICER
INC-2021-3476,2021-11-13T19:31:23.246Z,Gampaha,WET,Flood,3,3294,0,Boats|Rescue Teams|Dry Rations|Medical Kits,39,RESOLVED,CITIZEN
INC-2021-3477,2021-09-16T05:25:39.242Z,Kandy,HILL,Flood,3,13788,0,Boats|Rescue Teams|Dry Rations|Medical Kits,32,RESOLVED,CITIZEN
INC-2024-3478,2024-03-17T08:03:59.215Z,Kegalle,HILL,Flood,2,7696,0,Dry Rations|Medical Kits,61,RESOLVED,SENSOR
INC-2020-3479,2020-12-26T03:30:35.006Z,Galle,WET,Flood,2,6564,0,Dry Rations|Medical Kits,25,RESOLVED,SENSOR
INC-2025-3480,2025-05-08T00:34:06.259Z,Kegalle,HILL,Landslide,3,1470,2,Boats|Rescue Teams|Dry Rations|Medical Kits,83,RESOLVED,CITIZEN
INC-2024-3481,2024-01-08T18:15:05.963Z,Nuwara Eliya,HILL,Landslide,2,496,0,Dry Rations|Medical Kits,81,RESOLVED,MEDIA
INC-2026-3482,2026-02-21T00:07:23.327Z,Matara,WET,Flood,3,14643,0,Boats|Rescue Teams|Dry Rations|Medical Kits,97,RESOLVED,SENSOR
INC-2026-3483,2026-04-05T03:57:26.324Z,Puttalam,DRY,Flood,2,7616,0,Dry Rations|Medical Kits,94,RESOLVED,SENSOR
INC-2022-3484,2022-07-25T12:20:06.270Z,Gampaha,WET,Flood,1,266,0,Dry Rations|Medical Kits,45,RESOLVED,CITIZEN
INC-2018-3485,2018-12-28T21:40:33.526Z,Ratnapura,HILL,High Winds/Cyclone,2,3724,0,,20,RESOLVED,OFFICER
INC-2024-3486,2024-12-09T06:39:30.112Z,Matara,WET,Flood,2,7096,0,Dry Rations|Medical Kits,24,RESOLVED,OFFICER
INC-2021-3487,2021-07-13T18:06:36.747Z,Colombo,WET,Flood,2,376,0,Dry Rations|Medical Kits,22,RESOLVED,OFFICER
INC-2025-3488,2025-12-16T13:48:02.803Z,Ratnapura,HILL,Landslide,1,89,0,Dry Rations|Medical Kits,83,RESOLVED,CITIZEN
INC-2025-3489,2025-01-21T10:51:49.962Z,Galle,WET,High Winds/Cyclone,4,2800,4,,41,RESOLVED,CITIZEN
INC-2025-3490,2025-03-13T15:35:14.938Z,Mannar,DRY,Animal Attack,1,9,0,Wildlife Officers|Veterinary Kits,84,RESOLVED,OFFICER
INC-2023-3491,2023-05-03T09:40:03.339Z,Hambantota,DRY,Drought,1,27619,0,Water Bowsers|Dry Rations,2260,RESOLVED,CITIZEN
INC-2021-3492,2021-03-29T21:48:18.115Z,Jaffna,EAST_NORTH,Animal Attack,1,10,1,Wildlife Officers|Veterinary Kits,74,RESOLVED,SENSOR
INC-2026-3493,2026-01-24T05:09:24.006Z,Colombo,WET,Landslide,3,921,1,Boats|Rescue Teams|Dry Rations|Medical Kits,56,RESOLVED,CITIZEN
INC-2019-3494,2019-11-29T02:43:29.915Z,Colombo,WET,Flood,5,15850,4,Boats|Rescue Teams|Dry Rations|Medical Kits,107,RESOLVED,CITIZEN
INC-2026-3495,2026-02-18T10:37:21.390Z,Hambantota,DRY,Flood,2,668,0,Dry Rations|Medical Kits,53,RESOLVED,CITIZEN
INC-2022-3496,2022-12-19T03:22:31.943Z,Nuwara Eliya,HILL,Animal Attack,1,1,0,Wildlife Officers|Veterinary Kits,59,RESOLVED,CITIZEN
INC-2025-3497,2025-04-29T12:58:21.561Z,Ampara,EAST_NORTH,Flood,2,2828,0,Dry Rations|Medical Kits,98,RESOLVED,OFFICER
INC-2020-3498,2020-04-07T08:43:18.057Z,Jaffna,EAST_NORTH,Drought,1,43201,0,Water Bowsers|Dry Rations,4182,RESOLVED,CITIZEN
INC-2024-3499,2024-02-16T20:13:55.646Z,Gampaha,WET,Flood,1,514,0,Dry Rations|Medical Kits,60,RESOLVED,OFFICER
INC-2021-3500,2021-05-27T22:15:02.226Z,Kurunegala,DRY,Drought,2,25198,0,Water Bowsers|Dry Rations,2989,RESOLVED,CITIZEN
INC-2025-3501,2025-09-13T07:23:35.370Z,Polonnaruwa,DRY,Forest Fire,1,46,0,Fire Trucks|Air Support,181,RESOLVED,CITIZEN
INC-2018-3502,2018-03-24T21:28:20.930Z,Ampara,EAST_NORTH,Flood,2,1488,0,Dry Rations|Medical Kits,28,RESOLVED,CITIZEN
INC-2024-3503,2024-04-11T16:48:36.864Z,Matara,WET,Flood,3,12258,0,Boats|Rescue Teams|Dry Rations|Medical Kits,82,RESOLVED,CITIZEN
INC-2025-3504,2025-08-07T02:39:17.272Z,Trincomalee,EAST_NORTH,Drought,3,22686,0,Water Bowsers|Dry Rations,2117,RESOLVED,CITIZEN
INC-2021-3505,2021-04-08T20:04:54.129Z,Anuradhapura,DRY,Drought,3,69273,0,Water Bowsers|Dry Rations,2511,RESOLVED,CITIZEN
INC-2022-3506,2022-01-27T01:47:26.745Z,Matara,WET,Flood,2,2584,0,Dry Rations|Medical Kits,52,RESOLVED,SENSOR
INC-2025-3507,2025-05-07T12:54:37.615Z,Puttalam,DRY,Animal Attack,1,5,2,Wildlife Officers|Veterinary Kits,67,RESOLVED,SENSOR
INC-2022-3508,2022-12-08T17:35:28.754Z,Kilinochchi,EAST_NORTH,Flood,1,526,0,Dry Rations|Medical Kits,95,RESOLVED,CITIZEN
INC-2022-3509,2022-05-11T14:13:34.654Z,Kalutara,WET,Flood,2,1348,0,Dry Rations|Medical Kits,62,RESOLVED,SENSOR
INC-2020-3510,2020-04-18T10:49:30.983Z,Kurunegala,DRY,Drought,1,46269,0,Water Bowsers|Dry Rations,4273,RESOLVED,CITIZEN
INC-2021-3511,2021-02-11T19:12:25.264Z,Gampaha,WET,Flood,1,566,0,Dry Rations|Medical Kits,85,RESOLVED,OFFICER
INC-2021-3512,2021-09-15T05:33:10.386Z,Colombo,WET,Flood,3,17757,0,Boats|Rescue Teams|Dry Rations|Medical Kits,66,RESOLVED,CITIZEN
INC-2019-3513,2019-10-13T19:05:06.055Z,Ratnapura,HILL,Landslide,5,2270,8,Boats|Rescue Teams|Dry Rations|Medical Kits,90,RESOLVED,CITIZEN
INC-2025-3514,2025-10-25T10:15:01.967Z,Kurunegala,DRY,Drought,1,24163,0,Water Bowsers|Dry Rations,3898,RESOLVED,OFFICER
INC-2020-3515,2020-01-12T19:42:34.159Z,Kegalle,HILL,Landslide,2,416,0,Dry Rations|Medical Kits,90,RESOLVED,OFFICER
INC-2022-3516,2022-06-13T15:16:35.024Z,Kalutara,WET,Flood,1,894,0,Dry Rations|Medical Kits,63,RESOLVED,SENSOR
INC-2022-3517,2022-05-20T03:23:19.213Z,Hambantota,DRY,Animal Attack,1,1,1,Wildlife Officers|Veterinary Kits,73,RESOLVED,OFFICER
INC-2020-3518,2020-11-12T16:52:47.562Z,Kandy,HILL,Animal Attack,1,5,0,Wildlife Officers|Veterinary Kits,49,RESOLVED,CITIZEN
INC-2020-3519,2020-01-02T02:54:29.815Z,Hambantota,DRY,Flood,3,14472,0,Boats|Rescue Teams|Dry Rations|Medical Kits,47,RESOLVED,CITIZEN
INC-2020-3520,2020-10-23T07:33:31.040Z,Colombo,WET,Animal Attack,1,7,1,Wildlife Officers|Veterinary Kits,48,RESOLVED,OFFICER
INC-2020-3521,2020-08-08T01:30:42.493Z,Badulla,HILL,High Winds/Cyclone,1,1751,0,,37,RESOLVED,OFFICER
INC-2026-3522,2026-03-02T19:32:04.675Z,Anuradhapura,DRY,Drought,3,118305,0,Water Bowsers|Dry Rations,1588,RESOLVED,SENSOR
INC-2022-3523,2022-04-02T01:35:06.151Z,Kalutara,WET,Flood,1,1861,0,Dry Rations|Medical Kits,87,RESOLVED,SENSOR
INC-2025-3524,2025-06-26T19:59:34.214Z,Puttalam,DRY,Animal Attack,1,1,0,Wildlife Officers|Veterinary Kits,55,RESOLVED,OFFICER
INC-2022-3525,2022-04-17T08:12:48.825Z,Gampaha,WET,Animal Attack,1,1,0,Wildlife Officers|Veterinary Kits,42,RESOLVED,SENSOR
INC-2025-3526,2025-08-20T18:24:55.350Z,Colombo,WET,Flood,4,5392,7,Boats|Rescue Teams|Dry Rations|Medical Kits,17,RESOLVED,OFFICER
INC-2026-3527,2026-04-23T09:46:20.235Z,Colombo,WET,Flood,1,344,0,Dry Rations|Medical Kits,27,RESOLVED,CITIZEN
INC-2018-3528,2018-10-21T10:01:39.028Z,Ampara,EAST_NORTH,Flood,2,3572,0,Dry Rations|Medical Kits,103,RESOLVED,OFFICER
INC-2019-3529,2019-06-03T23:16:10.808Z,Nuwara Eliya,HILL,Flood,4,16992,6,Boats|Rescue Teams|Dry Rations|Medical Kits,86,RESOLVED,OFFICER
INC-2019-3530,2019-03-17T21:53:02.857Z,Kalutara,WET,High Winds/Cyclone,1,1922,0,,44,RESOLVED,OFFICER
INC-2024-3531,2024-11-01T01:47:12.797Z,Badulla,HILL,Forest Fire,5,410,0,Fire Trucks|Air Support,193,RESOLVED,SENSOR
INC-2022-3532,2022-05-23T02:56:33.240Z,Matara,WET,High Winds/Cyclone,2,6508,0,,20,RESOLVED,OFFICER
INC-2021-3533,2021-10-07T22:09:29.770Z,Ampara,EAST_NORTH,Drought,3,55491,0,Water Bowsers|Dry Rations,2849,RESOLVED,CITIZEN
INC-2018-3534,2018-05-17T12:47:25.267Z,Mullaitivu,EAST_NORTH,Drought,3,21423,0,Water Bowsers|Dry Rations,1994,RESOLVED,SENSOR
INC-2019-3535,2019-07-17T10:46:11.729Z,Trincomalee,EAST_NORTH,Drought,4,46508,0,Water Bowsers|Dry Rations,2843,RESOLVED,CITIZEN
INC-2020-3536,2020-05-25T19:22:24.441Z,Hambantota,DRY,Flood,1,1311,0,Dry Rations|Medical Kits,113,RESOLVED,CITIZEN
INC-2024-3537,2024-09-15T03:56:17.745Z,Kegalle,HILL,Landslide,3,783,11,Boats|Rescue Teams|Dry Rations|Medical Kits,134,RESOLVED,CITIZEN
INC-2021-3538,2021-01-24T02:40:23.112Z,Polonnaruwa,DRY,Flood,5,48900,0,Boats|Rescue Teams|Dry Rations|Medical Kits,34,RESOLVED,OFFICER
INC-2021-3539,2021-12-14T06:53:42.966Z,Mullaitivu,EAST_NORTH,Flood,3,5310,0,Boats|Rescue Teams|Dry Rations|Medical Kits,23,RESOLVED,CITIZEN
INC-2020-3540,2020-05-09T04:02:11.769Z,Colombo,WET,Flood,2,1644,0,Dry Rations|Medical Kits,26,RESOLVED,CITIZEN
INC-2024-3541,2024-07-23T20:10:00.123Z,Batticaloa,EAST_NORTH,Forest Fire,1,79,0,Fire Trucks|Air Support,233,RESOLVED,CITIZEN
INC-2023-3542,2023-11-16T02:06:01.122Z,Galle,WET,Animal Attack,1,2,0,Wildlife Officers|Veterinary Kits,72,RESOLVED,CITIZEN
INC-2018-3543,2018-02-27T11:09:04.950Z,Matale,HILL,Landslide,1,22,0,Dry Rations|Medical Kits,143,RESOLVED,CITIZEN
INC-2020-3544,2020-07-05T00:54:19.161Z,Matara,WET,High Winds/Cyclone,3,17226,0,,50,RESOLVED,CITIZEN
INC-2023-3545,2023-06-21T01:44:18.397Z,Nuwara Eliya,HILL,Flood,3,7137,0,Boats|Rescue Teams|Dry Rations|Medical Kits,79,RESOLVED,CITIZEN
INC-2020-3546,2020-10-10T02:32:36.469Z,Matara,WET,Animal Attack,1,8,1,Wildlife Officers|Veterinary Kits,44,RESOLVED,CITIZEN
INC-2021-3547,2021-02-24T11:47:48.853Z,Colombo,WET,High Winds/Cyclone,1,824,0,,49,RESOLVED,SENSOR
INC-2023-3548,2023-03-23T22:38:00.562Z,Colombo,WET,Flood,1,1053,0,Dry Rations|Medical Kits,108,RESOLVED,CITIZEN
INC-2021-3549,2021-06-01T03:13:23.589Z,Galle,WET,Flood,3,2817,0,Boats|Rescue Teams|Dry Rations|Medical Kits,26,RESOLVED,CITIZEN
INC-2024-3550,2024-05-04T06:23:00.124Z,Kandy,HILL,Landslide,1,234,0,Dry Rations|Medical Kits,37,RESOLVED,CITIZEN
INC-2026-3551,2026-04-20T10:42:22.506Z,Vavuniya,DRY,Drought,1,36955,0,Water Bowsers|Dry Rations,1746,RESOLVED,OFFICER
INC-2024-3552,2024-01-21T00:14:30.701Z,Gampaha,WET,High Winds/Cyclone,2,436,0,,104,RESOLVED,CITIZEN
INC-2025-3553,2025-09-29T23:58:16.720Z,Hambantota,DRY,Forest Fire,2,96,0,Fire Trucks|Air Support,55,RESOLVED,CITIZEN
INC-2022-3554,2022-10-24T02:14:32.977Z,Kalutara,WET,High Winds/Cyclone,1,1885,0,,57,RESOLVED,MEDIA
INC-2023-3555,2023-10-05T01:36:24.054Z,Gampaha,WET,Flood,1,986,0,Dry Rations|Medical Kits,105,RESOLVED,OFFICER
INC-2020-3556,2020-05-07T19:32:38.005Z,Galle,WET,Flood,2,5668,0,Dry Rations|Medical Kits,51,RESOLVED,OFFICER
INC-2022-3557,2022-05-20T14:10:34.188Z,Vavuniya,DRY,Animal Attack,1,1,2,Wildlife Officers|Veterinary Kits,44,RESOLVED,SENSOR
INC-2025-3558,2025-01-15T01:22:05.598Z,Polonnaruwa,DRY,Flood,3,9549,0,Boats|Rescue Teams|Dry Rations|Medical Kits,24,RESOLVED,OFFICER
INC-2019-3559,2019-08-17T16:27:43.058Z,Polonnaruwa,DRY,Animal Attack,1,1,1,Wildlife Officers|Veterinary Kits,72,RESOLVED,CITIZEN
INC-2021-3560,2021-07-14T16:34:14.151Z,Nuwara Eliya,HILL,Flood,4,13248,0,Boats|Rescue Teams|Dry Rations|Medical Kits,37,RESOLVED,SENSOR
INC-2018-3561,2018-04-04T05:17:29.265Z,Ampara,EAST_NORTH,Flood,4,22720,8,Boats|Rescue Teams|Dry Rations|Medical Kits,33,RESOLVED,CITIZEN
INC-2025-3562,2025-09-27T04:47:38.573Z,Colombo,WET,Flood,1,1554,0,Dry Rations|Medical Kits,68,RESOLVED,SENSOR
INC-2018-3563,2018-12-02T09:30:50.376Z,Puttalam,DRY,Flood,2,5212,0,Dry Rations|Medical Kits,30,RESOLVED,CITIZEN
INC-2018-3564,2018-09-23T16:28:08.809Z,Matara,WET,High Winds/Cyclone,3,2115,0,,72,RESOLVED,CITIZEN
INC-2021-3565,2021-07-30T02:50:20.177Z,Badulla,HILL,Landslide,1,299,0,Dry Rations|Medical Kits,99,RESOLVED,CITIZEN
INC-2023-3566,2023-11-26T12:06:39.231Z,Matale,HILL,Flood,1,219,0,Dry Rations|Medical Kits,50,RESOLVED,SENSOR
INC-2026-3567,2026-02-08T22:59:05.785Z,Mullaitivu,EAST_NORTH,Flood,1,1859,0,Dry Rations|Medical Kits,73,RESOLVED,CITIZEN
INC-2021-3568,2021-06-23T23:30:06.594Z,Matara,WET,Landslide,1,304,0,Dry Rations|Medical Kits,78,RESOLVED,OFFICER
INC-2023-3569,2023-05-27T11:55:38.360Z,Kandy,HILL,Landslide,1,379,0,Dry Rations|Medical Kits,52,RESOLVED,OFFICER
INC-2023-3570,2023-02-26T19:26:10.383Z,Mannar,DRY,Flood,1,1187,0,Dry Rations|Medical Kits,96,RESOLVED,OFFICER
INC-2023-3571,2023-03-28T10:02:33.774Z,Galle,WET,Flood,4,1168,0,Boats|Rescue Teams|Dry Rations|Medical Kits,40,RESOLVED,OFFICER
INC-2018-3572,2018-09-29T16:01:35.138Z,Puttalam,DRY,Drought,1,32228,0,Water Bowsers|Dry Rations,1641,RESOLVED,OFFICER
INC-2018-3573,2018-10-10T13:20:54.684Z,Galle,WET,Flood,1,180,0,Dry Rations|Medical Kits,44,RESOLVED,CITIZEN
INC-2022-3574,2022-12-14T02:20:25.224Z,Kilinochchi,EAST_NORTH,Flood,1,269,0,Dry Rations|Medical Kits,66,RESOLVED,OFFICER
INC-2018-3575,2018-05-26T03:50:59.899Z,Mullaitivu,EAST_NORTH,Flood,2,2252,0,Dry Rations|Medical Kits,38,RESOLVED,OFFICER
INC-2018-3576,2018-10-30T22:57:20.421Z,Hambantota,DRY,Drought,1,30019,0,Water Bowsers|Dry Rations,3365,RESOLVED,CITIZEN
INC-2018-3577,2018-04-04T08:17:19.476Z,Ratnapura,HILL,Landslide,1,154,0,Dry Rations|Medical Kits,104,RESOLVED,CITIZEN
INC-2026-3578,2026-02-15T01:17:54.583Z,Kurunegala,DRY,High Winds/Cyclone,3,10251,0,,35,RESOLVED,OFFICER
INC-2022-3579,2022-06-13T14:09:21.419Z,Vavuniya,DRY,Flood,3,2340,0,Boats|Rescue Teams|Dry Rations|Medical Kits,95,RESOLVED,CITIZEN
INC-2025-3580,2025-12-14T22:30:33.071Z,Kalutara,WET,Flood,4,25472,6,Boats|Rescue Teams|Dry Rations|Medical Kits,44,RESOLVED,OFFICER
INC-2025-3581,2025-08-05T12:45:06.136Z,Galle,WET,Flood,1,309,0,Dry Rations|Medical Kits,38,RESOLVED,CITIZEN
INC-2023-3582,2023-10-21T01:59:12.707Z,Jaffna,EAST_NORTH,Drought,3,46923,0,Water Bowsers|Dry Rations,3374,RESOLVED,OFFICER
INC-2022-3583,2022-11-23T13:50:01.875Z,Vavuniya,DRY,Drought,4,175048,0,Water Bowsers|Dry Rations,2531,RESOLVED,MEDIA
INC-2021-3584,2021-01-08T16:54:03.386Z,Colombo,WET,Flood,4,3984,3,Boats|Rescue Teams|Dry Rations|Medical Kits,76,RESOLVED,MEDIA
INC-2019-3585,2019-06-28T05:06:29.366Z,Kegalle,HILL,Landslide,1,153,0,Dry Rations|Medical Kits,119,RESOLVED,MEDIA
INC-2024-3586,2024-04-05T03:53:17.628Z,Vavuniya,DRY,Drought,1,18980,0,Water Bowsers|Dry Rations,4190,RESOLVED,CITIZEN
INC-2020-3587,2020-07-01T23:49:26.800Z,Anuradhapura,DRY,Drought,3,63129,0,Water Bowsers|Dry Rations,3269,RESOLVED,OFFICER
INC-2024-3588,2024-10-01T13:37:47.553Z,Batticaloa,EAST_NORTH,Animal Attack,1,7,2,Wildlife Officers|Veterinary Kits,32,RESOLVED,CITIZEN
INC-2022-3589,2022-10-06T03:18:07.479Z,Kegalle,HILL,Landslide,2,308,0,Dry Rations|Medical Kits,52,RESOLVED,CITIZEN
INC-2022-3590,2022-03-28T19:29:34.955Z,Ampara,EAST_NORTH,Flood,2,3320,0,Dry Rations|Medical Kits,69,RESOLVED,CITIZEN
INC-2020-3591,2020-07-22T16:04:40.255Z,Kegalle,HILL,Flood,2,7468,0,Dry Rations|Medical Kits,43,RESOLVED,OFFICER
INC-2018-3592,2018-03-16T07:21:37.398Z,Ampara,EAST_NORTH,Drought,4,145672,0,Water Bowsers|Dry Rations,2147,RESOLVED,CITIZEN
INC-2018-3593,2018-12-26T08:03:42.329Z,Badulla,HILL,Flood,3,12969,0,Boats|Rescue Teams|Dry Rations|Medical Kits,48,RESOLVED,OFFICER
INC-2025-3594,2025-11-07T17:30:43.741Z,Ampara,EAST_NORTH,High Winds/Cyclone,2,3396,0,,22,RESOLVED,OFFICER
INC-2023-3595,2023-06-03T01:39:35.902Z,Kegalle,HILL,Landslide,1,149,0,Dry Rations|Medical Kits,82,RESOLVED,OFFICER
INC-2021-3596,2021-08-02T08:16:47.429Z,Galle,WET,Flood,3,15831,0,Boats|Rescue Teams|Dry Rations|Medical Kits,109,RESOLVED,CITIZEN
INC-2019-3597,2019-04-09T05:42:57.564Z,Badulla,HILL,Landslide,2,32,0,Dry Rations|Medical Kits,106,RESOLVED,CITIZEN
INC-2025-3598,2025-06-04T14:50:25.987Z,Polonnaruwa,DRY,Drought,2,53172,0,Water Bowsers|Dry Rations,1860,RESOLVED,CITIZEN
INC-2021-3599,2021-07-26T01:33:35.193Z,Matara,WET,Flood,3,9333,0,Boats|Rescue Teams|Dry Rations|Medical Kits,111,RESOLVED,OFFICER
INC-2018-3600,2018-09-21T20:43:35.419Z,Matale,HILL,Landslide,4,1948,19,Boats|Rescue Teams|Dry Rations|Medical Kits,34,RESOLVED,CITIZEN
INC-2020-3601,2020-05-26T14:36:05.179Z,Trincomalee,EAST_NORTH,High Winds/Cyclone,1,809,0,,71,RESOLVED,CITIZEN
INC-2020-3602,2020-12-06T08:55:08.654Z,Gampaha,WET,Animal Attack,2,1,2,Wildlife Officers|Veterinary Kits,58,RESOLVED,OFFICER
INC-2019-3603,2019-08-13T18:38:27.344Z,Matara,WET,Flood,4,28624,6,Boats|Rescue Teams|Dry Rations|Medical Kits,44,RESOLVED,CITIZEN
INC-2025-3604,2025-08-22T09:33:26.186Z,Kandy,HILL,Landslide,1,34,0,Dry Rations|Medical Kits,56,RESOLVED,CITIZEN
INC-2025-3605,2025-07-11T13:35:17.888Z,Kurunegala,DRY,Drought,3,126492,0,Water Bowsers|Dry Rations,1658,RESOLVED,CITIZEN
INC-2019-3606,2019-10-19T13:17:23.169Z,Colombo,WET,Flood,2,7336,0,Dry Rations|Medical Kits,41,RESOLVED,CITIZEN
INC-2020-3607,2020-03-27T05:43:29.112Z,Colombo,WET,High Winds/Cyclone,3,7308,0,,55,RESOLVED,SENSOR
INC-2019-3608,2019-07-12T09:59:51.834Z,Mannar,DRY,Drought,1,36293,0,Water Bowsers|Dry Rations,3715,RESOLVED,CITIZEN
INC-2022-3609,2022-06-24T04:40:33.301Z,Galle,WET,Flood,1,532,0,Dry Rations|Medical Kits,111,RESOLVED,CITIZEN
INC-2024-3610,2024-04-23T09:00:38.115Z,Kegalle,HILL,Forest Fire,1,85,0,Fire Trucks|Air Support,197,RESOLVED,OFFICER
INC-2024-3611,2024-02-04T07:43:18.579Z,Badulla,HILL,Landslide,1,237,0,Dry Rations|Medical Kits,58,RESOLVED,SENSOR
INC-2021-3612,2021-07-18T05:04:18.169Z,Matara,WET,Flood,4,22016,3,Boats|Rescue Teams|Dry Rations|Medical Kits,27,RESOLVED,CITIZEN
INC-2024-3613,2024-11-04T02:14:32.530Z,Kilinochchi,EAST_NORTH,High Winds/Cyclone,2,5092,0,,67,RESOLVED,MEDIA
INC-2021-3614,2021-09-12T00:05:39.144Z,Kalutara,WET,Landslide,2,68,0,Dry Rations|Medical Kits,41,RESOLVED,SENSOR
INC-2019-3615,2019-11-20T00:28:29.909Z,Matara,WET,Animal Attack,1,3,0,Wildlife Officers|Veterinary Kits,83,RESOLVED,OFFICER
INC-2025-3616,2025-12-09T20:36:09.423Z,Kegalle,HILL,High Winds/Cyclone,2,1388,0,,120,RESOLVED,OFFICER
INC-2021-3617,2021-09-03T05:37:12.901Z,Galle,WET,Flood,2,7128,0,Dry Rations|Medical Kits,62,RESOLVED,CITIZEN
INC-2020-3618,2020-08-12T07:26:35.887Z,Kandy,HILL,Landslide,4,1592,10,Boats|Rescue Teams|Dry Rations|Medical Kits,129,RESOLVED,CITIZEN
INC-2021-3619,2021-04-04T21:35:22.771Z,Anuradhapura,DRY,Drought,1,25464,0,Water Bowsers|Dry Rations,3044,RESOLVED,OFFICER
INC-2021-3620,2021-11-19T19:26:33.293Z,Kurunegala,DRY,High Winds/Cyclone,1,108,0,,112,RESOLVED,SENSOR
INC-2018-3621,2018-10-24T13:59:38.405Z,Matara,WET,High Winds/Cyclone,1,63,0,,100,RESOLVED,OFFICER
INC-2023-3622,2023-03-04T00:43:58.779Z,Anuradhapura,DRY,Flood,2,3080,0,Dry Rations|Medical Kits,29,RESOLVED,CITIZEN
INC-2023-3623,2023-10-21T13:35:37.164Z,Gampaha,WET,Flood,4,27456,0,Boats|Rescue Teams|Dry Rations|Medical Kits,35,RESOLVED,OFFICER
INC-2025-3624,2025-05-14T11:11:52.876Z,Jaffna,EAST_NORTH,Drought,2,56242,0,Water Bowsers|Dry Rations,3455,RESOLVED,MEDIA
INC-2021-3625,2021-12-01T12:46:25.704Z,Mullaitivu,EAST_NORTH,Flood,3,3978,0,Boats|Rescue Teams|Dry Rations|Medical Kits,38,RESOLVED,CITIZEN
INC-2025-3626,2025-03-21T01:09:30.134Z,Galle,WET,Flood,1,185,0,Dry Rations|Medical Kits,83,RESOLVED,OFFICER
INC-2022-3627,2022-02-24T01:34:19.868Z,Kegalle,HILL,Forest Fire,2,90,0,Fire Trucks|Air Support,83,RESOLVED,OFFICER
INC-2024-3628,2024-01-17T00:29:29.117Z,Nuwara Eliya,HILL,Landslide,4,616,15,Boats|Rescue Teams|Dry Rations|Medical Kits,59,RESOLVED,CITIZEN
INC-2026-3629,2026-02-25T15:14:18.909Z,Kilinochchi,EAST_NORTH,Flood,4,11088,6,Boats|Rescue Teams|Dry Rations|Medical Kits,50,RESOLVED,OFFICER
INC-2025-3630,2025-02-06T19:14:16.692Z,Galle,WET,Flood,2,5436,0,Dry Rations|Medical Kits,98,RESOLVED,OFFICER
INC-2022-3631,2022-02-02T02:55:45.786Z,Trincomalee,EAST_NORTH,High Winds/Cyclone,4,17632,2,,76,RESOLVED,CITIZEN
INC-2023-3632,2023-09-13T13:13:35.379Z,Ratnapura,HILL,Flood,4,14352,7,Boats|Rescue Teams|Dry Rations|Medical Kits,27,RESOLVED,OFFICER
INC-2026-3633,2026-04-20T11:37:11.959Z,Vavuniya,DRY,Flood,1,384,0,Dry Rations|Medical Kits,110,RESOLVED,CITIZEN
INC-2019-3634,2019-01-21T16:11:16.400Z,Vavuniya,DRY,Flood,2,480,0,Dry Rations|Medical Kits,73,RESOLVED,CITIZEN
INC-2018-3635,2018-05-13T10:19:47.317Z,Nuwara Eliya,HILL,Landslide,3,1023,4,Boats|Rescue Teams|Dry Rations|Medical Kits,148,RESOLVED,SENSOR
INC-2018-3636,2018-11-13T03:43:59.171Z,Gampaha,WET,Flood,4,25440,0,Boats|Rescue Teams|Dry Rations|Medical Kits,79,RESOLVED,CITIZEN
INC-2019-3637,2019-05-07T23:33:51.552Z,Ratnapura,HILL,Landslide,3,1470,9,Boats|Rescue Teams|Dry Rations|Medical Kits,48,RESOLVED,OFFICER
INC-2025-3638,2025-04-19T11:16:30.744Z,Polonnaruwa,DRY,Flood,3,7236,0,Boats|Rescue Teams|Dry Rations|Medical Kits,50,RESOLVED,CITIZEN
INC-2021-3639,2021-07-03T18:49:10.995Z,Gampaha,WET,Flood,1,1191,0,Dry Rations|Medical Kits,95,RESOLVED,CITIZEN
INC-2021-3640,2021-03-12T16:37:58.615Z,Kandy,HILL,Flood,1,905,0,Dry Rations|Medical Kits,16,RESOLVED,CITIZEN
INC-2025-3641,2025-01-10T16:59:02.232Z,Galle,WET,Flood,3,15903,0,Boats|Rescue Teams|Dry Rations|Medical Kits,79,RESOLVED,OFFICER
INC-2025-3642,2025-10-28T14:32:51.839Z,Monaragala,DRY,Drought,1,46464,0,Water Bowsers|Dry Rations,3948,RESOLVED,OFFICER
INC-2025-3643,2025-04-02T10:23:25.502Z,Colombo,WET,Animal Attack,1,8,0,Wildlife Officers|Veterinary Kits,48,RESOLVED,OFFICER
INC-2018-3644,2018-12-25T07:50:26.594Z,Colombo,WET,Animal Attack,1,8,1,Wildlife Officers|Veterinary Kits,65,RESOLVED,OFFICER
INC-2025-3645,2025-06-02T22:26:20.046Z,Colombo,WET,Flood,1,780,0,Dry Rations|Medical Kits,106,RESOLVED,SENSOR
INC-2024-3646,2024-05-05T21:58:59.696Z,Vavuniya,DRY,Flood,4,15456,2,Boats|Rescue Teams|Dry Rations|Medical Kits,21,RESOLVED,OFFICER
INC-2024-3647,2024-06-14T20:47:02.988Z,Kilinochchi,EAST_NORTH,Drought,1,11109,0,Water Bowsers|Dry Rations,4064,RESOLVED,SENSOR
INC-2018-3648,2018-09-19T04:55:04.673Z,Galle,WET,Flood,1,808,0,Dry Rations|Medical Kits,23,RESOLVED,CITIZEN
INC-2024-3649,2024-03-29T00:06:09.677Z,Hambantota,DRY,Drought,4,140876,0,Water Bowsers|Dry Rations,1487,RESOLVED,OFFICER
INC-2021-3650,2021-12-24T18:33:04.607Z,Monaragala,DRY,Flood,3,17208,0,Boats|Rescue Teams|Dry Rations|Medical Kits,51,RESOLVED,OFFICER
INC-2018-3651,2018-10-19T05:19:44.441Z,Kalutara,WET,Animal Attack,1,1,1,Wildlife Officers|Veterinary Kits,90,RESOLVED,CITIZEN
INC-2020-3652,2020-05-27T08:40:23.590Z,Monaragala,DRY,High Winds/Cyclone,4,19168,2,,86,RESOLVED,OFFICER
INC-2021-3653,2021-01-03T07:16:46.931Z,Gampaha,WET,Flood,3,15183,0,Boats|Rescue Teams|Dry Rations|Medical Kits,85,RESOLVED,CITIZEN
INC-2018-3654,2018-05-05T20:19:21.990Z,Galle,WET,High Winds/Cyclone,4,31808,1,,100,RESOLVED,CITIZEN
INC-2023-3655,2023-01-06T10:53:55.600Z,Mannar,DRY,High Winds/Cyclone,3,4590,0,,101,RESOLVED,OFFICER
INC-2018-3656,2018-01-07T10:27:12.275Z,Polonnaruwa,DRY,Flood,1,67,0,Dry Rations|Medical Kits,84,RESOLVED,CITIZEN
INC-2021-3657,2021-10-29T04:44:28.645Z,Monaragala,DRY,Flood,3,17226,0,Boats|Rescue Teams|Dry Rations|Medical Kits,48,RESOLVED,CITIZEN
INC-2025-3658,2025-02-12T11:48:46.193Z,Galle,WET,Flood,2,5316,0,Dry Rations|Medical Kits,58,RESOLVED,CITIZEN
INC-2019-3659,2019-11-12T15:48:13.284Z,Kegalle,HILL,Flood,2,7796,0,Dry Rations|Medical Kits,76,RESOLVED,CITIZEN
INC-2024-3660,2024-11-04T15:44:47.802Z,Monaragala,DRY,Flood,1,1823,0,Dry Rations|Medical Kits,106,RESOLVED,OFFICER
INC-2019-3661,2019-09-01T09:29:33.621Z,Galle,WET,Flood,3,16587,0,Boats|Rescue Teams|Dry Rations|Medical Kits,109,RESOLVED,OFFICER
INC-2020-3662,2020-09-15T23:55:00.112Z,Gampaha,WET,Flood,3,12654,0,Boats|Rescue Teams|Dry Rations|Medical Kits,64,RESOLVED,CITIZEN
INC-2019-3663,2019-09-17T01:06:09.079Z,Matale,HILL,Flood,4,16704,6,Boats|Rescue Teams|Dry Rations|Medical Kits,105,RESOLVED,OFFICER
INC-2020-3664,2020-11-25T19:21:10.370Z,Vavuniya,DRY,High Winds/Cyclone,2,4404,0,,90,RESOLVED,CITIZEN
INC-2022-3665,2022-06-18T08:04:06.858Z,Matale,HILL,Flood,4,16240,8,Boats|Rescue Teams|Dry Rations|Medical Kits,18,RESOLVED,SENSOR
INC-2019-3666,2019-12-14T16:19:41.674Z,Badulla,HILL,Landslide,2,498,0,Dry Rations|Medical Kits,105,RESOLVED,OFFICER
INC-2023-3667,2023-03-05T00:35:39.556Z,Polonnaruwa,DRY,Forest Fire,1,45,0,Fire Trucks|Air Support,93,RESOLVED,CITIZEN
INC-2021-3668,2021-11-23T01:20:45.230Z,Kurunegala,DRY,Drought,4,159200,0,Water Bowsers|Dry Rations,3621,RESOLVED,OFFICER
INC-2021-3669,2021-11-09T10:41:31.152Z,Anuradhapura,DRY,Flood,2,4120,0,Dry Rations|Medical Kits,69,RESOLVED,CITIZEN
INC-2022-3670,2022-07-30T03:19:14.999Z,Puttalam,DRY,Forest Fire,2,188,0,Fire Trucks|Air Support,107,RESOLVED,OFFICER
INC-2019-3671,2019-11-07T02:19:00.955Z,Colombo,WET,Flood,1,797,0,Dry Rations|Medical Kits,27,RESOLVED,CITIZEN
INC-2020-3672,2020-03-07T14:09:24.176Z,Monaragala,DRY,Forest Fire,2,112,0,Fire Trucks|Air Support,165,RESOLVED,OFFICER
INC-2022-3673,2022-08-01T11:41:52.936Z,Nuwara Eliya,HILL,Landslide,3,66,2,Boats|Rescue Teams|Dry Rations|Medical Kits,48,RESOLVED,OFFICER
INC-2022-3674,2022-09-30T02:18:26.816Z,Kalutara,WET,High Winds/Cyclone,2,5088,0,,95,RESOLVED,OFFICER
INC-2025-3675,2025-11-11T13:02:27.655Z,Badulla,HILL,Landslide,1,116,0,Dry Rations|Medical Kits,41,RESOLVED,CITIZEN
INC-2020-3676,2020-10-10T12:25:17.285Z,Matara,WET,Flood,2,2688,0,Dry Rations|Medical Kits,118,RESOLVED,CITIZEN
INC-2023-3677,2023-12-16T16:55:30.400Z,Gampaha,WET,Flood,1,145,0,Dry Rations|Medical Kits,109,RESOLVED,CITIZEN
INC-2019-3678,2019-09-27T00:19:09.476Z,Trincomalee,EAST_NORTH,Drought,2,28418,0,Water Bowsers|Dry Rations,3431,RESOLVED,CITIZEN
INC-2025-3679,2025-10-14T18:54:30.865Z,Jaffna,EAST_NORTH,Flood,5,15875,10,Boats|Rescue Teams|Dry Rations|Medical Kits,77,RESOLVED,CITIZEN
INC-2022-3680,2022-03-13T06:39:37.205Z,Matara,WET,High Winds/Cyclone,3,8541,0,,61,RESOLVED,CITIZEN
INC-2024-3681,2024-12-28T02:00:22.549Z,Matara,WET,Flood,2,2568,0,Dry Rations|Medical Kits,83,RESOLVED,OFFICER
INC-2021-3682,2021-08-28T07:09:43.627Z,Anuradhapura,DRY,Forest Fire,1,1,0,Fire Trucks|Air Support,96,RESOLVED,SENSOR
INC-2021-3683,2021-06-21T11:05:51.414Z,Puttalam,DRY,Drought,1,44532,0,Water Bowsers|Dry Rations,2044,RESOLVED,CITIZEN
INC-2022-3684,2022-03-07T17:40:41.259Z,Galle,WET,Flood,2,5948,0,Dry Rations|Medical Kits,102,RESOLVED,CITIZEN
INC-2019-3685,2019-09-09T00:59:25.962Z,Polonnaruwa,DRY,Drought,4,123924,0,Water Bowsers|Dry Rations,3159,RESOLVED,SENSOR
INC-2022-3686,2022-10-05T07:28:46.630Z,Gampaha,WET,Flood,4,25504,5,Boats|Rescue Teams|Dry Rations|Medical Kits,22,RESOLVED,CITIZEN
INC-2019-3687,2019-09-10T04:56:05.985Z,Hambantota,DRY,Animal Attack,1,9,1,Wildlife Officers|Veterinary Kits,36,RESOLVED,CITIZEN
INC-2024-3688,2024-03-03T11:22:26.961Z,Batticaloa,EAST_NORTH,High Winds/Cyclone,4,2128,0,,16,RESOLVED,CITIZEN
INC-2018-3689,2018-10-03T18:14:08.876Z,Badulla,HILL,Flood,3,5607,0,Boats|Rescue Teams|Dry Rations|Medical Kits,39,RESOLVED,OFFICER
INC-2019-3690,2019-05-22T01:06:15.155Z,Matale,HILL,Flood,1,1978,0,Dry Rations|Medical Kits,28,RESOLVED,SENSOR
INC-2018-3691,2018-08-06T00:46:18.329Z,Matara,WET,Flood,3,1152,0,Boats|Rescue Teams|Dry Rations|Medical Kits,19,RESOLVED,CITIZEN
INC-2021-3692,2021-12-29T12:11:16.099Z,Jaffna,EAST_NORTH,High Winds/Cyclone,2,6116,0,,106,RESOLVED,SENSOR
INC-2026-3693,2026-03-29T06:39:30.940Z,Badulla,HILL,Landslide,3,750,15,Boats|Rescue Teams|Dry Rations|Medical Kits,113,RESOLVED,CITIZEN
INC-2026-3694,2026-01-16T09:53:05.901Z,Badulla,HILL,Flood,3,10026,0,Boats|Rescue Teams|Dry Rations|Medical Kits,62,RESOLVED,CITIZEN
INC-2023-3695,2023-01-02T07:30:51.535Z,Matale,HILL,Flood,3,17847,0,Boats|Rescue Teams|Dry Rations|Medical Kits,59,RESOLVED,OFFICER
INC-2022-3696,2022-10-12T10:44:12.596Z,Vavuniya,DRY,Drought,1,15908,0,Water Bowsers|Dry Rations,1790,RESOLVED,OFFICER
INC-2020-3697,2020-09-08T11:21:33.292Z,Kalutara,WET,Flood,4,31472,3,Boats|Rescue Teams|Dry Rations|Medical Kits,120,RESOLVED,CITIZEN
INC-2024-3698,2024-12-13T19:50:32.286Z,Gampaha,WET,Animal Attack,1,6,2,Wildlife Officers|Veterinary Kits,41,RESOLVED,CITIZEN
INC-2020-3699,2020-04-17T22:43:52.577Z,Batticaloa,EAST_NORTH,Flood,4,22592,8,Boats|Rescue Teams|Dry Rations|Medical Kits,89,RESOLVED,MEDIA
INC-2022-3700,2022-12-17T09:47:22.287Z,Anuradhapura,DRY,Flood,1,1305,0,Dry Rations|Medical Kits,110,RESOLVED,SENSOR
INC-2022-3701,2022-04-01T13:03:31.677Z,Trincomalee,EAST_NORTH,High Winds/Cyclone,3,1341,0,,93,RESOLVED,CITIZEN
INC-2020-3702,2020-01-09T08:45:36.283Z,Hambantota,DRY,Flood,4,14048,7,Boats|Rescue Teams|Dry Rations|Medical Kits,21,RESOLVED,SENSOR
INC-2019-3703,2019-05-26T15:21:24.673Z,Kurunegala,DRY,Drought,3,49560,0,Water Bowsers|Dry Rations,3523,RESOLVED,CITIZEN
INC-2019-3704,2019-08-10T13:34:12.097Z,Gampaha,WET,Flood,2,288,0,Dry Rations|Medical Kits,51,RESOLVED,OFFICER
INC-2022-3705,2022-08-17T01:18:30.890Z,Matale,HILL,Flood,2,5324,0,Dry Rations|Medical Kits,17,RESOLVED,SENSOR
INC-2025-3706,2025-07-04T02:08:21.798Z,Polonnaruwa,DRY,Drought,4,80464,0,Water Bowsers|Dry Rations,2375,RESOLVED,CITIZEN
INC-2024-3707,2024-08-10T04:29:40.730Z,Kurunegala,DRY,Flood,2,1104,0,Dry Rations|Medical Kits,33,RESOLVED,CITIZEN
INC-2019-3708,2019-01-14T13:56:30.872Z,Jaffna,EAST_NORTH,Flood,2,3672,0,Dry Rations|Medical Kits,85,RESOLVED,MEDIA
INC-2026-3709,2026-04-02T18:51:31.888Z,Mullaitivu,EAST_NORTH,Animal Attack,1,9,1,Wildlife Officers|Veterinary Kits,49,RESOLVED,CITIZEN
INC-2019-3710,2019-05-06T23:01:25.480Z,Colombo,WET,Flood,3,3114,0,Boats|Rescue Teams|Dry Rations|Medical Kits,86,RESOLVED,CITIZEN
INC-2022-3711,2022-08-12T10:29:33.894Z,Batticaloa,EAST_NORTH,Forest Fire,1,49,0,Fire Trucks|Air Support,227,RESOLVED,CITIZEN
INC-2022-3712,2022-06-16T20:41:20.292Z,Kalutara,WET,Flood,2,5908,0,Dry Rations|Medical Kits,82,RESOLVED,SENSOR
INC-2021-3713,2021-05-18T18:55:04.914Z,Polonnaruwa,DRY,Drought,2,49408,0,Water Bowsers|Dry Rations,4246,RESOLVED,CITIZEN
INC-2023-3714,2023-02-08T18:44:41.673Z,Ampara,EAST_NORTH,High Winds/Cyclone,1,479,0,,71,RESOLVED,CITIZEN
INC-2019-3715,2019-04-11T14:45:45.624Z,Hambantota,DRY,Drought,3,104811,0,Water Bowsers|Dry Rations,3492,RESOLVED,CITIZEN
INC-2021-3716,2021-01-28T09:59:39.811Z,Nuwara Eliya,HILL,Landslide,1,235,0,Dry Rations|Medical Kits,111,RESOLVED,CITIZEN
INC-2018-3717,2018-05-21T20:19:47.273Z,Matara,WET,Flood,2,7068,0,Dry Rations|Medical Kits,33,RESOLVED,OFFICER
INC-2022-3718,2022-11-02T09:06:33.120Z,Vavuniya,DRY,Drought,4,102368,0,Water Bowsers|Dry Rations,1971,RESOLVED,OFFICER
INC-2019-3719,2019-01-31T04:29:27.708Z,Hambantota,DRY,High Winds/Cyclone,2,1364,0,,52,RESOLVED,SENSOR
INC-2023-3720,2023-06-08T21:39:02.269Z,Matara,WET,Flood,4,22448,1,Boats|Rescue Teams|Dry Rations|Medical Kits,36,RESOLVED,SENSOR
INC-2024-3721,2024-02-15T05:52:34.838Z,Galle,WET,Flood,3,3384,0,Boats|Rescue Teams|Dry Rations|Medical Kits,20,RESOLVED,CITIZEN
INC-2024-3722,2024-06-16T13:31:09.155Z,Anuradhapura,DRY,Animal Attack,1,4,1,Wildlife Officers|Veterinary Kits,38,RESOLVED,SENSOR
INC-2020-3723,2020-12-27T04:05:02.727Z,Monaragala,DRY,Flood,1,785,0,Dry Rations|Medical Kits,105,RESOLVED,CITIZEN
INC-2020-3724,2020-03-14T18:06:21.534Z,Galle,WET,High Winds/Cyclone,2,4864,0,,94,RESOLVED,MEDIA
INC-2020-3725,2020-11-07T19:40:31.046Z,Puttalam,DRY,Animal Attack,1,4,0,Wildlife Officers|Veterinary Kits,63,RESOLVED,CITIZEN
INC-2023-3726,2023-02-03T22:33:07.242Z,Matale,HILL,Landslide,2,886,0,Dry Rations|Medical Kits,63,RESOLVED,OFFICER
INC-2018-3727,2018-07-29T20:51:06.867Z,Gampaha,WET,High Winds/Cyclone,1,1860,0,,28,RESOLVED,CITIZEN
INC-2020-3728,2020-08-25T20:17:06.555Z,Gampaha,WET,Flood,3,13347,0,Boats|Rescue Teams|Dry Rations|Medical Kits,107,RESOLVED,MEDIA
INC-2018-3729,2018-09-16T11:29:07.755Z,Matale,HILL,Landslide,4,1648,17,Boats|Rescue Teams|Dry Rations|Medical Kits,149,RESOLVED,OFFICER
INC-2025-3730,2025-07-13T11:22:24.392Z,Matale,HILL,Landslide,5,1575,6,Boats|Rescue Teams|Dry Rations|Medical Kits,136,RESOLVED,CITIZEN
INC-2022-3731,2022-06-17T05:14:24.196Z,Ratnapura,HILL,Landslide,2,364,0,Dry Rations|Medical Kits,86,RESOLVED,OFFICER
INC-2024-3732,2024-02-23T06:54:01.874Z,Anuradhapura,DRY,Flood,4,13040,7,Boats|Rescue Teams|Dry Rations|Medical Kits,50,RESOLVED,OFFICER
INC-2020-3733,2020-08-08T11:24:09.833Z,Badulla,HILL,Landslide,3,933,4,Boats|Rescue Teams|Dry Rations|Medical Kits,66,RESOLVED,MEDIA
INC-2023-3734,2023-12-12T03:58:20.876Z,Kandy,HILL,Landslide,1,119,0,Dry Rations|Medical Kits,158,RESOLVED,SENSOR
INC-2022-3735,2022-01-04T19:17:22.230Z,Ratnapura,HILL,Landslide,5,2220,5,Boats|Rescue Teams|Dry Rations|Medical Kits,49,RESOLVED,CITIZEN
INC-2023-3736,2023-07-01T20:35:22.727Z,Kilinochchi,EAST_NORTH,Flood,2,2164,0,Dry Rations|Medical Kits,30,RESOLVED,SENSOR
INC-2023-3737,2023-12-03T22:25:40.176Z,Colombo,WET,Animal Attack,2,9,0,Wildlife Officers|Veterinary Kits,30,RESOLVED,OFFICER
INC-2023-3738,2023-03-22T05:11:57.955Z,Kilinochchi,EAST_NORTH,Flood,1,519,0,Dry Rations|Medical Kits,96,RESOLVED,OFFICER
INC-2018-3739,2018-01-17T13:12:55.921Z,Kalutara,WET,Animal Attack,2,7,2,Wildlife Officers|Veterinary Kits,47,RESOLVED,CITIZEN
INC-2022-3740,2022-03-14T17:35:08.629Z,Kegalle,HILL,High Winds/Cyclone,5,4850,8,,88,RESOLVED,CITIZEN
INC-2024-3741,2024-05-01T03:14:11.299Z,Trincomalee,EAST_NORTH,Flood,2,3768,0,Dry Rations|Medical Kits,99,RESOLVED,OFFICER
INC-2020-3742,2020-08-09T18:05:42.207Z,Mullaitivu,EAST_NORTH,Drought,1,6446,0,Water Bowsers|Dry Rations,3905,RESOLVED,OFFICER
INC-2021-3743,2021-12-30T03:14:33.040Z,Badulla,HILL,Flood,5,47925,10,Boats|Rescue Teams|Dry Rations|Medical Kits,71,RESOLVED,CITIZEN
INC-2019-3744,2019-05-21T14:27:03.350Z,Ampara,EAST_NORTH,Drought,3,141378,0,Water Bowsers|Dry Rations,2076,RESOLVED,OFFICER
INC-2025-3745,2025-06-20T14:06:43.817Z,Kalutara,WET,Flood,4,12528,5,Boats|Rescue Teams|Dry Rations|Medical Kits,64,RESOLVED,CITIZEN
INC-2022-3746,2022-04-13T14:01:58.658Z,Monaragala,DRY,Animal Attack,1,2,1,Wildlife Officers|Veterinary Kits,67,RESOLVED,CITIZEN
INC-2025-3747,2025-02-09T09:30:22.889Z,Matara,WET,High Winds/Cyclone,2,1856,0,,16,RESOLVED,CITIZEN
INC-2024-3748,2024-05-27T04:58:53.473Z,Kandy,HILL,Landslide,1,190,0,Dry Rations|Medical Kits,85,RESOLVED,OFFICER
INC-2020-3749,2020-01-09T15:46:00.141Z,Gampaha,WET,Flood,3,3960,0,Boats|Rescue Teams|Dry Rations|Medical Kits,33,RESOLVED,OFFICER
INC-2024-3750,2024-12-04T12:14:36.244Z,Matale,HILL,Flood,4,8368,0,Boats|Rescue Teams|Dry Rations|Medical Kits,49,RESOLVED,CITIZEN
INC-2026-3751,2026-01-10T00:26:08.169Z,Kegalle,HILL,Landslide,1,114,0,Dry Rations|Medical Kits,171,RESOLVED,CITIZEN
INC-2026-3752,2026-04-02T11:42:15.199Z,Matara,WET,Flood,3,5796,0,Boats|Rescue Teams|Dry Rations|Medical Kits,108,RESOLVED,CITIZEN
INC-2022-3753,2022-10-07T03:10:09.598Z,Kandy,HILL,Landslide,1,155,0,Dry Rations|Medical Kits,136,RESOLVED,SENSOR
INC-2018-3754,2018-09-13T08:12:05.531Z,Matara,WET,Flood,3,6102,0,Boats|Rescue Teams|Dry Rations|Medical Kits,57,RESOLVED,SENSOR
INC-2021-3755,2021-01-23T12:02:39.410Z,Matara,WET,Flood,2,5064,0,Dry Rations|Medical Kits,68,RESOLVED,CITIZEN
INC-2018-3756,2018-05-30T10:50:43.958Z,Matara,WET,Flood,3,846,0,Boats|Rescue Teams|Dry Rations|Medical Kits,46,RESOLVED,CITIZEN
INC-2019-3757,2019-03-09T19:42:30.716Z,Kandy,HILL,Animal Attack,1,9,0,Wildlife Officers|Veterinary Kits,87,RESOLVED,CITIZEN
INC-2025-3758,2025-11-02T09:39:13.551Z,Polonnaruwa,DRY,Drought,4,95312,0,Water Bowsers|Dry Rations,3952,RESOLVED,MEDIA
INC-2018-3759,2018-11-13T01:52:12.911Z,Batticaloa,EAST_NORTH,Animal Attack,2,9,0,Wildlife Officers|Veterinary Kits,69,RESOLVED,CITIZEN
INC-2021-3760,2021-10-15T00:57:21.538Z,Matale,HILL,Flood,1,1856,0,Dry Rations|Medical Kits,32,RESOLVED,CITIZEN
INC-2022-3761,2022-03-12T03:55:11.341Z,Ratnapura,HILL,High Winds/Cyclone,5,18025,6,,49,RESOLVED,CITIZEN
INC-2018-3762,2018-10-06T02:46:45.070Z,Nuwara Eliya,HILL,High Winds/Cyclone,1,213,0,,36,RESOLVED,CITIZEN
INC-2024-3763,2024-11-02T20:33:26.707Z,Matara,WET,Flood,1,2000,0,Dry Rations|Medical Kits,38,RESOLVED,CITIZEN
INC-2024-3764,2024-06-22T20:28:21.260Z,Hambantota,DRY,High Winds/Cyclone,2,5560,0,,69,RESOLVED,CITIZEN
INC-2022-3765,2022-08-12T08:06:46.631Z,Ratnapura,HILL,High Winds/Cyclone,2,2096,0,,102,RESOLVED,CITIZEN
INC-2025-3766,2025-05-01T17:19:04.663Z,Puttalam,DRY,Forest Fire,2,146,0,Fire Trucks|Air Support,221,RESOLVED,SENSOR
INC-2022-3767,2022-12-05T13:22:18.419Z,Vavuniya,DRY,Animal Attack,1,6,0,Wildlife Officers|Veterinary Kits,41,RESOLVED,OFFICER
INC-2024-3768,2024-06-30T18:56:27.546Z,Vavuniya,DRY,Drought,2,98582,0,Water Bowsers|Dry Rations,3981,RESOLVED,CITIZEN
INC-2024-3769,2024-09-15T18:00:03.140Z,Nuwara Eliya,HILL,Landslide,1,233,0,Dry Rations|Medical Kits,128,RESOLVED,OFFICER
INC-2020-3770,2020-06-03T07:49:49.073Z,Nuwara Eliya,HILL,Flood,3,11889,0,Boats|Rescue Teams|Dry Rations|Medical Kits,110,RESOLVED,OFFICER
INC-2025-3771,2025-05-06T17:22:48.743Z,Matara,WET,High Winds/Cyclone,1,700,0,,24,RESOLVED,CITIZEN
INC-2020-3772,2020-04-01T05:39:41.799Z,Kegalle,HILL,Landslide,5,1915,8,Boats|Rescue Teams|Dry Rations|Medical Kits,179,RESOLVED,CITIZEN
INC-2020-3773,2020-10-15T10:06:46.210Z,Kurunegala,DRY,Animal Attack,2,3,0,Wildlife Officers|Veterinary Kits,87,RESOLVED,CITIZEN
INC-2022-3774,2022-04-17T14:07:57.025Z,Matara,WET,Flood,3,3204,0,Boats|Rescue Teams|Dry Rations|Medical Kits,43,RESOLVED,CITIZEN
INC-2023-3775,2023-08-27T22:46:01.822Z,Kandy,HILL,Landslide,3,225,11,Boats|Rescue Teams|Dry Rations|Medical Kits,76,RESOLVED,CITIZEN
INC-2018-3776,2018-11-26T19:40:42.406Z,Vavuniya,DRY,High Winds/Cyclone,1,1615,0,,103,RESOLVED,OFFICER
INC-2018-3777,2018-10-03T04:18:55.424Z,Matara,WET,Animal Attack,1,2,1,Wildlife Officers|Veterinary Kits,32,RESOLVED,CITIZEN
INC-2024-3778,2024-12-26T21:07:41.987Z,Mullaitivu,EAST_NORTH,High Winds/Cyclone,2,668,0,,66,RESOLVED,CITIZEN
INC-2024-3779,2024-09-25T08:42:08.447Z,Mannar,DRY,Drought,1,16605,0,Water Bowsers|Dry Rations,2718,RESOLVED,CITIZEN
INC-2019-3780,2019-03-13T15:07:16.396Z,Matara,WET,Flood,1,1126,0,Dry Rations|Medical Kits,107,RESOLVED,CITIZEN
INC-2021-3781,2021-06-08T02:44:05.902Z,Colombo,WET,Flood,4,18016,7,Boats|Rescue Teams|Dry Rations|Medical Kits,118,RESOLVED,CITIZEN
INC-2023-3782,2023-12-26T09:57:58.597Z,Matale,HILL,Flood,2,2480,0,Dry Rations|Medical Kits,79,RESOLVED,MEDIA
INC-2024-3783,2024-09-22T19:09:32.564Z,Kandy,HILL,Landslide,2,162,0,Dry Rations|Medical Kits,94,RESOLVED,OFFICER
INC-2021-3784,2021-04-08T11:37:16.728Z,Anuradhapura,DRY,Drought,1,27846,0,Water Bowsers|Dry Rations,1649,RESOLVED,CITIZEN
INC-2020-3785,2020-01-03T13:06:41.886Z,Kandy,HILL,Flood,2,3392,0,Dry Rations|Medical Kits,21,RESOLVED,SENSOR
INC-2022-3786,2022-09-10T14:46:07.286Z,Polonnaruwa,DRY,Forest Fire,4,392,0,Fire Trucks|Air Support,85,RESOLVED,CITIZEN
INC-2018-3787,2018-07-25T07:28:04.554Z,Puttalam,DRY,Drought,1,38829,0,Water Bowsers|Dry Rations,2155,RESOLVED,CITIZEN
INC-2024-3788,2024-09-26T00:44:59.248Z,Puttalam,DRY,Drought,5,160760,0,Water Bowsers|Dry Rations,1695,RESOLVED,OFFICER
INC-2020-3789,2020-08-08T20:29:46.304Z,Colombo,WET,Flood,3,4059,0,Boats|Rescue Teams|Dry Rations|Medical Kits,54,RESOLVED,CITIZEN
INC-2022-3790,2022-01-04T17:04:29.966Z,Kandy,HILL,Flood,3,5103,0,Boats|Rescue Teams|Dry Rations|Medical Kits,16,RESOLVED,CITIZEN
INC-2018-3791,2018-01-27T23:47:21.464Z,Ratnapura,HILL,Forest Fire,2,126,0,Fire Trucks|Air Support,100,RESOLVED,CITIZEN
INC-2019-3792,2019-12-09T15:46:02.863Z,Mannar,DRY,Animal Attack,1,8,0,Wildlife Officers|Veterinary Kits,82,RESOLVED,CITIZEN
INC-2021-3793,2021-10-28T14:27:56.042Z,Nuwara Eliya,HILL,Landslide,3,210,10,Boats|Rescue Teams|Dry Rations|Medical Kits,64,RESOLVED,CITIZEN
INC-2018-3794,2018-05-31T22:19:01.853Z,Galle,WET,Flood,1,228,0,Dry Rations|Medical Kits,85,RESOLVED,CITIZEN
INC-2024-3795,2024-01-15T09:13:25.167Z,Kurunegala,DRY,Flood,3,13131,0,Boats|Rescue Teams|Dry Rations|Medical Kits,71,RESOLVED,OFFICER
INC-2021-3796,2021-12-23T09:15:33.272Z,Badulla,HILL,Forest Fire,4,92,0,Fire Trucks|Air Support,167,RESOLVED,SENSOR
INC-2018-3797,2018-06-03T13:00:35.023Z,Matara,WET,Flood,5,11575,10,Boats|Rescue Teams|Dry Rations|Medical Kits,20,RESOLVED,OFFICER
INC-2024-3798,2024-05-19T16:09:01.134Z,Nuwara Eliya,HILL,Landslide,2,924,0,Dry Rations|Medical Kits,90,RESOLVED,CITIZEN
INC-2024-3799,2024-01-26T11:04:50.978Z,Matara,WET,Flood,2,1288,0,Dry Rations|Medical Kits,80,RESOLVED,CITIZEN
INC-2023-3800,2023-07-15T17:48:45.820Z,Mannar,DRY,Drought,1,9299,0,Water Bowsers|Dry Rations,1993,RESOLVED,SENSOR
INC-2024-3801,2024-03-06T20:06:42.051Z,Matara,WET,High Winds/Cyclone,1,1537,0,,107,RESOLVED,CITIZEN
INC-2025-3802,2025-08-24T15:48:38.311Z,Matara,WET,Flood,3,13320,0,Boats|Rescue Teams|Dry Rations|Medical Kits,91,RESOLVED,CITIZEN
INC-2020-3803,2020-01-03T04:08:32.764Z,Kalutara,WET,Flood,3,15228,0,Boats|Rescue Teams|Dry Rations|Medical Kits,91,RESOLVED,CITIZEN
INC-2019-3804,2019-01-02T06:12:32.921Z,Kalutara,WET,Flood,3,14463,0,Boats|Rescue Teams|Dry Rations|Medical Kits,56,RESOLVED,CITIZEN
INC-2018-3805,2018-08-10T06:31:55.774Z,Matale,HILL,Landslide,2,442,0,Dry Rations|Medical Kits,171,RESOLVED,CITIZEN
INC-2023-3806,2023-05-15T09:44:07.907Z,Badulla,HILL,Landslide,1,38,0,Dry Rations|Medical Kits,158,RESOLVED,SENSOR
INC-2023-3807,2023-10-04T03:09:09.045Z,Colombo,WET,High Winds/Cyclone,3,14949,0,,26,RESOLVED,CITIZEN
INC-2019-3808,2019-12-23T16:59:44.236Z,Colombo,WET,Flood,2,5512,0,Dry Rations|Medical Kits,75,RESOLVED,CITIZEN
INC-2025-3809,2025-11-17T13:18:15.123Z,Hambantota,DRY,Flood,5,27100,9,Boats|Rescue Teams|Dry Rations|Medical Kits,115,RESOLVED,CITIZEN
INC-2025-3810,2025-05-25T15:52:24.935Z,Mannar,DRY,Flood,3,2457,0,Boats|Rescue Teams|Dry Rations|Medical Kits,104,RESOLVED,OFFICER
INC-2024-3811,2024-11-30T21:16:13.672Z,Nuwara Eliya,HILL,Landslide,1,425,0,Dry Rations|Medical Kits,91,RESOLVED,CITIZEN
INC-2021-3812,2021-08-05T16:35:48.522Z,Kilinochchi,EAST_NORTH,Drought,1,9202,0,Water Bowsers|Dry Rations,2165,RESOLVED,SENSOR
INC-2020-3813,2020-03-28T13:23:09.472Z,Mullaitivu,EAST_NORTH,Drought,1,36107,0,Water Bowsers|Dry Rations,1860,RESOLVED,OFFICER
INC-2019-3814,2019-02-22T07:31:48.881Z,Galle,WET,High Winds/Cyclone,3,11178,0,,55,RESOLVED,CITIZEN
INC-2024-3815,2024-02-10T19:13:56.310Z,Galle,WET,High Winds/Cyclone,5,13200,2,,120,RESOLVED,CITIZEN
INC-2018-3816,2018-11-10T03:57:11.575Z,Mullaitivu,EAST_NORTH,Flood,2,7320,0,Dry Rations|Medical Kits,119,RESOLVED,CITIZEN
INC-2021-3817,2021-03-26T12:22:34.630Z,Matara,WET,Flood,2,6360,0,Dry Rations|Medical Kits,99,RESOLVED,CITIZEN
INC-2020-3818,2020-08-13T12:19:09.777Z,Matale,HILL,Flood,2,4044,0,Dry Rations|Medical Kits,78,RESOLVED,OFFICER
INC-2018-3819,2018-09-12T02:54:16.745Z,Matale,HILL,Flood,3,6705,0,Boats|Rescue Teams|Dry Rations|Medical Kits,114,RESOLVED,CITIZEN
INC-2021-3820,2021-02-12T16:05:49.261Z,Monaragala,DRY,Flood,1,1910,0,Dry Rations|Medical Kits,38,RESOLVED,CITIZEN
INC-2023-3821,2023-05-11T11:38:42.598Z,Nuwara Eliya,HILL,Flood,3,5697,0,Boats|Rescue Teams|Dry Rations|Medical Kits,80,RESOLVED,CITIZEN
INC-2024-3822,2024-01-24T09:22:02.611Z,Batticaloa,EAST_NORTH,Flood,2,472,0,Dry Rations|Medical Kits,106,RESOLVED,CITIZEN
INC-2023-3823,2023-04-09T17:09:50.397Z,Ampara,EAST_NORTH,High Winds/Cyclone,5,39550,3,,93,RESOLVED,SENSOR
INC-2022-3824,2022-06-20T17:04:26.140Z,Badulla,HILL,Flood,4,29968,7,Boats|Rescue Teams|Dry Rations|Medical Kits,25,RESOLVED,CITIZEN
INC-2023-3825,2023-11-19T05:42:50.499Z,Kalutara,WET,Animal Attack,1,2,0,Wildlife Officers|Veterinary Kits,73,RESOLVED,CITIZEN
INC-2021-3826,2021-08-17T16:21:08.803Z,Mannar,DRY,High Winds/Cyclone,2,1000,0,,38,RESOLVED,CITIZEN
INC-2024-3827,2024-09-13T03:01:13.418Z,Matara,WET,Flood,2,5016,0,Dry Rations|Medical Kits,34,RESOLVED,OFFICER
INC-2024-3828,2024-12-31T00:41:48.135Z,Trincomalee,EAST_NORTH,Flood,4,5056,2,Boats|Rescue Teams|Dry Rations|Medical Kits,104,RESOLVED,OFFICER
INC-2018-3829,2018-07-22T03:44:09.883Z,Hambantota,DRY,Animal Attack,1,4,2,Wildlife Officers|Veterinary Kits,33,RESOLVED,OFFICER
INC-2019-3830,2019-12-19T02:25:07.777Z,Kandy,HILL,High Winds/Cyclone,3,16767,0,,23,RESOLVED,SENSOR
INC-2021-3831,2021-11-10T02:28:32.255Z,Trincomalee,EAST_NORTH,High Winds/Cyclone,4,11424,7,,116,RESOLVED,SENSOR
INC-2021-3832,2021-05-21T07:37:34.964Z,Gampaha,WET,Flood,3,10908,0,Boats|Rescue Teams|Dry Rations|Medical Kits,93,RESOLVED,OFFICER
INC-2023-3833,2023-05-05T07:29:10.174Z,Monaragala,DRY,Drought,3,142302,0,Water Bowsers|Dry Rations,2656,RESOLVED,SENSOR
INC-2024-3834,2024-05-01T18:25:30.489Z,Kurunegala,DRY,Drought,3,135381,0,Water Bowsers|Dry Rations,2925,RESOLVED,OFFICER
INC-2021-3835,2021-09-04T04:13:12.778Z,Matara,WET,Flood,1,629,0,Dry Rations|Medical Kits,32,RESOLVED,OFFICER
INC-2023-3836,2023-05-01T17:29:07.356Z,Ratnapura,HILL,Landslide,1,16,0,Dry Rations|Medical Kits,65,RESOLVED,OFFICER
INC-2023-3837,2023-01-30T14:02:46.335Z,Matara,WET,High Winds/Cyclone,1,1984,0,,39,RESOLVED,MEDIA
INC-2025-3838,2025-08-03T03:38:56.904Z,Vavuniya,DRY,High Winds/Cyclone,2,804,0,,28,RESOLVED,MEDIA
INC-2021-3839,2021-04-26T20:42:24.867Z,Gampaha,WET,High Winds/Cyclone,4,28800,5,,109,RESOLVED,CITIZEN
INC-2019-3840,2019-05-25T19:20:14.875Z,Nuwara Eliya,HILL,Flood,1,1369,0,Dry Rations|Medical Kits,109,RESOLVED,CITIZEN
INC-2022-3841,2022-07-24T23:47:58.867Z,Nuwara Eliya,HILL,Landslide,1,222,0,Dry Rations|Medical Kits,85,RESOLVED,OFFICER
INC-2019-3842,2019-10-09T17:37:10.814Z,Matara,WET,Flood,1,1618,0,Dry Rations|Medical Kits,30,RESOLVED,OFFICER
INC-2023-3843,2023-04-20T05:08:49.429Z,Ratnapura,HILL,Landslide,4,1236,2,Boats|Rescue Teams|Dry Rations|Medical Kits,49,RESOLVED,SENSOR
INC-2021-3844,2021-02-20T01:06:21.048Z,Galle,WET,Flood,4,24064,2,Boats|Rescue Teams|Dry Rations|Medical Kits,90,RESOLVED,CITIZEN
INC-2020-3845,2020-03-13T13:04:42.038Z,Mullaitivu,EAST_NORTH,Animal Attack,1,2,1,Wildlife Officers|Veterinary Kits,54,RESOLVED,SENSOR
INC-2023-3846,2023-02-15T07:58:27.323Z,Badulla,HILL,Landslide,5,220,20,Boats|Rescue Teams|Dry Rations|Medical Kits,178,RESOLVED,CITIZEN
INC-2021-3847,2021-06-21T02:37:27.786Z,Trincomalee,EAST_NORTH,Drought,4,43852,0,Water Bowsers|Dry Rations,3231,RESOLVED,CITIZEN
INC-2020-3848,2020-02-08T10:36:50.908Z,Kegalle,HILL,Forest Fire,2,12,0,Fire Trucks|Air Support,205,RESOLVED,OFFICER
INC-2023-3849,2023-11-21T06:26:48.129Z,Matale,HILL,Flood,2,5024,0,Dry Rations|Medical Kits,30,RESOLVED,OFFICER
INC-2022-3850,2022-12-16T23:51:01.368Z,Hambantota,DRY,Flood,2,5716,0,Dry Rations|Medical Kits,105,RESOLVED,CITIZEN
INC-2025-3851,2025-08-19T20:55:08.081Z,Nuwara Eliya,HILL,Flood,2,4144,0,Dry Rations|Medical Kits,58,RESOLVED,CITIZEN
INC-2024-3852,2024-03-25T21:48:59.618Z,Kegalle,HILL,Flood,1,880,0,Dry Rations|Medical Kits,114,RESOLVED,OFFICER
INC-2020-3853,2020-03-21T12:27:23.808Z,Kegalle,HILL,Flood,1,577,0,Dry Rations|Medical Kits,82,RESOLVED,CITIZEN
INC-2025-3854,2025-12-23T17:04:08.023Z,Badulla,HILL,High Winds/Cyclone,3,1485,0,,21,RESOLVED,SENSOR
INC-2020-3855,2020-09-08T02:25:48.214Z,Kandy,HILL,Landslide,1,34,0,Dry Rations|Medical Kits,54,RESOLVED,CITIZEN
INC-2018-3856,2018-01-30T08:30:14.535Z,Kalutara,WET,Animal Attack,1,6,2,Wildlife Officers|Veterinary Kits,39,RESOLVED,CITIZEN
INC-2019-3857,2019-08-15T21:59:01.611Z,Puttalam,DRY,Drought,1,44274,0,Water Bowsers|Dry Rations,2513,RESOLVED,OFFICER
INC-2026-3858,2026-01-22T11:11:23.172Z,Kalutara,WET,Landslide,3,909,9,Boats|Rescue Teams|Dry Rations|Medical Kits,60,RESOLVED,OFFICER
INC-2024-3859,2024-11-27T06:21:03.554Z,Hambantota,DRY,Drought,1,48478,0,Water Bowsers|Dry Rations,1461,RESOLVED,SENSOR
INC-2025-3860,2025-07-10T06:31:35.815Z,Matale,HILL,Landslide,2,890,0,Dry Rations|Medical Kits,85,RESOLVED,OFFICER
INC-2018-3861,2018-06-26T06:13:02.429Z,Badulla,HILL,High Winds/Cyclone,2,1512,0,,53,RESOLVED,CITIZEN
INC-2023-3862,2023-09-21T02:00:39.405Z,Kilinochchi,EAST_NORTH,Drought,3,26763,0,Water Bowsers|Dry Rations,2783,RESOLVED,CITIZEN
INC-2020-3863,2020-01-27T04:09:14.614Z,Kalutara,WET,Landslide,2,66,0,Dry Rations|Medical Kits,111,RESOLVED,OFFICER
INC-2021-3864,2021-06-24T04:12:38.360Z,Gampaha,WET,High Winds/Cyclone,2,4804,0,,26,RESOLVED,CITIZEN
INC-2024-3865,2024-04-04T14:59:23.074Z,Anuradhapura,DRY,Drought,3,135252,0,Water Bowsers|Dry Rations,1453,RESOLVED,SENSOR
INC-2018-3866,2018-04-29T19:48:52.909Z,Gampaha,WET,Flood,2,7280,0,Dry Rations|Medical Kits,69,RESOLVED,CITIZEN
INC-2022-3867,2022-02-14T20:13:14.785Z,Monaragala,DRY,Flood,2,1740,0,Dry Rations|Medical Kits,28,RESOLVED,CITIZEN
INC-2018-3868,2018-02-04T08:24:20.344Z,Kurunegala,DRY,Flood,4,31136,8,Boats|Rescue Teams|Dry Rations|Medical Kits,60,RESOLVED,CITIZEN
INC-2020-3869,2020-02-27T03:07:28.351Z,Gampaha,WET,Flood,2,2828,0,Dry Rations|Medical Kits,80,RESOLVED,CITIZEN
INC-2025-3870,2025-11-21T20:06:03.144Z,Colombo,WET,Flood,1,623,0,Dry Rations|Medical Kits,76,RESOLVED,SENSOR
INC-2024-3871,2024-11-10T09:51:48.874Z,Polonnaruwa,DRY,Animal Attack,1,1,1,Wildlife Officers|Veterinary Kits,83,RESOLVED,OFFICER
INC-2020-3872,2020-01-12T10:19:53.317Z,Hambantota,DRY,Animal Attack,1,6,2,Wildlife Officers|Veterinary Kits,52,RESOLVED,SENSOR
INC-2021-3873,2021-02-07T14:19:53.168Z,Ampara,EAST_NORTH,High Winds/Cyclone,1,687,0,,39,RESOLVED,OFFICER
INC-2025-3874,2025-06-15T04:15:20.127Z,Matale,HILL,Flood,3,12798,0,Boats|Rescue Teams|Dry Rations|Medical Kits,72,RESOLVED,CITIZEN
INC-2025-3875,2025-03-08T02:21:58.112Z,Gampaha,WET,High Winds/Cyclone,1,1881,0,,98,RESOLVED,SENSOR
INC-2021-3876,2021-06-01T06:33:26.140Z,Gampaha,WET,Flood,3,15489,0,Boats|Rescue Teams|Dry Rations|Medical Kits,50,RESOLVED,OFFICER
INC-2025-3877,2025-12-08T10:19:07.685Z,Colombo,WET,Flood,4,11504,3,Boats|Rescue Teams|Dry Rations|Medical Kits,76,RESOLVED,CITIZEN
INC-2025-3878,2025-08-07T21:43:44.669Z,Kegalle,HILL,Flood,4,3536,8,Boats|Rescue Teams|Dry Rations|Medical Kits,64,RESOLVED,SENSOR
INC-2024-3879,2024-02-17T20:59:33.734Z,Ratnapura,HILL,Flood,2,7304,0,Dry Rations|Medical Kits,54,RESOLVED,OFFICER
INC-2024-3880,2024-05-08T10:01:22.265Z,Vavuniya,DRY,Drought,2,19880,0,Water Bowsers|Dry Rations,3485,RESOLVED,OFFICER
INC-2018-3881,2018-08-11T08:37:33.521Z,Trincomalee,EAST_NORTH,Animal Attack,1,9,2,Wildlife Officers|Veterinary Kits,53,RESOLVED,CITIZEN
INC-2023-3882,2023-09-25T03:09:40.113Z,Polonnaruwa,DRY,Animal Attack,1,2,2,Wildlife Officers|Veterinary Kits,55,RESOLVED,OFFICER
INC-2018-3883,2018-01-04T06:21:10.420Z,Kalutara,WET,Flood,3,7047,0,Boats|Rescue Teams|Dry Rations|Medical Kits,69,RESOLVED,OFFICER
INC-2021-3884,2021-11-25T15:15:32.856Z,Ratnapura,HILL,High Winds/Cyclone,1,1911,0,,97,RESOLVED,OFFICER
INC-2024-3885,2024-12-15T03:47:21.494Z,Colombo,WET,Animal Attack,1,8,1,Wildlife Officers|Veterinary Kits,75,RESOLVED,SENSOR
INC-2023-3886,2023-04-14T16:28:12.748Z,Puttalam,DRY,Flood,3,9441,0,Boats|Rescue Teams|Dry Rations|Medical Kits,39,RESOLVED,MEDIA
INC-2018-3887,2018-04-24T12:19:04.741Z,Vavuniya,DRY,Animal Attack,2,5,0,Wildlife Officers|Veterinary Kits,32,RESOLVED,CITIZEN
INC-2018-3888,2018-07-08T08:12:52.654Z,Monaragala,DRY,Drought,3,149022,0,Water Bowsers|Dry Rations,3683,RESOLVED,CITIZEN
INC-2022-3889,2022-10-31T20:04:50.863Z,Matara,WET,Animal Attack,1,4,1,Wildlife Officers|Veterinary Kits,47,RESOLVED,CITIZEN
INC-2023-3890,2023-09-02T01:39:21.148Z,Matara,WET,Flood,2,2468,0,Dry Rations|Medical Kits,26,RESOLVED,OFFICER
INC-2018-3891,2018-10-21T16:21:05.549Z,Kegalle,HILL,Landslide,4,652,19,Boats|Rescue Teams|Dry Rations|Medical Kits,31,RESOLVED,CITIZEN
INC-2019-3892,2019-04-11T03:24:32.451Z,Vavuniya,DRY,Drought,1,44752,0,Water Bowsers|Dry Rations,4208,RESOLVED,SENSOR
INC-2018-3893,2018-10-13T04:52:21.442Z,Gampaha,WET,Landslide,4,716,19,Boats|Rescue Teams|Dry Rations|Medical Kits,98,RESOLVED,CITIZEN
INC-2022-3894,2022-01-16T18:41:41.136Z,Nuwara Eliya,HILL,Animal Attack,1,8,2,Wildlife Officers|Veterinary Kits,84,RESOLVED,MEDIA
INC-2021-3895,2021-05-06T05:08:19.755Z,Vavuniya,DRY,Forest Fire,2,178,0,Fire Trucks|Air Support,90,RESOLVED,OFFICER
INC-2018-3896,2018-01-06T20:59:01.273Z,Kalutara,WET,Flood,2,3328,0,Dry Rations|Medical Kits,61,RESOLVED,CITIZEN
INC-2022-3897,2022-01-13T03:16:23.256Z,Galle,WET,Flood,2,3116,0,Dry Rations|Medical Kits,51,RESOLVED,CITIZEN
INC-2026-3898,2026-03-19T13:08:20.564Z,Mannar,DRY,Drought,1,11826,0,Water Bowsers|Dry Rations,2875,RESOLVED,CITIZEN
INC-2019-3899,2019-05-26T18:23:54.654Z,Ratnapura,HILL,Flood,2,5292,0,Dry Rations|Medical Kits,49,RESOLVED,CITIZEN
INC-2023-3900,2023-08-16T22:35:11.210Z,Matara,WET,Flood,1,1553,0,Dry Rations|Medical Kits,40,RESOLVED,CITIZEN
INC-2022-3901,2022-08-02T20:11:09.305Z,Kalutara,WET,Flood,4,7712,7,Boats|Rescue Teams|Dry Rations|Medical Kits,44,RESOLVED,CITIZEN
INC-2021-3902,2021-12-02T22:47:48.592Z,Matara,WET,High Winds/Cyclone,1,1430,0,,33,RESOLVED,OFFICER
INC-2023-3903,2023-01-04T09:05:46.024Z,Galle,WET,Flood,2,1396,0,Dry Rations|Medical Kits,54,RESOLVED,OFFICER
INC-2026-3904,2026-03-12T21:55:02.960Z,Galle,WET,Flood,2,2972,0,Dry Rations|Medical Kits,23,RESOLVED,OFFICER
INC-2024-3905,2024-05-30T18:03:30.049Z,Gampaha,WET,Flood,4,16848,7,Boats|Rescue Teams|Dry Rations|Medical Kits,65,RESOLVED,OFFICER
INC-2024-3906,2024-08-11T00:34:30.952Z,Gampaha,WET,Flood,2,3820,0,Dry Rations|Medical Kits,57,RESOLVED,OFFICER
INC-2018-3907,2018-08-24T08:23:49.290Z,Puttalam,DRY,Animal Attack,1,7,2,Wildlife Officers|Veterinary Kits,74,RESOLVED,CITIZEN
INC-2021-3908,2021-03-22T18:38:00.270Z,Kurunegala,DRY,Animal Attack,1,7,2,Wildlife Officers|Veterinary Kits,51,RESOLVED,SENSOR
INC-2021-3909,2021-08-19T16:26:55.612Z,Matara,WET,High Winds/Cyclone,2,7804,0,,78,RESOLVED,OFFICER
INC-2021-3910,2021-08-18T11:03:24.073Z,Nuwara Eliya,HILL,High Winds/Cyclone,1,1836,0,,111,RESOLVED,CITIZEN
INC-2019-3911,2019-08-30T22:58:35.989Z,Jaffna,EAST_NORTH,Drought,2,29052,0,Water Bowsers|Dry Rations,2120,RESOLVED,OFFICER
INC-2025-3912,2025-02-04T17:31:51.158Z,Matara,WET,Flood,2,5620,0,Dry Rations|Medical Kits,27,RESOLVED,CITIZEN
INC-2024-3913,2024-08-28T07:12:29.420Z,Monaragala,DRY,Drought,2,19472,0,Water Bowsers|Dry Rations,2952,RESOLVED,SENSOR
INC-2018-3914,2018-08-29T19:32:41.071Z,Matara,WET,Flood,2,7856,0,Dry Rations|Medical Kits,57,RESOLVED,OFFICER
INC-2019-3915,2019-07-15T10:33:25.098Z,Matale,HILL,Landslide,5,1990,8,Boats|Rescue Teams|Dry Rations|Medical Kits,140,RESOLVED,CITIZEN
INC-2022-3916,2022-10-02T00:02:31.089Z,Hambantota,DRY,Animal Attack,1,1,1,Wildlife Officers|Veterinary Kits,73,RESOLVED,OFFICER
INC-2022-3917,2022-03-24T12:28:10.301Z,Kegalle,HILL,Landslide,1,153,0,Dry Rations|Medical Kits,145,RESOLVED,OFFICER
INC-2025-3918,2025-01-10T08:05:52.364Z,Anuradhapura,DRY,Flood,3,12339,0,Boats|Rescue Teams|Dry Rations|Medical Kits,53,RESOLVED,OFFICER
INC-2023-3919,2023-05-05T21:26:25.132Z,Kandy,HILL,Flood,4,20608,5,Boats|Rescue Teams|Dry Rations|Medical Kits,74,RESOLVED,CITIZEN
INC-2024-3920,2024-10-30T03:03:22.405Z,Ampara,EAST_NORTH,Animal Attack,1,2,0,Wildlife Officers|Veterinary Kits,65,RESOLVED,OFFICER
INC-2018-3921,2018-08-10T00:26:12.104Z,Matara,WET,Flood,3,16866,0,Boats|Rescue Teams|Dry Rations|Medical Kits,19,RESOLVED,MEDIA
INC-2018-3922,2018-05-23T17:06:29.404Z,Gampaha,WET,Flood,1,1982,0,Dry Rations|Medical Kits,87,RESOLVED,CITIZEN
INC-2022-3923,2022-09-08T14:55:11.544Z,Anuradhapura,DRY,High Winds/Cyclone,4,14304,0,,26,RESOLVED,CITIZEN
INC-2021-3924,2021-10-17T15:41:42.604Z,Badulla,HILL,Landslide,2,434,0,Dry Rations|Medical Kits,143,RESOLVED,CITIZEN
INC-2018-3925,2018-01-14T04:12:44.286Z,Colombo,WET,Animal Attack,1,8,1,Wildlife Officers|Veterinary Kits,36,RESOLVED,SENSOR
INC-2023-3926,2023-03-11T10:27:38.042Z,Mannar,DRY,Flood,1,1224,0,Dry Rations|Medical Kits,72,RESOLVED,OFFICER
INC-2020-3927,2020-02-16T15:01:02.340Z,Kegalle,HILL,Landslide,1,419,0,Dry Rations|Medical Kits,166,RESOLVED,CITIZEN
INC-2026-3928,2026-04-24T18:40:40.162Z,Colombo,WET,Flood,2,7616,0,Dry Rations|Medical Kits,57,RESOLVED,CITIZEN
INC-2021-3929,2021-01-28T15:27:56.730Z,Batticaloa,EAST_NORTH,Flood,2,2208,0,Dry Rations|Medical Kits,117,RESOLVED,SENSOR
INC-2021-3930,2021-12-13T04:21:17.682Z,Anuradhapura,DRY,Flood,1,1220,0,Dry Rations|Medical Kits,80,RESOLVED,SENSOR
INC-2025-3931,2025-08-26T18:27:34.826Z,Badulla,HILL,Landslide,4,1624,20,Boats|Rescue Teams|Dry Rations|Medical Kits,32,RESOLVED,CITIZEN
INC-2024-3932,2024-11-24T21:02:20.354Z,Anuradhapura,DRY,Drought,2,54236,0,Water Bowsers|Dry Rations,3966,RESOLVED,CITIZEN
INC-2025-3933,2025-07-02T03:27:25.072Z,Gampaha,WET,Flood,1,192,0,Dry Rations|Medical Kits,48,RESOLVED,CITIZEN
INC-2022-3934,2022-11-03T18:13:20.008Z,Matale,HILL,Flood,2,2180,0,Dry Rations|Medical Kits,81,RESOLVED,SENSOR
INC-2022-3935,2022-12-06T05:36:56.881Z,Colombo,WET,Flood,3,16884,0,Boats|Rescue Teams|Dry Rations|Medical Kits,64,RESOLVED,CITIZEN
INC-2025-3936,2025-07-20T02:37:49.794Z,Vavuniya,DRY,Drought,1,13329,0,Water Bowsers|Dry Rations,2056,RESOLVED,OFFICER
INC-2022-3937,2022-11-18T02:20:14.076Z,Gampaha,WET,Flood,1,438,0,Dry Rations|Medical Kits,74,RESOLVED,SENSOR
INC-2019-3938,2019-10-02T06:22:04.964Z,Gampaha,WET,Flood,4,15744,7,Boats|Rescue Teams|Dry Rations|Medical Kits,104,RESOLVED,SENSOR
INC-2024-3939,2024-01-27T12:45:01.368Z,Polonnaruwa,DRY,Animal Attack,1,5,0,Wildlife Officers|Veterinary Kits,53,RESOLVED,CITIZEN
INC-2020-3940,2020-02-21T03:16:50.227Z,Badulla,HILL,Landslide,1,220,0,Dry Rations|Medical Kits,113,RESOLVED,OFFICER
INC-2025-3941,2025-01-31T14:36:38.353Z,Matale,HILL,High Winds/Cyclone,4,9008,7,,30,RESOLVED,CITIZEN
INC-2020-3942,2020-02-07T16:56:29.882Z,Badulla,HILL,Landslide,2,378,0,Dry Rations|Medical Kits,109,RESOLVED,OFFICER
INC-2019-3943,2019-02-06T10:28:04.917Z,Matara,WET,Animal Attack,1,7,1,Wildlife Officers|Veterinary Kits,34,RESOLVED,OFFICER
INC-2018-3944,2018-06-23T02:30:38.277Z,Kandy,HILL,Landslide,1,393,0,Dry Rations|Medical Kits,135,RESOLVED,OFFICER
INC-2021-3945,2021-07-15T21:50:38.838Z,Ampara,EAST_NORTH,Drought,1,42767,0,Water Bowsers|Dry Rations,2526,RESOLVED,CITIZEN
INC-2019-3946,2019-12-04T04:42:19.885Z,Matale,HILL,Flood,4,15024,6,Boats|Rescue Teams|Dry Rations|Medical Kits,104,RESOLVED,OFFICER
INC-2018-3947,2018-03-05T12:40:54.885Z,Kalutara,WET,High Winds/Cyclone,2,7168,0,,116,RESOLVED,CITIZEN
INC-2024-3948,2024-11-28T16:14:04.182Z,Kurunegala,DRY,Flood,4,5136,4,Boats|Rescue Teams|Dry Rations|Medical Kits,51,RESOLVED,CITIZEN
INC-2023-3949,2023-02-10T07:43:24.839Z,Trincomalee,EAST_NORTH,Flood,2,1328,0,Dry Rations|Medical Kits,74,RESOLVED,CITIZEN
INC-2026-3950,2026-03-26T08:07:35.448Z,Badulla,HILL,Animal Attack,2,2,0,Wildlife Officers|Veterinary Kits,31,RESOLVED,OFFICER
INC-2024-3951,2024-04-27T08:32:53.356Z,Badulla,HILL,Flood,2,4152,0,Dry Rations|Medical Kits,74,RESOLVED,CITIZEN
INC-2025-3952,2025-04-19T08:41:57.374Z,Monaragala,DRY,Drought,1,27071,0,Water Bowsers|Dry Rations,3417,RESOLVED,CITIZEN
INC-2024-3953,2024-02-01T05:54:17.762Z,Badulla,HILL,High Winds/Cyclone,2,2916,0,,29,RESOLVED,CITIZEN
INC-2024-3954,2024-08-11T04:22:25.565Z,Kandy,HILL,Flood,1,170,0,Dry Rations|Medical Kits,29,RESOLVED,OFFICER
INC-2022-3955,2022-03-08T02:39:18.608Z,Kandy,HILL,Landslide,1,262,0,Dry Rations|Medical Kits,41,RESOLVED,SENSOR
INC-2019-3956,2019-10-23T05:34:00.193Z,Galle,WET,Flood,1,947,0,Dry Rations|Medical Kits,74,RESOLVED,SENSOR
INC-2024-3957,2024-10-24T13:37:29.857Z,Kalutara,WET,High Winds/Cyclone,1,881,0,,69,RESOLVED,OFFICER
INC-2018-3958,2018-06-27T23:35:31.389Z,Kalutara,WET,Flood,2,3368,0,Dry Rations|Medical Kits,49,RESOLVED,SENSOR
INC-2023-3959,2023-11-11T12:03:06.496Z,Hambantota,DRY,High Winds/Cyclone,3,17568,0,,105,RESOLVED,SENSOR
INC-2020-3960,2020-05-29T07:07:53.846Z,Puttalam,DRY,Drought,5,47105,0,Water Bowsers|Dry Rations,2497,RESOLVED,CITIZEN
INC-2024-3961,2024-10-08T03:09:43.445Z,Matale,HILL,Forest Fire,4,272,0,Fire Trucks|Air Support,127,RESOLVED,CITIZEN
INC-2020-3962,2020-05-08T10:17:40.577Z,Colombo,WET,Flood,1,239,0,Dry Rations|Medical Kits,17,RESOLVED,OFFICER
INC-2024-3963,2024-10-06T22:31:57.872Z,Hambantota,DRY,Drought,1,11568,0,Water Bowsers|Dry Rations,1489,RESOLVED,CITIZEN
INC-2021-3964,2021-03-05T13:30:14.943Z,Colombo,WET,High Winds/Cyclone,1,1531,0,,17,RESOLVED,SENSOR
INC-2023-3965,2023-10-22T00:41:04.378Z,Hambantota,DRY,High Winds/Cyclone,5,38975,4,,31,RESOLVED,OFFICER
INC-2023-3966,2023-09-28T20:16:55.943Z,Gampaha,WET,Landslide,4,1828,1,Boats|Rescue Teams|Dry Rations|Medical Kits,85,RESOLVED,CITIZEN
INC-2018-3967,2018-10-27T00:47:43.388Z,Badulla,HILL,Animal Attack,2,4,0,Wildlife Officers|Veterinary Kits,42,RESOLVED,OFFICER
INC-2019-3968,2019-06-04T00:02:24.621Z,Kurunegala,DRY,Drought,3,30780,0,Water Bowsers|Dry Rations,2182,RESOLVED,OFFICER
INC-2019-3969,2019-05-10T11:37:05.932Z,Jaffna,EAST_NORTH,High Winds/Cyclone,4,1136,4,,101,RESOLVED,CITIZEN
INC-2021-3970,2021-09-05T07:54:32.549Z,Vavuniya,DRY,Drought,2,40044,0,Water Bowsers|Dry Rations,1646,RESOLVED,OFFICER
INC-2018-3971,2018-07-15T02:49:33.313Z,Vavuniya,DRY,Drought,1,34487,0,Water Bowsers|Dry Rations,4059,RESOLVED,CITIZEN
INC-2022-3972,2022-02-28T09:57:06.482Z,Colombo,WET,Animal Attack,2,6,2,Wildlife Officers|Veterinary Kits,41,RESOLVED,OFFICER
INC-2022-3973,2022-08-02T11:26:20.490Z,Gampaha,WET,Flood,2,5236,0,Dry Rations|Medical Kits,65,RESOLVED,SENSOR
INC-2018-3974,2018-07-26T09:44:34.732Z,Nuwara Eliya,HILL,Landslide,3,657,5,Boats|Rescue Teams|Dry Rations|Medical Kits,30,RESOLVED,OFFICER
INC-2019-3975,2019-03-05T13:06:49.912Z,Matara,WET,Flood,2,4640,0,Dry Rations|Medical Kits,75,RESOLVED,OFFICER
INC-2021-3976,2021-01-23T06:33:43.048Z,Trincomalee,EAST_NORTH,High Winds/Cyclone,1,1053,0,,76,RESOLVED,OFFICER
INC-2024-3977,2024-12-14T19:55:22.892Z,Gampaha,WET,Landslide,1,20,0,Dry Rations|Medical Kits,152,RESOLVED,CITIZEN
INC-2025-3978,2025-02-18T23:15:43.140Z,Matale,HILL,Landslide,3,159,2,Boats|Rescue Teams|Dry Rations|Medical Kits,33,RESOLVED,OFFICER
INC-2019-3979,2019-01-20T21:33:45.667Z,Kalutara,WET,Landslide,4,728,6,Boats|Rescue Teams|Dry Rations|Medical Kits,113,RESOLVED,OFFICER
INC-2022-3980,2022-08-17T02:15:43.000Z,Polonnaruwa,DRY,Drought,3,143835,0,Water Bowsers|Dry Rations,3617,RESOLVED,CITIZEN
INC-2021-3981,2021-04-10T18:07:53.085Z,Polonnaruwa,DRY,Flood,1,1552,0,Dry Rations|Medical Kits,70,RESOLVED,CITIZEN
INC-2023-3982,2023-11-03T22:53:33.179Z,Polonnaruwa,DRY,High Winds/Cyclone,2,2356,0,,43,RESOLVED,CITIZEN
INC-2023-3983,2023-03-12T13:39:19.929Z,Gampaha,WET,High Winds/Cyclone,2,7500,0,,26,RESOLVED,CITIZEN
INC-2022-3984,2022-03-26T04:59:24.042Z,Kalutara,WET,Flood,1,1006,0,Dry Rations|Medical Kits,40,RESOLVED,CITIZEN
INC-2025-3985,2025-05-09T11:45:42.091Z,Badulla,HILL,Flood,2,3356,0,Dry Rations|Medical Kits,83,RESOLVED,CITIZEN
INC-2023-3986,2023-07-13T03:44:21.575Z,Anuradhapura,DRY,Drought,2,36942,0,Water Bowsers|Dry Rations,4290,RESOLVED,OFFICER
INC-2025-3987,2025-04-24T04:49:02.030Z,Galle,WET,Landslide,4,288,15,Boats|Rescue Teams|Dry Rations|Medical Kits,63,RESOLVED,OFFICER
INC-2023-3988,2023-02-15T20:53:35.594Z,Kalutara,WET,Flood,5,46325,10,Boats|Rescue Teams|Dry Rations|Medical Kits,44,RESOLVED,MEDIA
INC-2020-3989,2020-04-19T06:38:22.695Z,Ratnapura,HILL,Flood,3,11538,0,Boats|Rescue Teams|Dry Rations|Medical Kits,94,RESOLVED,OFFICER
INC-2020-3990,2020-02-13T08:49:57.288Z,Nuwara Eliya,HILL,High Winds/Cyclone,1,446,0,,67,RESOLVED,CITIZEN
INC-2026-3991,2026-01-24T19:37:58.793Z,Ampara,EAST_NORTH,Flood,2,6004,0,Dry Rations|Medical Kits,99,RESOLVED,OFFICER
INC-2019-3992,2019-09-11T03:36:43.610Z,Anuradhapura,DRY,Forest Fire,1,80,0,Fire Trucks|Air Support,80,RESOLVED,CITIZEN
INC-2026-3993,2026-01-17T19:03:49.824Z,Galle,WET,Flood,3,1161,0,Boats|Rescue Teams|Dry Rations|Medical Kits,114,RESOLVED,OFFICER
INC-2021-3994,2021-09-13T00:02:18.190Z,Kalutara,WET,Flood,4,27568,1,Boats|Rescue Teams|Dry Rations|Medical Kits,84,RESOLVED,OFFICER
INC-2024-3995,2024-08-22T13:14:54.048Z,Galle,WET,Flood,1,876,0,Dry Rations|Medical Kits,64,RESOLVED,CITIZEN
INC-2025-3996,2025-09-28T01:18:11.302Z,Jaffna,EAST_NORTH,Animal Attack,1,1,2,Wildlife Officers|Veterinary Kits,53,RESOLVED,OFFICER
INC-2024-3997,2024-11-14T11:57:18.433Z,Badulla,HILL,Landslide,2,250,0,Dry Rations|Medical Kits,101,RESOLVED,OFFICER
INC-2020-3998,2020-04-21T07:47:13.090Z,Hambantota,DRY,Drought,1,29029,0,Water Bowsers|Dry Rations,1734,RESOLVED,MEDIA
INC-2021-3999,2021-09-24T04:50:47.094Z,Puttalam,DRY,Forest Fire,2,176,0,Fire Trucks|Air Support,62,RESOLVED,CITIZEN
INC-2025-4000,2025-12-16T20:16:49.167Z,Batticaloa,EAST_NORTH,High Winds/Cyclone,1,713,0,,67,RESOLVED,CITIZEN
INC-2025-4001,2025-06-24T16:05:31.628Z,Matara,WET,Landslide,2,668,0,Dry Rations|Medical Kits,39,RESOLVED,CITIZEN
INC-2019-4002,2019-09-18T19:19:25.183Z,Trincomalee,EAST_NORTH,High Winds/Cyclone,1,1041,0,,95,RESOLVED,OFFICER
INC-2019-4003,2019-04-21T00:48:41.214Z,Batticaloa,EAST_NORTH,Drought,2,30406,0,Water Bowsers|Dry Rations,2867,RESOLVED,OFFICER
INC-2018-4004,2018-10-17T19:54:16.053Z,Kalutara,WET,Flood,1,1824,0,Dry Rations|Medical Kits,91,RESOLVED,CITIZEN
INC-2022-4005,2022-11-11T19:30:57.783Z,Colombo,WET,Flood,5,43300,8,Boats|Rescue Teams|Dry Rations|Medical Kits,111,RESOLVED,CITIZEN
INC-2021-4006,2021-09-27T15:38:26.331Z,Kandy,HILL,Landslide,3,918,15,Boats|Rescue Teams|Dry Rations|Medical Kits,37,RESOLVED,SENSOR
INC-2019-4007,2019-03-11T23:09:59.371Z,Matale,HILL,Landslide,1,396,0,Dry Rations|Medical Kits,90,RESOLVED,OFFICER
INC-2024-4008,2024-05-19T07:57:32.668Z,Kegalle,HILL,Flood,1,1093,0,Dry Rations|Medical Kits,69,RESOLVED,MEDIA
INC-2021-4009,2021-12-16T15:44:39.619Z,Monaragala,DRY,High Winds/Cyclone,4,29104,7,,79,RESOLVED,CITIZEN
INC-2023-4010,2023-05-08T15:54:02.932Z,Gampaha,WET,Flood,2,4468,0,Dry Rations|Medical Kits,119,RESOLVED,CITIZEN
INC-2023-4011,2023-11-03T13:43:04.963Z,Vavuniya,DRY,Animal Attack,1,2,2,Wildlife Officers|Veterinary Kits,56,RESOLVED,OFFICER
INC-2019-4012,2019-02-10T03:24:27.994Z,Kurunegala,DRY,Flood,3,4365,0,Boats|Rescue Teams|Dry Rations|Medical Kits,36,RESOLVED,SENSOR
INC-2026-4013,2026-01-03T23:54:52.948Z,Mullaitivu,EAST_NORTH,High Winds/Cyclone,3,8199,0,,56,RESOLVED,CITIZEN
INC-2025-4014,2025-05-27T06:32:58.191Z,Ratnapura,HILL,Landslide,5,880,12,Boats|Rescue Teams|Dry Rations|Medical Kits,134,RESOLVED,CITIZEN
INC-2018-4015,2018-11-17T16:37:16.074Z,Mullaitivu,EAST_NORTH,Animal Attack,1,5,0,Wildlife Officers|Veterinary Kits,39,RESOLVED,CITIZEN
INC-2025-4016,2025-09-19T11:23:41.579Z,Ratnapura,HILL,High Winds/Cyclone,1,1136,0,,57,RESOLVED,SENSOR
INC-2026-4017,2026-01-15T22:42:33.888Z,Nuwara Eliya,HILL,High Winds/Cyclone,1,384,0,,41,RESOLVED,OFFICER
INC-2025-4018,2025-10-10T13:09:22.056Z,Kegalle,HILL,Flood,3,3204,0,Boats|Rescue Teams|Dry Rations|Medical Kits,89,RESOLVED,CITIZEN
INC-2025-4019,2025-07-31T19:53:49.090Z,Mannar,DRY,Animal Attack,1,5,0,Wildlife Officers|Veterinary Kits,43,RESOLVED,CITIZEN
INC-2022-4020,2022-06-28T21:16:36.673Z,Nuwara Eliya,HILL,Flood,2,7416,0,Dry Rations|Medical Kits,64,RESOLVED,CITIZEN
INC-2020-4021,2020-09-20T23:30:52.852Z,Mullaitivu,EAST_NORTH,Drought,1,43874,0,Water Bowsers|Dry Rations,2585,RESOLVED,SENSOR
INC-2020-4022,2020-06-29T08:40:34.310Z,Kurunegala,DRY,Drought,1,16511,0,Water Bowsers|Dry Rations,2971,RESOLVED,CITIZEN
INC-2025-4023,2025-02-09T20:04:08.293Z,Kandy,HILL,High Winds/Cyclone,2,4452,0,,93,RESOLVED,OFFICER
INC-2025-4024,2025-06-05T13:34:10.950Z,Kalutara,WET,Flood,4,31328,7,Boats|Rescue Teams|Dry Rations|Medical Kits,30,RESOLVED,CITIZEN
INC-2022-4025,2022-06-16T20:32:17.538Z,Mannar,DRY,Animal Attack,1,7,0,Wildlife Officers|Veterinary Kits,56,RESOLVED,OFFICER
INC-2020-4026,2020-10-01T06:19:14.000Z,Kandy,HILL,Flood,1,1912,0,Dry Rations|Medical Kits,84,RESOLVED,OFFICER
INC-2020-4027,2020-01-26T07:55:39.702Z,Kilinochchi,EAST_NORTH,Animal Attack,1,1,0,Wildlife Officers|Veterinary Kits,83,RESOLVED,CITIZEN
INC-2020-4028,2020-05-13T19:48:55.619Z,Colombo,WET,High Winds/Cyclone,1,1800,0,,63,RESOLVED,CITIZEN
INC-2023-4029,2023-08-07T14:58:08.942Z,Matara,WET,Flood,3,11529,0,Boats|Rescue Teams|Dry Rations|Medical Kits,21,RESOLVED,CITIZEN
INC-2022-4030,2022-10-11T19:00:34.887Z,Monaragala,DRY,Flood,1,640,0,Dry Rations|Medical Kits,48,RESOLVED,MEDIA
INC-2020-4031,2020-04-15T18:23:48.717Z,Badulla,HILL,Flood,1,1394,0,Dry Rations|Medical Kits,120,RESOLVED,CITIZEN
INC-2024-4032,2024-01-02T14:59:56.795Z,Gampaha,WET,Flood,3,16263,0,Boats|Rescue Teams|Dry Rations|Medical Kits,105,RESOLVED,CITIZEN
INC-2018-4033,2018-01-31T11:45:08.491Z,Mullaitivu,EAST_NORTH,High Winds/Cyclone,3,12978,0,,116,RESOLVED,CITIZEN
INC-2020-4034,2020-11-02T03:08:43.240Z,Ratnapura,HILL,Landslide,3,474,14,Boats|Rescue Teams|Dry Rations|Medical Kits,120,RESOLVED,OFFICER
INC-2024-4035,2024-04-17T16:42:07.354Z,Vavuniya,DRY,Flood,1,458,0,Dry Rations|Medical Kits,52,RESOLVED,OFFICER
INC-2022-4036,2022-03-05T01:35:03.007Z,Galle,WET,Flood,1,1913,0,Dry Rations|Medical Kits,72,RESOLVED,OFFICER
INC-2021-4037,2021-06-15T21:41:57.620Z,Jaffna,EAST_NORTH,High Winds/Cyclone,3,14985,0,,88,RESOLVED,CITIZEN
INC-2024-4038,2024-11-15T13:49:23.937Z,Gampaha,WET,Animal Attack,1,1,1,Wildlife Officers|Veterinary Kits,81,RESOLVED,CITIZEN
INC-2019-4039,2019-01-07T07:38:25.820Z,Gampaha,WET,Flood,2,6104,0,Dry Rations|Medical Kits,41,RESOLVED,CITIZEN
INC-2020-4040,2020-04-26T18:10:10.173Z,Ratnapura,HILL,Landslide,1,26,0,Dry Rations|Medical Kits,165,RESOLVED,CITIZEN
INC-2023-4041,2023-04-12T06:16:20.702Z,Colombo,WET,Animal Attack,1,10,2,Wildlife Officers|Veterinary Kits,58,RESOLVED,CITIZEN
INC-2022-4042,2022-09-20T16:03:12.398Z,Badulla,HILL,Flood,1,1781,0,Dry Rations|Medical Kits,49,RESOLVED,CITIZEN
INC-2021-4043,2021-04-22T05:51:59.348Z,Nuwara Eliya,HILL,Flood,1,1476,0,Dry Rations|Medical Kits,72,RESOLVED,CITIZEN
INC-2020-4044,2020-05-11T19:12:57.754Z,Jaffna,EAST_NORTH,Drought,2,96862,0,Water Bowsers|Dry Rations,2416,RESOLVED,OFFICER
INC-2019-4045,2019-02-10T14:21:59.709Z,Kandy,HILL,Landslide,5,1450,16,Boats|Rescue Teams|Dry Rations|Medical Kits,137,RESOLVED,SENSOR
INC-2020-4046,2020-04-04T10:38:32.850Z,Kilinochchi,EAST_NORTH,Flood,5,28875,10,Boats|Rescue Teams|Dry Rations|Medical Kits,66,RESOLVED,CITIZEN
INC-2023-4047,2023-02-19T16:00:52.128Z,Mullaitivu,EAST_NORTH,High Winds/Cyclone,3,2799,0,,50,RESOLVED,CITIZEN
INC-2019-4048,2019-11-04T17:02:30.026Z,Ratnapura,HILL,Flood,2,724,0,Dry Rations|Medical Kits,76,RESOLVED,CITIZEN
INC-2024-4049,2024-03-10T07:29:06.690Z,Polonnaruwa,DRY,Drought,1,38326,0,Water Bowsers|Dry Rations,1453,RESOLVED,CITIZEN
INC-2019-4050,2019-01-15T08:16:54.181Z,Anuradhapura,DRY,Flood,1,762,0,Dry Rations|Medical Kits,53,RESOLVED,MEDIA
INC-2025-4051,2025-09-24T08:32:23.597Z,Kegalle,HILL,Landslide,1,78,0,Dry Rations|Medical Kits,99,RESOLVED,OFFICER
INC-2022-4052,2022-12-15T12:24:30.081Z,Matara,WET,Animal Attack,2,9,1,Wildlife Officers|Veterinary Kits,87,RESOLVED,OFFICER
INC-2023-4053,2023-09-30T17:39:56.197Z,Monaragala,DRY,Animal Attack,1,6,2,Wildlife Officers|Veterinary Kits,44,RESOLVED,SENSOR
INC-2021-4054,2021-01-04T00:41:49.543Z,Kandy,HILL,Landslide,2,472,0,Dry Rations|Medical Kits,133,RESOLVED,OFFICER
INC-2022-4055,2022-09-08T21:55:37.390Z,Matara,WET,High Winds/Cyclone,1,739,0,,110,RESOLVED,CITIZEN
INC-2021-4056,2021-07-22T02:30:32.630Z,Colombo,WET,Landslide,2,482,0,Dry Rations|Medical Kits,160,RESOLVED,OFFICER
INC-2020-4057,2020-04-08T17:19:45.109Z,Matara,WET,Flood,4,2656,1,Boats|Rescue Teams|Dry Rations|Medical Kits,77,RESOLVED,CITIZEN
INC-2023-4058,2023-05-14T09:14:16.415Z,Kandy,HILL,Landslide,1,47,0,Dry Rations|Medical Kits,88,RESOLVED,OFFICER
INC-2025-4059,2025-09-30T22:57:24.623Z,Kegalle,HILL,Landslide,3,732,8,Boats|Rescue Teams|Dry Rations|Medical Kits,155,RESOLVED,CITIZEN
INC-2023-4060,2023-08-24T11:49:54.789Z,Polonnaruwa,DRY,Drought,1,35134,0,Water Bowsers|Dry Rations,1836,RESOLVED,OFFICER
INC-2022-4061,2022-02-19T23:28:50.297Z,Polonnaruwa,DRY,Flood,1,1651,0,Dry Rations|Medical Kits,83,RESOLVED,CITIZEN
INC-2020-4062,2020-03-24T02:18:52.730Z,Kegalle,HILL,Flood,1,717,0,Dry Rations|Medical Kits,58,RESOLVED,CITIZEN
INC-2021-4063,2021-04-25T02:23:52.506Z,Galle,WET,Flood,2,4980,0,Dry Rations|Medical Kits,15,RESOLVED,CITIZEN
INC-2019-4064,2019-04-08T11:49:28.671Z,Anuradhapura,DRY,Drought,1,28732,0,Water Bowsers|Dry Rations,1658,RESOLVED,CITIZEN
INC-2023-4065,2023-06-27T14:07:52.685Z,Colombo,WET,High Winds/Cyclone,1,1790,0,,103,RESOLVED,CITIZEN
INC-2019-4066,2019-11-19T11:12:16.562Z,Gampaha,WET,Flood,1,1801,0,Dry Rations|Medical Kits,33,RESOLVED,CITIZEN
INC-2023-4067,2023-12-28T01:40:17.948Z,Nuwara Eliya,HILL,High Winds/Cyclone,1,643,0,,36,RESOLVED,SENSOR
INC-2023-4068,2023-02-19T18:14:14.279Z,Gampaha,WET,Flood,2,4392,0,Dry Rations|Medical Kits,82,RESOLVED,CITIZEN
INC-2018-4069,2018-05-18T06:10:35.214Z,Kalutara,WET,Flood,2,7568,0,Dry Rations|Medical Kits,69,RESOLVED,CITIZEN
INC-2020-4070,2020-08-06T13:18:33.809Z,Polonnaruwa,DRY,Drought,1,18978,0,Water Bowsers|Dry Rations,4142,RESOLVED,CITIZEN
INC-2023-4071,2023-01-02T01:34:15.487Z,Kandy,HILL,Landslide,1,62,0,Dry Rations|Medical Kits,118,RESOLVED,CITIZEN
INC-2019-4072,2019-02-06T02:02:24.240Z,Galle,WET,Flood,1,994,0,Dry Rations|Medical Kits,107,RESOLVED,MEDIA
INC-2020-4073,2020-08-08T07:25:40.690Z,Matara,WET,Flood,1,1275,0,Dry Rations|Medical Kits,18,RESOLVED,CITIZEN
INC-2018-4074,2018-06-15T14:20:37.125Z,Matara,WET,Flood,3,12600,0,Boats|Rescue Teams|Dry Rations|Medical Kits,80,RESOLVED,CITIZEN
INC-2022-4075,2022-03-19T04:35:19.297Z,Gampaha,WET,Flood,3,9063,0,Boats|Rescue Teams|Dry Rations|Medical Kits,32,RESOLVED,CITIZEN
INC-2024-4076,2024-02-17T06:54:16.677Z,Anuradhapura,DRY,Animal Attack,1,6,1,Wildlife Officers|Veterinary Kits,33,RESOLVED,CITIZEN
INC-2024-4077,2024-01-12T16:49:33.213Z,Kalutara,WET,Flood,2,5844,0,Dry Rations|Medical Kits,25,RESOLVED,CITIZEN
INC-2018-4078,2018-10-07T11:36:06.399Z,Anuradhapura,DRY,Flood,4,19344,8,Boats|Rescue Teams|Dry Rations|Medical Kits,107,RESOLVED,CITIZEN
INC-2020-4079,2020-05-03T18:33:20.157Z,Jaffna,EAST_NORTH,High Winds/Cyclone,2,6052,0,,28,RESOLVED,OFFICER
INC-2021-4080,2021-06-12T18:38:06.312Z,Colombo,WET,Flood,1,568,0,Dry Rations|Medical Kits,112,RESOLVED,CITIZEN
INC-2023-4081,2023-08-13T09:08:48.478Z,Batticaloa,EAST_NORTH,Drought,1,44629,0,Water Bowsers|Dry Rations,3737,RESOLVED,OFFICER
INC-2023-4082,2023-12-18T06:58:06.916Z,Monaragala,DRY,Flood,2,4968,0,Dry Rations|Medical Kits,73,RESOLVED,SENSOR
INC-2020-4083,2020-01-02T08:49:34.307Z,Gampaha,WET,Flood,2,7620,0,Dry Rations|Medical Kits,67,RESOLVED,CITIZEN
INC-2024-4084,2024-05-23T01:16:33.355Z,Gampaha,WET,High Winds/Cyclone,1,735,0,,82,RESOLVED,SENSOR
INC-2020-4085,2020-06-18T10:40:35.541Z,Mannar,DRY,Forest Fire,5,380,0,Fire Trucks|Air Support,149,RESOLVED,CITIZEN
INC-2020-4086,2020-12-22T05:00:29.176Z,Hambantota,DRY,Flood,3,10674,0,Boats|Rescue Teams|Dry Rations|Medical Kits,94,RESOLVED,CITIZEN
INC-2021-4087,2021-09-26T04:31:48.973Z,Gampaha,WET,Flood,3,11097,0,Boats|Rescue Teams|Dry Rations|Medical Kits,23,RESOLVED,CITIZEN
INC-2022-4088,2022-09-30T05:43:46.628Z,Matale,HILL,Flood,3,9468,0,Boats|Rescue Teams|Dry Rations|Medical Kits,28,RESOLVED,SENSOR
INC-2019-4089,2019-12-24T04:55:40.604Z,Ratnapura,HILL,Forest Fire,1,17,0,Fire Trucks|Air Support,149,RESOLVED,OFFICER
INC-2022-4090,2022-10-02T12:53:33.452Z,Gampaha,WET,Flood,1,444,0,Dry Rations|Medical Kits,118,RESOLVED,CITIZEN
INC-2024-4091,2024-03-19T21:00:56.427Z,Kandy,HILL,Landslide,2,692,0,Dry Rations|Medical Kits,130,RESOLVED,SENSOR
INC-2023-4092,2023-09-17T21:15:27.340Z,Matara,WET,High Winds/Cyclone,5,4950,0,,70,RESOLVED,CITIZEN
INC-2023-4093,2023-11-27T21:38:08.615Z,Galle,WET,Animal Attack,2,7,2,Wildlife Officers|Veterinary Kits,44,RESOLVED,OFFICER
INC-2026-4094,2026-04-23T07:41:45.229Z,Matara,WET,Flood,1,445,0,Dry Rations|Medical Kits,102,RESOLVED,MEDIA
INC-2019-4095,2019-06-18T15:21:52.231Z,Badulla,HILL,High Winds/Cyclone,3,10503,0,,71,RESOLVED,SENSOR
INC-2020-4096,2020-11-15T18:46:26.392Z,Colombo,WET,Flood,4,16144,8,Boats|Rescue Teams|Dry Rations|Medical Kits,22,RESOLVED,CITIZEN
INC-2024-4097,2024-12-09T00:27:59.345Z,Kandy,HILL,Flood,5,8100,0,Boats|Rescue Teams|Dry Rations|Medical Kits,38,RESOLVED,SENSOR
INC-2023-4098,2023-09-16T06:00:59.167Z,Ampara,EAST_NORTH,Forest Fire,2,94,0,Fire Trucks|Air Support,72,RESOLVED,CITIZEN
INC-2022-4099,2022-10-05T19:49:26.780Z,Jaffna,EAST_NORTH,Flood,1,1455,0,Dry Rations|Medical Kits,72,RESOLVED,CITIZEN
INC-2022-4100,2022-01-30T06:12:52.379Z,Colombo,WET,Flood,2,6100,0,Dry Rations|Medical Kits,84,RESOLVED,OFFICER
INC-2020-4101,2020-11-25T13:19:19.041Z,Jaffna,EAST_NORTH,High Winds/Cyclone,4,3296,1,,94,RESOLVED,SENSOR
INC-2020-4102,2020-10-20T20:17:34.178Z,Gampaha,WET,Flood,1,77,0,Dry Rations|Medical Kits,42,RESOLVED,CITIZEN
INC-2022-4103,2022-11-08T04:12:10.991Z,Nuwara Eliya,HILL,Landslide,2,340,0,Dry Rations|Medical Kits,126,RESOLVED,OFFICER
INC-2021-4104,2021-07-21T05:55:16.289Z,Anuradhapura,DRY,Forest Fire,3,147,0,Fire Trucks|Air Support,148,RESOLVED,OFFICER
INC-2026-4105,2026-03-30T07:52:40.794Z,Gampaha,WET,Flood,2,2632,0,Dry Rations|Medical Kits,19,RESOLVED,CITIZEN
INC-2018-4106,2018-11-30T20:41:08.525Z,Anuradhapura,DRY,Flood,5,29150,3,Boats|Rescue Teams|Dry Rations|Medical Kits,96,RESOLVED,CITIZEN
INC-2024-4107,2024-11-23T20:23:49.287Z,Kalutara,WET,Flood,2,648,0,Dry Rations|Medical Kits,117,RESOLVED,CITIZEN
INC-2025-4108,2025-01-28T14:21:30.929Z,Kilinochchi,EAST_NORTH,High Winds/Cyclone,1,1232,0,,71,RESOLVED,CITIZEN
INC-2022-4109,2022-06-01T19:56:49.822Z,Kandy,HILL,Landslide,1,73,0,Dry Rations|Medical Kits,173,RESOLVED,MEDIA
INC-2019-4110,2019-06-16T11:13:30.195Z,Jaffna,EAST_NORTH,Flood,1,1819,0,Dry Rations|Medical Kits,85,RESOLVED,CITIZEN
INC-2022-4111,2022-07-29T04:54:48.176Z,Galle,WET,Flood,3,14751,0,Boats|Rescue Teams|Dry Rations|Medical Kits,59,RESOLVED,CITIZEN
INC-2020-4112,2020-02-05T16:57:38.830Z,Polonnaruwa,DRY,Flood,2,3552,0,Dry Rations|Medical Kits,116,RESOLVED,CITIZEN
INC-2026-4113,2026-02-04T00:56:28.839Z,Hambantota,DRY,Flood,2,7992,0,Dry Rations|Medical Kits,80,RESOLVED,SENSOR
INC-2021-4114,2021-12-12T03:31:30.107Z,Kandy,HILL,Forest Fire,4,24,0,Fire Trucks|Air Support,192,RESOLVED,CITIZEN
INC-2024-4115,2024-06-08T23:43:15.638Z,Kandy,HILL,Flood,2,6092,0,Dry Rations|Medical Kits,108,RESOLVED,CITIZEN
INC-2019-4116,2019-03-15T02:20:42.907Z,Ratnapura,HILL,Landslide,4,1584,17,Boats|Rescue Teams|Dry Rations|Medical Kits,36,RESOLVED,OFFICER
INC-2020-4117,2020-07-25T08:56:44.786Z,Ratnapura,HILL,Landslide,2,238,0,Dry Rations|Medical Kits,156,RESOLVED,CITIZEN
INC-2024-4118,2024-04-06T00:16:39.331Z,Trincomalee,EAST_NORTH,Animal Attack,1,2,0,Wildlife Officers|Veterinary Kits,34,RESOLVED,CITIZEN
INC-2021-4119,2021-03-31T02:23:44.700Z,Vavuniya,DRY,Animal Attack,2,4,0,Wildlife Officers|Veterinary Kits,47,RESOLVED,CITIZEN
INC-2024-4120,2024-02-05T00:56:08.576Z,Kalutara,WET,Flood,3,12411,0,Boats|Rescue Teams|Dry Rations|Medical Kits,79,RESOLVED,OFFICER
INC-2025-4121,2025-08-20T04:22:06.947Z,Kalutara,WET,Flood,1,1072,0,Dry Rations|Medical Kits,112,RESOLVED,CITIZEN
INC-2024-4122,2024-05-21T13:48:09.261Z,Batticaloa,EAST_NORTH,Drought,1,11679,0,Water Bowsers|Dry Rations,1550,RESOLVED,CITIZEN
INC-2020-4123,2020-06-22T17:50:55.305Z,Monaragala,DRY,Flood,2,3616,0,Dry Rations|Medical Kits,115,RESOLVED,OFFICER
INC-2018-4124,2018-02-09T06:21:12.116Z,Kilinochchi,EAST_NORTH,Flood,1,477,0,Dry Rations|Medical Kits,113,RESOLVED,CITIZEN
INC-2019-4125,2019-12-27T15:39:19.367Z,Kalutara,WET,Animal Attack,1,5,0,Wildlife Officers|Veterinary Kits,32,RESOLVED,OFFICER
INC-2022-4126,2022-07-06T23:53:42.651Z,Galle,WET,Flood,2,2652,0,Dry Rations|Medical Kits,109,RESOLVED,CITIZEN
INC-2018-4127,2018-05-23T22:00:23.269Z,Kandy,HILL,Flood,4,944,4,Boats|Rescue Teams|Dry Rations|Medical Kits,91,RESOLVED,SENSOR
INC-2025-4128,2025-10-27T01:13:23.027Z,Matara,WET,Animal Attack,2,10,1,Wildlife Officers|Veterinary Kits,32,RESOLVED,OFFICER
INC-2022-4129,2022-08-28T06:38:44.783Z,Mannar,DRY,Drought,2,14106,0,Water Bowsers|Dry Rations,3363,RESOLVED,CITIZEN
INC-2019-4130,2019-02-23T01:42:19.227Z,Monaragala,DRY,Flood,2,2836,0,Dry Rations|Medical Kits,30,RESOLVED,CITIZEN
INC-2020-4131,2020-11-07T05:32:32.798Z,Matale,HILL,Forest Fire,2,164,0,Fire Trucks|Air Support,150,RESOLVED,OFFICER
INC-2026-4132,2026-02-22T03:29:37.243Z,Batticaloa,EAST_NORTH,High Winds/Cyclone,4,9264,6,,40,RESOLVED,CITIZEN
INC-2024-4133,2024-04-29T15:14:01.882Z,Kegalle,HILL,Flood,1,811,0,Dry Rations|Medical Kits,81,RESOLVED,OFFICER
INC-2025-4134,2025-01-23T06:52:01.799Z,Kegalle,HILL,Landslide,3,861,0,Boats|Rescue Teams|Dry Rations|Medical Kits,152,RESOLVED,CITIZEN
INC-2025-4135,2025-03-10T12:11:50.483Z,Vavuniya,DRY,Flood,2,1580,0,Dry Rations|Medical Kits,71,RESOLVED,CITIZEN
INC-2024-4136,2024-07-01T16:38:36.944Z,Kandy,HILL,Flood,4,28144,5,Boats|Rescue Teams|Dry Rations|Medical Kits,53,RESOLVED,OFFICER
INC-2021-4137,2021-09-18T23:40:12.984Z,Monaragala,DRY,High Winds/Cyclone,1,490,0,,57,RESOLVED,CITIZEN
INC-2018-4138,2018-12-04T16:25:59.421Z,Jaffna,EAST_NORTH,Flood,2,7884,0,Dry Rations|Medical Kits,65,RESOLVED,OFFICER
INC-2019-4139,2019-07-28T14:11:50.050Z,Gampaha,WET,Flood,2,5400,0,Dry Rations|Medical Kits,71,RESOLVED,CITIZEN
INC-2021-4140,2021-08-05T20:54:00.419Z,Gampaha,WET,Flood,2,944,0,Dry Rations|Medical Kits,99,RESOLVED,CITIZEN
INC-2019-4141,2019-12-02T14:04:09.208Z,Monaragala,DRY,Animal Attack,1,6,2,Wildlife Officers|Veterinary Kits,86,RESOLVED,CITIZEN
INC-2023-4142,2023-12-28T21:04:20.665Z,Kilinochchi,EAST_NORTH,High Winds/Cyclone,1,698,0,,54,RESOLVED,OFFICER
INC-2020-4143,2020-06-17T22:14:31.386Z,Puttalam,DRY,Flood,2,2184,0,Dry Rations|Medical Kits,27,RESOLVED,CITIZEN
INC-2018-4144,2018-07-24T07:54:52.489Z,Matara,WET,Flood,3,16137,0,Boats|Rescue Teams|Dry Rations|Medical Kits,27,RESOLVED,MEDIA
INC-2021-4145,2021-09-22T23:09:34.667Z,Puttalam,DRY,Drought,2,17868,0,Water Bowsers|Dry Rations,3654,RESOLVED,CITIZEN
INC-2023-4146,2023-12-13T03:21:14.814Z,Galle,WET,Animal Attack,2,9,2,Wildlife Officers|Veterinary Kits,89,RESOLVED,CITIZEN
INC-2026-4147,2026-04-30T03:47:34.407Z,Kalutara,WET,Flood,1,1398,0,Dry Rations|Medical Kits,49,RESOLVED,OFFICER
INC-2025-4148,2025-08-23T11:58:08.895Z,Colombo,WET,Flood,1,700,0,Dry Rations|Medical Kits,101,RESOLVED,OFFICER
INC-2018-4149,2018-07-29T12:01:51.309Z,Hambantota,DRY,Animal Attack,1,6,0,Wildlife Officers|Veterinary Kits,47,RESOLVED,OFFICER
INC-2020-4150,2020-01-30T10:30:46.313Z,Vavuniya,DRY,Animal Attack,2,9,1,Wildlife Officers|Veterinary Kits,36,RESOLVED,OFFICER
INC-2018-4151,2018-03-18T07:53:53.535Z,Gampaha,WET,Flood,1,969,0,Dry Rations|Medical Kits,71,RESOLVED,OFFICER
INC-2019-4152,2019-10-28T15:44:17.723Z,Puttalam,DRY,Flood,1,1000,0,Dry Rations|Medical Kits,75,RESOLVED,CITIZEN
INC-2019-4153,2019-12-27T16:59:32.612Z,Vavuniya,DRY,Flood,3,12834,0,Boats|Rescue Teams|Dry Rations|Medical Kits,103,RESOLVED,OFFICER
INC-2020-4154,2020-10-03T07:49:42.681Z,Matara,WET,High Winds/Cyclone,2,3468,0,,98,RESOLVED,SENSOR
INC-2024-4155,2024-02-02T21:44:31.008Z,Colombo,WET,Flood,2,6544,0,Dry Rations|Medical Kits,83,RESOLVED,CITIZEN
INC-2025-4156,2025-07-29T09:27:18.022Z,Vavuniya,DRY,Drought,2,14654,0,Water Bowsers|Dry Rations,2360,RESOLVED,OFFICER
INC-2024-4157,2024-05-13T02:48:35.996Z,Matale,HILL,Landslide,2,856,0,Dry Rations|Medical Kits,173,RESOLVED,MEDIA
INC-2025-4158,2025-11-02T03:48:30.687Z,Puttalam,DRY,Drought,3,21573,0,Water Bowsers|Dry Rations,2948,RESOLVED,OFFICER
INC-2020-4159,2020-01-24T07:16:32.495Z,Kurunegala,DRY,Animal Attack,1,10,2,Wildlife Officers|Veterinary Kits,64,RESOLVED,CITIZEN
INC-2018-4160,2018-03-19T20:18:24.510Z,Matale,HILL,Landslide,2,436,0,Dry Rations|Medical Kits,126,RESOLVED,CITIZEN
INC-2021-4161,2021-10-09T11:23:16.117Z,Matale,HILL,Flood,2,4636,0,Dry Rations|Medical Kits,91,RESOLVED,CITIZEN
INC-2020-4162,2020-05-19T18:35:56.671Z,Matara,WET,Flood,2,7144,0,Dry Rations|Medical Kits,115,RESOLVED,CITIZEN
INC-2025-4163,2025-08-13T00:30:36.475Z,Gampaha,WET,Flood,2,6944,0,Dry Rations|Medical Kits,111,RESOLVED,OFFICER
INC-2023-4164,2023-12-02T21:38:33.246Z,Galle,WET,Flood,2,6868,0,Dry Rations|Medical Kits,81,RESOLVED,CITIZEN
INC-2021-4165,2021-01-29T10:42:13.846Z,Polonnaruwa,DRY,High Winds/Cyclone,1,523,0,,22,RESOLVED,SENSOR
INC-2020-4166,2020-05-21T14:54:54.365Z,Kandy,HILL,Flood,1,1676,0,Dry Rations|Medical Kits,33,RESOLVED,OFFICER
INC-2021-4167,2021-12-03T02:00:59.016Z,Kurunegala,DRY,Flood,3,8685,0,Boats|Rescue Teams|Dry Rations|Medical Kits,92,RESOLVED,OFFICER
INC-2022-4168,2022-06-24T19:35:44.017Z,Ratnapura,HILL,Landslide,3,273,9,Boats|Rescue Teams|Dry Rations|Medical Kits,126,RESOLVED,CITIZEN
INC-2023-4169,2023-03-21T08:51:28.840Z,Badulla,HILL,Flood,2,6564,0,Dry Rations|Medical Kits,59,RESOLVED,SENSOR
INC-2020-4170,2020-06-19T03:37:58.509Z,Nuwara Eliya,HILL,Flood,1,509,0,Dry Rations|Medical Kits,66,RESOLVED,SENSOR
INC-2021-4171,2021-02-14T22:56:18.801Z,Ratnapura,HILL,Landslide,2,946,0,Dry Rations|Medical Kits,101,RESOLVED,OFFICER
INC-2025-4172,2025-03-06T08:19:55.509Z,Trincomalee,EAST_NORTH,Drought,3,61863,0,Water Bowsers|Dry Rations,3681,RESOLVED,MEDIA
INC-2026-4173,2026-05-27T09:40:46.214Z,Batticaloa,EAST_NORTH,Flood,1,961,0,Dry Rations|Medical Kits,94,RESOLVED,SENSOR
INC-2021-4174,2021-12-08T14:14:59.350Z,Gampaha,WET,High Winds/Cyclone,2,1652,0,,104,RESOLVED,CITIZEN
INC-2019-4175,2019-04-09T01:56:09.245Z,Ampara,EAST_NORTH,Flood,1,1694,0,Dry Rations|Medical Kits,28,RESOLVED,CITIZEN
INC-2018-4176,2018-11-30T23:30:04.367Z,Monaragala,DRY,Flood,1,845,0,Dry Rations|Medical Kits,42,RESOLVED,CITIZEN
INC-2022-4177,2022-10-06T18:55:47.281Z,Galle,WET,Flood,4,29440,3,Boats|Rescue Teams|Dry Rations|Medical Kits,68,RESOLVED,CITIZEN
INC-2023-4178,2023-03-28T07:53:00.387Z,Matara,WET,Flood,2,6120,0,Dry Rations|Medical Kits,90,RESOLVED,OFFICER
INC-2019-4179,2019-03-18T19:24:59.449Z,Hambantota,DRY,Flood,1,888,0,Dry Rations|Medical Kits,81,RESOLVED,CITIZEN
INC-2019-4180,2019-10-25T20:10:34.244Z,Mannar,DRY,Flood,3,12474,0,Boats|Rescue Teams|Dry Rations|Medical Kits,50,RESOLVED,CITIZEN
INC-2024-4181,2024-05-19T00:11:47.629Z,Polonnaruwa,DRY,Flood,3,1998,0,Boats|Rescue Teams|Dry Rations|Medical Kits,37,RESOLVED,CITIZEN
INC-2021-4182,2021-11-11T11:34:12.481Z,Colombo,WET,Flood,2,2104,0,Dry Rations|Medical Kits,117,RESOLVED,CITIZEN
INC-2025-4183,2025-02-09T15:10:34.626Z,Puttalam,DRY,Flood,2,4132,0,Dry Rations|Medical Kits,85,RESOLVED,SENSOR
INC-2020-4184,2020-11-08T19:18:20.453Z,Gampaha,WET,Flood,3,9054,0,Boats|Rescue Teams|Dry Rations|Medical Kits,102,RESOLVED,SENSOR
INC-2019-4185,2019-01-16T07:50:21.362Z,Polonnaruwa,DRY,High Winds/Cyclone,2,5864,0,,117,RESOLVED,CITIZEN
INC-2021-4186,2021-05-31T07:45:00.396Z,Kalutara,WET,Landslide,1,250,0,Dry Rations|Medical Kits,35,RESOLVED,CITIZEN
INC-2022-4187,2022-11-13T06:55:24.721Z,Gampaha,WET,Flood,1,808,0,Dry Rations|Medical Kits,62,RESOLVED,CITIZEN
INC-2019-4188,2019-03-06T03:01:21.068Z,Kurunegala,DRY,Drought,3,52410,0,Water Bowsers|Dry Rations,3271,RESOLVED,OFFICER
INC-2023-4189,2023-05-16T04:05:19.179Z,Kalutara,WET,Flood,2,720,0,Dry Rations|Medical Kits,110,RESOLVED,CITIZEN
INC-2025-4190,2025-05-29T06:23:26.635Z,Kalutara,WET,Flood,4,31072,5,Boats|Rescue Teams|Dry Rations|Medical Kits,26,RESOLVED,SENSOR
INC-2024-4191,2024-09-19T16:55:48.678Z,Vavuniya,DRY,Drought,1,45505,0,Water Bowsers|Dry Rations,2003,RESOLVED,CITIZEN
INC-2021-4192,2021-11-02T04:34:08.138Z,Mannar,DRY,Flood,2,5164,0,Dry Rations|Medical Kits,85,RESOLVED,OFFICER
INC-2020-4193,2020-03-07T10:52:06.850Z,Badulla,HILL,Flood,1,1367,0,Dry Rations|Medical Kits,105,RESOLVED,OFFICER
INC-2018-4194,2018-03-18T02:21:27.892Z,Monaragala,DRY,Drought,2,67658,0,Water Bowsers|Dry Rations,1786,RESOLVED,CITIZEN
INC-2024-4195,2024-07-30T12:01:58.707Z,Kegalle,HILL,Flood,1,1684,0,Dry Rations|Medical Kits,94,RESOLVED,CITIZEN
INC-2022-4196,2022-12-25T11:23:24.213Z,Badulla,HILL,Flood,2,1216,0,Dry Rations|Medical Kits,72,RESOLVED,MEDIA
INC-2018-4197,2018-01-28T10:07:11.171Z,Galle,WET,Flood,2,904,0,Dry Rations|Medical Kits,53,RESOLVED,MEDIA
INC-2021-4198,2021-05-31T18:10:08.171Z,Galle,WET,Flood,1,355,0,Dry Rations|Medical Kits,108,RESOLVED,CITIZEN
INC-2019-4199,2019-11-23T05:07:05.080Z,Trincomalee,EAST_NORTH,Animal Attack,1,10,1,Wildlife Officers|Veterinary Kits,72,RESOLVED,CITIZEN
INC-2019-4200,2019-04-29T16:29:42.348Z,Ampara,EAST_NORTH,Drought,1,20970,0,Water Bowsers|Dry Rations,4253,RESOLVED,SENSOR
INC-2020-4201,2020-09-13T20:23:46.619Z,Kandy,HILL,Landslide,2,442,0,Dry Rations|Medical Kits,30,RESOLVED,SENSOR
INC-2018-4202,2018-01-09T21:52:08.752Z,Jaffna,EAST_NORTH,Flood,3,17883,0,Boats|Rescue Teams|Dry Rations|Medical Kits,109,RESOLVED,SENSOR
INC-2021-4203,2021-03-16T03:45:21.279Z,Puttalam,DRY,Drought,3,58866,0,Water Bowsers|Dry Rations,2329,RESOLVED,OFFICER
INC-2018-4204,2018-02-14T13:47:36.106Z,Monaragala,DRY,Animal Attack,2,7,2,Wildlife Officers|Veterinary Kits,85,RESOLVED,MEDIA
INC-2025-4205,2025-09-03T05:41:59.017Z,Galle,WET,Flood,4,31760,1,Boats|Rescue Teams|Dry Rations|Medical Kits,28,RESOLVED,MEDIA
INC-2019-4206,2019-05-02T19:41:21.333Z,Mannar,DRY,Animal Attack,1,2,2,Wildlife Officers|Veterinary Kits,89,RESOLVED,OFFICER
INC-2022-4207,2022-05-02T22:57:31.944Z,Vavuniya,DRY,Flood,3,13743,0,Boats|Rescue Teams|Dry Rations|Medical Kits,16,RESOLVED,CITIZEN
INC-2023-4208,2023-03-05T23:44:57.215Z,Kandy,HILL,Flood,5,6525,1,Boats|Rescue Teams|Dry Rations|Medical Kits,100,RESOLVED,OFFICER
INC-2021-4209,2021-03-18T11:54:18.649Z,Monaragala,DRY,Forest Fire,1,23,0,Fire Trucks|Air Support,219,RESOLVED,CITIZEN
INC-2022-4210,2022-04-05T12:09:41.911Z,Ratnapura,HILL,Landslide,1,89,0,Dry Rations|Medical Kits,167,RESOLVED,SENSOR
INC-2024-4211,2024-11-23T20:27:40.049Z,Colombo,WET,Flood,1,429,0,Dry Rations|Medical Kits,33,RESOLVED,SENSOR
INC-2018-4212,2018-08-14T11:35:07.225Z,Hambantota,DRY,Drought,2,80004,0,Water Bowsers|Dry Rations,1444,RESOLVED,SENSOR
INC-2025-4213,2025-12-13T02:27:53.133Z,Badulla,HILL,Landslide,4,996,1,Boats|Rescue Teams|Dry Rations|Medical Kits,71,RESOLVED,SENSOR
INC-2018-4214,2018-02-07T07:05:26.618Z,Colombo,WET,Flood,4,3168,1,Boats|Rescue Teams|Dry Rations|Medical Kits,91,RESOLVED,OFFICER
INC-2020-4215,2020-07-03T06:22:47.255Z,Hambantota,DRY,Drought,4,196204,0,Water Bowsers|Dry Rations,4163,RESOLVED,CITIZEN
INC-2026-4216,2026-03-29T00:33:19.898Z,Matale,HILL,Landslide,3,618,14,Boats|Rescue Teams|Dry Rations|Medical Kits,129,RESOLVED,CITIZEN
INC-2020-4217,2020-01-24T19:09:12.536Z,Badulla,HILL,Landslide,1,237,0,Dry Rations|Medical Kits,97,RESOLVED,CITIZEN
INC-2019-4218,2019-06-06T01:48:46.493Z,Jaffna,EAST_NORTH,Drought,1,37046,0,Water Bowsers|Dry Rations,3527,RESOLVED,CITIZEN
INC-2025-4219,2024-12-31T22:57:39.020Z,Ampara,EAST_NORTH,Flood,1,771,0,Dry Rations|Medical Kits,113,RESOLVED,OFFICER
INC-2019-4220,2019-05-14T14:50:30.442Z,Colombo,WET,Flood,2,2880,0,Dry Rations|Medical Kits,110,RESOLVED,CITIZEN
INC-2024-4221,2024-09-15T10:26:51.053Z,Kalutara,WET,Flood,3,13365,0,Boats|Rescue Teams|Dry Rations|Medical Kits,79,RESOLVED,SENSOR
INC-2023-4222,2023-02-02T08:31:55.155Z,Nuwara Eliya,HILL,Flood,4,25984,5,Boats|Rescue Teams|Dry Rations|Medical Kits,20,RESOLVED,OFFICER
INC-2019-4223,2019-05-26T04:10:47.993Z,Kandy,HILL,Flood,2,5012,0,Dry Rations|Medical Kits,79,RESOLVED,SENSOR
INC-2019-4224,2019-02-27T12:17:22.147Z,Matara,WET,High Winds/Cyclone,4,22704,4,,54,RESOLVED,CITIZEN
INC-2024-4225,2024-03-29T00:37:28.966Z,Kegalle,HILL,Flood,4,9632,4,Boats|Rescue Teams|Dry Rations|Medical Kits,119,RESOLVED,CITIZEN
INC-2024-4226,2024-06-06T22:41:05.399Z,Kandy,HILL,Flood,3,15372,0,Boats|Rescue Teams|Dry Rations|Medical Kits,51,RESOLVED,CITIZEN
INC-2025-4227,2025-11-05T14:52:27.506Z,Gampaha,WET,Flood,1,809,0,Dry Rations|Medical Kits,110,RESOLVED,CITIZEN
INC-2020-4228,2020-03-22T09:15:09.801Z,Polonnaruwa,DRY,Drought,1,23638,0,Water Bowsers|Dry Rations,3881,RESOLVED,CITIZEN
INC-2021-4229,2021-05-13T05:22:56.052Z,Kegalle,HILL,Landslide,2,842,0,Dry Rations|Medical Kits,175,RESOLVED,SENSOR
INC-2019-4230,2019-03-14T21:39:53.282Z,Galle,WET,High Winds/Cyclone,3,3501,0,,36,RESOLVED,CITIZEN
INC-2021-4231,2021-07-11T22:53:39.511Z,Jaffna,EAST_NORTH,Drought,2,39582,0,Water Bowsers|Dry Rations,3209,RESOLVED,OFFICER
INC-2019-4232,2019-01-14T15:06:07.756Z,Nuwara Eliya,HILL,Landslide,2,930,0,Dry Rations|Medical Kits,136,RESOLVED,SENSOR
INC-2023-4233,2023-03-21T11:49:50.575Z,Anuradhapura,DRY,Animal Attack,2,7,0,Wildlife Officers|Veterinary Kits,74,RESOLVED,MEDIA
INC-2018-4234,2018-05-08T14:13:32.020Z,Gampaha,WET,Flood,1,620,0,Dry Rations|Medical Kits,42,RESOLVED,OFFICER
INC-2025-4235,2025-10-02T16:39:50.190Z,Anuradhapura,DRY,Flood,3,13005,0,Boats|Rescue Teams|Dry Rations|Medical Kits,32,RESOLVED,OFFICER
INC-2026-4236,2026-05-23T15:36:22.644Z,Gampaha,WET,High Winds/Cyclone,3,13455,0,,76,IN_PROGRESS,CITIZEN
INC-2020-4237,2020-09-15T17:47:48.539Z,Kalutara,WET,Flood,4,25072,2,Boats|Rescue Teams|Dry Rations|Medical Kits,99,RESOLVED,SENSOR
INC-2021-4238,2021-03-02T00:11:51.836Z,Kegalle,HILL,Forest Fire,1,17,0,Fire Trucks|Air Support,225,RESOLVED,SENSOR
INC-2023-4239,2023-09-10T13:46:18.336Z,Galle,WET,High Winds/Cyclone,2,4288,0,,74,RESOLVED,CITIZEN
INC-2023-4240,2023-02-04T23:19:26.425Z,Gampaha,WET,Flood,1,1299,0,Dry Rations|Medical Kits,113,RESOLVED,CITIZEN
INC-2024-4241,2024-12-21T09:49:02.317Z,Kilinochchi,EAST_NORTH,High Winds/Cyclone,4,18512,5,,70,RESOLVED,OFFICER
INC-2024-4242,2024-11-29T05:48:02.059Z,Matara,WET,Flood,2,3844,0,Dry Rations|Medical Kits,79,RESOLVED,CITIZEN
INC-2024-4243,2024-04-01T08:48:04.927Z,Kurunegala,DRY,Animal Attack,2,7,1,Wildlife Officers|Veterinary Kits,58,RESOLVED,CITIZEN
INC-2022-4244,2022-08-19T01:47:12.970Z,Gampaha,WET,Flood,5,7175,3,Boats|Rescue Teams|Dry Rations|Medical Kits,19,RESOLVED,CITIZEN
INC-2020-4245,2020-05-08T04:02:52.682Z,Mannar,DRY,Drought,2,36136,0,Water Bowsers|Dry Rations,3642,RESOLVED,OFFICER
INC-2024-4246,2024-01-21T09:10:35.344Z,Colombo,WET,Flood,2,6240,0,Dry Rations|Medical Kits,110,RESOLVED,SENSOR
INC-2025-4247,2025-12-27T07:25:17.413Z,Monaragala,DRY,Flood,2,5076,0,Dry Rations|Medical Kits,41,RESOLVED,OFFICER
INC-2022-4248,2022-02-25T02:07:44.154Z,Polonnaruwa,DRY,Animal Attack,1,1,2,Wildlife Officers|Veterinary Kits,74,RESOLVED,CITIZEN
INC-2024-4249,2024-01-04T19:11:27.965Z,Badulla,HILL,Landslide,1,425,0,Dry Rations|Medical Kits,77,RESOLVED,MEDIA
INC-2026-4250,2026-03-14T15:14:13.445Z,Kegalle,HILL,Landslide,3,882,2,Boats|Rescue Teams|Dry Rations|Medical Kits,161,RESOLVED,CITIZEN
INC-2023-4251,2023-04-21T11:16:28.564Z,Jaffna,EAST_NORTH,High Winds/Cyclone,3,14535,0,,63,RESOLVED,CITIZEN
INC-2024-4252,2024-10-11T19:29:54.559Z,Kalutara,WET,Flood,1,146,0,Dry Rations|Medical Kits,114,RESOLVED,OFFICER
INC-2020-4253,2020-11-10T02:34:14.221Z,Batticaloa,EAST_NORTH,High Winds/Cyclone,2,440,0,,115,RESOLVED,OFFICER
INC-2020-4254,2020-11-15T00:06:24.843Z,Gampaha,WET,Flood,3,7074,0,Boats|Rescue Teams|Dry Rations|Medical Kits,58,RESOLVED,SENSOR
INC-2021-4255,2021-11-26T23:40:39.321Z,Polonnaruwa,DRY,Animal Attack,2,6,2,Wildlife Officers|Veterinary Kits,62,RESOLVED,OFFICER
INC-2025-4256,2025-04-08T10:34:25.696Z,Galle,WET,Flood,2,628,0,Dry Rations|Medical Kits,61,RESOLVED,OFFICER
INC-2021-4257,2021-05-20T03:29:35.769Z,Monaragala,DRY,High Winds/Cyclone,2,7600,0,,114,RESOLVED,MEDIA
INC-2026-4258,2026-01-06T01:06:58.444Z,Kalutara,WET,Animal Attack,1,7,1,Wildlife Officers|Veterinary Kits,55,RESOLVED,CITIZEN
INC-2024-4259,2024-02-14T22:45:32.588Z,Kegalle,HILL,High Winds/Cyclone,3,14238,0,,85,RESOLVED,CITIZEN
INC-2018-4260,2018-03-20T11:47:25.557Z,Kalutara,WET,Flood,1,1010,0,Dry Rations|Medical Kits,38,RESOLVED,OFFICER
INC-2022-4261,2022-02-12T05:05:19.456Z,Kandy,HILL,High Winds/Cyclone,2,5204,0,,56,RESOLVED,SENSOR
INC-2022-4262,2022-02-26T04:56:44.978Z,Monaragala,DRY,Flood,3,6651,0,Boats|Rescue Teams|Dry Rations|Medical Kits,66,RESOLVED,OFFICER
INC-2022-4263,2022-12-06T07:53:39.681Z,Colombo,WET,Flood,3,11601,0,Boats|Rescue Teams|Dry Rations|Medical Kits,61,RESOLVED,OFFICER
INC-2020-4264,2020-11-12T11:03:08.522Z,Gampaha,WET,Flood,1,663,0,Dry Rations|Medical Kits,36,RESOLVED,CITIZEN
INC-2023-4265,2023-09-24T18:09:39.030Z,Mullaitivu,EAST_NORTH,Drought,1,7646,0,Water Bowsers|Dry Rations,3248,RESOLVED,CITIZEN
INC-2019-4266,2019-09-22T06:56:27.014Z,Ratnapura,HILL,Landslide,2,810,0,Dry Rations|Medical Kits,126,RESOLVED,SENSOR
INC-2018-4267,2018-09-10T09:39:07.086Z,Kurunegala,DRY,Forest Fire,4,384,0,Fire Trucks|Air Support,105,RESOLVED,CITIZEN
INC-2025-4268,2025-01-12T00:26:10.672Z,Gampaha,WET,Flood,4,20752,7,Boats|Rescue Teams|Dry Rations|Medical Kits,40,RESOLVED,CITIZEN
INC-2022-4269,2022-09-17T05:33:59.019Z,Colombo,WET,Flood,3,17631,0,Boats|Rescue Teams|Dry Rations|Medical Kits,88,RESOLVED,OFFICER
INC-2025-4270,2025-04-29T06:42:11.299Z,Trincomalee,EAST_NORTH,High Winds/Cyclone,1,943,0,,116,RESOLVED,MEDIA
INC-2022-4271,2022-08-10T22:15:41.805Z,Kurunegala,DRY,Drought,4,173324,0,Water Bowsers|Dry Rations,3173,RESOLVED,CITIZEN
INC-2023-4272,2023-05-16T06:31:34.260Z,Matara,WET,Flood,1,162,0,Dry Rations|Medical Kits,76,RESOLVED,CITIZEN
INC-2022-4273,2022-04-14T12:32:00.346Z,Jaffna,EAST_NORTH,High Winds/Cyclone,1,1717,0,,56,RESOLVED,OFFICER
INC-2024-4274,2024-05-07T13:59:49.046Z,Gampaha,WET,Flood,2,7320,0,Dry Rations|Medical Kits,113,RESOLVED,OFFICER
INC-2018-4275,2018-09-16T20:38:32.213Z,Nuwara Eliya,HILL,Landslide,1,255,0,Dry Rations|Medical Kits,129,RESOLVED,OFFICER
INC-2026-4276,2026-05-09T19:06:03.828Z,Matara,WET,Flood,3,6219,0,Boats|Rescue Teams|Dry Rations|Medical Kits,39,RESOLVED,OFFICER
INC-2024-4277,2024-09-09T22:00:39.364Z,Vavuniya,DRY,Forest Fire,3,96,0,Fire Trucks|Air Support,73,RESOLVED,OFFICER
INC-2024-4278,2024-01-16T05:49:02.116Z,Kandy,HILL,Landslide,2,734,0,Dry Rations|Medical Kits,173,RESOLVED,SENSOR
INC-2022-4279,2022-06-14T07:56:30.541Z,Anuradhapura,DRY,Drought,2,71832,0,Water Bowsers|Dry Rations,1758,RESOLVED,OFFICER
INC-2019-4280,2019-09-24T21:21:16.305Z,Gampaha,WET,Flood,3,9702,0,Boats|Rescue Teams|Dry Rations|Medical Kits,80,RESOLVED,SENSOR
INC-2023-4281,2023-07-07T08:32:56.338Z,Anuradhapura,DRY,Drought,2,57160,0,Water Bowsers|Dry Rations,1839,RESOLVED,OFFICER
INC-2024-4282,2024-10-08T23:27:23.876Z,Mannar,DRY,Animal Attack,1,1,2,Wildlife Officers|Veterinary Kits,56,RESOLVED,SENSOR
INC-2024-4283,2024-11-13T02:48:19.273Z,Mullaitivu,EAST_NORTH,Drought,1,30825,0,Water Bowsers|Dry Rations,1775,RESOLVED,OFFICER
INC-2021-4284,2021-08-19T22:12:43.621Z,Polonnaruwa,DRY,Drought,3,29778,0,Water Bowsers|Dry Rations,3671,RESOLVED,OFFICER
INC-2025-4285,2025-02-01T11:53:06.626Z,Jaffna,EAST_NORTH,High Winds/Cyclone,1,121,0,,74,RESOLVED,CITIZEN
INC-2019-4286,2019-06-01T11:36:05.345Z,Matale,HILL,Flood,3,7299,0,Boats|Rescue Teams|Dry Rations|Medical Kits,32,RESOLVED,CITIZEN
INC-2023-4287,2023-04-22T21:23:08.240Z,Matara,WET,Flood,2,4112,0,Dry Rations|Medical Kits,29,RESOLVED,OFFICER
INC-2025-4288,2025-04-24T17:33:07.841Z,Anuradhapura,DRY,Flood,2,4924,0,Dry Rations|Medical Kits,109,RESOLVED,CITIZEN
INC-2024-4289,2024-07-01T09:37:56.220Z,Matale,HILL,High Winds/Cyclone,1,1514,0,,21,RESOLVED,OFFICER
INC-2025-4290,2025-09-06T07:43:07.933Z,Kegalle,HILL,Flood,4,6112,8,Boats|Rescue Teams|Dry Rations|Medical Kits,55,RESOLVED,CITIZEN
INC-2026-4291,2026-02-21T14:22:36.491Z,Ampara,EAST_NORTH,High Winds/Cyclone,3,9486,0,,104,RESOLVED,CITIZEN
INC-2023-4292,2023-12-15T13:18:01.848Z,Mannar,DRY,Animal Attack,1,6,2,Wildlife Officers|Veterinary Kits,86,RESOLVED,MEDIA
INC-2018-4293,2018-05-14T21:09:48.618Z,Ratnapura,HILL,Landslide,1,142,0,Dry Rations|Medical Kits,175,RESOLVED,OFFICER
INC-2024-4294,2024-07-24T20:27:53.461Z,Polonnaruwa,DRY,Drought,4,161348,0,Water Bowsers|Dry Rations,1954,RESOLVED,CITIZEN
INC-2025-4295,2025-11-03T13:02:33.449Z,Colombo,WET,Flood,3,12267,0,Boats|Rescue Teams|Dry Rations|Medical Kits,105,RESOLVED,CITIZEN
INC-2018-4296,2018-05-14T15:20:25.974Z,Kalutara,WET,Flood,2,532,0,Dry Rations|Medical Kits,57,RESOLVED,OFFICER
INC-2018-4297,2018-03-11T23:02:31.413Z,Matara,WET,Flood,2,6712,0,Dry Rations|Medical Kits,114,RESOLVED,CITIZEN
INC-2018-4298,2018-01-23T00:29:17.679Z,Anuradhapura,DRY,Flood,3,5058,0,Boats|Rescue Teams|Dry Rations|Medical Kits,70,RESOLVED,CITIZEN
INC-2023-4299,2023-12-25T07:18:24.519Z,Monaragala,DRY,Flood,3,2907,0,Boats|Rescue Teams|Dry Rations|Medical Kits,28,RESOLVED,CITIZEN
INC-2022-4300,2022-10-27T03:33:24.470Z,Matara,WET,Flood,2,7432,0,Dry Rations|Medical Kits,72,RESOLVED,OFFICER
INC-2022-4301,2022-11-06T08:56:24.596Z,Gampaha,WET,Flood,1,248,0,Dry Rations|Medical Kits,106,RESOLVED,SENSOR
INC-2025-4302,2025-11-06T11:16:40.651Z,Badulla,HILL,Flood,2,6700,0,Dry Rations|Medical Kits,114,RESOLVED,OFFICER
INC-2024-4303,2024-10-21T12:30:14.867Z,Kurunegala,DRY,High Winds/Cyclone,3,12150,0,,65,RESOLVED,SENSOR
INC-2024-4304,2024-11-14T16:51:58.523Z,Gampaha,WET,Flood,2,6372,0,Dry Rations|Medical Kits,97,RESOLVED,SENSOR
INC-2020-4305,2020-01-31T20:44:37.783Z,Kalutara,WET,High Winds/Cyclone,1,1695,0,,22,RESOLVED,CITIZEN
INC-2019-4306,2019-06-29T08:54:58.582Z,Colombo,WET,Flood,4,20816,1,Boats|Rescue Teams|Dry Rations|Medical Kits,39,RESOLVED,OFFICER
INC-2022-4307,2022-05-12T23:12:30.678Z,Kilinochchi,EAST_NORTH,Animal Attack,1,2,1,Wildlife Officers|Veterinary Kits,38,RESOLVED,CITIZEN
INC-2022-4308,2022-07-25T22:01:41.263Z,Vavuniya,DRY,Forest Fire,4,184,0,Fire Trucks|Air Support,236,RESOLVED,OFFICER
INC-2018-4309,2018-12-30T19:36:06.271Z,Colombo,WET,Flood,3,12888,0,Boats|Rescue Teams|Dry Rations|Medical Kits,106,RESOLVED,CITIZEN
INC-2020-4310,2020-09-27T16:29:58.579Z,Trincomalee,EAST_NORTH,Animal Attack,1,3,0,Wildlife Officers|Veterinary Kits,77,RESOLVED,OFFICER
INC-2021-4311,2021-07-13T16:22:41.511Z,Badulla,HILL,Landslide,2,94,0,Dry Rations|Medical Kits,43,RESOLVED,CITIZEN
INC-2019-4312,2019-02-26T06:51:56.515Z,Trincomalee,EAST_NORTH,High Winds/Cyclone,1,1635,0,,25,RESOLVED,OFFICER
INC-2024-4313,2024-11-06T08:09:15.420Z,Galle,WET,High Winds/Cyclone,2,6924,0,,45,RESOLVED,CITIZEN
INC-2020-4314,2020-10-04T01:37:36.520Z,Matale,HILL,Landslide,3,1170,12,Boats|Rescue Teams|Dry Rations|Medical Kits,37,RESOLVED,CITIZEN
INC-2018-4315,2018-11-25T01:45:00.969Z,Mannar,DRY,Forest Fire,1,46,0,Fire Trucks|Air Support,131,RESOLVED,CITIZEN
INC-2023-4316,2023-10-21T21:44:25.374Z,Hambantota,DRY,Animal Attack,1,7,1,Wildlife Officers|Veterinary Kits,50,RESOLVED,SENSOR
INC-2021-4317,2021-09-16T20:30:47.831Z,Matara,WET,Flood,4,2176,2,Boats|Rescue Teams|Dry Rations|Medical Kits,119,RESOLVED,CITIZEN
INC-2025-4318,2025-11-14T01:15:08.949Z,Ratnapura,HILL,High Winds/Cyclone,3,17946,0,,62,RESOLVED,CITIZEN
INC-2026-4319,2026-02-27T10:21:28.470Z,Polonnaruwa,DRY,Animal Attack,2,10,2,Wildlife Officers|Veterinary Kits,39,RESOLVED,CITIZEN
INC-2020-4320,2020-10-25T00:01:24.420Z,Galle,WET,Flood,1,892,0,Dry Rations|Medical Kits,16,RESOLVED,OFFICER
INC-2025-4321,2025-06-22T04:51:54.228Z,Monaragala,DRY,Animal Attack,2,6,2,Wildlife Officers|Veterinary Kits,50,RESOLVED,CITIZEN
INC-2026-4322,2026-03-23T10:59:32.129Z,Mullaitivu,EAST_NORTH,Flood,2,2328,0,Dry Rations|Medical Kits,68,RESOLVED,SENSOR
INC-2024-4323,2024-07-04T20:35:00.249Z,Polonnaruwa,DRY,Drought,2,78460,0,Water Bowsers|Dry Rations,3320,RESOLVED,CITIZEN
INC-2025-4324,2025-09-05T06:09:25.961Z,Gampaha,WET,Flood,3,5292,0,Boats|Rescue Teams|Dry Rations|Medical Kits,118,RESOLVED,MEDIA
INC-2025-4325,2025-07-05T10:50:41.729Z,Vavuniya,DRY,Drought,1,49761,0,Water Bowsers|Dry Rations,4253,RESOLVED,SENSOR
INC-2022-4326,2022-03-30T14:09:49.370Z,Monaragala,DRY,Flood,1,458,0,Dry Rations|Medical Kits,89,RESOLVED,MEDIA
INC-2020-4327,2020-01-12T08:05:47.357Z,Badulla,HILL,Forest Fire,2,102,0,Fire Trucks|Air Support,172,RESOLVED,CITIZEN
INC-2020-4328,2020-09-12T21:54:10.393Z,Colombo,WET,Flood,3,12834,0,Boats|Rescue Teams|Dry Rations|Medical Kits,104,RESOLVED,SENSOR
INC-2024-4329,2024-12-12T03:14:38.858Z,Kandy,HILL,High Winds/Cyclone,4,31232,2,,16,RESOLVED,OFFICER
INC-2023-4330,2023-11-26T17:38:07.449Z,Vavuniya,DRY,Drought,4,25516,0,Water Bowsers|Dry Rations,2107,RESOLVED,OFFICER
INC-2023-4331,2023-03-29T19:07:58.705Z,Monaragala,DRY,Drought,2,58456,0,Water Bowsers|Dry Rations,2736,RESOLVED,SENSOR
INC-2024-4332,2024-05-15T23:40:25.488Z,Anuradhapura,DRY,Flood,3,6165,0,Boats|Rescue Teams|Dry Rations|Medical Kits,72,RESOLVED,OFFICER
INC-2026-4333,2026-03-30T05:45:31.549Z,Vavuniya,DRY,Flood,2,7840,0,Dry Rations|Medical Kits,100,RESOLVED,SENSOR
INC-2020-4334,2020-04-15T11:52:14.368Z,Anuradhapura,DRY,Animal Attack,2,8,0,Wildlife Officers|Veterinary Kits,74,RESOLVED,SENSOR
INC-2022-4335,2022-11-25T11:29:23.020Z,Vavuniya,DRY,Drought,1,49232,0,Water Bowsers|Dry Rations,1578,RESOLVED,SENSOR
INC-2019-4336,2019-03-18T15:21:41.699Z,Mannar,DRY,Flood,2,2356,0,Dry Rations|Medical Kits,54,RESOLVED,OFFICER
INC-2020-4337,2020-12-23T16:45:25.963Z,Kandy,HILL,Flood,1,124,0,Dry Rations|Medical Kits,96,RESOLVED,OFFICER
INC-2020-4338,2020-11-25T17:18:00.737Z,Mannar,DRY,High Winds/Cyclone,1,1404,0,,23,RESOLVED,OFFICER
INC-2022-4339,2022-12-26T10:27:46.810Z,Kilinochchi,EAST_NORTH,High Winds/Cyclone,5,42475,6,,86,RESOLVED,SENSOR
INC-2025-4340,2025-01-26T20:57:57.118Z,Colombo,WET,High Winds/Cyclone,4,5984,4,,45,RESOLVED,OFFICER
INC-2025-4341,2025-01-10T03:11:17.331Z,Kurunegala,DRY,Flood,5,38575,6,Boats|Rescue Teams|Dry Rations|Medical Kits,23,RESOLVED,CITIZEN
INC-2025-4342,2025-03-08T08:24:07.066Z,Puttalam,DRY,Animal Attack,1,10,1,Wildlife Officers|Veterinary Kits,72,RESOLVED,OFFICER
INC-2021-4343,2021-12-08T17:53:12.987Z,Anuradhapura,DRY,High Winds/Cyclone,2,2500,0,,16,RESOLVED,CITIZEN
INC-2025-4344,2025-12-25T17:21:05.539Z,Vavuniya,DRY,Animal Attack,1,4,1,Wildlife Officers|Veterinary Kits,83,RESOLVED,OFFICER
INC-2022-4345,2022-02-02T06:44:30.208Z,Kegalle,HILL,Landslide,4,68,6,Boats|Rescue Teams|Dry Rations|Medical Kits,155,RESOLVED,MEDIA
INC-2018-4346,2018-06-01T23:35:56.158Z,Badulla,HILL,Landslide,3,837,15,Boats|Rescue Teams|Dry Rations|Medical Kits,172,RESOLVED,CITIZEN
INC-2018-4347,2018-06-14T20:21:45.030Z,Ratnapura,HILL,Landslide,3,81,3,Boats|Rescue Teams|Dry Rations|Medical Kits,105,RESOLVED,SENSOR
INC-2025-4348,2025-10-13T02:34:05.454Z,Kurunegala,DRY,Animal Attack,1,3,2,Wildlife Officers|Veterinary Kits,87,RESOLVED,CITIZEN
INC-2020-4349,2020-09-14T23:59:00.676Z,Badulla,HILL,Landslide,1,408,0,Dry Rations|Medical Kits,63,RESOLVED,MEDIA
INC-2024-4350,2024-08-18T15:01:55.421Z,Matale,HILL,Landslide,1,42,0,Dry Rations|Medical Kits,170,RESOLVED,OFFICER
INC-2018-4351,2018-10-19T23:18:28.887Z,Ampara,EAST_NORTH,Animal Attack,1,2,0,Wildlife Officers|Veterinary Kits,45,RESOLVED,OFFICER
INC-2020-4352,2020-05-05T11:54:00.194Z,Kalutara,WET,Flood,3,10107,0,Boats|Rescue Teams|Dry Rations|Medical Kits,93,RESOLVED,SENSOR
INC-2021-4353,2021-05-30T23:40:36.409Z,Kandy,HILL,Flood,3,801,0,Boats|Rescue Teams|Dry Rations|Medical Kits,72,RESOLVED,CITIZEN
INC-2019-4354,2019-05-27T20:16:09.823Z,Badulla,HILL,Flood,3,6678,0,Boats|Rescue Teams|Dry Rations|Medical Kits,39,RESOLVED,CITIZEN
INC-2025-4355,2025-03-11T11:23:30.670Z,Colombo,WET,Flood,4,2112,4,Boats|Rescue Teams|Dry Rations|Medical Kits,43,RESOLVED,CITIZEN
INC-2023-4356,2023-09-05T13:43:41.940Z,Kandy,HILL,Landslide,2,892,0,Dry Rations|Medical Kits,100,RESOLVED,CITIZEN
INC-2023-4357,2023-02-08T21:59:25.304Z,Hambantota,DRY,Animal Attack,1,2,0,Wildlife Officers|Veterinary Kits,80,RESOLVED,CITIZEN
INC-2023-4358,2023-01-21T08:01:44.370Z,Polonnaruwa,DRY,Flood,3,4347,0,Boats|Rescue Teams|Dry Rations|Medical Kits,73,RESOLVED,OFFICER
INC-2021-4359,2021-06-17T03:03:57.695Z,Mannar,DRY,Flood,2,656,0,Dry Rations|Medical Kits,36,RESOLVED,SENSOR
INC-2025-4360,2025-04-14T11:01:16.611Z,Mullaitivu,EAST_NORTH,Flood,4,3936,1,Boats|Rescue Teams|Dry Rations|Medical Kits,23,RESOLVED,OFFICER
INC-2021-4361,2021-08-22T08:47:31.200Z,Vavuniya,DRY,High Winds/Cyclone,1,392,0,,84,RESOLVED,CITIZEN
INC-2018-4362,2018-10-21T19:50:01.061Z,Kurunegala,DRY,Animal Attack,1,1,0,Wildlife Officers|Veterinary Kits,88,RESOLVED,CITIZEN
INC-2021-4363,2021-04-14T14:15:57.642Z,Mannar,DRY,High Winds/Cyclone,2,3808,0,,34,RESOLVED,OFFICER
INC-2024-4364,2024-03-08T20:03:56.743Z,Puttalam,DRY,Flood,2,5052,0,Dry Rations|Medical Kits,33,RESOLVED,OFFICER
INC-2024-4365,2024-12-01T14:57:11.526Z,Matale,HILL,Flood,1,1875,0,Dry Rations|Medical Kits,80,RESOLVED,SENSOR
INC-2019-4366,2019-12-20T01:22:36.880Z,Galle,WET,Animal Attack,2,7,2,Wildlife Officers|Veterinary Kits,41,RESOLVED,CITIZEN
INC-2021-4367,2021-10-10T02:32:58.808Z,Kurunegala,DRY,Drought,1,35878,0,Water Bowsers|Dry Rations,3866,RESOLVED,OFFICER
INC-2025-4368,2025-12-27T10:37:03.307Z,Trincomalee,EAST_NORTH,High Winds/Cyclone,1,1991,0,,97,RESOLVED,MEDIA
INC-2022-4369,2022-01-06T05:42:06.763Z,Kandy,HILL,Flood,1,1022,0,Dry Rations|Medical Kits,108,RESOLVED,CITIZEN
INC-2021-4370,2021-07-08T10:44:56.905Z,Mannar,DRY,Drought,1,28388,0,Water Bowsers|Dry Rations,1799,RESOLVED,CITIZEN
INC-2019-4371,2019-09-16T17:20:50.695Z,Galle,WET,Flood,1,1911,0,Dry Rations|Medical Kits,43,RESOLVED,CITIZEN
INC-2019-4372,2019-08-16T09:45:12.390Z,Kalutara,WET,Flood,3,9990,0,Boats|Rescue Teams|Dry Rations|Medical Kits,84,RESOLVED,CITIZEN
INC-2025-4373,2025-04-06T10:14:12.493Z,Galle,WET,Flood,1,472,0,Dry Rations|Medical Kits,29,RESOLVED,OFFICER
INC-2023-4374,2023-05-08T15:06:58.776Z,Matara,WET,Flood,2,5264,0,Dry Rations|Medical Kits,26,RESOLVED,CITIZEN
INC-2023-4375,2023-01-04T08:55:35.769Z,Kalutara,WET,High Winds/Cyclone,1,786,0,,112,RESOLVED,OFFICER
INC-2024-4376,2024-02-08T12:31:42.520Z,Mannar,DRY,Animal Attack,1,10,0,Wildlife Officers|Veterinary Kits,36,RESOLVED,SENSOR
INC-2019-4377,2019-02-20T18:42:10.762Z,Puttalam,DRY,Flood,1,1039,0,Dry Rations|Medical Kits,96,RESOLVED,CITIZEN
INC-2024-4378,2024-06-07T19:04:34.062Z,Colombo,WET,Flood,5,7125,5,Boats|Rescue Teams|Dry Rations|Medical Kits,41,RESOLVED,CITIZEN
INC-2021-4379,2021-11-30T14:14:46.363Z,Kurunegala,DRY,Forest Fire,1,11,0,Fire Trucks|Air Support,182,RESOLVED,OFFICER
INC-2020-4380,2020-05-13T12:38:59.799Z,Gampaha,WET,Flood,2,2288,0,Dry Rations|Medical Kits,57,RESOLVED,OFFICER
INC-2021-4381,2021-12-29T15:49:19.350Z,Puttalam,DRY,Flood,2,328,0,Dry Rations|Medical Kits,39,RESOLVED,CITIZEN
INC-2019-4382,2019-09-13T19:43:12.646Z,Ampara,EAST_NORTH,Drought,2,10722,0,Water Bowsers|Dry Rations,2020,RESOLVED,CITIZEN
INC-2020-4383,2020-01-21T09:33:06.506Z,Kalutara,WET,Landslide,2,806,0,Dry Rations|Medical Kits,36,RESOLVED,CITIZEN
INC-2021-4384,2021-11-15T08:36:23.562Z,Kandy,HILL,Forest Fire,1,47,0,Fire Trucks|Air Support,60,RESOLVED,CITIZEN
INC-2026-4385,2026-05-15T12:56:43.620Z,Matara,WET,Flood,3,7128,0,Boats|Rescue Teams|Dry Rations|Medical Kits,68,RESOLVED,OFFICER
INC-2019-4386,2019-12-06T23:57:58.145Z,Matara,WET,Landslide,1,187,0,Dry Rations|Medical Kits,32,RESOLVED,SENSOR
INC-2018-4387,2018-05-01T18:35:33.456Z,Gampaha,WET,Flood,3,11574,0,Boats|Rescue Teams|Dry Rations|Medical Kits,93,RESOLVED,SENSOR
INC-2025-4388,2025-01-14T02:25:43.584Z,Colombo,WET,Flood,3,11484,0,Boats|Rescue Teams|Dry Rations|Medical Kits,27,RESOLVED,OFFICER
INC-2020-4389,2020-05-31T07:36:12.545Z,Batticaloa,EAST_NORTH,High Winds/Cyclone,1,1925,0,,20,RESOLVED,SENSOR
INC-2025-4390,2025-08-01T04:16:24.675Z,Colombo,WET,Flood,2,7180,0,Dry Rations|Medical Kits,110,RESOLVED,SENSOR
INC-2025-4391,2025-08-07T23:24:03.695Z,Jaffna,EAST_NORTH,Animal Attack,1,1,2,Wildlife Officers|Veterinary Kits,83,RESOLVED,OFFICER
INC-2025-4392,2025-09-11T05:24:11.473Z,Matara,WET,Flood,1,802,0,Dry Rations|Medical Kits,26,RESOLVED,CITIZEN
INC-2022-4393,2022-09-15T22:46:07.083Z,Vavuniya,DRY,Animal Attack,1,4,1,Wildlife Officers|Veterinary Kits,89,RESOLVED,CITIZEN
INC-2020-4394,2020-09-24T14:49:56.026Z,Gampaha,WET,Flood,3,6939,0,Boats|Rescue Teams|Dry Rations|Medical Kits,45,RESOLVED,MEDIA
INC-2025-4395,2025-05-07T01:02:54.871Z,Trincomalee,EAST_NORTH,High Winds/Cyclone,3,12222,0,,108,RESOLVED,CITIZEN
INC-2018-4396,2018-11-30T07:54:52.402Z,Anuradhapura,DRY,Drought,3,105810,0,Water Bowsers|Dry Rations,2987,RESOLVED,MEDIA
INC-2018-4397,2018-07-05T23:50:26.895Z,Ratnapura,HILL,Flood,4,5824,4,Boats|Rescue Teams|Dry Rations|Medical Kits,49,RESOLVED,OFFICER
INC-2020-4398,2020-03-25T22:00:04.686Z,Gampaha,WET,Landslide,1,88,0,Dry Rations|Medical Kits,139,RESOLVED,CITIZEN
INC-2023-4399,2023-05-21T05:41:19.220Z,Kurunegala,DRY,Flood,4,5632,1,Boats|Rescue Teams|Dry Rations|Medical Kits,49,RESOLVED,CITIZEN
INC-2021-4400,2021-08-20T21:42:21.491Z,Matale,HILL,Flood,2,3180,0,Dry Rations|Medical Kits,18,RESOLVED,SENSOR
INC-2022-4401,2022-10-27T13:07:47.795Z,Vavuniya,DRY,Animal Attack,1,3,1,Wildlife Officers|Veterinary Kits,62,RESOLVED,OFFICER
INC-2023-4402,2023-03-27T14:48:50.863Z,Nuwara Eliya,HILL,Animal Attack,1,9,0,Wildlife Officers|Veterinary Kits,62,RESOLVED,CITIZEN
INC-2023-4403,2023-11-17T08:32:36.630Z,Kandy,HILL,Flood,2,6408,0,Dry Rations|Medical Kits,26,RESOLVED,OFFICER
INC-2019-4404,2019-10-06T16:14:46.512Z,Ampara,EAST_NORTH,Animal Attack,2,3,0,Wildlife Officers|Veterinary Kits,42,RESOLVED,OFFICER
INC-2024-4405,2024-03-26T21:30:24.242Z,Polonnaruwa,DRY,Drought,1,45288,0,Water Bowsers|Dry Rations,2558,RESOLVED,CITIZEN
INC-2022-4406,2022-05-30T23:52:43.871Z,Monaragala,DRY,High Winds/Cyclone,2,2380,0,,106,RESOLVED,OFFICER
INC-2022-4407,2022-11-05T18:37:44.829Z,Puttalam,DRY,Flood,1,260,0,Dry Rations|Medical Kits,31,RESOLVED,SENSOR
INC-2019-4408,2019-02-28T15:05:48.406Z,Jaffna,EAST_NORTH,High Winds/Cyclone,1,147,0,,98,RESOLVED,CITIZEN
INC-2023-4409,2023-10-25T09:41:55.231Z,Hambantota,DRY,Animal Attack,1,3,2,Wildlife Officers|Veterinary Kits,89,RESOLVED,CITIZEN
INC-2019-4410,2019-04-16T19:57:03.045Z,Kalutara,WET,Landslide,2,572,0,Dry Rations|Medical Kits,98,RESOLVED,OFFICER
INC-2020-4411,2020-11-22T03:32:49.169Z,Puttalam,DRY,Drought,3,119880,0,Water Bowsers|Dry Rations,2671,RESOLVED,OFFICER
INC-2021-4412,2021-11-11T05:40:08.269Z,Ampara,EAST_NORTH,Drought,1,19903,0,Water Bowsers|Dry Rations,3842,RESOLVED,CITIZEN
INC-2020-4413,2020-01-03T20:09:49.357Z,Ampara,EAST_NORTH,Flood,2,1636,0,Dry Rations|Medical Kits,49,RESOLVED,OFFICER
INC-2020-4414,2020-12-24T21:02:54.866Z,Polonnaruwa,DRY,Animal Attack,1,5,1,Wildlife Officers|Veterinary Kits,76,RESOLVED,CITIZEN
INC-2022-4415,2022-08-01T03:09:42.351Z,Colombo,WET,Landslide,1,438,0,Dry Rations|Medical Kits,150,RESOLVED,SENSOR
INC-2026-4416,2026-01-27T20:40:32.806Z,Badulla,HILL,Flood,1,813,0,Dry Rations|Medical Kits,32,RESOLVED,SENSOR
INC-2019-4417,2019-05-21T14:52:52.270Z,Badulla,HILL,Landslide,1,373,0,Dry Rations|Medical Kits,118,RESOLVED,OFFICER
INC-2021-4418,2021-01-30T01:12:01.046Z,Kurunegala,DRY,Flood,3,7236,0,Boats|Rescue Teams|Dry Rations|Medical Kits,18,RESOLVED,OFFICER
INC-2021-4419,2021-03-05T13:46:18.085Z,Ampara,EAST_NORTH,Animal Attack,1,4,1,Wildlife Officers|Veterinary Kits,72,RESOLVED,CITIZEN
INC-2021-4420,2021-11-19T05:03:04.560Z,Kalutara,WET,Flood,2,7884,0,Dry Rations|Medical Kits,86,RESOLVED,CITIZEN
INC-2019-4421,2019-04-11T00:26:11.808Z,Galle,WET,Flood,4,21856,7,Boats|Rescue Teams|Dry Rations|Medical Kits,106,RESOLVED,SENSOR
INC-2021-4422,2021-09-23T12:32:33.611Z,Matale,HILL,Landslide,3,1488,0,Boats|Rescue Teams|Dry Rations|Medical Kits,56,RESOLVED,CITIZEN
INC-2025-4423,2025-06-30T01:22:06.333Z,Ratnapura,HILL,Flood,3,15111,0,Boats|Rescue Teams|Dry Rations|Medical Kits,63,RESOLVED,CITIZEN
INC-2019-4424,2019-06-07T07:02:45.396Z,Gampaha,WET,Flood,3,4338,0,Boats|Rescue Teams|Dry Rations|Medical Kits,89,RESOLVED,CITIZEN
INC-2023-4425,2023-08-01T08:38:02.822Z,Monaragala,DRY,Animal Attack,1,2,1,Wildlife Officers|Veterinary Kits,37,RESOLVED,CITIZEN
INC-2020-4426,2020-09-17T15:09:16.126Z,Kegalle,HILL,Landslide,1,258,0,Dry Rations|Medical Kits,78,RESOLVED,CITIZEN
INC-2025-4427,2025-11-19T19:22:18.996Z,Matale,HILL,Landslide,1,56,0,Dry Rations|Medical Kits,168,RESOLVED,OFFICER
INC-2020-4428,2020-02-18T22:31:49.639Z,Kalutara,WET,Animal Attack,1,6,0,Wildlife Officers|Veterinary Kits,71,RESOLVED,OFFICER
INC-2018-4429,2018-09-15T23:17:13.081Z,Hambantota,DRY,Drought,4,112016,0,Water Bowsers|Dry Rations,3504,RESOLVED,CITIZEN
INC-2021-4430,2021-06-19T09:42:57.068Z,Mullaitivu,EAST_NORTH,Animal Attack,1,4,0,Wildlife Officers|Veterinary Kits,89,RESOLVED,SENSOR
INC-2025-4431,2025-04-08T17:14:34.233Z,Galle,WET,Flood,4,7360,0,Boats|Rescue Teams|Dry Rations|Medical Kits,119,RESOLVED,SENSOR
INC-2018-4432,2018-10-17T08:12:25.223Z,Polonnaruwa,DRY,Forest Fire,4,16,0,Fire Trucks|Air Support,181,RESOLVED,CITIZEN
INC-2019-4433,2019-02-26T20:04:05.691Z,Ampara,EAST_NORTH,Flood,2,592,0,Dry Rations|Medical Kits,95,RESOLVED,OFFICER
INC-2020-4434,2020-03-26T17:28:58.183Z,Kalutara,WET,Flood,3,14418,0,Boats|Rescue Teams|Dry Rations|Medical Kits,85,RESOLVED,SENSOR
INC-2020-4435,2020-10-29T20:43:02.211Z,Batticaloa,EAST_NORTH,High Winds/Cyclone,5,2125,5,,15,RESOLVED,CITIZEN
INC-2018-4436,2018-10-01T00:38:22.387Z,Batticaloa,EAST_NORTH,Flood,2,4024,0,Dry Rations|Medical Kits,108,RESOLVED,SENSOR
INC-2024-4437,2024-01-27T03:24:13.456Z,Matara,WET,Flood,3,4689,0,Boats|Rescue Teams|Dry Rations|Medical Kits,56,RESOLVED,MEDIA
INC-2023-4438,2023-01-25T15:34:11.513Z,Gampaha,WET,Flood,2,6392,0,Dry Rations|Medical Kits,81,RESOLVED,CITIZEN
INC-2022-4439,2022-06-08T00:59:57.293Z,Colombo,WET,Flood,3,1944,0,Boats|Rescue Teams|Dry Rations|Medical Kits,61,RESOLVED,CITIZEN
INC-2020-4440,2020-10-15T12:16:35.395Z,Colombo,WET,Flood,3,14949,0,Boats|Rescue Teams|Dry Rations|Medical Kits,67,RESOLVED,OFFICER
INC-2018-4441,2018-04-22T02:00:32.256Z,Colombo,WET,Landslide,3,1215,8,Boats|Rescue Teams|Dry Rations|Medical Kits,84,RESOLVED,CITIZEN
INC-2025-4442,2025-06-11T01:21:35.180Z,Matale,HILL,Landslide,1,370,0,Dry Rations|Medical Kits,79,RESOLVED,CITIZEN
INC-2019-4443,2019-07-01T17:14:57.677Z,Kalutara,WET,Flood,2,7876,0,Dry Rations|Medical Kits,36,RESOLVED,CITIZEN
INC-2022-4444,2022-04-22T10:30:44.010Z,Kalutara,WET,Flood,2,700,0,Dry Rations|Medical Kits,54,RESOLVED,MEDIA
INC-2023-4445,2023-05-25T09:20:42.404Z,Colombo,WET,Flood,2,1236,0,Dry Rations|Medical Kits,94,RESOLVED,CITIZEN
INC-2023-4446,2023-12-11T21:34:14.573Z,Trincomalee,EAST_NORTH,Flood,3,10944,0,Boats|Rescue Teams|Dry Rations|Medical Kits,76,RESOLVED,OFFICER
INC-2018-4447,2018-10-17T18:23:08.694Z,Mullaitivu,EAST_NORTH,Animal Attack,1,8,0,Wildlife Officers|Veterinary Kits,73,RESOLVED,CITIZEN
INC-2025-4448,2025-05-07T19:23:16.100Z,Matale,HILL,Landslide,4,1672,3,Boats|Rescue Teams|Dry Rations|Medical Kits,114,RESOLVED,MEDIA
INC-2023-4449,2023-07-18T22:42:32.788Z,Kegalle,HILL,Landslide,5,2305,14,Boats|Rescue Teams|Dry Rations|Medical Kits,154,RESOLVED,CITIZEN
INC-2020-4450,2020-03-17T21:31:33.377Z,Gampaha,WET,Animal Attack,1,4,2,Wildlife Officers|Veterinary Kits,41,RESOLVED,CITIZEN
INC-2023-4451,2023-01-27T04:50:32.069Z,Colombo,WET,Animal Attack,1,1,0,Wildlife Officers|Veterinary Kits,55,RESOLVED,CITIZEN
INC-2021-4452,2021-08-08T19:34:02.328Z,Monaragala,DRY,Forest Fire,2,162,0,Fire Trucks|Air Support,164,RESOLVED,CITIZEN
INC-2023-4453,2023-02-20T03:53:17.989Z,Galle,WET,Flood,3,11781,0,Boats|Rescue Teams|Dry Rations|Medical Kits,58,RESOLVED,OFFICER
INC-2025-4454,2025-09-21T11:40:00.197Z,Matale,HILL,High Winds/Cyclone,2,956,0,,93,RESOLVED,CITIZEN
INC-2021-4455,2021-10-07T01:09:49.404Z,Kalutara,WET,Animal Attack,1,6,0,Wildlife Officers|Veterinary Kits,75,RESOLVED,OFFICER
INC-2022-4456,2022-07-30T10:04:38.451Z,Puttalam,DRY,Animal Attack,1,5,0,Wildlife Officers|Veterinary Kits,36,RESOLVED,CITIZEN
INC-2025-4457,2025-01-13T07:45:22.402Z,Mannar,DRY,Flood,1,1929,0,Dry Rations|Medical Kits,60,RESOLVED,MEDIA
INC-2019-4458,2019-11-21T20:25:32.123Z,Vavuniya,DRY,High Winds/Cyclone,2,1748,0,,28,RESOLVED,CITIZEN
INC-2024-4459,2024-10-03T17:13:15.038Z,Galle,WET,High Winds/Cyclone,4,31280,6,,102,RESOLVED,MEDIA
INC-2019-4460,2019-06-16T15:29:27.525Z,Ratnapura,HILL,High Winds/Cyclone,2,5368,0,,63,RESOLVED,CITIZEN
INC-2023-4461,2023-07-23T04:36:23.041Z,Gampaha,WET,Flood,3,14346,0,Boats|Rescue Teams|Dry Rations|Medical Kits,16,RESOLVED,CITIZEN
INC-2022-4462,2022-08-20T07:43:57.321Z,Kegalle,HILL,Flood,2,824,0,Dry Rations|Medical Kits,63,RESOLVED,OFFICER
INC-2021-4463,2021-09-15T09:38:31.447Z,Anuradhapura,DRY,Animal Attack,1,1,0,Wildlife Officers|Veterinary Kits,81,RESOLVED,CITIZEN
INC-2025-4464,2025-09-19T04:05:16.322Z,Galle,WET,Flood,1,397,0,Dry Rations|Medical Kits,30,RESOLVED,OFFICER
INC-2020-4465,2020-05-09T22:36:45.216Z,Badulla,HILL,Landslide,3,1395,5,Boats|Rescue Teams|Dry Rations|Medical Kits,175,RESOLVED,CITIZEN
INC-2023-4466,2023-12-05T03:54:46.426Z,Anuradhapura,DRY,High Winds/Cyclone,4,9872,8,,118,RESOLVED,OFFICER
INC-2019-4467,2019-11-21T02:51:56.638Z,Vavuniya,DRY,Flood,4,14400,7,Boats|Rescue Teams|Dry Rations|Medical Kits,90,RESOLVED,CITIZEN
INC-2023-4468,2023-03-22T08:57:15.214Z,Matara,WET,Flood,4,22992,3,Boats|Rescue Teams|Dry Rations|Medical Kits,38,RESOLVED,CITIZEN
INC-2019-4469,2019-11-27T23:43:45.919Z,Ratnapura,HILL,Landslide,1,359,0,Dry Rations|Medical Kits,61,RESOLVED,CITIZEN
INC-2019-4470,2019-08-18T15:31:56.822Z,Nuwara Eliya,HILL,Flood,2,2984,0,Dry Rations|Medical Kits,90,RESOLVED,OFFICER
INC-2023-4471,2023-12-12T19:02:02.434Z,Nuwara Eliya,HILL,Landslide,1,470,0,Dry Rations|Medical Kits,176,RESOLVED,OFFICER
INC-2025-4472,2025-02-14T20:04:38.265Z,Colombo,WET,Flood,5,1925,10,Boats|Rescue Teams|Dry Rations|Medical Kits,77,RESOLVED,CITIZEN
INC-2021-4473,2021-07-08T00:52:37.327Z,Ampara,EAST_NORTH,Drought,2,72340,0,Water Bowsers|Dry Rations,3242,RESOLVED,CITIZEN
INC-2019-4474,2019-06-13T02:47:51.226Z,Kandy,HILL,Flood,3,17694,0,Boats|Rescue Teams|Dry Rations|Medical Kits,74,RESOLVED,CITIZEN
INC-2024-4475,2024-04-21T09:42:03.033Z,Mannar,DRY,Drought,1,14005,0,Water Bowsers|Dry Rations,2709,RESOLVED,OFFICER
INC-2025-4476,2025-04-26T07:32:17.989Z,Mannar,DRY,Animal Attack,2,4,2,Wildlife Officers|Veterinary Kits,35,RESOLVED,OFFICER
INC-2022-4477,2022-09-05T04:06:42.574Z,Vavuniya,DRY,Drought,1,35570,0,Water Bowsers|Dry Rations,3226,RESOLVED,CITIZEN
INC-2020-4478,2020-07-07T01:38:56.787Z,Kandy,HILL,Flood,2,7672,0,Dry Rations|Medical Kits,117,RESOLVED,OFFICER
INC-2021-4479,2021-04-29T10:00:29.517Z,Matara,WET,Flood,1,1325,0,Dry Rations|Medical Kits,116,RESOLVED,OFFICER
INC-2023-4480,2023-01-29T21:24:30.892Z,Matara,WET,Flood,2,3776,0,Dry Rations|Medical Kits,47,RESOLVED,CITIZEN
INC-2026-4481,2026-03-12T16:31:03.851Z,Matara,WET,Flood,2,7916,0,Dry Rations|Medical Kits,103,RESOLVED,OFFICER
INC-2018-4482,2018-06-21T05:00:50.471Z,Kandy,HILL,Flood,5,19275,1,Boats|Rescue Teams|Dry Rations|Medical Kits,53,RESOLVED,CITIZEN
INC-2018-4483,2018-06-15T16:48:25.706Z,Hambantota,DRY,Drought,4,37792,0,Water Bowsers|Dry Rations,2518,RESOLVED,MEDIA
INC-2026-4484,2026-02-21T02:20:14.428Z,Hambantota,DRY,Animal Attack,1,9,1,Wildlife Officers|Veterinary Kits,69,RESOLVED,SENSOR
INC-2022-4485,2022-08-17T20:02:29.084Z,Colombo,WET,High Winds/Cyclone,2,320,0,,73,RESOLVED,CITIZEN
INC-2019-4486,2019-12-04T22:34:13.648Z,Puttalam,DRY,Flood,4,22592,2,Boats|Rescue Teams|Dry Rations|Medical Kits,30,RESOLVED,CITIZEN
INC-2023-4487,2023-08-02T08:24:47.858Z,Matale,HILL,Landslide,1,332,0,Dry Rations|Medical Kits,114,RESOLVED,CITIZEN
INC-2024-4488,2024-12-11T13:58:38.684Z,Hambantota,DRY,Flood,3,17811,0,Boats|Rescue Teams|Dry Rations|Medical Kits,109,RESOLVED,CITIZEN
INC-2019-4489,2019-06-09T22:50:33.412Z,Badulla,HILL,Flood,3,1143,0,Boats|Rescue Teams|Dry Rations|Medical Kits,21,RESOLVED,SENSOR
INC-2022-4490,2022-07-29T20:49:44.696Z,Gampaha,WET,Flood,4,3024,3,Boats|Rescue Teams|Dry Rations|Medical Kits,58,RESOLVED,CITIZEN
INC-2020-4491,2020-04-05T08:29:27.512Z,Kalutara,WET,Animal Attack,1,7,2,Wildlife Officers|Veterinary Kits,44,RESOLVED,OFFICER
INC-2023-4492,2023-06-07T14:39:45.269Z,Gampaha,WET,Flood,4,22288,5,Boats|Rescue Teams|Dry Rations|Medical Kits,27,RESOLVED,CITIZEN
INC-2019-4493,2019-01-02T21:46:59.831Z,Hambantota,DRY,Animal Attack,1,8,2,Wildlife Officers|Veterinary Kits,42,RESOLVED,OFFICER
INC-2021-4494,2021-09-29T19:45:30.945Z,Kandy,HILL,Landslide,5,560,7,Boats|Rescue Teams|Dry Rations|Medical Kits,173,RESOLVED,CITIZEN
INC-2022-4495,2022-04-21T18:56:23.199Z,Ampara,EAST_NORTH,Drought,2,56804,0,Water Bowsers|Dry Rations,2607,RESOLVED,OFFICER
INC-2018-4496,2018-06-20T20:22:19.077Z,Gampaha,WET,High Winds/Cyclone,2,1244,0,,97,RESOLVED,CITIZEN
INC-2020-4497,2020-09-25T14:09:58.052Z,Galle,WET,Flood,3,10116,0,Boats|Rescue Teams|Dry Rations|Medical Kits,103,RESOLVED,OFFICER
INC-2026-4498,2026-01-27T02:37:29.862Z,Polonnaruwa,DRY,Flood,1,1058,0,Dry Rations|Medical Kits,97,RESOLVED,CITIZEN
INC-2019-4499,2019-08-23T23:19:44.504Z,Gampaha,WET,High Winds/Cyclone,1,654,0,,21,RESOLVED,OFFICER
INC-2018-4500,2018-12-28T05:40:39.292Z,Puttalam,DRY,Flood,5,19025,6,Boats|Rescue Teams|Dry Rations|Medical Kits,17,RESOLVED,CITIZEN
INC-2018-4501,2018-01-14T18:37:22.162Z,Trincomalee,EAST_NORTH,Flood,3,6606,0,Boats|Rescue Teams|Dry Rations|Medical Kits,100,RESOLVED,OFFICER
INC-2021-4502,2021-09-03T14:04:28.330Z,Polonnaruwa,DRY,Drought,1,15641,0,Water Bowsers|Dry Rations,2360,RESOLVED,OFFICER
INC-2018-4503,2018-05-24T13:35:30.224Z,Galle,WET,Landslide,1,379,0,Dry Rations|Medical Kits,109,RESOLVED,OFFICER
INC-2019-4504,2019-07-03T22:04:52.570Z,Puttalam,DRY,Drought,3,57564,0,Water Bowsers|Dry Rations,3758,RESOLVED,OFFICER
INC-2021-4505,2021-07-17T18:28:09.881Z,Vavuniya,DRY,Drought,1,35545,0,Water Bowsers|Dry Rations,2743,RESOLVED,SENSOR
INC-2024-4506,2024-11-02T22:56:05.356Z,Nuwara Eliya,HILL,Flood,1,1468,0,Dry Rations|Medical Kits,53,RESOLVED,SENSOR
INC-2018-4507,2018-06-04T22:51:43.142Z,Polonnaruwa,DRY,Drought,2,82600,0,Water Bowsers|Dry Rations,4307,RESOLVED,SENSOR
INC-2024-4508,2024-02-18T21:25:15.249Z,Monaragala,DRY,Animal Attack,1,9,0,Wildlife Officers|Veterinary Kits,87,RESOLVED,CITIZEN
INC-2021-4509,2021-08-12T01:30:44.683Z,Vavuniya,DRY,Animal Attack,2,9,1,Wildlife Officers|Veterinary Kits,88,RESOLVED,CITIZEN
INC-2018-4510,2018-09-11T14:21:15.012Z,Batticaloa,EAST_NORTH,Drought,2,47428,0,Water Bowsers|Dry Rations,3134,RESOLVED,CITIZEN
INC-2025-4511,2025-08-25T10:56:34.367Z,Gampaha,WET,Flood,4,20736,8,Boats|Rescue Teams|Dry Rations|Medical Kits,66,RESOLVED,OFFICER
INC-2024-4512,2024-11-16T08:18:58.394Z,Kalutara,WET,Flood,1,295,0,Dry Rations|Medical Kits,96,RESOLVED,SENSOR
INC-2021-4513,2021-05-20T21:28:12.620Z,Matara,WET,Flood,2,3924,0,Dry Rations|Medical Kits,119,RESOLVED,CITIZEN
INC-2024-4514,2024-09-18T02:53:46.976Z,Kandy,HILL,Flood,1,730,0,Dry Rations|Medical Kits,26,RESOLVED,SENSOR
INC-2019-4515,2019-06-01T02:14:52.790Z,Jaffna,EAST_NORTH,Drought,4,121784,0,Water Bowsers|Dry Rations,1684,RESOLVED,OFFICER
INC-2020-4516,2020-07-18T19:19:11.484Z,Colombo,WET,Flood,2,6892,0,Dry Rations|Medical Kits,34,RESOLVED,CITIZEN
INC-2022-4517,2022-09-23T03:09:52.443Z,Gampaha,WET,Flood,3,7137,0,Boats|Rescue Teams|Dry Rations|Medical Kits,73,RESOLVED,MEDIA
INC-2024-4518,2024-03-25T03:20:00.337Z,Ratnapura,HILL,Flood,1,1638,0,Dry Rations|Medical Kits,70,RESOLVED,CITIZEN
INC-2018-4519,2018-12-29T13:36:36.790Z,Kandy,HILL,Flood,5,27400,10,Boats|Rescue Teams|Dry Rations|Medical Kits,67,RESOLVED,OFFICER
INC-2022-4520,2022-07-19T15:35:25.735Z,Hambantota,DRY,Animal Attack,1,10,0,Wildlife Officers|Veterinary Kits,34,RESOLVED,CITIZEN
INC-2023-4521,2023-01-04T23:54:50.374Z,Gampaha,WET,Flood,5,25375,9,Boats|Rescue Teams|Dry Rations|Medical Kits,86,RESOLVED,OFFICER
INC-2021-4522,2021-02-24T00:35:58.797Z,Kegalle,HILL,Animal Attack,1,4,0,Wildlife Officers|Veterinary Kits,90,RESOLVED,CITIZEN
INC-2021-4523,2021-09-27T22:55:20.875Z,Batticaloa,EAST_NORTH,Animal Attack,2,5,2,Wildlife Officers|Veterinary Kits,77,RESOLVED,CITIZEN
INC-2021-4524,2021-02-02T00:01:57.199Z,Mannar,DRY,Flood,4,28144,7,Boats|Rescue Teams|Dry Rations|Medical Kits,28,RESOLVED,CITIZEN
INC-2019-4525,2019-08-12T09:52:04.775Z,Mullaitivu,EAST_NORTH,High Winds/Cyclone,3,5832,0,,97,RESOLVED,CITIZEN
INC-2019-4526,2019-06-11T13:22:28.063Z,Gampaha,WET,Flood,1,1897,0,Dry Rations|Medical Kits,18,RESOLVED,CITIZEN
INC-2023-4527,2023-12-23T11:50:24.114Z,Galle,WET,Flood,2,1648,0,Dry Rations|Medical Kits,67,RESOLVED,OFFICER
INC-2022-4528,2022-02-26T08:36:55.123Z,Ratnapura,HILL,High Winds/Cyclone,1,1129,0,,66,RESOLVED,MEDIA
INC-2018-4529,2018-12-01T01:20:11.943Z,Colombo,WET,Flood,3,2493,0,Boats|Rescue Teams|Dry Rations|Medical Kits,18,RESOLVED,OFFICER
INC-2021-4530,2021-10-28T15:06:17.441Z,Mullaitivu,EAST_NORTH,High Winds/Cyclone,5,5225,10,,19,RESOLVED,OFFICER
INC-2022-4531,2022-07-14T00:03:26.420Z,Matara,WET,Flood,4,19056,1,Boats|Rescue Teams|Dry Rations|Medical Kits,99,RESOLVED,SENSOR
INC-2024-4532,2024-06-26T08:11:08.620Z,Matara,WET,Flood,3,13545,0,Boats|Rescue Teams|Dry Rations|Medical Kits,71,RESOLVED,CITIZEN
INC-2024-4533,2024-11-12T12:10:55.671Z,Badulla,HILL,Flood,4,17632,0,Boats|Rescue Teams|Dry Rations|Medical Kits,82,RESOLVED,CITIZEN
INC-2021-4534,2021-04-23T05:39:41.976Z,Matara,WET,Flood,4,13552,4,Boats|Rescue Teams|Dry Rations|Medical Kits,80,RESOLVED,CITIZEN
INC-2021-4535,2021-07-09T21:24:30.879Z,Kalutara,WET,Flood,3,702,0,Boats|Rescue Teams|Dry Rations|Medical Kits,24,RESOLVED,MEDIA
INC-2025-4536,2025-10-18T23:25:21.201Z,Kalutara,WET,Flood,1,877,0,Dry Rations|Medical Kits,28,RESOLVED,CITIZEN
INC-2021-4537,2021-09-19T13:34:53.959Z,Mullaitivu,EAST_NORTH,Drought,2,40028,0,Water Bowsers|Dry Rations,3083,RESOLVED,CITIZEN
INC-2023-4538,2023-03-05T09:18:09.343Z,Matale,HILL,Landslide,1,296,0,Dry Rations|Medical Kits,145,RESOLVED,MEDIA
INC-2023-4539,2023-07-25T20:42:30.947Z,Matale,HILL,Flood,1,144,0,Dry Rations|Medical Kits,79,RESOLVED,CITIZEN
INC-2024-4540,2024-07-17T05:03:33.074Z,Ratnapura,HILL,Flood,2,2104,0,Dry Rations|Medical Kits,51,RESOLVED,OFFICER
INC-2026-4541,2026-05-07T08:41:01.704Z,Anuradhapura,DRY,Animal Attack,1,5,0,Wildlife Officers|Veterinary Kits,53,RESOLVED,CITIZEN
INC-2025-4542,2025-03-08T12:11:09.375Z,Colombo,WET,Flood,2,5056,0,Dry Rations|Medical Kits,49,RESOLVED,CITIZEN
INC-2018-4543,2018-01-19T14:54:05.672Z,Kandy,HILL,Landslide,1,419,0,Dry Rations|Medical Kits,71,RESOLVED,CITIZEN
INC-2023-4544,2023-04-18T03:54:55.483Z,Mannar,DRY,High Winds/Cyclone,4,30352,7,,67,RESOLVED,CITIZEN
INC-2025-4545,2025-03-09T19:35:20.061Z,Polonnaruwa,DRY,Animal Attack,1,2,0,Wildlife Officers|Veterinary Kits,80,RESOLVED,SENSOR
INC-2024-4546,2024-10-10T11:07:54.373Z,Polonnaruwa,DRY,Drought,5,152210,0,Water Bowsers|Dry Rations,2485,RESOLVED,CITIZEN
INC-2022-4547,2022-03-09T07:41:40.701Z,Kegalle,HILL,Flood,2,5072,0,Dry Rations|Medical Kits,86,RESOLVED,CITIZEN
INC-2023-4548,2023-10-27T16:27:39.933Z,Trincomalee,EAST_NORTH,Drought,1,17312,0,Water Bowsers|Dry Rations,2527,RESOLVED,MEDIA
INC-2026-4549,2026-02-25T05:35:15.145Z,Matale,HILL,Landslide,2,592,0,Dry Rations|Medical Kits,111,RESOLVED,OFFICER
INC-2018-4550,2018-08-04T08:56:10.736Z,Galle,WET,High Winds/Cyclone,1,1583,0,,72,RESOLVED,CITIZEN
INC-2019-4551,2019-02-07T18:56:12.024Z,Galle,WET,Landslide,3,354,9,Boats|Rescue Teams|Dry Rations|Medical Kits,115,RESOLVED,SENSOR
INC-2025-4552,2025-11-14T02:41:36.469Z,Monaragala,DRY,Drought,1,24876,0,Water Bowsers|Dry Rations,2762,RESOLVED,OFFICER
INC-2021-4553,2021-08-10T22:27:09.630Z,Hambantota,DRY,Drought,3,139887,0,Water Bowsers|Dry Rations,4293,RESOLVED,MEDIA
INC-2020-4554,2020-03-26T03:08:38.796Z,Colombo,WET,Flood,3,3699,0,Boats|Rescue Teams|Dry Rations|Medical Kits,84,RESOLVED,OFFICER
INC-2018-4555,2018-04-05T13:53:40.228Z,Galle,WET,High Winds/Cyclone,3,10107,0,,20,RESOLVED,OFFICER
INC-2019-4556,2019-01-30T02:56:26.292Z,Vavuniya,DRY,Flood,2,4348,0,Dry Rations|Medical Kits,91,RESOLVED,SENSOR
INC-2023-4557,2023-12-23T04:47:51.461Z,Kurunegala,DRY,Flood,3,13194,0,Boats|Rescue Teams|Dry Rations|Medical Kits,53,RESOLVED,CITIZEN
INC-2019-4558,2019-06-10T00:05:58.909Z,Kalutara,WET,Flood,3,5301,0,Boats|Rescue Teams|Dry Rations|Medical Kits,70,RESOLVED,CITIZEN
INC-2021-4559,2021-12-09T14:37:26.168Z,Mannar,DRY,Animal Attack,1,2,1,Wildlife Officers|Veterinary Kits,50,RESOLVED,OFFICER
INC-2025-4560,2025-04-26T21:49:31.911Z,Mullaitivu,EAST_NORTH,Animal Attack,1,2,2,Wildlife Officers|Veterinary Kits,48,RESOLVED,OFFICER
INC-2025-4561,2025-10-29T09:18:25.407Z,Monaragala,DRY,Drought,2,16796,0,Water Bowsers|Dry Rations,3519,RESOLVED,OFFICER
INC-2021-4562,2021-04-02T04:45:26.438Z,Galle,WET,Flood,1,1126,0,Dry Rations|Medical Kits,67,RESOLVED,SENSOR
INC-2023-4563,2023-05-26T16:12:18.687Z,Galle,WET,High Winds/Cyclone,3,12186,0,,26,RESOLVED,CITIZEN
INC-2022-4564,2022-08-29T19:47:02.538Z,Colombo,WET,Landslide,4,576,7,Boats|Rescue Teams|Dry Rations|Medical Kits,100,RESOLVED,OFFICER
INC-2022-4565,2022-07-06T01:23:32.987Z,Ratnapura,HILL,Landslide,1,348,0,Dry Rations|Medical Kits,68,RESOLVED,CITIZEN
INC-2024-4566,2024-11-09T13:38:41.561Z,Trincomalee,EAST_NORTH,High Winds/Cyclone,1,1487,0,,104,RESOLVED,OFFICER
INC-2021-4567,2021-02-25T21:10:50.889Z,Hambantota,DRY,Animal Attack,1,10,0,Wildlife Officers|Veterinary Kits,58,RESOLVED,SENSOR
INC-2018-4568,2018-08-17T06:02:10.928Z,Colombo,WET,Flood,3,1719,0,Boats|Rescue Teams|Dry Rations|Medical Kits,33,RESOLVED,OFFICER
INC-2018-4569,2018-08-27T12:52:33.751Z,Trincomalee,EAST_NORTH,Drought,1,7979,0,Water Bowsers|Dry Rations,3239,RESOLVED,CITIZEN
INC-2022-4570,2022-08-19T15:23:52.535Z,Kurunegala,DRY,Drought,1,42490,0,Water Bowsers|Dry Rations,1986,RESOLVED,CITIZEN
INC-2019-4571,2019-05-13T12:47:16.733Z,Nuwara Eliya,HILL,Flood,3,11763,0,Boats|Rescue Teams|Dry Rations|Medical Kits,63,RESOLVED,CITIZEN
INC-2019-4572,2019-09-03T23:04:30.609Z,Anuradhapura,DRY,Drought,4,84572,0,Water Bowsers|Dry Rations,3083,RESOLVED,CITIZEN
INC-2020-4573,2020-05-22T19:04:49.618Z,Galle,WET,Flood,3,9117,0,Boats|Rescue Teams|Dry Rations|Medical Kits,87,RESOLVED,CITIZEN
INC-2019-4574,2019-02-14T03:03:34.436Z,Kandy,HILL,Landslide,1,214,0,Dry Rations|Medical Kits,153,RESOLVED,SENSOR
INC-2021-4575,2021-06-27T00:07:18.096Z,Ratnapura,HILL,Landslide,1,30,0,Dry Rations|Medical Kits,120,RESOLVED,CITIZEN
INC-2019-4576,2019-01-21T11:30:06.131Z,Mullaitivu,EAST_NORTH,High Winds/Cyclone,1,523,0,,74,RESOLVED,CITIZEN
INC-2025-4577,2025-04-26T10:58:42.167Z,Kurunegala,DRY,Drought,1,46609,0,Water Bowsers|Dry Rations,3704,RESOLVED,CITIZEN
INC-2020-4578,2020-08-03T02:21:29.488Z,Kurunegala,DRY,Drought,1,39412,0,Water Bowsers|Dry Rations,3544,RESOLVED,OFFICER
INC-2025-4579,2025-04-14T20:16:13.717Z,Matale,HILL,High Winds/Cyclone,2,4640,0,,106,RESOLVED,CITIZEN
INC-2023-4580,2023-02-08T21:35:27.989Z,Colombo,WET,Animal Attack,1,4,0,Wildlife Officers|Veterinary Kits,43,RESOLVED,SENSOR
INC-2018-4581,2018-01-12T15:21:55.393Z,Matara,WET,High Winds/Cyclone,1,484,0,,46,RESOLVED,CITIZEN
INC-2018-4582,2018-09-20T17:44:59.601Z,Batticaloa,EAST_NORTH,Drought,2,42680,0,Water Bowsers|Dry Rations,3153,RESOLVED,OFFICER
INC-2024-4583,2024-02-26T04:29:33.703Z,Galle,WET,High Winds/Cyclone,2,6824,0,,77,RESOLVED,CITIZEN
INC-2025-4584,2025-03-24T09:50:43.352Z,Kandy,HILL,Landslide,2,790,0,Dry Rations|Medical Kits,150,RESOLVED,OFFICER
INC-2019-4585,2019-09-14T06:33:24.366Z,Batticaloa,EAST_NORTH,Animal Attack,1,4,0,Wildlife Officers|Veterinary Kits,80,RESOLVED,CITIZEN
INC-2020-4586,2020-11-20T04:14:35.768Z,Gampaha,WET,High Winds/Cyclone,3,14022,0,,54,RESOLVED,CITIZEN
INC-2021-4587,2021-06-09T08:35:54.053Z,Galle,WET,High Winds/Cyclone,1,278,0,,99,RESOLVED,CITIZEN
INC-2024-4588,2024-09-26T09:15:55.085Z,Puttalam,DRY,Drought,1,13573,0,Water Bowsers|Dry Rations,2114,RESOLVED,CITIZEN
INC-2020-4589,2020-03-25T04:04:06.853Z,Ratnapura,HILL,Landslide,1,26,0,Dry Rations|Medical Kits,155,RESOLVED,SENSOR
INC-2020-4590,2020-07-30T13:41:10.708Z,Colombo,WET,Flood,4,11520,2,Boats|Rescue Teams|Dry Rations|Medical Kits,94,RESOLVED,CITIZEN
INC-2024-4591,2024-11-09T04:11:30.563Z,Ratnapura,HILL,Landslide,3,312,3,Boats|Rescue Teams|Dry Rations|Medical Kits,137,RESOLVED,OFFICER
INC-2019-4592,2019-07-24T06:30:24.566Z,Gampaha,WET,Flood,3,14058,0,Boats|Rescue Teams|Dry Rations|Medical Kits,99,RESOLVED,CITIZEN
INC-2022-4593,2022-08-09T18:09:05.724Z,Galle,WET,Flood,2,624,0,Dry Rations|Medical Kits,49,RESOLVED,CITIZEN
INC-2020-4594,2020-10-11T16:42:35.772Z,Kurunegala,DRY,Forest Fire,1,99,0,Fire Trucks|Air Support,222,RESOLVED,CITIZEN
INC-2021-4595,2021-01-06T17:28:29.356Z,Kandy,HILL,Forest Fire,1,76,0,Fire Trucks|Air Support,156,RESOLVED,MEDIA
INC-2023-4596,2023-06-24T05:19:09.214Z,Mannar,DRY,Drought,4,155792,0,Water Bowsers|Dry Rations,2897,RESOLVED,OFFICER
INC-2024-4597,2024-09-05T19:35:33.874Z,Anuradhapura,DRY,Drought,1,24950,0,Water Bowsers|Dry Rations,3792,RESOLVED,OFFICER
INC-2026-4598,2026-04-11T06:38:24.923Z,Matara,WET,High Winds/Cyclone,4,15136,1,,31,RESOLVED,CITIZEN
INC-2026-4599,2026-05-22T12:58:31.143Z,Polonnaruwa,DRY,Drought,4,75912,0,Water Bowsers|Dry Rations,1536,RESOLVED,MEDIA
INC-2025-4600,2025-08-03T10:53:26.331Z,Kegalle,HILL,Flood,3,6246,0,Boats|Rescue Teams|Dry Rations|Medical Kits,84,RESOLVED,CITIZEN
INC-2018-4601,2018-12-24T18:25:07.457Z,Matara,WET,Animal Attack,2,5,1,Wildlife Officers|Veterinary Kits,72,RESOLVED,CITIZEN
INC-2025-4602,2025-12-15T23:42:45.609Z,Kurunegala,DRY,Flood,4,23616,8,Boats|Rescue Teams|Dry Rations|Medical Kits,73,RESOLVED,SENSOR
INC-2021-4603,2021-12-07T05:10:07.438Z,Hambantota,DRY,Flood,3,14859,0,Boats|Rescue Teams|Dry Rations|Medical Kits,33,RESOLVED,SENSOR
INC-2023-4604,2023-02-23T03:20:06.642Z,Gampaha,WET,Animal Attack,1,1,2,Wildlife Officers|Veterinary Kits,53,RESOLVED,MEDIA
INC-2023-4605,2023-07-13T14:53:34.991Z,Matale,HILL,Landslide,1,444,0,Dry Rations|Medical Kits,66,RESOLVED,CITIZEN
INC-2023-4606,2023-01-06T15:12:43.845Z,Mannar,DRY,Flood,2,7792,0,Dry Rations|Medical Kits,39,RESOLVED,CITIZEN
INC-2024-4607,2024-11-23T00:27:51.509Z,Colombo,WET,Flood,2,812,0,Dry Rations|Medical Kits,69,RESOLVED,OFFICER
INC-2023-4608,2023-02-07T20:04:47.099Z,Badulla,HILL,Landslide,2,942,0,Dry Rations|Medical Kits,134,RESOLVED,OFFICER
INC-2022-4609,2022-03-17T23:57:01.028Z,Kegalle,HILL,Flood,1,582,0,Dry Rations|Medical Kits,109,RESOLVED,CITIZEN
INC-2021-4610,2021-04-28T08:16:04.680Z,Batticaloa,EAST_NORTH,Animal Attack,2,3,2,Wildlife Officers|Veterinary Kits,31,RESOLVED,OFFICER
INC-2018-4611,2018-09-07T18:30:18.292Z,Ratnapura,HILL,Landslide,1,422,0,Dry Rations|Medical Kits,73,RESOLVED,CITIZEN
INC-2018-4612,2018-04-10T12:45:06.858Z,Ratnapura,HILL,Landslide,1,261,0,Dry Rations|Medical Kits,139,RESOLVED,OFFICER
INC-2025-4613,2025-03-05T22:42:20.492Z,Kegalle,HILL,High Winds/Cyclone,2,1292,0,,42,RESOLVED,OFFICER
INC-2022-4614,2022-06-08T08:40:21.544Z,Batticaloa,EAST_NORTH,Animal Attack,2,6,0,Wildlife Officers|Veterinary Kits,35,RESOLVED,CITIZEN
INC-2022-4615,2022-04-23T09:48:43.341Z,Gampaha,WET,Animal Attack,1,7,2,Wildlife Officers|Veterinary Kits,70,RESOLVED,OFFICER
INC-2020-4616,2020-07-24T07:19:24.687Z,Kilinochchi,EAST_NORTH,High Winds/Cyclone,1,664,0,,101,RESOLVED,SENSOR
INC-2022-4617,2022-02-18T07:11:56.330Z,Galle,WET,Animal Attack,1,5,1,Wildlife Officers|Veterinary Kits,39,RESOLVED,OFFICER
INC-2025-4618,2025-01-30T20:17:01.458Z,Gampaha,WET,Flood,2,3780,0,Dry Rations|Medical Kits,116,RESOLVED,OFFICER
INC-2025-4619,2025-10-15T14:16:40.958Z,Batticaloa,EAST_NORTH,Flood,2,7896,0,Dry Rations|Medical Kits,96,RESOLVED,OFFICER
INC-2018-4620,2018-09-28T13:11:36.295Z,Trincomalee,EAST_NORTH,Drought,2,24766,0,Water Bowsers|Dry Rations,3719,RESOLVED,CITIZEN
INC-2021-4621,2021-11-30T07:06:36.743Z,Gampaha,WET,Landslide,1,414,0,Dry Rations|Medical Kits,124,RESOLVED,CITIZEN
INC-2021-4622,2021-01-03T13:25:23.721Z,Matara,WET,Animal Attack,2,1,1,Wildlife Officers|Veterinary Kits,76,RESOLVED,CITIZEN
INC-2018-4623,2017-12-31T22:01:24.818Z,Ratnapura,HILL,Forest Fire,3,279,0,Fire Trucks|Air Support,170,RESOLVED,OFFICER
INC-2020-4624,2020-08-28T02:40:07.810Z,Mannar,DRY,Drought,1,40403,0,Water Bowsers|Dry Rations,3577,RESOLVED,CITIZEN
INC-2021-4625,2021-05-12T15:59:28.594Z,Monaragala,DRY,Animal Attack,1,9,2,Wildlife Officers|Veterinary Kits,71,RESOLVED,CITIZEN
INC-2020-4626,2020-07-13T07:39:26.735Z,Jaffna,EAST_NORTH,Drought,1,46170,0,Water Bowsers|Dry Rations,2540,RESOLVED,CITIZEN
INC-2025-4627,2025-06-14T15:54:02.433Z,Ratnapura,HILL,Flood,3,11178,0,Boats|Rescue Teams|Dry Rations|Medical Kits,15,RESOLVED,SENSOR
INC-2024-4628,2024-11-23T05:42:13.920Z,Kalutara,WET,Flood,1,1518,0,Dry Rations|Medical Kits,38,RESOLVED,CITIZEN
INC-2020-4629,2020-01-24T12:26:57.719Z,Jaffna,EAST_NORTH,Flood,3,12897,0,Boats|Rescue Teams|Dry Rations|Medical Kits,87,RESOLVED,CITIZEN
INC-2021-4630,2021-10-20T05:26:05.124Z,Matale,HILL,Forest Fire,3,24,0,Fire Trucks|Air Support,126,RESOLVED,CITIZEN
INC-2019-4631,2019-08-10T14:26:09.285Z,Kegalle,HILL,Landslide,2,912,0,Dry Rations|Medical Kits,159,RESOLVED,CITIZEN
INC-2024-4632,2024-11-02T11:04:50.513Z,Galle,WET,Landslide,1,346,0,Dry Rations|Medical Kits,178,RESOLVED,OFFICER
INC-2019-4633,2019-09-28T11:39:50.028Z,Kalutara,WET,Flood,1,959,0,Dry Rations|Medical Kits,96,RESOLVED,CITIZEN
INC-2019-4634,2019-10-11T12:15:45.213Z,Kegalle,HILL,Flood,1,362,0,Dry Rations|Medical Kits,22,RESOLVED,CITIZEN
INC-2022-4635,2022-07-26T18:36:37.649Z,Ratnapura,HILL,Landslide,3,381,0,Boats|Rescue Teams|Dry Rations|Medical Kits,164,RESOLVED,CITIZEN
INC-2019-4636,2019-07-09T06:05:57.077Z,Nuwara Eliya,HILL,Flood,4,13168,7,Boats|Rescue Teams|Dry Rations|Medical Kits,34,RESOLVED,SENSOR
INC-2025-4637,2025-08-24T16:55:32.564Z,Polonnaruwa,DRY,Drought,2,38082,0,Water Bowsers|Dry Rations,4167,RESOLVED,CITIZEN
INC-2019-4638,2019-08-15T23:54:06.202Z,Hambantota,DRY,Animal Attack,2,3,2,Wildlife Officers|Veterinary Kits,77,RESOLVED,OFFICER
INC-2022-4639,2022-12-28T04:21:43.846Z,Ratnapura,HILL,Landslide,3,1053,11,Boats|Rescue Teams|Dry Rations|Medical Kits,38,RESOLVED,CITIZEN
INC-2025-4640,2025-12-04T23:18:34.697Z,Kalutara,WET,Animal Attack,1,6,0,Wildlife Officers|Veterinary Kits,85,RESOLVED,CITIZEN
INC-2019-4641,2019-12-04T11:02:56.928Z,Anuradhapura,DRY,Flood,2,5636,0,Dry Rations|Medical Kits,94,RESOLVED,SENSOR
INC-2022-4642,2022-09-02T18:45:05.981Z,Puttalam,DRY,Drought,2,80898,0,Water Bowsers|Dry Rations,1599,RESOLVED,CITIZEN
INC-2020-4643,2020-03-17T20:26:31.114Z,Ratnapura,HILL,Animal Attack,1,6,2,Wildlife Officers|Veterinary Kits,72,RESOLVED,SENSOR
INC-2019-4644,2019-06-17T16:37:22.914Z,Kegalle,HILL,Landslide,1,423,0,Dry Rations|Medical Kits,107,RESOLVED,OFFICER
INC-2022-4645,2022-03-12T16:41:28.915Z,Galle,WET,Flood,1,1602,0,Dry Rations|Medical Kits,49,RESOLVED,SENSOR
INC-2022-4646,2022-07-03T07:49:43.212Z,Kurunegala,DRY,High Winds/Cyclone,1,111,0,,21,RESOLVED,CITIZEN
INC-2018-4647,2018-01-30T10:17:25.271Z,Polonnaruwa,DRY,Flood,1,414,0,Dry Rations|Medical Kits,59,RESOLVED,CITIZEN
INC-2022-4648,2022-02-18T12:21:02.363Z,Matara,WET,High Winds/Cyclone,2,4832,0,,55,RESOLVED,OFFICER
INC-2023-4649,2023-04-13T17:49:49.665Z,Galle,WET,Flood,2,4652,0,Dry Rations|Medical Kits,24,RESOLVED,CITIZEN
INC-2021-4650,2021-04-11T03:37:53.110Z,Mullaitivu,EAST_NORTH,Drought,3,104595,0,Water Bowsers|Dry Rations,4064,RESOLVED,OFFICER
INC-2021-4651,2021-02-20T00:23:02.564Z,Anuradhapura,DRY,Animal Attack,1,3,2,Wildlife Officers|Veterinary Kits,84,RESOLVED,SENSOR
INC-2026-4652,2026-03-13T04:38:10.659Z,Matale,HILL,Landslide,1,416,0,Dry Rations|Medical Kits,139,RESOLVED,SENSOR
INC-2021-4653,2021-04-29T11:33:42.722Z,Puttalam,DRY,Flood,2,3100,0,Dry Rations|Medical Kits,57,RESOLVED,OFFICER
INC-2019-4654,2019-01-01T20:28:29.220Z,Kegalle,HILL,Flood,2,4556,0,Dry Rations|Medical Kits,69,RESOLVED,SENSOR
INC-2019-4655,2019-01-16T02:03:46.271Z,Nuwara Eliya,HILL,Forest Fire,1,17,0,Fire Trucks|Air Support,126,RESOLVED,OFFICER
INC-2023-4656,2023-05-12T18:13:10.747Z,Anuradhapura,DRY,Drought,1,47136,0,Water Bowsers|Dry Rations,3134,RESOLVED,SENSOR
INC-2018-4657,2018-11-04T14:11:46.029Z,Ampara,EAST_NORTH,Drought,2,69440,0,Water Bowsers|Dry Rations,1755,RESOLVED,SENSOR
INC-2024-4658,2024-03-07T16:31:27.942Z,Kegalle,HILL,Forest Fire,4,0,0,Fire Trucks|Air Support,100,RESOLVED,CITIZEN
INC-2024-4659,2024-07-14T10:53:18.261Z,Nuwara Eliya,HILL,Flood,5,42575,3,Boats|Rescue Teams|Dry Rations|Medical Kits,87,RESOLVED,MEDIA
INC-2023-4660,2023-09-03T19:52:38.667Z,Kalutara,WET,Flood,2,6508,0,Dry Rations|Medical Kits,104,RESOLVED,CITIZEN
INC-2021-4661,2021-04-01T01:50:11.281Z,Galle,WET,Flood,3,14553,0,Boats|Rescue Teams|Dry Rations|Medical Kits,57,RESOLVED,OFFICER
INC-2022-4662,2022-07-14T12:24:16.510Z,Kilinochchi,EAST_NORTH,Animal Attack,1,1,0,Wildlife Officers|Veterinary Kits,61,RESOLVED,OFFICER
INC-2025-4663,2025-11-23T19:42:16.394Z,Ratnapura,HILL,Animal Attack,1,9,1,Wildlife Officers|Veterinary Kits,79,RESOLVED,CITIZEN
INC-2019-4664,2019-07-24T04:38:57.982Z,Kalutara,WET,Flood,2,4816,0,Dry Rations|Medical Kits,110,RESOLVED,CITIZEN
INC-2021-4665,2021-04-02T06:12:13.618Z,Batticaloa,EAST_NORTH,Flood,1,995,0,Dry Rations|Medical Kits,43,RESOLVED,SENSOR
INC-2026-4666,2026-05-22T11:46:44.583Z,Hambantota,DRY,Drought,1,24435,0,Water Bowsers|Dry Rations,2927,RESOLVED,SENSOR
INC-2019-4667,2019-03-18T14:14:20.808Z,Polonnaruwa,DRY,Drought,2,69580,0,Water Bowsers|Dry Rations,4312,RESOLVED,CITIZEN
INC-2019-4668,2019-10-28T10:54:31.377Z,Vavuniya,DRY,Drought,1,33333,0,Water Bowsers|Dry Rations,1940,RESOLVED,SENSOR
INC-2018-4669,2018-10-29T08:03:07.524Z,Kalutara,WET,Flood,4,17152,6,Boats|Rescue Teams|Dry Rations|Medical Kits,86,RESOLVED,OFFICER
INC-2025-4670,2025-11-17T16:24:00.082Z,Batticaloa,EAST_NORTH,Drought,2,60560,0,Water Bowsers|Dry Rations,3236,RESOLVED,OFFICER
INC-2019-4671,2019-11-14T03:49:05.417Z,Hambantota,DRY,Drought,1,24119,0,Water Bowsers|Dry Rations,3115,RESOLVED,OFFICER
INC-2018-4672,2018-08-16T21:10:27.207Z,Vavuniya,DRY,High Winds/Cyclone,1,1164,0,,86,RESOLVED,CITIZEN
INC-2021-4673,2021-08-20T02:36:12.379Z,Badulla,HILL,Landslide,1,121,0,Dry Rations|Medical Kits,106,RESOLVED,SENSOR
INC-2022-4674,2022-02-05T10:16:52.703Z,Kalutara,WET,High Winds/Cyclone,2,5096,0,,102,RESOLVED,OFFICER
INC-2021-4675,2021-11-14T17:31:40.169Z,Badulla,HILL,Landslide,1,267,0,Dry Rations|Medical Kits,82,RESOLVED,CITIZEN
INC-2019-4676,2019-05-05T22:11:15.584Z,Matale,HILL,Landslide,3,438,5,Boats|Rescue Teams|Dry Rations|Medical Kits,38,RESOLVED,CITIZEN
INC-2021-4677,2021-06-17T11:18:13.415Z,Matara,WET,Flood,1,1776,0,Dry Rations|Medical Kits,79,RESOLVED,CITIZEN
INC-2023-4678,2023-09-07T00:47:53.002Z,Matale,HILL,Landslide,3,1212,14,Boats|Rescue Teams|Dry Rations|Medical Kits,39,RESOLVED,CITIZEN
INC-2025-4679,2025-08-16T13:04:40.960Z,Hambantota,DRY,Drought,1,18497,0,Water Bowsers|Dry Rations,2950,RESOLVED,CITIZEN
INC-2025-4680,2025-02-27T16:16:51.443Z,Batticaloa,EAST_NORTH,High Winds/Cyclone,4,31952,3,,120,RESOLVED,SENSOR
INC-2025-4681,2025-01-17T04:53:38.087Z,Anuradhapura,DRY,Flood,3,2700,0,Boats|Rescue Teams|Dry Rations|Medical Kits,78,RESOLVED,CITIZEN
INC-2023-4682,2023-03-23T03:00:25.392Z,Kalutara,WET,High Winds/Cyclone,1,235,0,,26,RESOLVED,SENSOR
INC-2021-4683,2021-07-20T13:20:55.651Z,Kurunegala,DRY,Drought,1,24014,0,Water Bowsers|Dry Rations,3157,RESOLVED,CITIZEN
INC-2025-4684,2025-08-05T03:45:44.067Z,Kandy,HILL,Landslide,1,376,0,Dry Rations|Medical Kits,115,RESOLVED,SENSOR
INC-2020-4685,2020-12-18T18:55:01.015Z,Kalutara,WET,Flood,5,1925,9,Boats|Rescue Teams|Dry Rations|Medical Kits,117,RESOLVED,OFFICER
INC-2024-4686,2024-12-15T08:05:05.153Z,Kegalle,HILL,High Winds/Cyclone,5,34525,10,,108,RESOLVED,CITIZEN
INC-2018-4687,2018-08-31T13:36:45.906Z,Colombo,WET,High Winds/Cyclone,3,9063,0,,111,RESOLVED,OFFICER
INC-2023-4688,2023-06-05T18:56:46.679Z,Trincomalee,EAST_NORTH,Animal Attack,1,9,2,Wildlife Officers|Veterinary Kits,80,RESOLVED,OFFICER
INC-2024-4689,2024-11-03T19:02:05.135Z,Monaragala,DRY,High Winds/Cyclone,2,7980,0,,86,RESOLVED,CITIZEN
INC-2025-4690,2025-12-06T06:16:58.804Z,Colombo,WET,Flood,3,3744,0,Boats|Rescue Teams|Dry Rations|Medical Kits,56,RESOLVED,CITIZEN
INC-2023-4691,2023-12-14T20:39:41.371Z,Kegalle,HILL,Landslide,4,1468,11,Boats|Rescue Teams|Dry Rations|Medical Kits,126,RESOLVED,CITIZEN
INC-2022-4692,2022-03-07T10:35:23.248Z,Matale,HILL,Landslide,1,495,0,Dry Rations|Medical Kits,155,RESOLVED,OFFICER
INC-2018-4693,2018-05-21T22:00:53.224Z,Mannar,DRY,Drought,1,14245,0,Water Bowsers|Dry Rations,2449,RESOLVED,CITIZEN
INC-2025-4694,2025-11-15T12:51:05.993Z,Colombo,WET,Flood,5,37225,9,Boats|Rescue Teams|Dry Rations|Medical Kits,99,RESOLVED,SENSOR
INC-2019-4695,2019-01-08T05:31:01.310Z,Trincomalee,EAST_NORTH,Flood,5,41750,0,Boats|Rescue Teams|Dry Rations|Medical Kits,77,RESOLVED,CITIZEN
INC-2019-4696,2019-01-05T01:13:23.449Z,Matara,WET,Flood,3,2097,0,Boats|Rescue Teams|Dry Rations|Medical Kits,50,RESOLVED,OFFICER
INC-2021-4697,2021-10-10T00:43:50.651Z,Colombo,WET,Flood,4,8080,5,Boats|Rescue Teams|Dry Rations|Medical Kits,77,RESOLVED,SENSOR
INC-2021-4698,2021-02-20T06:44:32.950Z,Ampara,EAST_NORTH,Flood,2,2496,0,Dry Rations|Medical Kits,49,RESOLVED,CITIZEN
INC-2021-4699,2021-07-21T19:40:45.020Z,Ampara,EAST_NORTH,High Winds/Cyclone,3,13653,0,,25,RESOLVED,OFFICER
INC-2021-4700,2021-10-31T09:08:36.169Z,Polonnaruwa,DRY,Forest Fire,1,6,0,Fire Trucks|Air Support,238,RESOLVED,OFFICER
INC-2024-4701,2024-06-07T12:31:16.032Z,Kandy,HILL,Flood,3,17208,0,Boats|Rescue Teams|Dry Rations|Medical Kits,34,RESOLVED,SENSOR
INC-2025-4702,2025-08-24T16:07:35.696Z,Gampaha,WET,High Winds/Cyclone,1,1115,0,,77,RESOLVED,CITIZEN
INC-2021-4703,2021-10-11T23:16:12.920Z,Colombo,WET,Flood,1,1862,0,Dry Rations|Medical Kits,29,RESOLVED,SENSOR
INC-2025-4704,2025-01-05T07:16:06.106Z,Colombo,WET,Flood,2,5040,0,Dry Rations|Medical Kits,39,RESOLVED,CITIZEN
INC-2023-4705,2023-10-11T15:43:46.345Z,Colombo,WET,High Winds/Cyclone,2,664,0,,89,RESOLVED,CITIZEN
INC-2020-4706,2020-05-17T11:23:15.182Z,Badulla,HILL,Landslide,5,1145,15,Boats|Rescue Teams|Dry Rations|Medical Kits,152,RESOLVED,OFFICER
INC-2020-4707,2020-12-23T10:53:26.574Z,Ratnapura,HILL,High Winds/Cyclone,1,773,0,,62,RESOLVED,CITIZEN
INC-2021-4708,2021-02-06T00:20:43.461Z,Matale,HILL,Flood,3,11979,0,Boats|Rescue Teams|Dry Rations|Medical Kits,62,RESOLVED,CITIZEN
INC-2020-4709,2020-05-20T06:36:03.184Z,Colombo,WET,Flood,4,29504,6,Boats|Rescue Teams|Dry Rations|Medical Kits,118,RESOLVED,SENSOR
INC-2018-4710,2018-06-28T07:20:13.040Z,Colombo,WET,Flood,3,16209,0,Boats|Rescue Teams|Dry Rations|Medical Kits,31,RESOLVED,CITIZEN
INC-2021-4711,2021-01-21T23:12:44.545Z,Puttalam,DRY,Flood,4,18832,1,Boats|Rescue Teams|Dry Rations|Medical Kits,68,RESOLVED,MEDIA
INC-2023-4712,2023-07-14T19:23:01.376Z,Monaragala,DRY,Animal Attack,1,3,1,Wildlife Officers|Veterinary Kits,90,RESOLVED,CITIZEN
INC-2020-4713,2020-08-22T21:45:21.311Z,Hambantota,DRY,Drought,1,41125,0,Water Bowsers|Dry Rations,3744,RESOLVED,CITIZEN
INC-2024-4714,2024-02-17T06:16:14.097Z,Polonnaruwa,DRY,Flood,3,8091,0,Boats|Rescue Teams|Dry Rations|Medical Kits,46,RESOLVED,SENSOR
INC-2023-4715,2023-02-05T22:20:47.900Z,Matara,WET,Flood,2,7404,0,Dry Rations|Medical Kits,15,RESOLVED,CITIZEN
INC-2022-4716,2022-01-24T02:38:16.779Z,Anuradhapura,DRY,Flood,1,1676,0,Dry Rations|Medical Kits,44,RESOLVED,OFFICER
INC-2019-4717,2019-11-12T09:36:19.443Z,Gampaha,WET,Flood,2,7372,0,Dry Rations|Medical Kits,86,RESOLVED,OFFICER
INC-2021-4718,2021-06-08T01:17:17.260Z,Kalutara,WET,Flood,1,287,0,Dry Rations|Medical Kits,23,RESOLVED,SENSOR
INC-2024-4719,2024-02-11T14:58:24.966Z,Jaffna,EAST_NORTH,Flood,2,4712,0,Dry Rations|Medical Kits,96,RESOLVED,CITIZEN
INC-2020-4720,2020-06-09T19:02:11.373Z,Matara,WET,Flood,1,84,0,Dry Rations|Medical Kits,39,RESOLVED,CITIZEN
INC-2018-4721,2018-10-22T21:25:04.206Z,Galle,WET,Flood,4,25840,2,Boats|Rescue Teams|Dry Rations|Medical Kits,89,RESOLVED,CITIZEN
INC-2019-4722,2019-07-19T12:08:33.118Z,Puttalam,DRY,Drought,2,40626,0,Water Bowsers|Dry Rations,3969,RESOLVED,OFFICER
INC-2026-4723,2026-05-23T18:53:20.173Z,Jaffna,EAST_NORTH,Animal Attack,2,7,1,Wildlife Officers|Veterinary Kits,32,IN_PROGRESS,SENSOR
INC-2025-4724,2025-10-06T18:33:26.673Z,Matara,WET,Flood,3,13698,0,Boats|Rescue Teams|Dry Rations|Medical Kits,48,RESOLVED,CITIZEN
INC-2021-4725,2021-03-03T01:55:41.207Z,Badulla,HILL,Flood,3,6921,0,Boats|Rescue Teams|Dry Rations|Medical Kits,23,RESOLVED,OFFICER
INC-2024-4726,2024-11-04T07:28:34.596Z,Monaragala,DRY,Drought,2,12662,0,Water Bowsers|Dry Rations,3034,RESOLVED,CITIZEN
INC-2020-4727,2020-06-09T05:27:08.210Z,Trincomalee,EAST_NORTH,Animal Attack,1,6,2,Wildlife Officers|Veterinary Kits,85,RESOLVED,MEDIA
INC-2022-4728,2022-08-03T19:31:07.920Z,Polonnaruwa,DRY,Drought,2,88610,0,Water Bowsers|Dry Rations,3181,RESOLVED,CITIZEN
INC-2025-4729,2025-01-10T09:52:19.354Z,Galle,WET,High Winds/Cyclone,3,16857,0,,43,RESOLVED,SENSOR
INC-2022-4730,2022-11-25T01:13:55.353Z,Galle,WET,Flood,2,4864,0,Dry Rations|Medical Kits,40,RESOLVED,CITIZEN
INC-2021-4731,2021-08-21T13:29:32.919Z,Mullaitivu,EAST_NORTH,Drought,4,52540,0,Water Bowsers|Dry Rations,2073,RESOLVED,CITIZEN
INC-2020-4732,2020-11-03T08:28:26.270Z,Kilinochchi,EAST_NORTH,Flood,2,7512,0,Dry Rations|Medical Kits,101,RESOLVED,CITIZEN
INC-2025-4733,2025-12-06T22:27:39.986Z,Kilinochchi,EAST_NORTH,High Winds/Cyclone,3,13095,0,,58,RESOLVED,CITIZEN
INC-2019-4734,2019-11-08T05:51:18.804Z,Kilinochchi,EAST_NORTH,High Winds/Cyclone,4,9312,7,,79,RESOLVED,CITIZEN
INC-2026-4735,2026-04-09T04:16:37.140Z,Galle,WET,Animal Attack,1,1,0,Wildlife Officers|Veterinary Kits,86,RESOLVED,CITIZEN
INC-2023-4736,2023-11-26T07:29:02.096Z,Kilinochchi,EAST_NORTH,High Winds/Cyclone,2,5492,0,,91,RESOLVED,CITIZEN
INC-2020-4737,2020-02-28T03:25:25.271Z,Nuwara Eliya,HILL,High Winds/Cyclone,2,4912,0,,17,RESOLVED,CITIZEN
INC-2025-4738,2025-08-13T14:58:30.962Z,Matara,WET,High Winds/Cyclone,1,1518,0,,81,RESOLVED,OFFICER
INC-2022-4739,2022-02-21T16:41:57.798Z,Polonnaruwa,DRY,Flood,4,1872,7,Boats|Rescue Teams|Dry Rations|Medical Kits,107,RESOLVED,OFFICER
INC-2026-4740,2026-02-15T09:23:06.148Z,Nuwara Eliya,HILL,Landslide,1,120,0,Dry Rations|Medical Kits,103,RESOLVED,OFFICER
INC-2018-4741,2018-10-03T14:26:09.852Z,Kalutara,WET,High Winds/Cyclone,2,6908,0,,36,RESOLVED,CITIZEN
INC-2025-4742,2025-12-05T18:52:18.762Z,Anuradhapura,DRY,Flood,1,1555,0,Dry Rations|Medical Kits,20,RESOLVED,CITIZEN
INC-2024-4743,2024-10-03T14:14:24.283Z,Mullaitivu,EAST_NORTH,Flood,4,18192,5,Boats|Rescue Teams|Dry Rations|Medical Kits,88,RESOLVED,MEDIA
INC-2022-4744,2022-07-19T23:44:16.918Z,Kandy,HILL,Landslide,3,462,8,Boats|Rescue Teams|Dry Rations|Medical Kits,83,RESOLVED,OFFICER
INC-2018-4745,2018-10-17T07:25:59.221Z,Ratnapura,HILL,Flood,2,1628,0,Dry Rations|Medical Kits,15,RESOLVED,SENSOR
INC-2019-4746,2019-03-05T10:58:20.650Z,Matale,HILL,Animal Attack,1,2,0,Wildlife Officers|Veterinary Kits,63,RESOLVED,SENSOR
INC-2020-4747,2020-08-29T12:23:39.334Z,Ampara,EAST_NORTH,Flood,1,1297,0,Dry Rations|Medical Kits,42,RESOLVED,CITIZEN
INC-2026-4748,2026-04-19T15:40:38.603Z,Matara,WET,High Winds/Cyclone,1,1252,0,,73,RESOLVED,OFFICER
INC-2021-4749,2021-09-30T19:17:14.302Z,Kalutara,WET,High Winds/Cyclone,1,1956,0,,60,RESOLVED,SENSOR
INC-2022-4750,2022-04-27T22:34:42.925Z,Jaffna,EAST_NORTH,High Winds/Cyclone,1,1238,0,,70,RESOLVED,OFFICER
INC-2024-4751,2024-10-06T09:52:56.387Z,Colombo,WET,Flood,2,5792,0,Dry Rations|Medical Kits,23,RESOLVED,CITIZEN
INC-2024-4752,2024-08-14T14:49:31.415Z,Matara,WET,Flood,3,10530,0,Boats|Rescue Teams|Dry Rations|Medical Kits,37,RESOLVED,MEDIA
INC-2022-4753,2022-10-04T00:17:00.989Z,Kilinochchi,EAST_NORTH,High Winds/Cyclone,1,972,0,,97,RESOLVED,OFFICER
INC-2025-4754,2025-12-16T16:04:35.394Z,Galle,WET,High Winds/Cyclone,3,17307,0,,113,RESOLVED,SENSOR
INC-2024-4755,2024-07-13T02:41:28.787Z,Monaragala,DRY,Forest Fire,1,94,0,Fire Trucks|Air Support,70,RESOLVED,CITIZEN
INC-2018-4756,2018-03-11T19:48:15.574Z,Badulla,HILL,High Winds/Cyclone,2,3284,0,,119,RESOLVED,CITIZEN
INC-2021-4757,2021-06-08T08:37:07.431Z,Badulla,HILL,Landslide,1,406,0,Dry Rations|Medical Kits,165,RESOLVED,OFFICER
INC-2024-4758,2024-01-24T21:49:53.804Z,Kalutara,WET,High Winds/Cyclone,3,1890,0,,25,RESOLVED,OFFICER
INC-2021-4759,2021-01-18T09:40:55.429Z,Colombo,WET,Flood,2,7856,0,Dry Rations|Medical Kits,101,RESOLVED,OFFICER
INC-2020-4760,2020-10-25T21:54:11.418Z,Badulla,HILL,Landslide,2,830,0,Dry Rations|Medical Kits,48,RESOLVED,CITIZEN
INC-2021-4761,2021-06-20T23:20:34.214Z,Kurunegala,DRY,Drought,1,20608,0,Water Bowsers|Dry Rations,2953,RESOLVED,OFFICER
INC-2022-4762,2022-07-22T10:11:01.012Z,Ampara,EAST_NORTH,Drought,2,13484,0,Water Bowsers|Dry Rations,4279,RESOLVED,CITIZEN
INC-2021-4763,2021-12-01T20:13:44.047Z,Colombo,WET,Flood,2,7380,0,Dry Rations|Medical Kits,91,RESOLVED,CITIZEN
INC-2023-4764,2023-01-26T06:51:41.111Z,Ratnapura,HILL,Flood,2,3144,0,Dry Rations|Medical Kits,90,RESOLVED,CITIZEN
INC-2019-4765,2019-08-27T13:41:29.133Z,Vavuniya,DRY,Drought,2,86526,0,Water Bowsers|Dry Rations,2254,RESOLVED,OFFICER
INC-2023-4766,2023-12-07T23:24:15.720Z,Kilinochchi,EAST_NORTH,High Winds/Cyclone,2,732,0,,36,RESOLVED,MEDIA
INC-2018-4767,2018-02-28T21:36:02.798Z,Kegalle,HILL,Animal Attack,1,8,2,Wildlife Officers|Veterinary Kits,32,RESOLVED,CITIZEN
INC-2021-4768,2021-04-14T20:35:52.877Z,Puttalam,DRY,High Winds/Cyclone,1,336,0,,64,RESOLVED,CITIZEN
INC-2024-4769,2024-10-14T03:37:57.446Z,Kilinochchi,EAST_NORTH,Drought,1,39689,0,Water Bowsers|Dry Rations,3675,RESOLVED,OFFICER
INC-2020-4770,2020-12-06T03:26:57.577Z,Colombo,WET,High Winds/Cyclone,5,30325,1,,94,RESOLVED,CITIZEN
INC-2018-4771,2018-06-23T23:42:16.184Z,Gampaha,WET,High Winds/Cyclone,2,1700,0,,30,RESOLVED,SENSOR
INC-2023-4772,2023-08-27T21:25:12.353Z,Nuwara Eliya,HILL,Landslide,2,494,0,Dry Rations|Medical Kits,146,RESOLVED,OFFICER
INC-2024-4773,2024-04-29T23:38:49.391Z,Gampaha,WET,Flood,2,4692,0,Dry Rations|Medical Kits,56,RESOLVED,CITIZEN
INC-2020-4774,2020-09-03T00:36:10.968Z,Kalutara,WET,Flood,3,14463,0,Boats|Rescue Teams|Dry Rations|Medical Kits,90,RESOLVED,CITIZEN
INC-2020-4775,2020-11-17T07:07:10.072Z,Kegalle,HILL,Animal Attack,1,9,0,Wildlife Officers|Veterinary Kits,77,RESOLVED,SENSOR
INC-2019-4776,2019-07-29T16:39:47.290Z,Matara,WET,Flood,1,423,0,Dry Rations|Medical Kits,37,RESOLVED,CITIZEN
INC-2026-4777,2026-01-18T08:04:36.334Z,Galle,WET,Flood,2,4044,0,Dry Rations|Medical Kits,30,RESOLVED,OFFICER
INC-2023-4778,2023-12-10T12:58:52.860Z,Matara,WET,Flood,1,596,0,Dry Rations|Medical Kits,44,RESOLVED,SENSOR
INC-2024-4779,2024-07-04T13:51:04.538Z,Kalutara,WET,Flood,1,1295,0,Dry Rations|Medical Kits,63,RESOLVED,SENSOR
INC-2021-4780,2021-09-06T05:55:49.673Z,Kilinochchi,EAST_NORTH,Drought,5,123965,0,Water Bowsers|Dry Rations,2048,RESOLVED,OFFICER
INC-2025-4781,2025-02-24T17:50:50.028Z,Colombo,WET,High Winds/Cyclone,1,1176,0,,90,RESOLVED,OFFICER
INC-2023-4782,2023-09-29T01:40:12.447Z,Batticaloa,EAST_NORTH,Animal Attack,2,8,0,Wildlife Officers|Veterinary Kits,83,RESOLVED,OFFICER
INC-2019-4783,2019-01-09T22:51:25.624Z,Anuradhapura,DRY,Flood,4,10560,8,Boats|Rescue Teams|Dry Rations|Medical Kits,51,RESOLVED,CITIZEN
INC-2024-4784,2024-06-22T17:57:33.406Z,Jaffna,EAST_NORTH,Flood,2,3136,0,Dry Rations|Medical Kits,39,RESOLVED,CITIZEN
INC-2025-4785,2025-05-02T14:00:28.790Z,Badulla,HILL,High Winds/Cyclone,2,5856,0,,19,RESOLVED,OFFICER
INC-2025-4786,2025-01-20T21:56:48.435Z,Mullaitivu,EAST_NORTH,Flood,3,7866,0,Boats|Rescue Teams|Dry Rations|Medical Kits,58,RESOLVED,OFFICER
INC-2021-4787,2021-09-09T02:23:41.540Z,Kalutara,WET,Flood,3,15732,0,Boats|Rescue Teams|Dry Rations|Medical Kits,90,RESOLVED,CITIZEN
INC-2021-4788,2021-05-29T09:57:25.890Z,Gampaha,WET,Flood,3,9036,0,Boats|Rescue Teams|Dry Rations|Medical Kits,72,RESOLVED,CITIZEN
INC-2024-4789,2024-11-16T18:36:25.335Z,Monaragala,DRY,Animal Attack,1,9,2,Wildlife Officers|Veterinary Kits,74,RESOLVED,CITIZEN
INC-2021-4790,2021-02-05T07:00:41.201Z,Kilinochchi,EAST_NORTH,Animal Attack,1,8,1,Wildlife Officers|Veterinary Kits,35,RESOLVED,CITIZEN
INC-2020-4791,2020-03-19T17:41:26.531Z,Mannar,DRY,Drought,3,97806,0,Water Bowsers|Dry Rations,2919,RESOLVED,CITIZEN
INC-2024-4792,2024-02-01T23:57:24.554Z,Gampaha,WET,Animal Attack,2,3,1,Wildlife Officers|Veterinary Kits,38,RESOLVED,CITIZEN
INC-2026-4793,2026-03-11T17:59:58.014Z,Batticaloa,EAST_NORTH,High Winds/Cyclone,1,1739,0,,77,RESOLVED,SENSOR
INC-2020-4794,2020-09-13T09:20:26.595Z,Anuradhapura,DRY,Drought,1,6243,0,Water Bowsers|Dry Rations,2113,RESOLVED,CITIZEN
INC-2020-4795,2020-09-27T08:10:57.225Z,Galle,WET,Flood,1,624,0,Dry Rations|Medical Kits,27,RESOLVED,OFFICER
INC-2018-4796,2018-12-21T20:48:52.415Z,Ratnapura,HILL,Flood,2,3568,0,Dry Rations|Medical Kits,42,RESOLVED,CITIZEN
INC-2022-4797,2022-12-27T15:38:51.644Z,Colombo,WET,High Winds/Cyclone,5,42650,4,,62,RESOLVED,CITIZEN
INC-2021-4798,2021-10-30T02:26:44.624Z,Hambantota,DRY,Animal Attack,2,2,2,Wildlife Officers|Veterinary Kits,87,RESOLVED,CITIZEN
INC-2024-4799,2024-01-13T07:57:19.017Z,Monaragala,DRY,Flood,3,5481,0,Boats|Rescue Teams|Dry Rations|Medical Kits,81,RESOLVED,OFFICER
INC-2021-4800,2021-02-04T23:02:18.881Z,Gampaha,WET,Flood,3,10584,0,Boats|Rescue Teams|Dry Rations|Medical Kits,117,RESOLVED,OFFICER
INC-2020-4801,2020-09-27T09:25:08.993Z,Gampaha,WET,High Winds/Cyclone,1,218,0,,34,RESOLVED,CITIZEN
INC-2018-4802,2018-11-05T05:58:51.557Z,Puttalam,DRY,Drought,4,69440,0,Water Bowsers|Dry Rations,3402,RESOLVED,CITIZEN
INC-2018-4803,2018-01-18T12:46:11.041Z,Kegalle,HILL,Landslide,2,96,0,Dry Rations|Medical Kits,141,RESOLVED,CITIZEN
INC-2018-4804,2018-07-31T20:57:34.242Z,Mannar,DRY,Drought,1,11434,0,Water Bowsers|Dry Rations,3900,RESOLVED,CITIZEN
INC-2026-4805,2026-03-31T13:36:10.014Z,Galle,WET,Flood,2,3620,0,Dry Rations|Medical Kits,111,RESOLVED,CITIZEN
INC-2020-4806,2020-03-04T23:13:34.661Z,Monaragala,DRY,Forest Fire,3,60,0,Fire Trucks|Air Support,159,RESOLVED,SENSOR
INC-2022-4807,2022-02-26T02:17:32.346Z,Gampaha,WET,Animal Attack,1,2,1,Wildlife Officers|Veterinary Kits,41,RESOLVED,OFFICER
INC-2018-4808,2018-11-21T16:46:27.306Z,Trincomalee,EAST_NORTH,Flood,2,1356,0,Dry Rations|Medical Kits,60,RESOLVED,SENSOR
INC-2022-4809,2022-03-21T15:43:15.198Z,Matara,WET,Flood,1,1963,0,Dry Rations|Medical Kits,38,RESOLVED,OFFICER
INC-2019-4810,2019-02-02T10:50:29.636Z,Gampaha,WET,Flood,2,2932,0,Dry Rations|Medical Kits,64,RESOLVED,SENSOR
INC-2019-4811,2019-05-31T20:33:10.935Z,Ratnapura,HILL,Flood,1,1511,0,Dry Rations|Medical Kits,20,RESOLVED,SENSOR
INC-2020-4812,2020-04-09T17:59:48.290Z,Kurunegala,DRY,Flood,2,7020,0,Dry Rations|Medical Kits,49,RESOLVED,OFFICER
INC-2022-4813,2022-04-22T17:01:15.223Z,Polonnaruwa,DRY,Drought,1,12541,0,Water Bowsers|Dry Rations,4056,RESOLVED,CITIZEN
INC-2022-4814,2022-01-01T05:29:18.271Z,Colombo,WET,Animal Attack,1,4,2,Wildlife Officers|Veterinary Kits,88,RESOLVED,CITIZEN
INC-2020-4815,2020-11-25T07:51:05.081Z,Kandy,HILL,Landslide,5,310,0,Boats|Rescue Teams|Dry Rations|Medical Kits,125,RESOLVED,CITIZEN
INC-2024-4816,2024-07-24T00:18:05.515Z,Kilinochchi,EAST_NORTH,Animal Attack,1,10,1,Wildlife Officers|Veterinary Kits,32,RESOLVED,MEDIA
INC-2025-4817,2025-09-01T17:48:40.809Z,Mannar,DRY,Drought,1,34672,0,Water Bowsers|Dry Rations,4278,RESOLVED,SENSOR
INC-2022-4818,2022-11-20T17:00:32.763Z,Puttalam,DRY,Flood,1,1164,0,Dry Rations|Medical Kits,72,RESOLVED,OFFICER
INC-2025-4819,2025-11-10T10:37:26.520Z,Matara,WET,Flood,1,184,0,Dry Rations|Medical Kits,83,RESOLVED,OFFICER
INC-2026-4820,2026-01-20T15:21:28.982Z,Kurunegala,DRY,Animal Attack,1,7,0,Wildlife Officers|Veterinary Kits,81,RESOLVED,OFFICER
INC-2019-4821,2019-09-19T02:59:37.628Z,Polonnaruwa,DRY,Forest Fire,4,304,0,Fire Trucks|Air Support,221,RESOLVED,SENSOR
INC-2021-4822,2021-09-11T17:36:39.999Z,Puttalam,DRY,Animal Attack,1,5,1,Wildlife Officers|Veterinary Kits,89,RESOLVED,OFFICER
INC-2024-4823,2024-08-30T12:11:03.295Z,Nuwara Eliya,HILL,Landslide,2,948,0,Dry Rations|Medical Kits,157,RESOLVED,CITIZEN
INC-2018-4824,2018-09-10T00:33:08.178Z,Puttalam,DRY,Drought,1,26634,0,Water Bowsers|Dry Rations,3602,RESOLVED,MEDIA
INC-2018-4825,2018-10-09T00:13:28.788Z,Gampaha,WET,High Winds/Cyclone,2,7512,0,,65,RESOLVED,SENSOR
INC-2018-4826,2018-08-01T04:36:54.111Z,Kalutara,WET,Flood,3,15714,0,Boats|Rescue Teams|Dry Rations|Medical Kits,34,RESOLVED,SENSOR
INC-2020-4827,2020-02-07T01:29:08.949Z,Puttalam,DRY,Flood,1,454,0,Dry Rations|Medical Kits,108,RESOLVED,CITIZEN
INC-2025-4828,2025-03-10T17:34:23.985Z,Galle,WET,Flood,1,1367,0,Dry Rations|Medical Kits,77,RESOLVED,OFFICER
INC-2022-4829,2022-04-07T03:29:58.061Z,Badulla,HILL,Animal Attack,1,1,2,Wildlife Officers|Veterinary Kits,87,RESOLVED,CITIZEN
INC-2024-4830,2024-03-12T18:15:48.275Z,Ampara,EAST_NORTH,Drought,2,74912,0,Water Bowsers|Dry Rations,1736,RESOLVED,OFFICER
INC-2022-4831,2022-04-10T14:26:51.514Z,Vavuniya,DRY,Drought,4,85520,0,Water Bowsers|Dry Rations,1452,RESOLVED,CITIZEN
INC-2023-4832,2023-10-02T14:24:17.768Z,Mannar,DRY,Drought,4,61484,0,Water Bowsers|Dry Rations,1656,RESOLVED,CITIZEN
INC-2026-4833,2026-03-18T13:24:03.370Z,Vavuniya,DRY,Drought,3,123558,0,Water Bowsers|Dry Rations,3681,RESOLVED,CITIZEN
INC-2024-4834,2024-01-11T08:34:10.322Z,Kandy,HILL,Landslide,1,219,0,Dry Rations|Medical Kits,147,RESOLVED,CITIZEN
INC-2021-4835,2021-05-20T06:33:28.687Z,Mannar,DRY,Forest Fire,2,134,0,Fire Trucks|Air Support,120,RESOLVED,OFFICER
INC-2025-4836,2025-04-09T20:55:05.263Z,Trincomalee,EAST_NORTH,High Winds/Cyclone,1,1779,0,,64,RESOLVED,OFFICER
INC-2026-4837,2026-05-25T09:48:42.506Z,Hambantota,DRY,Flood,3,13743,0,Boats|Rescue Teams|Dry Rations|Medical Kits,93,RESOLVED,SENSOR
INC-2020-4838,2020-07-05T21:35:43.146Z,Matale,HILL,High Winds/Cyclone,1,1460,0,,100,RESOLVED,MEDIA
INC-2021-4839,2021-03-18T15:08:29.486Z,Kandy,HILL,Animal Attack,1,5,1,Wildlife Officers|Veterinary Kits,70,RESOLVED,SENSOR
INC-2025-4840,2025-05-30T02:45:38.296Z,Kegalle,HILL,Landslide,1,344,0,Dry Rations|Medical Kits,176,RESOLVED,CITIZEN
INC-2023-4841,2023-08-27T16:07:45.954Z,Matara,WET,Flood,2,492,0,Dry Rations|Medical Kits,42,RESOLVED,OFFICER
INC-2023-4842,2023-09-02T18:53:36.486Z,Matara,WET,High Winds/Cyclone,1,852,0,,24,RESOLVED,CITIZEN
INC-2020-4843,2020-06-09T23:45:08.944Z,Gampaha,WET,Flood,2,2784,0,Dry Rations|Medical Kits,58,RESOLVED,CITIZEN
INC-2025-4844,2025-07-04T13:19:31.999Z,Badulla,HILL,Flood,3,10152,0,Boats|Rescue Teams|Dry Rations|Medical Kits,76,RESOLVED,OFFICER
INC-2026-4845,2026-05-30T00:30:18.520Z,Puttalam,DRY,High Winds/Cyclone,1,1761,0,,36,RESOLVED,CITIZEN
INC-2025-4846,2025-10-05T19:51:01.736Z,Anuradhapura,DRY,Forest Fire,2,54,0,Fire Trucks|Air Support,111,RESOLVED,CITIZEN
INC-2022-4847,2022-11-26T05:32:49.659Z,Galle,WET,Animal Attack,1,5,1,Wildlife Officers|Veterinary Kits,71,RESOLVED,OFFICER
INC-2023-4848,2023-07-18T04:59:57.309Z,Mannar,DRY,Flood,3,6723,0,Boats|Rescue Teams|Dry Rations|Medical Kits,47,RESOLVED,CITIZEN
INC-2023-4849,2023-11-20T15:53:06.386Z,Anuradhapura,DRY,Drought,3,38637,0,Water Bowsers|Dry Rations,3673,RESOLVED,CITIZEN
INC-2023-4850,2023-07-12T03:10:20.114Z,Jaffna,EAST_NORTH,Animal Attack,1,1,1,Wildlife Officers|Veterinary Kits,55,RESOLVED,CITIZEN
INC-2025-4851,2025-08-08T07:31:19.095Z,Kurunegala,DRY,Drought,3,115338,0,Water Bowsers|Dry Rations,4314,RESOLVED,OFFICER
INC-2021-4852,2021-10-05T01:20:23.540Z,Colombo,WET,Animal Attack,1,1,2,Wildlife Officers|Veterinary Kits,50,RESOLVED,OFFICER
INC-2025-4853,2025-06-30T10:23:19.622Z,Galle,WET,Flood,5,12175,1,Boats|Rescue Teams|Dry Rations|Medical Kits,100,RESOLVED,OFFICER
INC-2023-4854,2023-09-07T07:34:57.001Z,Nuwara Eliya,HILL,Flood,2,4376,0,Dry Rations|Medical Kits,103,RESOLVED,OFFICER
INC-2018-4855,2018-12-10T04:04:52.179Z,Kalutara,WET,High Winds/Cyclone,1,748,0,,91,RESOLVED,CITIZEN
INC-2024-4856,2024-02-24T10:10:25.218Z,Ampara,EAST_NORTH,High Winds/Cyclone,1,1496,0,,75,RESOLVED,CITIZEN
INC-2022-4857,2022-11-19T00:51:45.438Z,Vavuniya,DRY,Drought,5,33815,0,Water Bowsers|Dry Rations,2388,RESOLVED,CITIZEN
INC-2025-4858,2025-01-31T01:20:25.658Z,Matara,WET,Flood,1,633,0,Dry Rations|Medical Kits,52,RESOLVED,OFFICER
INC-2022-4859,2022-10-13T17:45:10.244Z,Kegalle,HILL,Animal Attack,1,3,2,Wildlife Officers|Veterinary Kits,85,RESOLVED,OFFICER
INC-2025-4860,2025-11-24T06:01:42.830Z,Matale,HILL,Landslide,2,600,0,Dry Rations|Medical Kits,116,RESOLVED,OFFICER
INC-2023-4861,2023-05-09T03:07:08.586Z,Kalutara,WET,Flood,3,11736,0,Boats|Rescue Teams|Dry Rations|Medical Kits,116,RESOLVED,OFFICER
INC-2018-4862,2018-05-26T05:45:39.932Z,Kalutara,WET,Landslide,1,239,0,Dry Rations|Medical Kits,52,RESOLVED,CITIZEN
INC-2025-4863,2025-09-17T00:35:42.774Z,Kandy,HILL,Landslide,1,452,0,Dry Rations|Medical Kits,85,RESOLVED,CITIZEN
INC-2022-4864,2022-01-08T12:47:04.914Z,Vavuniya,DRY,Animal Attack,1,4,1,Wildlife Officers|Veterinary Kits,57,RESOLVED,OFFICER
INC-2018-4865,2018-06-03T03:09:46.655Z,Vavuniya,DRY,Flood,2,2076,0,Dry Rations|Medical Kits,39,RESOLVED,OFFICER
INC-2022-4866,2022-04-30T13:38:50.070Z,Matara,WET,Animal Attack,1,6,1,Wildlife Officers|Veterinary Kits,46,RESOLVED,CITIZEN
INC-2025-4867,2025-01-12T01:38:50.091Z,Colombo,WET,Flood,1,1327,0,Dry Rations|Medical Kits,92,RESOLVED,SENSOR
INC-2019-4868,2019-03-02T15:34:30.168Z,Jaffna,EAST_NORTH,Animal Attack,1,8,2,Wildlife Officers|Veterinary Kits,51,RESOLVED,OFFICER
INC-2026-4869,2026-02-14T01:09:44.626Z,Polonnaruwa,DRY,Flood,5,31050,10,Boats|Rescue Teams|Dry Rations|Medical Kits,27,RESOLVED,CITIZEN
INC-2023-4870,2023-04-12T01:20:32.535Z,Galle,WET,Landslide,1,224,0,Dry Rations|Medical Kits,65,RESOLVED,SENSOR
INC-2026-4871,2026-05-13T13:16:57.778Z,Badulla,HILL,Flood,4,15872,2,Boats|Rescue Teams|Dry Rations|Medical Kits,39,RESOLVED,OFFICER
INC-2018-4872,2018-04-22T11:38:42.612Z,Colombo,WET,Flood,3,6867,0,Boats|Rescue Teams|Dry Rations|Medical Kits,77,RESOLVED,OFFICER
INC-2019-4873,2019-10-11T05:41:47.915Z,Anuradhapura,DRY,Animal Attack,1,9,2,Wildlife Officers|Veterinary Kits,30,RESOLVED,SENSOR
INC-2023-4874,2023-01-15T16:47:17.935Z,Mullaitivu,EAST_NORTH,Flood,2,2340,0,Dry Rations|Medical Kits,74,RESOLVED,OFFICER
INC-2018-4875,2018-10-14T04:13:05.858Z,Kalutara,WET,Flood,2,2652,0,Dry Rations|Medical Kits,95,RESOLVED,CITIZEN
INC-2021-4876,2021-06-18T08:08:56.374Z,Polonnaruwa,DRY,Drought,2,57744,0,Water Bowsers|Dry Rations,2160,RESOLVED,CITIZEN
INC-2022-4877,2022-05-27T05:29:58.730Z,Kurunegala,DRY,Drought,4,71876,0,Water Bowsers|Dry Rations,1902,RESOLVED,OFFICER
INC-2022-4878,2022-07-18T22:00:29.074Z,Kalutara,WET,Flood,3,2808,0,Boats|Rescue Teams|Dry Rations|Medical Kits,109,RESOLVED,CITIZEN
INC-2021-4879,2021-08-25T13:37:41.850Z,Galle,WET,Flood,3,13311,0,Boats|Rescue Teams|Dry Rations|Medical Kits,41,RESOLVED,CITIZEN
INC-2023-4880,2023-03-05T15:49:20.720Z,Ampara,EAST_NORTH,Drought,1,6554,0,Water Bowsers|Dry Rations,1744,RESOLVED,CITIZEN
INC-2018-4881,2018-09-12T14:50:28.818Z,Ratnapura,HILL,Landslide,1,100,0,Dry Rations|Medical Kits,122,RESOLVED,SENSOR
INC-2025-4882,2025-03-10T10:00:47.325Z,Kegalle,HILL,Landslide,2,648,0,Dry Rations|Medical Kits,119,RESOLVED,OFFICER
INC-2018-4883,2018-03-21T01:33:27.370Z,Kurunegala,DRY,Drought,2,19398,0,Water Bowsers|Dry Rations,2368,RESOLVED,CITIZEN
INC-2024-4884,2024-07-02T14:06:14.940Z,Matara,WET,High Winds/Cyclone,1,1466,0,,71,RESOLVED,CITIZEN
INC-2020-4885,2020-07-27T22:45:03.348Z,Colombo,WET,Flood,1,1572,0,Dry Rations|Medical Kits,56,RESOLVED,CITIZEN
INC-2019-4886,2019-12-20T22:05:46.452Z,Colombo,WET,High Winds/Cyclone,1,1837,0,,117,RESOLVED,CITIZEN
INC-2021-4887,2021-04-17T06:01:07.468Z,Badulla,HILL,High Winds/Cyclone,3,14868,0,,59,RESOLVED,CITIZEN
INC-2021-4888,2021-04-12T15:49:43.064Z,Kandy,HILL,Forest Fire,1,80,0,Fire Trucks|Air Support,206,RESOLVED,SENSOR
INC-2024-4889,2024-02-08T04:38:58.051Z,Polonnaruwa,DRY,Flood,1,1998,0,Dry Rations|Medical Kits,38,RESOLVED,CITIZEN
INC-2019-4890,2019-05-02T20:50:58.033Z,Anuradhapura,DRY,Animal Attack,1,9,2,Wildlife Officers|Veterinary Kits,42,RESOLVED,CITIZEN
INC-2018-4891,2018-05-29T16:45:26.423Z,Nuwara Eliya,HILL,Flood,4,2448,2,Boats|Rescue Teams|Dry Rations|Medical Kits,28,RESOLVED,CITIZEN
INC-2019-4892,2019-07-06T14:05:31.070Z,Ratnapura,HILL,Flood,3,16668,0,Boats|Rescue Teams|Dry Rations|Medical Kits,107,RESOLVED,CITIZEN
INC-2025-4893,2025-12-30T21:54:17.065Z,Kilinochchi,EAST_NORTH,Flood,3,2763,0,Boats|Rescue Teams|Dry Rations|Medical Kits,119,RESOLVED,OFFICER
INC-2021-4894,2021-04-28T19:28:15.636Z,Gampaha,WET,Flood,3,12681,0,Boats|Rescue Teams|Dry Rations|Medical Kits,38,RESOLVED,OFFICER
INC-2025-4895,2025-06-01T04:20:11.468Z,Nuwara Eliya,HILL,Flood,3,7704,0,Boats|Rescue Teams|Dry Rations|Medical Kits,83,RESOLVED,CITIZEN
INC-2022-4896,2022-04-23T20:41:36.597Z,Batticaloa,EAST_NORTH,Drought,1,49487,0,Water Bowsers|Dry Rations,4208,RESOLVED,CITIZEN
INC-2025-4897,2025-10-11T11:52:34.095Z,Badulla,HILL,Landslide,1,56,0,Dry Rations|Medical Kits,114,RESOLVED,CITIZEN
INC-2019-4898,2019-03-19T18:59:19.012Z,Ratnapura,HILL,Animal Attack,2,10,1,Wildlife Officers|Veterinary Kits,55,RESOLVED,CITIZEN
INC-2025-4899,2025-11-12T13:34:24.090Z,Gampaha,WET,High Winds/Cyclone,2,6640,0,,116,RESOLVED,CITIZEN
INC-2023-4900,2023-04-10T00:38:54.447Z,Colombo,WET,Landslide,2,856,0,Dry Rations|Medical Kits,106,RESOLVED,OFFICER
INC-2024-4901,2024-06-15T14:32:30.818Z,Kurunegala,DRY,Drought,2,69396,0,Water Bowsers|Dry Rations,1545,RESOLVED,MEDIA
INC-2021-4902,2021-04-09T21:37:45.825Z,Galle,WET,Animal Attack,2,2,2,Wildlife Officers|Veterinary Kits,66,RESOLVED,CITIZEN
INC-2024-4903,2024-07-09T11:55:33.708Z,Badulla,HILL,Flood,4,5184,7,Boats|Rescue Teams|Dry Rations|Medical Kits,115,RESOLVED,CITIZEN
INC-2025-4904,2025-03-12T15:03:50.336Z,Ratnapura,HILL,Forest Fire,2,68,0,Fire Trucks|Air Support,45,RESOLVED,CITIZEN
INC-2023-4905,2023-05-06T00:29:02.793Z,Gampaha,WET,Flood,2,1304,0,Dry Rations|Medical Kits,95,RESOLVED,CITIZEN
INC-2025-4906,2025-05-02T05:48:50.517Z,Colombo,WET,Flood,1,1452,0,Dry Rations|Medical Kits,40,RESOLVED,CITIZEN
INC-2023-4907,2023-12-10T20:39:07.788Z,Ampara,EAST_NORTH,Flood,2,6360,0,Dry Rations|Medical Kits,58,RESOLVED,CITIZEN
INC-2025-4908,2025-02-22T09:40:23.725Z,Gampaha,WET,High Winds/Cyclone,3,8721,0,,46,RESOLVED,CITIZEN
INC-2023-4909,2023-11-21T05:53:59.447Z,Kalutara,WET,Animal Attack,2,5,1,Wildlife Officers|Veterinary Kits,86,RESOLVED,OFFICER
INC-2025-4910,2025-07-16T11:01:04.694Z,Polonnaruwa,DRY,Drought,4,78020,0,Water Bowsers|Dry Rations,1520,RESOLVED,OFFICER
INC-2023-4911,2023-04-02T17:40:17.502Z,Ratnapura,HILL,Forest Fire,3,186,0,Fire Trucks|Air Support,135,RESOLVED,OFFICER
INC-2025-4912,2025-02-10T05:09:13.823Z,Batticaloa,EAST_NORTH,Animal Attack,1,3,0,Wildlife Officers|Veterinary Kits,51,RESOLVED,CITIZEN
INC-2020-4913,2020-12-12T12:49:53.779Z,Matara,WET,Animal Attack,1,6,2,Wildlife Officers|Veterinary Kits,72,RESOLVED,CITIZEN
INC-2021-4914,2021-12-09T14:02:55.084Z,Kandy,HILL,Forest Fire,2,148,0,Fire Trucks|Air Support,206,RESOLVED,SENSOR
INC-2018-4915,2018-12-29T11:28:19.240Z,Galle,WET,Animal Attack,1,6,1,Wildlife Officers|Veterinary Kits,33,RESOLVED,OFFICER
INC-2025-4916,2025-01-08T23:23:17.891Z,Mullaitivu,EAST_NORTH,High Winds/Cyclone,1,1712,0,,85,RESOLVED,CITIZEN
INC-2021-4917,2021-12-25T21:13:16.140Z,Nuwara Eliya,HILL,Landslide,1,444,0,Dry Rations|Medical Kits,152,RESOLVED,OFFICER
INC-2026-4918,2026-03-16T04:04:12.969Z,Batticaloa,EAST_NORTH,Flood,1,913,0,Dry Rations|Medical Kits,58,RESOLVED,CITIZEN
INC-2021-4919,2021-02-18T20:44:34.376Z,Kandy,HILL,Forest Fire,3,204,0,Fire Trucks|Air Support,172,RESOLVED,CITIZEN
INC-2024-4920,2024-12-25T15:29:06.093Z,Gampaha,WET,Flood,1,890,0,Dry Rations|Medical Kits,20,RESOLVED,OFFICER
INC-2018-4921,2018-04-24T10:54:24.624Z,Galle,WET,Flood,4,16352,4,Boats|Rescue Teams|Dry Rations|Medical Kits,45,RESOLVED,SENSOR
INC-2020-4922,2020-12-06T13:25:40.025Z,Gampaha,WET,Landslide,1,108,0,Dry Rations|Medical Kits,133,RESOLVED,CITIZEN
INC-2018-4923,2018-07-06T02:49:26.717Z,Puttalam,DRY,Drought,1,37737,0,Water Bowsers|Dry Rations,3905,RESOLVED,OFFICER
INC-2024-4924,2024-08-29T21:23:39.947Z,Matale,HILL,Flood,2,6828,0,Dry Rations|Medical Kits,114,RESOLVED,CITIZEN
INC-2024-4925,2024-03-18T08:32:21.360Z,Kegalle,HILL,Forest Fire,1,64,0,Fire Trucks|Air Support,183,RESOLVED,OFFICER
INC-2018-4926,2018-02-26T15:26:37.124Z,Colombo,WET,Flood,4,28544,8,Boats|Rescue Teams|Dry Rations|Medical Kits,52,RESOLVED,OFFICER
INC-2024-4927,2024-02-24T15:04:00.105Z,Polonnaruwa,DRY,Flood,1,321,0,Dry Rations|Medical Kits,30,RESOLVED,OFFICER
INC-2025-4928,2025-11-29T20:08:40.123Z,Kalutara,WET,Flood,2,4592,0,Dry Rations|Medical Kits,46,RESOLVED,CITIZEN
INC-2024-4929,2024-05-07T09:12:42.478Z,Badulla,HILL,High Winds/Cyclone,3,1494,0,,104,RESOLVED,OFFICER
INC-2018-4930,2018-12-06T19:08:52.830Z,Vavuniya,DRY,Flood,2,5612,0,Dry Rations|Medical Kits,30,RESOLVED,CITIZEN
INC-2023-4931,2023-04-12T21:39:23.842Z,Mannar,DRY,Flood,2,6548,0,Dry Rations|Medical Kits,114,RESOLVED,OFFICER
INC-2024-4932,2024-10-08T22:52:46.778Z,Kalutara,WET,Flood,2,1688,0,Dry Rations|Medical Kits,51,RESOLVED,CITIZEN
INC-2022-4933,2022-03-23T23:18:25.996Z,Vavuniya,DRY,Animal Attack,1,8,1,Wildlife Officers|Veterinary Kits,71,RESOLVED,SENSOR
INC-2019-4934,2019-07-16T20:24:54.721Z,Galle,WET,Landslide,1,449,0,Dry Rations|Medical Kits,128,RESOLVED,CITIZEN
INC-2020-4935,2020-09-08T16:55:49.074Z,Vavuniya,DRY,Drought,5,222100,0,Water Bowsers|Dry Rations,3479,RESOLVED,CITIZEN
INC-2018-4936,2018-05-23T16:31:36.466Z,Ratnapura,HILL,High Winds/Cyclone,1,724,0,,97,RESOLVED,SENSOR
INC-2019-4937,2019-09-28T20:22:33.692Z,Nuwara Eliya,HILL,Landslide,1,141,0,Dry Rations|Medical Kits,66,RESOLVED,OFFICER
INC-2020-4938,2020-07-22T17:26:11.615Z,Jaffna,EAST_NORTH,Animal Attack,1,4,2,Wildlife Officers|Veterinary Kits,75,RESOLVED,SENSOR
INC-2026-4939,2026-02-03T05:27:34.174Z,Ampara,EAST_NORTH,Flood,1,546,0,Dry Rations|Medical Kits,48,RESOLVED,CITIZEN
INC-2026-4940,2026-04-27T12:37:48.379Z,Colombo,WET,Flood,3,8451,0,Boats|Rescue Teams|Dry Rations|Medical Kits,110,RESOLVED,OFFICER
INC-2023-4941,2023-05-17T16:25:55.337Z,Trincomalee,EAST_NORTH,Animal Attack,1,2,1,Wildlife Officers|Veterinary Kits,64,RESOLVED,SENSOR
INC-2022-4942,2022-09-02T06:14:19.423Z,Galle,WET,Flood,3,6147,0,Boats|Rescue Teams|Dry Rations|Medical Kits,25,RESOLVED,OFFICER
INC-2023-4943,2023-12-08T20:37:35.398Z,Nuwara Eliya,HILL,Forest Fire,4,92,0,Fire Trucks|Air Support,54,RESOLVED,SENSOR
INC-2024-4944,2024-05-19T16:40:25.379Z,Badulla,HILL,Landslide,1,292,0,Dry Rations|Medical Kits,171,RESOLVED,OFFICER
INC-2018-4945,2018-01-05T12:05:04.306Z,Colombo,WET,Flood,4,22880,6,Boats|Rescue Teams|Dry Rations|Medical Kits,41,RESOLVED,CITIZEN
INC-2018-4946,2018-01-25T14:28:49.080Z,Batticaloa,EAST_NORTH,High Winds/Cyclone,1,1558,0,,67,RESOLVED,OFFICER
INC-2025-4947,2025-07-04T17:30:00.182Z,Colombo,WET,Flood,4,24240,7,Boats|Rescue Teams|Dry Rations|Medical Kits,17,RESOLVED,OFFICER
INC-2021-4948,2021-04-02T10:44:50.160Z,Kandy,HILL,Forest Fire,1,51,0,Fire Trucks|Air Support,197,RESOLVED,OFFICER
INC-2019-4949,2019-10-25T16:13:47.683Z,Kalutara,WET,High Winds/Cyclone,3,756,0,,112,RESOLVED,OFFICER
INC-2022-4950,2022-02-23T17:10:09.821Z,Matara,WET,High Winds/Cyclone,1,1685,0,,23,RESOLVED,CITIZEN
INC-2021-4951,2021-07-19T02:18:40.211Z,Anuradhapura,DRY,Animal Attack,1,5,1,Wildlife Officers|Veterinary Kits,46,RESOLVED,MEDIA
INC-2019-4952,2019-07-09T01:35:19.148Z,Badulla,HILL,High Winds/Cyclone,3,10062,0,,69,RESOLVED,CITIZEN
INC-2018-4953,2018-07-02T16:28:53.126Z,Galle,WET,Flood,4,3216,8,Boats|Rescue Teams|Dry Rations|Medical Kits,109,RESOLVED,CITIZEN
INC-2025-4954,2025-08-02T18:15:28.993Z,Galle,WET,Flood,1,1294,0,Dry Rations|Medical Kits,88,RESOLVED,OFFICER
INC-2021-4955,2021-12-23T21:53:14.910Z,Jaffna,EAST_NORTH,High Winds/Cyclone,2,4020,0,,26,RESOLVED,CITIZEN
INC-2025-4956,2025-09-26T09:58:04.648Z,Trincomalee,EAST_NORTH,Drought,3,97407,0,Water Bowsers|Dry Rations,3537,RESOLVED,SENSOR
INC-2023-4957,2023-10-31T06:24:44.879Z,Ratnapura,HILL,Forest Fire,2,78,0,Fire Trucks|Air Support,168,RESOLVED,CITIZEN
INC-2026-4958,2026-03-03T15:59:47.416Z,Hambantota,DRY,High Winds/Cyclone,4,4976,7,,80,RESOLVED,CITIZEN
INC-2018-4959,2018-07-26T09:09:22.857Z,Matara,WET,Flood,2,1276,0,Dry Rations|Medical Kits,25,RESOLVED,SENSOR
INC-2019-4960,2019-09-14T13:59:06.855Z,Jaffna,EAST_NORTH,Drought,3,25473,0,Water Bowsers|Dry Rations,1709,RESOLVED,CITIZEN
INC-2023-4961,2023-11-05T19:02:47.820Z,Ampara,EAST_NORTH,High Winds/Cyclone,4,2096,5,,94,RESOLVED,CITIZEN
INC-2022-4962,2022-11-04T23:52:27.890Z,Kegalle,HILL,Flood,1,913,0,Dry Rations|Medical Kits,38,RESOLVED,CITIZEN
INC-2018-4963,2018-08-12T01:13:06.682Z,Colombo,WET,Flood,3,12060,0,Boats|Rescue Teams|Dry Rations|Medical Kits,23,RESOLVED,CITIZEN
INC-2022-4964,2022-10-06T18:09:10.304Z,Kegalle,HILL,Flood,1,1619,0,Dry Rations|Medical Kits,107,RESOLVED,OFFICER
INC-2019-4965,2019-06-16T17:30:09.020Z,Mannar,DRY,Flood,3,3699,0,Boats|Rescue Teams|Dry Rations|Medical Kits,102,RESOLVED,CITIZEN
INC-2025-4966,2025-04-18T04:53:26.045Z,Colombo,WET,Flood,1,873,0,Dry Rations|Medical Kits,61,RESOLVED,SENSOR
INC-2020-4967,2020-10-16T07:10:05.172Z,Kegalle,HILL,Flood,1,736,0,Dry Rations|Medical Kits,91,RESOLVED,OFFICER
INC-2024-4968,2024-10-25T16:57:12.991Z,Kalutara,WET,Flood,1,63,0,Dry Rations|Medical Kits,20,RESOLVED,MEDIA
INC-2019-4969,2019-09-19T11:57:41.909Z,Galle,WET,Flood,1,1949,0,Dry Rations|Medical Kits,111,RESOLVED,SENSOR
INC-2018-4970,2018-09-30T19:27:21.026Z,Gampaha,WET,Animal Attack,1,2,2,Wildlife Officers|Veterinary Kits,68,RESOLVED,OFFICER
INC-2021-4971,2021-04-26T09:22:10.994Z,Galle,WET,Landslide,2,320,0,Dry Rations|Medical Kits,72,RESOLVED,OFFICER
INC-2019-4972,2019-01-18T20:20:40.054Z,Galle,WET,Flood,3,6804,0,Boats|Rescue Teams|Dry Rations|Medical Kits,68,RESOLVED,CITIZEN
INC-2024-4973,2024-01-20T20:06:57.412Z,Hambantota,DRY,Flood,3,8298,0,Boats|Rescue Teams|Dry Rations|Medical Kits,77,RESOLVED,CITIZEN
INC-2020-4974,2020-06-04T20:41:19.413Z,Ampara,EAST_NORTH,High Winds/Cyclone,1,315,0,,65,RESOLVED,OFFICER
INC-2018-4975,2018-09-13T19:24:55.882Z,Colombo,WET,High Winds/Cyclone,3,11439,0,,114,RESOLVED,MEDIA
INC-2024-4976,2024-04-10T08:11:00.392Z,Polonnaruwa,DRY,Drought,1,28967,0,Water Bowsers|Dry Rations,2262,RESOLVED,CITIZEN
INC-2022-4977,2022-05-04T23:14:36.138Z,Kalutara,WET,High Winds/Cyclone,3,2457,0,,30,RESOLVED,CITIZEN
INC-2019-4978,2019-01-03T16:31:50.859Z,Kandy,HILL,High Winds/Cyclone,3,9297,0,,35,RESOLVED,OFFICER
INC-2024-4979,2024-12-30T21:19:23.712Z,Gampaha,WET,Flood,3,14481,0,Boats|Rescue Teams|Dry Rations|Medical Kits,17,RESOLVED,CITIZEN
INC-2025-4980,2025-03-28T07:40:49.821Z,Ratnapura,HILL,Landslide,1,363,0,Dry Rations|Medical Kits,94,RESOLVED,SENSOR
INC-2024-4981,2024-12-19T14:20:46.783Z,Kurunegala,DRY,Flood,1,296,0,Dry Rations|Medical Kits,93,RESOLVED,SENSOR
INC-2023-4982,2023-02-16T12:59:07.910Z,Kurunegala,DRY,Flood,1,1548,0,Dry Rations|Medical Kits,64,RESOLVED,CITIZEN
INC-2018-4983,2018-12-27T16:31:11.486Z,Galle,WET,Landslide,5,1400,15,Boats|Rescue Teams|Dry Rations|Medical Kits,133,RESOLVED,OFFICER
INC-2026-4984,2026-04-10T16:30:14.132Z,Kalutara,WET,High Winds/Cyclone,1,1026,0,,21,RESOLVED,CITIZEN
INC-2024-4985,2024-04-10T22:14:23.064Z,Kalutara,WET,Animal Attack,2,1,2,Wildlife Officers|Veterinary Kits,82,RESOLVED,CITIZEN
INC-2021-4986,2021-07-23T06:36:27.993Z,Vavuniya,DRY,Forest Fire,2,200,0,Fire Trucks|Air Support,107,RESOLVED,CITIZEN
INC-2022-4987,2022-01-07T20:08:58.973Z,Mannar,DRY,Flood,1,1901,0,Dry Rations|Medical Kits,40,RESOLVED,CITIZEN
INC-2019-4988,2019-12-15T14:38:09.445Z,Kalutara,WET,Landslide,3,834,2,Boats|Rescue Teams|Dry Rations|Medical Kits,89,RESOLVED,CITIZEN
INC-2021-4989,2021-08-28T18:12:14.842Z,Galle,WET,Landslide,2,522,0,Dry Rations|Medical Kits,119,RESOLVED,SENSOR
INC-2019-4990,2019-05-08T01:29:30.990Z,Nuwara Eliya,HILL,Flood,1,528,0,Dry Rations|Medical Kits,27,RESOLVED,OFFICER
INC-2019-4991,2019-08-30T23:39:30.196Z,Trincomalee,EAST_NORTH,Drought,1,8782,0,Water Bowsers|Dry Rations,3361,RESOLVED,CITIZEN
INC-2021-4992,2021-03-18T03:49:45.429Z,Nuwara Eliya,HILL,Forest Fire,1,66,0,Fire Trucks|Air Support,69,RESOLVED,CITIZEN
INC-2019-4993,2019-05-09T17:01:58.867Z,Matale,HILL,Landslide,2,592,0,Dry Rations|Medical Kits,162,RESOLVED,OFFICER
INC-2020-4994,2020-05-18T22:38:44.786Z,Jaffna,EAST_NORTH,Drought,3,35136,0,Water Bowsers|Dry Rations,3841,RESOLVED,CITIZEN
INC-2019-4995,2019-09-21T23:02:05.066Z,Matara,WET,High Winds/Cyclone,1,1018,0,,100,RESOLVED,SENSOR
INC-2026-4996,2026-01-19T05:19:23.764Z,Kalutara,WET,High Winds/Cyclone,4,8240,1,,100,RESOLVED,CITIZEN
INC-2022-4997,2022-08-01T06:10:56.569Z,Matale,HILL,Landslide,1,232,0,Dry Rations|Medical Kits,48,RESOLVED,MEDIA
INC-2021-4998,2021-02-23T23:58:48.378Z,Matale,HILL,Forest Fire,4,200,0,Fire Trucks|Air Support,128,RESOLVED,MEDIA
INC-2018-4999,2018-01-12T06:28:41.091Z,Kalutara,WET,Animal Attack,2,4,1,Wildlife Officers|Veterinary Kits,61,RESOLVED,CITIZEN
INC-2025-5000,2025-12-05T12:12:09.893Z,Monaragala,DRY,High Winds/Cyclone,2,2508,0,,111,RESOLVED,OFFICER
