Incident_ID,Timestamp,District,Zone,Incident_Type,Severity_Level,Priority_Label,Affected_Population,Casualties,Required_Resources,Response_Time_Mins,Status,Reported_By,Report_Channel,Report_Language,Weather_Condition,Has_Photo_Evidence,Has_Video_Evidence,Offline_Submission,Is_Verified,Verified_By,Volunteers_Dispatched,Tasks_Created,Tasks_Completed,Relief_Tokens_Issued,Psych_Support_Needed,Damage_Category,Estimated_Loss_LKR,Is_Monsoon_Season,Month,Hour_Of_Day,Day_Of_Week,Has_Children,Has_Elderly,Has_Disabled
INC-2022-0001,2022-01-10T19:20:16,Ratnapura,WET,High Winds/Cyclone,3,HIGH,699,44,Rescue Teams|Medical Kits,23,RESOLVED,CITIZEN,MOBILE_APP,SINHALA,RAIN,False,False,False,True,OFFICER-01,7,4,4,2,False,MODERATE,0,True,1,14,0,True,True,True
INC-2025-0002,2025-05-17T09:58:32,Trincomalee,WET,Drought,2,MEDIUM,186,0,Rescue Teams|Medical Kits,33,RESOLVED,CITIZEN,MOBILE_APP,ENGLISH,RAIN,False,True,False,True,OFFICER-01,6,0,4,45,False,MODERATE,0,True,5,22,5,False,False,False
INC-2022-0003,2022-01-17T09:46:11,Anuradhapura,WET,Flood,3,HIGH,507,18,Rescue Teams|Medical Kits,25,RESOLVED,CITIZEN,MOBILE_APP,TAMIL,RAIN,True,False,False,True,OFFICER-01,5,0,4,69,False,MODERATE,0,True,1,4,0,True,True,False
INC-2024-0004,2024-04-25T05:05:41,Batticaloa,WET,Drought,3,HIGH,506,7,Rescue Teams|Medical Kits,64,RESOLVED,CITIZEN,MOBILE_APP,ENGLISH,RAIN,True,False,False,True,OFFICER-01,0,5,3,47,False,MODERATE,0,True,4,18,3,False,True,False
INC-2022-0005,2022-02-27T01:32:03,Jaffna,WET,Flood,1,LOW,15,0,Rescue Teams|Medical Kits,59,RESOLVED,CITIZEN,MOBILE_APP,SINHALA,RAIN,True,False,False,True,OFFICER-01,10,5,0,98,False,MODERATE,0,True,2,2,6,False,False,False
INC-2024-0006,2024-12-12T21:51:23,Jaffna,WET,High Winds/Cyclone,2,MEDIUM,237,0,Rescue Teams|Medical Kits,20,RESOLVED,CITIZEN,MOBILE_APP,ENGLISH,RAIN,True,False,False,True,OFFICER-01,8,2,5,22,False,MODERATE,0,True,12,4,3,False,True,False
INC-2025-0007,2025-10-28T05:37:56,Monaragala,WET,Building Collapse,2,MEDIUM,282,0,Rescue Teams|Medical Kits,95,RESOLVED,CITIZEN,MOBILE_APP,SINHALA,RAIN,True,False,False,True,OFFICER-01,2,0,5,99,False,MODERATE,0,True,10,15,1,False,True,False
INC-2023-0008,2023-11-22T23:03:46,Gampaha,WET,Landslide,2,MEDIUM,77,0,Rescue Teams|Medical Kits,116,RESOLVED,CITIZEN,MOBILE_APP,SINHALA,RAIN,False,False,False,True,OFFICER-01,0,2,2,65,False,MODERATE,0,True,11,1,2,False,False,False
INC-2023-0009,2023-05-22T05:44:15,Matale,WET,Landslide,4,CRITICAL,1153,26,Rescue Teams|Medical Kits,19,RESOLVED,CITIZEN,MOBILE_APP,TAMIL,RAIN,True,True,False,True,OFFICER-01,3,2,2,99,False,MODERATE,0,True,5,22,0,False,True,True
INC-2020-0010,2020-05-28T12:31:36,Mullaitivu,WET,Drought,1,LOW,40,0,Rescue Teams|Medical Kits,117,RESOLVED,CITIZEN,MOBILE_APP,ENGLISH,RAIN,False,True,False,True,OFFICER-01,6,3,5,56,False,MODERATE,0,True,5,3,3,False,False,False
INC-2023-0011,2023-04-16T06:19:25,Puttalam,WET,Building Collapse,1,LOW,80,0,Rescue Teams|Medical Kits,103,RESOLVED,CITIZEN,MOBILE_APP,ENGLISH,RAIN,False,True,False,True,OFFICER-01,5,4,2,10,False,MODERATE,0,True,4,15,6,False,False,False
INC-2026-0012,2026-03-08T23:06:46,Badulla,WET,Flood,2,MEDIUM,293,0,Rescue Teams|Medical Kits,120,RESOLVED,CITIZEN,MOBILE_APP,SINHALA,RAIN,False,False,False,True,OFFICER-01,8,2,2,13,False,MODERATE,0,True,3,19,6,True,False,False
INC-2020-0013,2020-09-05T18:22:15,Puttalam,WET,High Winds/Cyclone,2,MEDIUM,281,0,Rescue Teams|Medical Kits,72,RESOLVED,CITIZEN,MOBILE_APP,TAMIL,RAIN,False,False,False,True,OFFICER-01,6,1,5,56,False,MODERATE,0,True,9,9,5,True,False,False
INC-2022-0014,2022-12-28T05:14:35,Kegalle,WET,High Winds/Cyclone,3,HIGH,871,17,Rescue Teams|Medical Kits,93,RESOLVED,CITIZEN,MOBILE_APP,ENGLISH,RAIN,True,False,False,True,OFFICER-01,4,5,0,9,False,MODERATE,0,True,12,23,2,True,True,False
INC-2025-0015,2025-09-16T07:05:53,Badulla,WET,Landslide,3,HIGH,617,18,Rescue Teams|Medical Kits,101,RESOLVED,CITIZEN,MOBILE_APP,SINHALA,RAIN,True,False,False,True,OFFICER-01,0,1,4,86,False,MODERATE,0,True,9,23,1,False,True,False
INC-2023-0016,2023-09-23T08:32:02,Gampaha,WET,Flood,2,MEDIUM,170,0,Rescue Teams|Medical Kits,114,RESOLVED,CITIZEN,MOBILE_APP,TAMIL,RAIN,True,False,False,True,OFFICER-01,5,2,3,72,False,MODERATE,0,True,9,7,5,True,False,False
INC-2020-0017,2020-04-10T14:49:28,Vavuniya,WET,Drought,1,LOW,77,0,Rescue Teams|Medical Kits,62,RESOLVED,CITIZEN,MOBILE_APP,ENGLISH,RAIN,False,False,False,True,OFFICER-01,7,0,4,17,False,MODERATE,0,True,4,14,4,False,False,False
INC-2024-0018,2024-07-02T23:23:25,Anuradhapura,WET,Drought,1,LOW,59,0,Rescue Teams|Medical Kits,50,RESOLVED,CITIZEN,MOBILE_APP,SINHALA,RAIN,False,False,False,True,OFFICER-01,1,0,5,23,False,MODERATE,0,True,7,20,1,False,False,False
INC-2024-0019,2024-03-30T11:24:53,Trincomalee,WET,Drought,2,MEDIUM,229,0,Rescue Teams|Medical Kits,30,RESOLVED,CITIZEN,MOBILE_APP,ENGLISH,RAIN,True,False,False,True,OFFICER-01,4,5,3,27,False,MODERATE,0,True,3,17,5,False,True,True
INC-2025-0020,2025-03-16T00:52:11,Kurunegala,WET,High Winds/Cyclone,2,MEDIUM,226,0,Rescue Teams|Medical Kits,40,RESOLVED,CITIZEN,MOBILE_APP,SINHALA,RAIN,True,False,False,True,OFFICER-01,2,0,3,22,False,MODERATE,0,True,3,15,6,False,False,False
INC-2026-0021,2026-01-25T08:42:52,Monaragala,WET,Building Collapse,2,MEDIUM,225,0,Rescue Teams|Medical Kits,55,RESOLVED,CITIZEN,MOBILE_APP,TAMIL,RAIN,False,False,False,True,OFFICER-01,5,5,0,70,False,MODERATE,0,True,1,21,6,False,False,False
INC-2024-0022,2024-08-11T11:13:36,Hambantota,WET,Flood,3,HIGH,585,18,Rescue Teams|Medical Kits,106,RESOLVED,CITIZEN,MOBILE_APP,TAMIL,RAIN,True,False,False,True,OFFICER-01,10,1,2,65,False,MODERATE,0,True,8,5,6,True,True,True
INC-2021-0023,2021-11-27T16:40:00,Gampaha,WET,Flood,3,HIGH,593,25,Rescue Teams|Medical Kits,45,RESOLVED,CITIZEN,MOBILE_APP,ENGLISH,RAIN,False,True,False,True,OFFICER-01,0,2,4,73,False,MODERATE,0,True,11,4,5,False,False,True
INC-2023-0024,2023-02-20T04:00:37,Monaragala,WET,Forest Fire,2,MEDIUM,83,0,Rescue Teams|Medical Kits,31,RESOLVED,CITIZEN,MOBILE_APP,TAMIL,RAIN,False,False,False,True,OFFICER-01,1,0,2,50,False,MODERATE,0,True,2,17,0,False,True,False
INC-2026-0025,2026-02-05T10:26:37,Monaragala,WET,Landslide,4,CRITICAL,803,54,Rescue Teams|Medical Kits,120,RESOLVED,CITIZEN,MOBILE_APP,TAMIL,RAIN,True,False,False,True,OFFICER-01,1,1,2,82,False,MODERATE,0,True,2,0,3,True,True,False
INC-2020-0026,2020-08-18T10:08:40,Ratnapura,WET,Landslide,4,CRITICAL,973,19,Rescue Teams|Medical Kits,31,RESOLVED,CITIZEN,MOBILE_APP,TAMIL,RAIN,True,False,False,True,OFFICER-01,10,4,1,98,False,MODERATE,0,True,8,23,1,True,False,True
INC-2021-0027,2021-02-04T21:23:41,Badulla,WET,Drought,1,LOW,74,0,Rescue Teams|Medical Kits,30,RESOLVED,CITIZEN,MOBILE_APP,TAMIL,RAIN,False,False,False,True,OFFICER-01,2,2,1,20,False,MODERATE,0,True,2,1,3,False,False,False
INC-2022-0028,2022-09-29T11:19:44,Mannar,WET,Flood,4,CRITICAL,707,64,Rescue Teams|Medical Kits,51,RESOLVED,CITIZEN,MOBILE_APP,SINHALA,RAIN,True,False,False,True,OFFICER-01,4,1,5,70,False,MODERATE,0,True,9,16,3,True,True,True
INC-2022-0029,2022-05-02T16:33:08,Gampaha,WET,Landslide,3,HIGH,650,12,Rescue Teams|Medical Kits,26,RESOLVED,CITIZEN,MOBILE_APP,TAMIL,RAIN,True,True,False,True,OFFICER-01,10,1,4,74,False,MODERATE,0,True,5,2,0,True,False,False
INC-2021-0030,2021-04-24T01:33:28,Kalutara,WET,Landslide,4,CRITICAL,1338,40,Rescue Teams|Medical Kits,58,RESOLVED,CITIZEN,MOBILE_APP,TAMIL,RAIN,True,True,False,True,OFFICER-01,0,0,0,5,False,MODERATE,0,True,4,19,5,True,True,False
INC-2025-0031,2025-06-15T22:15:24,Matale,WET,Drought,2,MEDIUM,102,0,Rescue Teams|Medical Kits,41,RESOLVED,CITIZEN,MOBILE_APP,TAMIL,RAIN,True,False,False,True,OFFICER-01,6,4,5,3,False,MODERATE,0,True,6,20,6,False,False,False
INC-2024-0032,2024-03-27T08:24:32,Mullaitivu,WET,Drought,1,LOW,73,0,Rescue Teams|Medical Kits,53,RESOLVED,CITIZEN,MOBILE_APP,ENGLISH,RAIN,False,True,False,True,OFFICER-01,3,5,3,38,False,MODERATE,0,True,3,20,2,False,False,False
INC-2023-0033,2023-11-10T02:42:07,Kalutara,WET,High Winds/Cyclone,2,MEDIUM,192,0,Rescue Teams|Medical Kits,71,RESOLVED,CITIZEN,MOBILE_APP,ENGLISH,RAIN,False,False,False,True,OFFICER-01,7,3,1,43,False,MODERATE,0,True,11,5,4,False,False,False
INC-2025-0034,2025-02-27T19:52:04,Matara,WET,Drought,2,MEDIUM,234,0,Rescue Teams|Medical Kits,55,RESOLVED,CITIZEN,MOBILE_APP,TAMIL,RAIN,False,True,False,True,OFFICER-01,5,3,1,97,False,MODERATE,0,True,2,22,3,False,True,True
INC-2023-0035,2023-02-25T05:28:46,Trincomalee,WET,High Winds/Cyclone,1,LOW,17,0,Rescue Teams|Medical Kits,45,RESOLVED,CITIZEN,MOBILE_APP,ENGLISH,RAIN,False,False,False,True,OFFICER-01,1,2,3,31,False,MODERATE,0,True,2,10,5,False,False,True
INC-2021-0036,2021-03-13T16:35:53,Gampaha,WET,Flood,3,HIGH,696,31,Rescue Teams|Medical Kits,93,RESOLVED,CITIZEN,MOBILE_APP,ENGLISH,RAIN,False,False,False,True,OFFICER-01,3,1,2,73,False,MODERATE,0,True,3,0,5,False,False,False
INC-2026-0037,2026-02-18T11:13:59,Hambantota,WET,High Winds/Cyclone,3,HIGH,510,33,Rescue Teams|Medical Kits,80,RESOLVED,CITIZEN,MOBILE_APP,ENGLISH,RAIN,True,False,False,True,OFFICER-01,7,2,3,2,False,MODERATE,0,True,2,1,2,False,False,False
INC-2020-0038,2020-10-06T18:32:48,Polonnaruwa,WET,Drought,2,MEDIUM,285,0,Rescue Teams|Medical Kits,42,RESOLVED,CITIZEN,MOBILE_APP,TAMIL,RAIN,False,True,False,True,OFFICER-01,5,0,0,36,False,MODERATE,0,True,10,7,1,False,False,False
INC-2024-0039,2024-03-17T13:59:11,Polonnaruwa,WET,Forest Fire,3,HIGH,816,45,Rescue Teams|Medical Kits,75,RESOLVED,CITIZEN,MOBILE_APP,ENGLISH,RAIN,True,True,False,True,OFFICER-01,8,0,0,55,False,MODERATE,0,True,3,21,6,False,False,False
INC-2021-0040,2021-02-20T02:54:46,Mullaitivu,WET,Drought,4,CRITICAL,1621,65,Rescue Teams|Medical Kits,61,RESOLVED,CITIZEN,MOBILE_APP,SINHALA,RAIN,True,False,False,True,OFFICER-01,6,0,4,71,False,MODERATE,0,True,2,12,5,True,True,False
INC-2021-0041,2021-08-27T18:33:04,Anuradhapura,WET,High Winds/Cyclone,1,LOW,26,0,Rescue Teams|Medical Kits,64,RESOLVED,CITIZEN,MOBILE_APP,TAMIL,RAIN,False,True,False,True,OFFICER-01,7,4,2,79,False,MODERATE,0,True,8,2,4,False,False,False
INC-2025-0042,2025-10-14T22:11:59,Vavuniya,WET,Landslide,1,LOW,42,0,Rescue Teams|Medical Kits,65,RESOLVED,CITIZEN,MOBILE_APP,ENGLISH,RAIN,False,True,False,True,OFFICER-01,5,4,2,96,False,MODERATE,0,True,10,3,1,True,False,False
INC-2021-0043,2021-03-24T05:21:14,Galle,WET,Drought,3,HIGH,612,35,Rescue Teams|Medical Kits,20,RESOLVED,CITIZEN,MOBILE_APP,SINHALA,RAIN,False,True,False,True,OFFICER-01,0,1,5,42,False,MODERATE,0,True,3,2,2,False,True,True
INC-2024-0044,2024-01-11T20:55:27,Kurunegala,WET,Flood,3,HIGH,384,13,Rescue Teams|Medical Kits,32,RESOLVED,CITIZEN,MOBILE_APP,ENGLISH,RAIN,True,False,False,True,OFFICER-01,9,2,1,50,False,MODERATE,0,True,1,16,3,False,True,False
INC-2025-0045,2025-03-30T09:36:29,Jaffna,WET,Forest Fire,2,MEDIUM,120,0,Rescue Teams|Medical Kits,58,RESOLVED,CITIZEN,MOBILE_APP,TAMIL,RAIN,True,False,False,True,OFFICER-01,8,4,3,90,False,MODERATE,0,True,3,18,6,False,False,False
INC-2024-0046,2024-10-14T22:40:30,Kurunegala,WET,Drought,1,LOW,46,0,Rescue Teams|Medical Kits,62,RESOLVED,CITIZEN,MOBILE_APP,ENGLISH,RAIN,True,False,False,True,OFFICER-01,10,0,3,74,False,MODERATE,0,True,10,0,0,False,False,False
INC-2022-0047,2022-08-13T22:07:19,Jaffna,WET,Medical Emergency,1,LOW,12,0,Rescue Teams|Medical Kits,18,RESOLVED,CITIZEN,MOBILE_APP,TAMIL,RAIN,False,False,False,True,OFFICER-01,7,2,5,100,False,MODERATE,0,True,8,20,5,False,False,False
INC-2024-0048,2024-12-02T06:10:21,Ampara,WET,Drought,1,LOW,77,0,Rescue Teams|Medical Kits,89,RESOLVED,CITIZEN,MOBILE_APP,ENGLISH,RAIN,False,False,False,True,OFFICER-01,2,4,5,92,False,MODERATE,0,True,12,1,0,False,True,False
INC-2025-0049,2025-04-09T10:51:03,Matale,WET,Medical Emergency,1,LOW,63,0,Rescue Teams|Medical Kits,120,RESOLVED,CITIZEN,MOBILE_APP,TAMIL,RAIN,False,True,False,True,OFFICER-01,3,0,4,89,False,MODERATE,0,True,4,4,2,False,False,False
INC-2020-0050,2020-12-07T10:24:14,Kandy,WET,Flood,1,LOW,73,0,Rescue Teams|Medical Kits,68,RESOLVED,CITIZEN,MOBILE_APP,SINHALA,RAIN,False,False,False,True,OFFICER-01,6,5,1,52,False,MODERATE,0,True,12,10,0,False,False,True
INC-2024-0051,2024-04-08T02:22:27,Trincomalee,WET,Medical Emergency,4,CRITICAL,1776,21,Rescue Teams|Medical Kits,108,RESOLVED,CITIZEN,MOBILE_APP,SINHALA,RAIN,True,False,False,True,OFFICER-01,2,4,1,71,False,MODERATE,0,True,4,23,0,True,True,True
INC-2022-0052,2022-10-06T21:26:59,Matale,WET,Landslide,4,CRITICAL,625,36,Rescue Teams|Medical Kits,55,RESOLVED,CITIZEN,MOBILE_APP,SINHALA,RAIN,True,False,False,True,OFFICER-01,7,4,2,69,False,MODERATE,0,True,10,0,3,True,True,False
INC-2023-0053,2023-01-05T17:33:08,Kilinochchi,WET,High Winds/Cyclone,2,MEDIUM,184,0,Rescue Teams|Medical Kits,102,RESOLVED,CITIZEN,MOBILE_APP,TAMIL,RAIN,False,False,False,True,OFFICER-01,4,4,3,24,False,MODERATE,0,True,1,23,3,True,True,True
INC-2022-0054,2022-02-04T21:47:57,Matara,WET,Flood,4,CRITICAL,1435,17,Rescue Teams|Medical Kits,113,RESOLVED,CITIZEN,MOBILE_APP,ENGLISH,RAIN,True,True,False,True,OFFICER-01,3,5,5,62,False,MODERATE,0,True,2,9,4,True,True,True
INC-2022-0055,2022-09-12T00:16:16,Kegalle,WET,Landslide,4,CRITICAL,964,34,Rescue Teams|Medical Kits,50,RESOLVED,CITIZEN,MOBILE_APP,ENGLISH,RAIN,True,False,False,True,OFFICER-01,1,4,5,69,False,MODERATE,0,True,9,23,0,True,False,False
INC-2023-0056,2023-03-25T16:03:00,Polonnaruwa,WET,Medical Emergency,1,LOW,75,0,Rescue Teams|Medical Kits,52,RESOLVED,CITIZEN,MOBILE_APP,SINHALA,RAIN,True,False,False,True,OFFICER-01,4,5,0,44,False,MODERATE,0,True,3,4,5,False,False,False
INC-2023-0057,2023-10-06T09:57:12,Mullaitivu,WET,Drought,1,LOW,88,0,Rescue Teams|Medical Kits,42,RESOLVED,CITIZEN,MOBILE_APP,SINHALA,RAIN,False,False,False,True,OFFICER-01,8,2,4,89,False,MODERATE,0,True,10,15,4,False,False,False
INC-2022-0058,2022-04-23T21:33:53,Matara,WET,Landslide,1,LOW,32,0,Rescue Teams|Medical Kits,90,RESOLVED,CITIZEN,MOBILE_APP,SINHALA,RAIN,False,False,False,True,OFFICER-01,3,0,5,67,False,MODERATE,0,True,4,23,5,False,False,False
INC-2021-0059,2021-12-02T03:17:51,Mullaitivu,WET,Landslide,2,MEDIUM,268,0,Rescue Teams|Medical Kits,67,RESOLVED,CITIZEN,MOBILE_APP,ENGLISH,RAIN,True,True,False,True,OFFICER-01,7,0,5,98,False,MODERATE,0,True,12,3,3,False,True,False
INC-2021-0060,2021-03-03T02:17:06,Colombo,WET,Drought,3,HIGH,537,21,Rescue Teams|Medical Kits,67,RESOLVED,CITIZEN,MOBILE_APP,TAMIL,RAIN,False,False,False,True,OFFICER-01,7,3,5,25,False,MODERATE,0,True,3,20,2,True,False,False
INC-2022-0061,2022-06-11T10:32:33,Hambantota,WET,Landslide,4,CRITICAL,1663,82,Rescue Teams|Medical Kits,98,RESOLVED,CITIZEN,MOBILE_APP,TAMIL,RAIN,True,False,False,True,OFFICER-01,3,4,5,92,False,MODERATE,0,True,6,19,5,True,True,True
INC-2020-0062,2020-04-25T21:09:31,Kilinochchi,WET,Flood,4,CRITICAL,1516,28,Rescue Teams|Medical Kits,19,RESOLVED,CITIZEN,MOBILE_APP,ENGLISH,RAIN,True,True,False,True,OFFICER-01,7,1,5,37,False,MODERATE,0,True,4,5,5,True,True,False
INC-2020-0063,2020-04-26T09:40:51,Colombo,WET,Landslide,4,CRITICAL,1297,56,Rescue Teams|Medical Kits,57,RESOLVED,CITIZEN,MOBILE_APP,ENGLISH,RAIN,True,False,False,True,OFFICER-01,7,5,4,67,False,MODERATE,0,True,4,3,6,True,True,True
INC-2024-0064,2024-03-14T12:46:45,Kilinochchi,WET,Flood,3,HIGH,498,8,Rescue Teams|Medical Kits,74,RESOLVED,CITIZEN,MOBILE_APP,ENGLISH,RAIN,True,False,False,True,OFFICER-01,3,0,2,20,False,MODERATE,0,True,3,2,3,False,False,False
INC-2026-0065,2026-03-21T12:12:04,Ratnapura,WET,Flood,4,CRITICAL,1324,19,Rescue Teams|Medical Kits,16,RESOLVED,CITIZEN,MOBILE_APP,TAMIL,RAIN,True,False,False,True,OFFICER-01,5,2,4,86,False,MODERATE,0,True,3,20,5,True,True,True
INC-2021-0066,2021-08-23T03:08:59,Hambantota,WET,High Winds/Cyclone,2,MEDIUM,347,0,Rescue Teams|Medical Kits,66,RESOLVED,CITIZEN,MOBILE_APP,ENGLISH,RAIN,True,True,False,True,OFFICER-01,8,2,0,51,False,MODERATE,0,True,8,20,0,False,False,False
INC-2025-0067,2025-09-10T07:20:01,Gampaha,WET,Building Collapse,4,CRITICAL,1156,16,Rescue Teams|Medical Kits,56,RESOLVED,CITIZEN,MOBILE_APP,SINHALA,RAIN,True,False,False,True,OFFICER-01,0,2,3,30,False,MODERATE,0,True,9,15,2,True,False,True
INC-2023-0068,2023-10-19T23:00:53,Matale,WET,Drought,1,LOW,62,0,Rescue Teams|Medical Kits,53,RESOLVED,CITIZEN,MOBILE_APP,TAMIL,RAIN,False,False,False,True,OFFICER-01,9,0,2,83,False,MODERATE,0,True,10,10,3,False,True,False
INC-2023-0069,2023-01-22T02:08:49,Mannar,WET,Landslide,2,MEDIUM,202,0,Rescue Teams|Medical Kits,30,RESOLVED,CITIZEN,MOBILE_APP,ENGLISH,RAIN,False,False,False,True,OFFICER-01,4,1,3,87,False,MODERATE,0,True,1,21,6,False,False,False
INC-2024-0070,2024-04-10T06:38:30,Mannar,WET,Forest Fire,4,CRITICAL,1399,92,Rescue Teams|Medical Kits,103,RESOLVED,CITIZEN,MOBILE_APP,SINHALA,RAIN,False,True,False,True,OFFICER-01,10,2,2,78,False,MODERATE,0,True,4,22,2,True,False,False
INC-2021-0071,2021-11-17T03:42:46,Galle,WET,Flood,4,CRITICAL,864,62,Rescue Teams|Medical Kits,73,RESOLVED,CITIZEN,MOBILE_APP,TAMIL,RAIN,True,True,False,True,OFFICER-01,9,2,3,89,False,MODERATE,0,True,11,4,2,True,True,False
INC-2024-0072,2024-09-02T09:53:34,Nuwara Eliya,WET,Forest Fire,1,LOW,32,0,Rescue Teams|Medical Kits,120,RESOLVED,CITIZEN,MOBILE_APP,SINHALA,RAIN,False,False,False,True,OFFICER-01,3,5,4,100,False,MODERATE,0,True,9,21,0,False,False,False
INC-2020-0073,2020-09-11T08:41:33,Trincomalee,WET,Drought,1,LOW,10,0,Rescue Teams|Medical Kits,61,RESOLVED,CITIZEN,MOBILE_APP,SINHALA,RAIN,False,False,False,True,OFFICER-01,9,0,0,70,False,MODERATE,0,True,9,22,4,True,True,False
INC-2024-0074,2024-04-19T11:50:49,Galle,WET,Drought,3,HIGH,966,82,Rescue Teams|Medical Kits,56,RESOLVED,CITIZEN,MOBILE_APP,TAMIL,RAIN,False,False,False,True,OFFICER-01,7,0,5,26,False,MODERATE,0,True,4,5,4,True,True,False
INC-2026-0075,2026-02-05T09:16:40,Ampara,WET,Drought,1,LOW,46,0,Rescue Teams|Medical Kits,72,RESOLVED,CITIZEN,MOBILE_APP,SINHALA,RAIN,False,False,False,True,OFFICER-01,7,1,4,53,False,MODERATE,0,True,2,16,3,True,False,False
INC-2023-0076,2023-11-20T05:21:46,Ampara,WET,Flood,2,MEDIUM,323,0,Rescue Teams|Medical Kits,101,RESOLVED,CITIZEN,MOBILE_APP,ENGLISH,RAIN,False,False,False,True,OFFICER-01,0,3,2,0,False,MODERATE,0,True,11,14,0,False,False,False
INC-2021-0077,2021-11-07T23:53:57,Ampara,WET,Flood,2,MEDIUM,154,0,Rescue Teams|Medical Kits,59,RESOLVED,CITIZEN,MOBILE_APP,TAMIL,RAIN,False,True,False,True,OFFICER-01,1,4,0,8,False,MODERATE,0,True,11,13,6,False,False,False
INC-2024-0078,2024-01-06T16:10:48,Gampaha,WET,Landslide,2,MEDIUM,262,0,Rescue Teams|Medical Kits,113,RESOLVED,CITIZEN,MOBILE_APP,SINHALA,RAIN,False,False,False,True,OFFICER-01,10,5,5,53,False,MODERATE,0,True,1,5,5,False,True,False
INC-2023-0079,2023-03-09T09:49:47,Polonnaruwa,WET,Drought,1,LOW,96,0,Rescue Teams|Medical Kits,63,RESOLVED,CITIZEN,MOBILE_APP,SINHALA,RAIN,False,False,False,True,OFFICER-01,10,5,4,17,False,MODERATE,0,True,3,12,3,False,False,False
INC-2025-0080,2025-07-23T11:02:02,Vavuniya,WET,Flood,3,HIGH,623,18,Rescue Teams|Medical Kits,65,RESOLVED,CITIZEN,MOBILE_APP,TAMIL,RAIN,True,True,False,True,OFFICER-01,2,5,1,0,False,MODERATE,0,True,7,17,2,True,False,False
INC-2020-0081,2020-03-11T15:16:06,Kurunegala,WET,Drought,1,LOW,81,0,Rescue Teams|Medical Kits,84,RESOLVED,CITIZEN,MOBILE_APP,ENGLISH,RAIN,False,False,False,True,OFFICER-01,8,3,1,31,False,MODERATE,0,True,3,23,2,False,False,False
INC-2023-0082,2023-12-02T02:42:36,Hambantota,WET,Flood,4,CRITICAL,496,46,Rescue Teams|Medical Kits,112,RESOLVED,CITIZEN,MOBILE_APP,SINHALA,RAIN,True,True,False,True,OFFICER-01,0,5,3,78,False,MODERATE,0,True,12,5,5,True,False,False
INC-2020-0083,2020-02-18T14:38:06,Galle,WET,Flood,4,CRITICAL,518,8,Rescue Teams|Medical Kits,19,RESOLVED,CITIZEN,MOBILE_APP,ENGLISH,RAIN,True,False,False,True,OFFICER-01,9,5,5,6,False,MODERATE,0,True,2,3,1,True,True,False
INC-2022-0084,2022-01-30T08:42:03,Trincomalee,WET,Landslide,3,HIGH,588,24,Rescue Teams|Medical Kits,84,RESOLVED,CITIZEN,MOBILE_APP,SINHALA,RAIN,True,True,False,True,OFFICER-01,0,1,4,37,False,MODERATE,0,True,1,21,6,True,True,False
INC-2021-0085,2021-12-28T12:20:53,Batticaloa,WET,Drought,4,CRITICAL,1174,30,Rescue Teams|Medical Kits,88,RESOLVED,CITIZEN,MOBILE_APP,TAMIL,RAIN,True,True,False,True,OFFICER-01,10,2,1,38,False,MODERATE,0,True,12,23,1,True,True,True
INC-2021-0086,2021-03-21T02:16:18,Matale,WET,Landslide,4,CRITICAL,1582,114,Rescue Teams|Medical Kits,53,RESOLVED,CITIZEN,MOBILE_APP,ENGLISH,RAIN,True,True,False,True,OFFICER-01,0,4,4,94,False,MODERATE,0,True,3,0,6,True,True,True
INC-2021-0087,2021-06-28T02:52:37,Badulla,WET,Landslide,3,HIGH,460,12,Rescue Teams|Medical Kits,21,RESOLVED,CITIZEN,MOBILE_APP,ENGLISH,RAIN,False,False,False,True,OFFICER-01,10,5,3,100,False,MODERATE,0,True,6,15,0,True,True,False
INC-2024-0088,2024-06-17T10:48:00,Puttalam,WET,High Winds/Cyclone,2,MEDIUM,221,0,Rescue Teams|Medical Kits,34,RESOLVED,CITIZEN,MOBILE_APP,ENGLISH,RAIN,True,False,False,True,OFFICER-01,6,1,4,60,False,MODERATE,0,True,6,13,0,False,False,False
INC-2022-0089,2022-01-18T15:53:24,Vavuniya,WET,Landslide,3,HIGH,928,18,Rescue Teams|Medical Kits,33,RESOLVED,CITIZEN,MOBILE_APP,ENGLISH,RAIN,True,True,False,True,OFFICER-01,0,4,3,53,False,MODERATE,0,True,1,5,1,False,False,False
INC-2024-0090,2024-09-27T10:18:44,Trincomalee,WET,Landslide,1,LOW,42,0,Rescue Teams|Medical Kits,47,RESOLVED,CITIZEN,MOBILE_APP,SINHALA,RAIN,False,False,False,True,OFFICER-01,5,5,0,57,False,MODERATE,0,True,9,7,4,False,False,False
INC-2023-0091,2023-02-26T21:32:36,Kalutara,WET,Drought,1,LOW,30,0,Rescue Teams|Medical Kits,21,RESOLVED,CITIZEN,MOBILE_APP,ENGLISH,RAIN,True,False,False,True,OFFICER-01,6,5,4,77,False,MODERATE,0,True,2,6,6,False,False,False
INC-2020-0092,2020-05-02T20:52:45,Kalutara,WET,Flood,2,MEDIUM,91,0,Rescue Teams|Medical Kits,107,RESOLVED,CITIZEN,MOBILE_APP,TAMIL,RAIN,False,True,False,True,OFFICER-01,8,1,3,26,False,MODERATE,0,True,5,18,5,False,False,False
INC-2022-0093,2022-10-31T11:37:06,Kurunegala,WET,Building Collapse,2,MEDIUM,96,0,Rescue Teams|Medical Kits,42,RESOLVED,CITIZEN,MOBILE_APP,SINHALA,RAIN,True,False,False,True,OFFICER-01,1,5,3,31,False,MODERATE,0,True,10,0,0,False,False,False
INC-2025-0094,2025-12-01T05:39:18,Anuradhapura,WET,Flood,4,CRITICAL,1123,27,Rescue Teams|Medical Kits,85,RESOLVED,CITIZEN,MOBILE_APP,ENGLISH,RAIN,False,False,False,True,OFFICER-01,4,3,3,68,False,MODERATE,0,True,12,21,0,True,True,True
INC-2025-0095,2025-07-08T12:10:09,Anuradhapura,WET,Drought,2,MEDIUM,140,0,Rescue Teams|Medical Kits,80,RESOLVED,CITIZEN,MOBILE_APP,ENGLISH,RAIN,True,False,False,True,OFFICER-01,7,0,5,60,False,MODERATE,0,True,7,11,1,True,False,False
INC-2022-0096,2022-09-21T22:19:27,Kandy,WET,Drought,2,MEDIUM,113,0,Rescue Teams|Medical Kits,20,RESOLVED,CITIZEN,MOBILE_APP,TAMIL,RAIN,False,True,False,True,OFFICER-01,3,5,1,2,False,MODERATE,0,True,9,13,2,False,False,False
INC-2022-0097,2022-03-21T04:43:37,Batticaloa,WET,Medical Emergency,2,MEDIUM,142,0,Rescue Teams|Medical Kits,107,RESOLVED,CITIZEN,MOBILE_APP,ENGLISH,RAIN,True,False,False,True,OFFICER-01,4,1,1,42,False,MODERATE,0,True,3,18,0,False,False,False
INC-2021-0098,2021-12-15T15:25:54,Polonnaruwa,WET,Drought,2,MEDIUM,275,0,Rescue Teams|Medical Kits,78,RESOLVED,CITIZEN,MOBILE_APP,TAMIL,RAIN,True,False,False,True,OFFICER-01,10,5,2,32,False,MODERATE,0,True,12,7,2,True,False,False
INC-2024-0099,2024-02-27T02:13:46,Jaffna,WET,High Winds/Cyclone,1,LOW,1,0,Rescue Teams|Medical Kits,73,RESOLVED,CITIZEN,MOBILE_APP,SINHALA,RAIN,True,False,False,True,OFFICER-01,5,1,1,92,False,MODERATE,0,True,2,15,1,False,False,False
INC-2024-0100,2024-08-25T01:26:52,Kegalle,WET,Medical Emergency,4,CRITICAL,1219,120,Rescue Teams|Medical Kits,97,RESOLVED,CITIZEN,MOBILE_APP,SINHALA,RAIN,True,False,False,True,OFFICER-01,8,0,0,85,False,MODERATE,0,True,8,2,6,True,True,True
INC-2020-0101,2020-05-30T17:29:43,Matale,WET,Flood,1,LOW,80,0,Rescue Teams|Medical Kits,95,RESOLVED,CITIZEN,MOBILE_APP,SINHALA,RAIN,False,False,False,True,OFFICER-01,1,5,1,1,False,MODERATE,0,True,5,4,5,False,False,False
INC-2021-0102,2021-11-10T12:55:14,Kurunegala,WET,Landslide,3,HIGH,484,36,Rescue Teams|Medical Kits,96,RESOLVED,CITIZEN,MOBILE_APP,TAMIL,RAIN,True,True,False,True,OFFICER-01,9,3,5,62,False,MODERATE,0,True,11,3,2,False,False,False
INC-2020-0103,2020-02-18T21:02:44,Colombo,WET,Drought,1,LOW,52,0,Rescue Teams|Medical Kits,16,RESOLVED,CITIZEN,MOBILE_APP,SINHALA,RAIN,False,False,False,True,OFFICER-01,8,5,2,68,False,MODERATE,0,True,2,13,1,False,False,False
INC-2022-0104,2022-06-09T17:02:49,Colombo,WET,Drought,2,MEDIUM,184,0,Rescue Teams|Medical Kits,101,RESOLVED,CITIZEN,MOBILE_APP,ENGLISH,RAIN,True,True,False,True,OFFICER-01,2,0,0,67,False,MODERATE,0,True,6,22,3,False,False,False
INC-2021-0105,2021-04-07T14:36:05,Ratnapura,WET,Flood,2,MEDIUM,287,0,Rescue Teams|Medical Kits,47,RESOLVED,CITIZEN,MOBILE_APP,ENGLISH,RAIN,True,False,False,True,OFFICER-01,4,3,0,47,False,MODERATE,0,True,4,16,2,False,False,False
INC-2023-0106,2023-06-15T11:35:52,Ratnapura,WET,Flood,4,CRITICAL,1069,62,Rescue Teams|Medical Kits,43,RESOLVED,CITIZEN,MOBILE_APP,ENGLISH,RAIN,True,False,False,True,OFFICER-01,10,0,5,83,False,MODERATE,0,True,6,5,3,True,True,False
INC-2020-0107,2020-04-08T10:34:05,Kalutara,WET,Drought,2,MEDIUM,223,0,Rescue Teams|Medical Kits,85,RESOLVED,CITIZEN,MOBILE_APP,ENGLISH,RAIN,True,False,False,True,OFFICER-01,0,5,0,89,False,MODERATE,0,True,4,12,2,False,False,True
INC-2021-0108,2021-06-16T11:17:08,Kalutara,WET,Drought,1,LOW,73,0,Rescue Teams|Medical Kits,97,RESOLVED,CITIZEN,MOBILE_APP,ENGLISH,RAIN,False,False,False,True,OFFICER-01,9,0,4,5,False,MODERATE,0,True,6,13,2,False,False,False
INC-2021-0109,2021-12-14T20:37:55,Kandy,WET,Medical Emergency,2,MEDIUM,154,0,Rescue Teams|Medical Kits,87,RESOLVED,CITIZEN,MOBILE_APP,ENGLISH,RAIN,True,False,False,True,OFFICER-01,4,0,0,87,False,MODERATE,0,True,12,22,1,True,False,False
INC-2022-0110,2022-05-21T02:07:36,Kilinochchi,WET,Drought,3,HIGH,430,19,Rescue Teams|Medical Kits,37,RESOLVED,CITIZEN,MOBILE_APP,ENGLISH,RAIN,False,True,False,True,OFFICER-01,0,1,4,18,False,MODERATE,0,True,5,18,5,False,True,False
INC-2026-0111,2026-01-23T07:36:48,Polonnaruwa,WET,Medical Emergency,2,MEDIUM,155,0,Rescue Teams|Medical Kits,35,RESOLVED,CITIZEN,MOBILE_APP,TAMIL,RAIN,True,False,False,True,OFFICER-01,3,4,3,86,False,MODERATE,0,True,1,9,4,False,False,False
INC-2024-0112,2024-08-06T11:15:23,Kandy,WET,High Winds/Cyclone,3,HIGH,675,31,Rescue Teams|Medical Kits,116,RESOLVED,CITIZEN,MOBILE_APP,TAMIL,RAIN,True,True,False,True,OFFICER-01,1,4,5,44,False,MODERATE,0,True,8,20,1,True,True,False
INC-2020-0113,2020-06-15T19:53:46,Galle,WET,Drought,2,MEDIUM,265,0,Rescue Teams|Medical Kits,58,RESOLVED,CITIZEN,MOBILE_APP,TAMIL,RAIN,True,False,False,True,OFFICER-01,9,4,3,99,False,MODERATE,0,True,6,2,0,False,False,True
INC-2022-0114,2022-10-11T00:24:24,Colombo,WET,Flood,4,CRITICAL,1177,27,Rescue Teams|Medical Kits,77,RESOLVED,CITIZEN,MOBILE_APP,SINHALA,RAIN,True,False,False,True,OFFICER-01,5,4,3,55,False,MODERATE,0,True,10,14,1,True,True,False
INC-2021-0115,2021-07-31T01:37:02,Kilinochchi,WET,High Winds/Cyclone,1,LOW,106,0,Rescue Teams|Medical Kits,25,RESOLVED,CITIZEN,MOBILE_APP,TAMIL,RAIN,False,False,False,True,OFFICER-01,4,1,5,9,False,MODERATE,0,True,7,12,5,False,False,False
INC-2020-0116,2020-09-11T21:11:51,Galle,WET,Flood,4,CRITICAL,1738,98,Rescue Teams|Medical Kits,34,RESOLVED,CITIZEN,MOBILE_APP,TAMIL,RAIN,True,False,False,True,OFFICER-01,6,2,2,13,False,MODERATE,0,True,9,20,4,False,True,False
INC-2020-0117,2020-10-11T08:15:29,Colombo,WET,Medical Emergency,1,LOW,0,0,Rescue Teams|Medical Kits,61,RESOLVED,CITIZEN,MOBILE_APP,ENGLISH,RAIN,True,False,False,True,OFFICER-01,1,1,0,23,False,MODERATE,0,True,10,14,6,False,True,False
INC-2023-0118,2023-09-01T00:09:42,Ratnapura,WET,Landslide,4,CRITICAL,1811,91,Rescue Teams|Medical Kits,28,RESOLVED,CITIZEN,MOBILE_APP,SINHALA,RAIN,True,False,False,True,OFFICER-01,1,2,4,11,False,MODERATE,0,True,9,13,4,False,True,True
INC-2025-0119,2025-01-28T13:55:14,Polonnaruwa,WET,Landslide,3,HIGH,548,34,Rescue Teams|Medical Kits,16,RESOLVED,CITIZEN,MOBILE_APP,ENGLISH,RAIN,True,True,False,True,OFFICER-01,6,3,0,92,False,MODERATE,0,True,1,0,1,True,True,False
INC-2024-0120,2024-10-04T10:04:07,Ratnapura,WET,Drought,2,MEDIUM,49,0,Rescue Teams|Medical Kits,102,RESOLVED,CITIZEN,MOBILE_APP,ENGLISH,RAIN,False,True,False,True,OFFICER-01,2,1,2,38,False,MODERATE,0,True,10,5,4,False,True,False
INC-2022-0121,2022-04-13T21:51:40,Nuwara Eliya,WET,Flood,2,MEDIUM,173,0,Rescue Teams|Medical Kits,70,RESOLVED,CITIZEN,MOBILE_APP,ENGLISH,RAIN,True,False,False,True,OFFICER-01,6,2,3,100,False,MODERATE,0,True,4,5,2,False,False,True
INC-2020-0122,2020-08-26T23:40:21,Anuradhapura,WET,Drought,1,LOW,16,0,Rescue Teams|Medical Kits,107,RESOLVED,CITIZEN,MOBILE_APP,TAMIL,RAIN,False,False,False,True,OFFICER-01,7,4,4,25,False,MODERATE,0,True,8,7,2,False,False,False
INC-2023-0123,2023-11-23T12:38:17,Gampaha,WET,Landslide,3,HIGH,593,27,Rescue Teams|Medical Kits,57,RESOLVED,CITIZEN,MOBILE_APP,TAMIL,RAIN,True,True,False,True,OFFICER-01,6,2,3,42,False,MODERATE,0,True,11,0,3,False,True,False
INC-2023-0124,2023-08-30T21:04:20,Mullaitivu,WET,Building Collapse,2,MEDIUM,145,0,Rescue Teams|Medical Kits,53,RESOLVED,CITIZEN,MOBILE_APP,ENGLISH,RAIN,False,True,False,True,OFFICER-01,9,5,1,61,False,MODERATE,0,True,8,4,2,True,False,False
INC-2022-0125,2022-09-03T03:12:12,Kalutara,WET,Landslide,3,HIGH,318,3,Rescue Teams|Medical Kits,52,RESOLVED,CITIZEN,MOBILE_APP,TAMIL,RAIN,True,False,False,True,OFFICER-01,10,3,4,100,False,MODERATE,0,True,9,10,5,True,True,False
INC-2022-0126,2022-01-23T04:27:56,Puttalam,WET,Drought,2,MEDIUM,122,0,Rescue Teams|Medical Kits,61,RESOLVED,CITIZEN,MOBILE_APP,SINHALA,RAIN,True,False,False,True,OFFICER-01,9,1,4,69,False,MODERATE,0,True,1,12,6,False,True,True
INC-2021-0127,2021-07-13T00:20:43,Monaragala,WET,Drought,3,HIGH,495,41,Rescue Teams|Medical Kits,74,RESOLVED,CITIZEN,MOBILE_APP,TAMIL,RAIN,True,True,False,True,OFFICER-01,3,3,2,88,False,MODERATE,0,True,7,23,1,True,True,False
INC-2020-0128,2020-08-02T20:50:38,Ampara,WET,High Winds/Cyclone,3,HIGH,697,12,Rescue Teams|Medical Kits,101,RESOLVED,CITIZEN,MOBILE_APP,ENGLISH,RAIN,True,False,False,True,OFFICER-01,2,5,2,30,False,MODERATE,0,True,8,0,6,True,True,False
INC-2022-0129,2022-02-24T01:18:43,Kilinochchi,WET,Drought,1,LOW,59,0,Rescue Teams|Medical Kits,116,RESOLVED,CITIZEN,MOBILE_APP,ENGLISH,RAIN,False,False,False,True,OFFICER-01,1,3,4,61,False,MODERATE,0,True,2,13,3,False,False,False
INC-2024-0130,2024-12-13T23:15:38,Ratnapura,WET,Drought,3,HIGH,349,17,Rescue Teams|Medical Kits,68,RESOLVED,CITIZEN,MOBILE_APP,TAMIL,RAIN,True,False,False,True,OFFICER-01,0,2,5,68,False,MODERATE,0,True,12,5,4,True,False,False
INC-2025-0131,2025-01-18T22:25:26,Polonnaruwa,WET,Flood,4,CRITICAL,1284,61,Rescue Teams|Medical Kits,99,RESOLVED,CITIZEN,MOBILE_APP,TAMIL,RAIN,True,True,False,True,OFFICER-01,5,1,5,78,False,MODERATE,0,True,1,7,5,False,True,False
INC-2020-0132,2020-05-17T15:00:02,Anuradhapura,WET,High Winds/Cyclone,3,HIGH,580,49,Rescue Teams|Medical Kits,66,RESOLVED,CITIZEN,MOBILE_APP,ENGLISH,RAIN,True,True,False,True,OFFICER-01,6,0,0,12,False,MODERATE,0,True,5,4,6,True,False,True
INC-2022-0133,2022-03-14T20:55:53,Ratnapura,WET,Drought,1,LOW,50,0,Rescue Teams|Medical Kits,86,RESOLVED,CITIZEN,MOBILE_APP,TAMIL,RAIN,True,False,False,True,OFFICER-01,9,1,3,47,False,MODERATE,0,True,3,16,0,True,False,False
INC-2023-0134,2023-04-30T05:04:38,Monaragala,WET,High Winds/Cyclone,2,MEDIUM,234,0,Rescue Teams|Medical Kits,103,RESOLVED,CITIZEN,MOBILE_APP,TAMIL,RAIN,False,False,False,True,OFFICER-01,2,2,0,61,False,MODERATE,0,True,4,18,6,False,False,False
INC-2020-0135,2020-11-20T19:45:55,Kurunegala,WET,Drought,2,MEDIUM,225,0,Rescue Teams|Medical Kits,29,RESOLVED,CITIZEN,MOBILE_APP,TAMIL,RAIN,False,False,False,True,OFFICER-01,2,2,2,43,False,MODERATE,0,True,11,2,4,True,False,False
INC-2023-0136,2023-11-15T16:03:42,Kandy,WET,Drought,1,LOW,79,0,Rescue Teams|Medical Kits,75,RESOLVED,CITIZEN,MOBILE_APP,SINHALA,RAIN,False,False,False,True,OFFICER-01,7,5,5,57,False,MODERATE,0,True,11,11,2,True,False,False
INC-2022-0137,2022-09-17T19:36:50,Kalutara,WET,Drought,2,MEDIUM,218,0,Rescue Teams|Medical Kits,29,RESOLVED,CITIZEN,MOBILE_APP,SINHALA,RAIN,True,False,False,True,OFFICER-01,5,5,0,86,False,MODERATE,0,True,9,22,5,True,False,False
INC-2021-0138,2021-05-25T15:07:45,Jaffna,WET,Landslide,2,MEDIUM,124,0,Rescue Teams|Medical Kits,85,RESOLVED,CITIZEN,MOBILE_APP,SINHALA,RAIN,True,False,False,True,OFFICER-01,5,4,3,59,False,MODERATE,0,True,5,5,1,False,False,False
INC-2021-0139,2021-12-21T08:24:08,Polonnaruwa,WET,High Winds/Cyclone,1,LOW,24,0,Rescue Teams|Medical Kits,96,RESOLVED,CITIZEN,MOBILE_APP,TAMIL,RAIN,True,False,False,True,OFFICER-01,6,3,0,94,False,MODERATE,0,True,12,5,1,False,True,False
INC-2025-0140,2025-03-22T23:07:55,Kandy,WET,Drought,1,LOW,71,0,Rescue Teams|Medical Kits,64,RESOLVED,CITIZEN,MOBILE_APP,SINHALA,RAIN,False,False,False,True,OFFICER-01,3,1,2,96,False,MODERATE,0,True,3,13,5,False,False,False
INC-2025-0141,2025-12-26T12:07:46,Kalutara,WET,Drought,2,MEDIUM,196,0,Rescue Teams|Medical Kits,38,RESOLVED,CITIZEN,MOBILE_APP,ENGLISH,RAIN,False,False,False,True,OFFICER-01,5,1,3,14,False,MODERATE,0,True,12,17,4,True,False,False
INC-2022-0142,2022-03-26T02:29:12,Badulla,WET,Landslide,4,CRITICAL,1908,42,Rescue Teams|Medical Kits,55,RESOLVED,CITIZEN,MOBILE_APP,TAMIL,RAIN,True,True,False,True,OFFICER-01,6,4,3,75,False,MODERATE,0,True,3,20,5,True,True,True
INC-2020-0143,2020-12-20T21:45:39,Anuradhapura,WET,Drought,2,MEDIUM,192,0,Rescue Teams|Medical Kits,94,RESOLVED,CITIZEN,MOBILE_APP,SINHALA,RAIN,True,False,False,True,OFFICER-01,10,5,2,78,False,MODERATE,0,True,12,14,6,False,False,False
INC-2025-0144,2025-01-07T14:08:35,Kalutara,WET,Forest Fire,1,LOW,68,0,Rescue Teams|Medical Kits,30,RESOLVED,CITIZEN,MOBILE_APP,SINHALA,RAIN,False,False,False,True,OFFICER-01,4,0,1,47,False,MODERATE,0,True,1,10,1,False,False,False
INC-2025-0145,2025-11-24T10:22:35,Matara,WET,Drought,1,LOW,62,0,Rescue Teams|Medical Kits,91,RESOLVED,CITIZEN,MOBILE_APP,SINHALA,RAIN,True,False,False,True,OFFICER-01,9,3,3,23,False,MODERATE,0,True,11,13,0,False,True,False
INC-2024-0146,2024-02-21T00:45:41,Polonnaruwa,WET,Landslide,4,CRITICAL,1283,110,Rescue Teams|Medical Kits,37,RESOLVED,CITIZEN,MOBILE_APP,TAMIL,RAIN,True,False,False,True,OFFICER-01,2,3,2,17,False,MODERATE,0,True,2,20,2,False,False,False
INC-2021-0147,2021-08-04T07:04:52,Puttalam,WET,Medical Emergency,1,LOW,78,0,Rescue Teams|Medical Kits,21,RESOLVED,CITIZEN,MOBILE_APP,ENGLISH,RAIN,True,False,False,True,OFFICER-01,0,3,1,24,False,MODERATE,0,True,8,19,2,False,False,False
INC-2023-0148,2023-04-07T20:57:09,Batticaloa,WET,Drought,2,MEDIUM,148,0,Rescue Teams|Medical Kits,67,RESOLVED,CITIZEN,MOBILE_APP,TAMIL,RAIN,False,False,False,True,OFFICER-01,7,3,5,56,False,MODERATE,0,True,4,15,4,False,True,False
INC-2024-0149,2024-02-27T08:04:37,Hambantota,WET,Flood,2,MEDIUM,344,0,Rescue Teams|Medical Kits,116,RESOLVED,CITIZEN,MOBILE_APP,SINHALA,RAIN,True,False,False,True,OFFICER-01,4,0,2,28,False,MODERATE,0,True,2,0,1,False,False,False
INC-2024-0150,2024-07-28T07:00:14,Matara,WET,High Winds/Cyclone,4,CRITICAL,1278,104,Rescue Teams|Medical Kits,110,RESOLVED,CITIZEN,MOBILE_APP,ENGLISH,RAIN,True,False,False,True,OFFICER-01,8,4,0,73,False,MODERATE,0,True,7,18,6,True,False,False
INC-2020-0151,2020-12-20T19:51:54,Kegalle,WET,High Winds/Cyclone,2,MEDIUM,148,0,Rescue Teams|Medical Kits,84,RESOLVED,CITIZEN,MOBILE_APP,SINHALA,RAIN,False,False,False,True,OFFICER-01,7,4,1,54,False,MODERATE,0,True,12,11,6,False,False,False
INC-2020-0152,2020-11-14T04:43:23,Jaffna,WET,Forest Fire,2,MEDIUM,340,0,Rescue Teams|Medical Kits,53,RESOLVED,CITIZEN,MOBILE_APP,SINHALA,RAIN,False,False,False,True,OFFICER-01,7,2,2,11,False,MODERATE,0,True,11,7,5,False,True,True
INC-2023-0153,2023-09-26T03:25:28,Mullaitivu,WET,Flood,3,HIGH,331,14,Rescue Teams|Medical Kits,41,RESOLVED,CITIZEN,MOBILE_APP,TAMIL,RAIN,True,True,False,True,OFFICER-01,9,5,2,90,False,MODERATE,0,True,9,21,1,True,True,False
INC-2025-0154,2025-03-11T00:25:04,Mullaitivu,WET,Drought,1,LOW,22,0,Rescue Teams|Medical Kits,32,RESOLVED,CITIZEN,MOBILE_APP,SINHALA,RAIN,False,False,False,True,OFFICER-01,3,0,4,44,False,MODERATE,0,True,3,19,1,False,False,False
INC-2024-0155,2024-07-11T17:43:58,Matara,WET,Drought,3,HIGH,796,75,Rescue Teams|Medical Kits,105,RESOLVED,CITIZEN,MOBILE_APP,ENGLISH,RAIN,False,False,False,True,OFFICER-01,4,4,2,65,False,MODERATE,0,True,7,23,3,False,True,False
INC-2025-0156,2025-10-11T12:13:41,Ampara,WET,Flood,3,HIGH,557,14,Rescue Teams|Medical Kits,22,RESOLVED,CITIZEN,MOBILE_APP,ENGLISH,RAIN,True,False,False,True,OFFICER-01,10,1,5,16,False,MODERATE,0,True,10,0,5,True,True,True
INC-2022-0157,2022-02-14T17:17:04,Matara,WET,High Winds/Cyclone,2,MEDIUM,136,0,Rescue Teams|Medical Kits,112,RESOLVED,CITIZEN,MOBILE_APP,TAMIL,RAIN,True,False,False,True,OFFICER-01,6,3,1,73,False,MODERATE,0,True,2,7,0,False,False,False
INC-2025-0158,2025-05-18T19:18:34,Kegalle,WET,High Winds/Cyclone,1,LOW,85,0,Rescue Teams|Medical Kits,72,RESOLVED,CITIZEN,MOBILE_APP,SINHALA,RAIN,True,False,False,True,OFFICER-01,10,0,3,65,False,MODERATE,0,True,5,12,6,False,False,False
INC-2022-0159,2022-05-14T10:00:39,Mannar,WET,Medical Emergency,2,MEDIUM,144,0,Rescue Teams|Medical Kits,73,RESOLVED,CITIZEN,MOBILE_APP,ENGLISH,RAIN,True,False,False,True,OFFICER-01,5,4,0,99,False,MODERATE,0,True,5,11,5,False,False,True
INC-2026-0160,2026-03-26T11:51:48,Kalutara,WET,Forest Fire,1,LOW,68,0,Rescue Teams|Medical Kits,96,RESOLVED,CITIZEN,MOBILE_APP,TAMIL,RAIN,False,False,False,True,OFFICER-01,5,0,4,50,False,MODERATE,0,True,3,14,3,False,False,False
INC-2021-0161,2021-11-07T18:34:36,Badulla,WET,Forest Fire,2,MEDIUM,228,0,Rescue Teams|Medical Kits,49,RESOLVED,CITIZEN,MOBILE_APP,ENGLISH,RAIN,False,False,False,True,OFFICER-01,4,2,4,73,False,MODERATE,0,True,11,15,6,True,False,False
INC-2021-0162,2021-02-09T17:48:46,Puttalam,WET,Landslide,4,CRITICAL,1333,22,Rescue Teams|Medical Kits,102,RESOLVED,CITIZEN,MOBILE_APP,SINHALA,RAIN,True,False,False,True,OFFICER-01,0,0,5,100,False,MODERATE,0,True,2,10,1,True,True,True
INC-2023-0163,2023-11-28T20:54:00,Colombo,WET,Flood,2,MEDIUM,198,0,Rescue Teams|Medical Kits,71,RESOLVED,CITIZEN,MOBILE_APP,ENGLISH,RAIN,False,False,False,True,OFFICER-01,0,3,1,88,False,MODERATE,0,True,11,5,1,False,False,False
INC-2021-0164,2021-02-13T20:09:08,Mullaitivu,WET,Landslide,3,HIGH,837,73,Rescue Teams|Medical Kits,26,RESOLVED,CITIZEN,MOBILE_APP,TAMIL,RAIN,True,True,False,True,OFFICER-01,5,2,0,47,False,MODERATE,0,True,2,8,5,False,False,False
INC-2025-0165,2025-08-26T13:22:04,Mullaitivu,WET,Drought,1,LOW,74,0,Rescue Teams|Medical Kits,95,RESOLVED,CITIZEN,MOBILE_APP,ENGLISH,RAIN,False,False,False,True,OFFICER-01,3,3,5,11,False,MODERATE,0,True,8,12,1,False,False,False
INC-2025-0166,2025-12-26T07:31:45,Galle,WET,Flood,1,LOW,65,0,Rescue Teams|Medical Kits,24,RESOLVED,CITIZEN,MOBILE_APP,SINHALA,RAIN,False,False,False,True,OFFICER-01,9,1,4,87,False,MODERATE,0,True,12,15,4,True,False,False
INC-2023-0167,2023-10-14T18:35:30,Colombo,WET,Flood,1,LOW,86,0,Rescue Teams|Medical Kits,119,RESOLVED,CITIZEN,MOBILE_APP,SINHALA,RAIN,True,False,False,True,OFFICER-01,6,5,1,61,False,MODERATE,0,True,10,10,5,False,False,True
INC-2020-0168,2020-08-08T01:20:29,Ratnapura,WET,Drought,1,LOW,25,0,Rescue Teams|Medical Kits,118,RESOLVED,CITIZEN,MOBILE_APP,SINHALA,RAIN,False,False,False,True,OFFICER-01,1,2,2,38,False,MODERATE,0,True,8,23,5,False,False,False
INC-2021-0169,2021-03-02T01:06:04,Polonnaruwa,WET,High Winds/Cyclone,2,MEDIUM,264,0,Rescue Teams|Medical Kits,97,RESOLVED,CITIZEN,MOBILE_APP,TAMIL,RAIN,False,True,False,True,OFFICER-01,2,0,4,72,False,MODERATE,0,True,3,4,1,False,False,False
INC-2020-0170,2020-01-27T07:55:20,Polonnaruwa,WET,Flood,3,HIGH,1032,16,Rescue Teams|Medical Kits,107,RESOLVED,CITIZEN,MOBILE_APP,SINHALA,RAIN,True,False,False,True,OFFICER-01,10,5,1,52,False,MODERATE,0,True,1,11,0,False,True,False
INC-2025-0171,2025-03-29T01:57:24,Kilinochchi,WET,Drought,1,LOW,82,0,Rescue Teams|Medical Kits,26,RESOLVED,CITIZEN,MOBILE_APP,SINHALA,RAIN,True,False,False,True,OFFICER-01,2,0,4,93,False,MODERATE,0,True,3,6,5,False,False,True
INC-2023-0172,2023-04-08T03:29:40,Anuradhapura,WET,Building Collapse,1,LOW,19,0,Rescue Teams|Medical Kits,116,RESOLVED,CITIZEN,MOBILE_APP,SINHALA,RAIN,False,False,False,True,OFFICER-01,3,2,5,10,False,MODERATE,0,True,4,10,5,False,False,False
INC-2022-0173,2022-02-10T00:40:28,Batticaloa,WET,High Winds/Cyclone,1,LOW,96,0,Rescue Teams|Medical Kits,92,RESOLVED,CITIZEN,MOBILE_APP,ENGLISH,RAIN,False,False,False,True,OFFICER-01,0,5,2,26,False,MODERATE,0,True,2,23,3,False,False,False
INC-2024-0174,2024-05-27T14:10:23,Vavuniya,WET,Drought,1,LOW,48,0,Rescue Teams|Medical Kits,65,RESOLVED,CITIZEN,MOBILE_APP,ENGLISH,RAIN,False,False,False,True,OFFICER-01,10,0,1,63,False,MODERATE,0,True,5,23,0,False,False,False
INC-2023-0175,2023-04-13T21:42:51,Galle,WET,Drought,1,LOW,57,0,Rescue Teams|Medical Kits,91,RESOLVED,CITIZEN,MOBILE_APP,SINHALA,RAIN,False,False,False,True,OFFICER-01,8,0,2,40,False,MODERATE,0,True,4,20,3,False,False,False
INC-2021-0176,2021-02-14T01:21:25,Kandy,WET,High Winds/Cyclone,4,CRITICAL,974,45,Rescue Teams|Medical Kits,61,RESOLVED,CITIZEN,MOBILE_APP,TAMIL,RAIN,False,True,False,True,OFFICER-01,10,1,3,98,False,MODERATE,0,True,2,13,6,True,True,True
INC-2020-0177,2020-08-14T18:39:58,Colombo,WET,Flood,3,HIGH,551,53,Rescue Teams|Medical Kits,42,RESOLVED,CITIZEN,MOBILE_APP,SINHALA,RAIN,True,True,False,True,OFFICER-01,0,3,4,36,False,MODERATE,0,True,8,22,4,False,True,False
INC-2025-0178,2025-05-06T21:37:41,Mannar,WET,Drought,1,LOW,60,0,Rescue Teams|Medical Kits,69,RESOLVED,CITIZEN,MOBILE_APP,TAMIL,RAIN,True,False,False,True,OFFICER-01,6,0,5,68,False,MODERATE,0,True,5,13,1,False,False,False
INC-2024-0179,2024-07-28T10:29:21,Anuradhapura,WET,Flood,4,CRITICAL,1457,29,Rescue Teams|Medical Kits,25,RESOLVED,CITIZEN,MOBILE_APP,TAMIL,RAIN,True,True,False,True,OFFICER-01,3,1,4,41,False,MODERATE,0,True,7,22,6,False,True,False
INC-2023-0180,2023-04-28T23:03:08,Ampara,WET,High Winds/Cyclone,1,LOW,89,0,Rescue Teams|Medical Kits,102,RESOLVED,CITIZEN,MOBILE_APP,TAMIL,RAIN,True,False,False,True,OFFICER-01,1,2,5,55,False,MODERATE,0,True,4,20,4,False,False,False
INC-2026-0181,2026-03-17T21:38:29,Ratnapura,WET,Flood,2,MEDIUM,212,0,Rescue Teams|Medical Kits,70,RESOLVED,CITIZEN,MOBILE_APP,SINHALA,RAIN,True,False,False,True,OFFICER-01,7,4,4,7,False,MODERATE,0,True,3,2,1,False,False,True
INC-2022-0182,2022-08-18T22:20:19,Kilinochchi,WET,Forest Fire,1,LOW,29,0,Rescue Teams|Medical Kits,37,RESOLVED,CITIZEN,MOBILE_APP,SINHALA,RAIN,True,False,False,True,OFFICER-01,0,5,1,89,False,MODERATE,0,True,8,23,3,False,False,False
INC-2020-0183,2020-02-05T06:21:44,Hambantota,WET,Drought,2,MEDIUM,278,0,Rescue Teams|Medical Kits,81,RESOLVED,CITIZEN,MOBILE_APP,TAMIL,RAIN,False,True,False,True,OFFICER-01,4,1,2,16,False,MODERATE,0,True,2,11,2,False,True,False
INC-2022-0184,2022-04-15T00:31:57,Jaffna,WET,Forest Fire,2,MEDIUM,242,0,Rescue Teams|Medical Kits,57,RESOLVED,CITIZEN,MOBILE_APP,ENGLISH,RAIN,False,True,False,True,OFFICER-01,4,4,0,33,False,MODERATE,0,True,4,0,4,False,False,False
INC-2026-0185,2026-01-22T02:40:15,Ampara,WET,High Winds/Cyclone,1,LOW,43,0,Rescue Teams|Medical Kits,73,RESOLVED,CITIZEN,MOBILE_APP,TAMIL,RAIN,False,False,False,True,OFFICER-01,5,0,3,72,False,MODERATE,0,True,1,15,3,True,False,True
INC-2021-0186,2021-06-02T11:34:43,Kandy,WET,Flood,4,CRITICAL,1210,33,Rescue Teams|Medical Kits,88,RESOLVED,CITIZEN,MOBILE_APP,TAMIL,RAIN,True,True,False,True,OFFICER-01,1,1,5,65,False,MODERATE,0,True,6,3,2,True,True,False
INC-2020-0187,2020-01-08T23:31:19,Colombo,WET,Forest Fire,4,CRITICAL,1759,130,Rescue Teams|Medical Kits,20,RESOLVED,CITIZEN,MOBILE_APP,ENGLISH,RAIN,True,False,False,True,OFFICER-01,5,3,1,22,False,MODERATE,0,True,1,7,2,True,True,False
INC-2020-0188,2020-04-19T20:53:57,Kurunegala,WET,Medical Emergency,4,CRITICAL,1569,131,Rescue Teams|Medical Kits,98,RESOLVED,CITIZEN,MOBILE_APP,ENGLISH,RAIN,True,True,False,True,OFFICER-01,3,2,1,53,False,MODERATE,0,True,4,5,6,False,True,False
INC-2026-0189,2026-02-15T20:33:36,Hambantota,WET,High Winds/Cyclone,4,CRITICAL,2030,179,Rescue Teams|Medical Kits,62,RESOLVED,CITIZEN,MOBILE_APP,SINHALA,RAIN,True,False,False,True,OFFICER-01,8,5,0,22,False,MODERATE,0,True,2,3,6,True,True,True
INC-2021-0190,2021-11-24T09:53:02,Batticaloa,WET,Building Collapse,4,CRITICAL,924,50,Rescue Teams|Medical Kits,23,RESOLVED,CITIZEN,MOBILE_APP,ENGLISH,RAIN,True,False,False,True,OFFICER-01,4,2,2,11,False,MODERATE,0,True,11,12,2,True,True,False
INC-2024-0191,2024-09-14T09:29:00,Kegalle,WET,Landslide,3,HIGH,945,15,Rescue Teams|Medical Kits,87,RESOLVED,CITIZEN,MOBILE_APP,ENGLISH,RAIN,True,False,False,True,OFFICER-01,9,1,3,47,False,MODERATE,0,True,9,9,5,False,False,True
INC-2025-0192,2025-01-12T07:40:24,Nuwara Eliya,WET,Building Collapse,2,MEDIUM,243,0,Rescue Teams|Medical Kits,108,RESOLVED,CITIZEN,MOBILE_APP,TAMIL,RAIN,True,False,False,True,OFFICER-01,3,1,0,52,False,MODERATE,0,True,1,6,6,False,False,False
INC-2020-0193,2020-03-15T06:52:41,Galle,WET,Landslide,3,HIGH,503,24,Rescue Teams|Medical Kits,16,RESOLVED,CITIZEN,MOBILE_APP,ENGLISH,RAIN,True,False,False,True,OFFICER-01,0,5,3,94,False,MODERATE,0,True,3,5,6,False,True,False
INC-2026-0194,2026-03-09T09:05:01,Matara,WET,Flood,4,CRITICAL,1829,115,Rescue Teams|Medical Kits,68,RESOLVED,CITIZEN,MOBILE_APP,ENGLISH,RAIN,True,False,False,True,OFFICER-01,0,1,5,35,False,MODERATE,0,True,3,21,0,False,False,False
INC-2020-0195,2020-10-16T00:34:09,Gampaha,WET,Medical Emergency,2,MEDIUM,347,0,Rescue Teams|Medical Kits,67,RESOLVED,CITIZEN,MOBILE_APP,TAMIL,RAIN,False,True,False,True,OFFICER-01,5,3,5,10,False,MODERATE,0,True,10,16,4,False,False,False
INC-2024-0196,2024-12-09T09:23:49,Gampaha,WET,Flood,3,HIGH,876,77,Rescue Teams|Medical Kits,24,RESOLVED,CITIZEN,MOBILE_APP,TAMIL,RAIN,True,False,False,True,OFFICER-01,9,0,3,84,False,MODERATE,0,True,12,0,0,True,False,False
INC-2021-0197,2021-02-10T02:18:59,Ratnapura,WET,Drought,1,LOW,73,0,Rescue Teams|Medical Kits,117,RESOLVED,CITIZEN,MOBILE_APP,ENGLISH,RAIN,False,False,False,True,OFFICER-01,5,2,3,34,False,MODERATE,0,True,2,10,2,False,False,False
INC-2021-0198,2021-12-26T19:18:56,Gampaha,WET,Flood,3,HIGH,30,1,Rescue Teams|Medical Kits,28,RESOLVED,CITIZEN,MOBILE_APP,SINHALA,RAIN,True,False,False,True,OFFICER-01,1,1,3,59,False,MODERATE,0,True,12,18,6,True,False,True
INC-2022-0199,2022-09-02T16:01:09,Ratnapura,WET,Drought,3,HIGH,615,15,Rescue Teams|Medical Kits,72,RESOLVED,CITIZEN,MOBILE_APP,ENGLISH,RAIN,True,False,False,True,OFFICER-01,7,2,0,11,False,MODERATE,0,True,9,6,4,True,True,False
INC-2021-0200,2021-05-04T16:39:15,Kilinochchi,WET,Drought,1,LOW,11,0,Rescue Teams|Medical Kits,104,RESOLVED,CITIZEN,MOBILE_APP,TAMIL,RAIN,True,True,False,True,OFFICER-01,0,1,2,18,False,MODERATE,0,True,5,22,1,False,False,False
INC-2020-0201,2020-10-10T09:19:37,Monaragala,WET,Building Collapse,4,CRITICAL,1352,78,Rescue Teams|Medical Kits,80,RESOLVED,CITIZEN,MOBILE_APP,SINHALA,RAIN,True,False,False,True,OFFICER-01,10,2,2,22,False,MODERATE,0,True,10,0,5,True,True,True
INC-2020-0202,2020-04-06T13:38:54,Polonnaruwa,WET,Forest Fire,2,MEDIUM,243,0,Rescue Teams|Medical Kits,110,RESOLVED,CITIZEN,MOBILE_APP,TAMIL,RAIN,False,True,False,True,OFFICER-01,3,0,3,13,False,MODERATE,0,True,4,17,0,True,False,False
INC-2021-0203,2021-03-10T07:43:29,Galle,WET,Flood,2,MEDIUM,207,0,Rescue Teams|Medical Kits,31,RESOLVED,CITIZEN,MOBILE_APP,SINHALA,RAIN,True,True,False,True,OFFICER-01,6,2,5,80,False,MODERATE,0,True,3,7,2,False,False,True
INC-2025-0204,2025-06-25T23:11:57,Kalutara,WET,Drought,2,MEDIUM,0,0,Rescue Teams|Medical Kits,119,RESOLVED,CITIZEN,MOBILE_APP,SINHALA,RAIN,False,False,False,True,OFFICER-01,0,0,1,82,False,MODERATE,0,True,6,8,2,False,False,False
INC-2023-0205,2023-10-09T16:38:09,Ampara,WET,Flood,3,HIGH,1017,98,Rescue Teams|Medical Kits,30,RESOLVED,CITIZEN,MOBILE_APP,SINHALA,RAIN,True,True,False,True,OFFICER-01,7,0,1,73,False,MODERATE,0,True,10,10,0,True,False,True
INC-2023-0206,2023-09-07T18:28:48,Batticaloa,WET,Flood,4,CRITICAL,1144,97,Rescue Teams|Medical Kits,63,RESOLVED,CITIZEN,MOBILE_APP,TAMIL,RAIN,True,False,False,True,OFFICER-01,6,1,2,27,False,MODERATE,0,True,9,0,3,True,False,True
INC-2021-0207,2021-08-04T10:59:54,Kegalle,WET,Landslide,2,MEDIUM,215,0,Rescue Teams|Medical Kits,19,RESOLVED,CITIZEN,MOBILE_APP,TAMIL,RAIN,False,False,False,True,OFFICER-01,9,4,1,82,False,MODERATE,0,True,8,4,2,False,False,True
INC-2022-0208,2022-07-05T20:38:09,Nuwara Eliya,WET,Drought,1,LOW,60,0,Rescue Teams|Medical Kits,76,RESOLVED,CITIZEN,MOBILE_APP,SINHALA,RAIN,False,False,False,True,OFFICER-01,1,2,3,17,False,MODERATE,0,True,7,17,1,False,False,False
INC-2023-0209,2023-07-26T12:24:51,Galle,WET,Forest Fire,3,HIGH,926,81,Rescue Teams|Medical Kits,46,RESOLVED,CITIZEN,MOBILE_APP,TAMIL,RAIN,True,False,False,True,OFFICER-01,8,0,3,100,False,MODERATE,0,True,7,2,2,False,True,False
INC-2026-0210,2026-01-25T08:46:20,Anuradhapura,WET,Drought,1,LOW,15,0,Rescue Teams|Medical Kits,59,RESOLVED,CITIZEN,MOBILE_APP,TAMIL,RAIN,False,False,False,True,OFFICER-01,8,2,3,34,False,MODERATE,0,True,1,15,6,False,False,False
INC-2021-0211,2021-07-12T16:02:36,Colombo,WET,Drought,2,MEDIUM,318,0,Rescue Teams|Medical Kits,18,RESOLVED,CITIZEN,MOBILE_APP,ENGLISH,RAIN,False,False,False,True,OFFICER-01,0,3,4,45,False,MODERATE,0,True,7,7,0,False,False,False
INC-2024-0212,2024-12-19T09:22:10,Ratnapura,WET,Building Collapse,1,LOW,13,0,Rescue Teams|Medical Kits,46,RESOLVED,CITIZEN,MOBILE_APP,TAMIL,RAIN,True,False,False,True,OFFICER-01,3,2,4,94,False,MODERATE,0,True,12,3,3,True,False,False
INC-2020-0213,2020-06-22T16:51:04,Trincomalee,WET,Medical Emergency,3,HIGH,918,59,Rescue Teams|Medical Kits,117,RESOLVED,CITIZEN,MOBILE_APP,ENGLISH,RAIN,True,False,False,True,OFFICER-01,5,1,1,30,False,MODERATE,0,True,6,3,0,True,True,True
INC-2025-0214,2025-01-14T21:27:25,Matara,WET,Drought,4,CRITICAL,861,45,Rescue Teams|Medical Kits,90,RESOLVED,CITIZEN,MOBILE_APP,SINHALA,RAIN,True,False,False,True,OFFICER-01,5,4,4,18,False,MODERATE,0,True,1,23,1,True,True,False
INC-2024-0215,2024-10-15T12:26:31,Kandy,WET,Forest Fire,2,MEDIUM,61,0,Rescue Teams|Medical Kits,84,RESOLVED,CITIZEN,MOBILE_APP,ENGLISH,RAIN,False,False,False,True,OFFICER-01,2,3,0,11,False,MODERATE,0,True,10,15,1,False,False,False
INC-2020-0216,2020-06-23T12:11:17,Ratnapura,WET,High Winds/Cyclone,1,LOW,0,0,Rescue Teams|Medical Kits,82,RESOLVED,CITIZEN,MOBILE_APP,ENGLISH,RAIN,False,False,False,True,OFFICER-01,0,2,4,25,False,MODERATE,0,True,6,0,1,True,False,True
INC-2021-0217,2021-02-09T10:00:21,Kandy,WET,Flood,3,HIGH,751,40,Rescue Teams|Medical Kits,22,RESOLVED,CITIZEN,MOBILE_APP,SINHALA,RAIN,True,False,False,True,OFFICER-01,2,4,5,18,False,MODERATE,0,True,2,23,1,True,False,False
INC-2020-0218,2020-12-10T14:50:18,Trincomalee,WET,Forest Fire,2,MEDIUM,228,0,Rescue Teams|Medical Kits,62,RESOLVED,CITIZEN,MOBILE_APP,TAMIL,RAIN,True,False,False,True,OFFICER-01,10,3,4,12,False,MODERATE,0,True,12,2,3,False,False,False
INC-2022-0219,2022-11-11T15:48:44,Hambantota,WET,Flood,3,HIGH,783,20,Rescue Teams|Medical Kits,108,RESOLVED,CITIZEN,MOBILE_APP,ENGLISH,RAIN,False,True,False,True,OFFICER-01,10,3,5,40,False,MODERATE,0,True,11,5,4,True,True,True
INC-2021-0220,2021-06-25T05:29:32,Monaragala,WET,Landslide,4,CRITICAL,571,30,Rescue Teams|Medical Kits,115,RESOLVED,CITIZEN,MOBILE_APP,ENGLISH,RAIN,True,False,False,True,OFFICER-01,3,5,4,22,False,MODERATE,0,True,6,19,4,True,True,True
INC-2023-0221,2023-03-21T14:21:51,Matara,WET,Landslide,4,CRITICAL,1289,39,Rescue Teams|Medical Kits,37,RESOLVED,CITIZEN,MOBILE_APP,TAMIL,RAIN,True,False,False,True,OFFICER-01,0,5,4,50,False,MODERATE,0,True,3,4,1,False,True,False
INC-2024-0222,2024-10-29T02:34:53,Gampaha,WET,Drought,1,LOW,90,0,Rescue Teams|Medical Kits,118,RESOLVED,CITIZEN,MOBILE_APP,TAMIL,RAIN,False,False,False,True,OFFICER-01,3,5,4,13,False,MODERATE,0,True,10,10,1,False,False,False
INC-2024-0223,2024-03-21T14:14:23,Matara,WET,Drought,2,MEDIUM,75,0,Rescue Teams|Medical Kits,45,RESOLVED,CITIZEN,MOBILE_APP,ENGLISH,RAIN,False,False,False,True,OFFICER-01,5,1,5,11,False,MODERATE,0,True,3,2,3,False,False,False
INC-2026-0224,2026-01-11T16:19:20,Kilinochchi,WET,High Winds/Cyclone,1,LOW,29,0,Rescue Teams|Medical Kits,72,RESOLVED,CITIZEN,MOBILE_APP,SINHALA,RAIN,True,False,False,True,OFFICER-01,4,1,1,88,False,MODERATE,0,True,1,10,6,False,False,False
INC-2020-0225,2020-07-29T15:08:42,Kandy,WET,High Winds/Cyclone,3,HIGH,726,22,Rescue Teams|Medical Kits,15,RESOLVED,CITIZEN,MOBILE_APP,SINHALA,RAIN,True,True,False,True,OFFICER-01,6,3,5,53,False,MODERATE,0,True,7,5,2,True,False,False
INC-2021-0226,2021-05-31T19:05:35,Badulla,WET,Drought,2,MEDIUM,241,0,Rescue Teams|Medical Kits,59,RESOLVED,CITIZEN,MOBILE_APP,TAMIL,RAIN,True,False,False,True,OFFICER-01,6,0,3,100,False,MODERATE,0,True,5,12,0,False,False,True
INC-2024-0227,2024-11-30T22:56:29,Badulla,WET,High Winds/Cyclone,3,HIGH,439,33,Rescue Teams|Medical Kits,72,RESOLVED,CITIZEN,MOBILE_APP,SINHALA,RAIN,True,False,False,True,OFFICER-01,0,2,0,40,False,MODERATE,0,True,11,20,5,False,False,True
INC-2022-0228,2022-03-22T07:05:34,Jaffna,WET,Flood,3,HIGH,927,36,Rescue Teams|Medical Kits,63,RESOLVED,CITIZEN,MOBILE_APP,SINHALA,RAIN,True,True,False,True,OFFICER-01,1,4,0,43,False,MODERATE,0,True,3,20,1,True,True,False
INC-2025-0229,2025-01-19T14:07:38,Matale,WET,Forest Fire,3,HIGH,470,41,Rescue Teams|Medical Kits,18,RESOLVED,CITIZEN,MOBILE_APP,ENGLISH,RAIN,True,False,False,True,OFFICER-01,10,1,4,55,False,MODERATE,0,True,1,5,6,True,False,True
INC-2021-0230,2021-05-03T02:30:25,Colombo,WET,Flood,4,CRITICAL,710,49,Rescue Teams|Medical Kits,67,RESOLVED,CITIZEN,MOBILE_APP,TAMIL,RAIN,True,False,False,True,OFFICER-01,8,5,5,69,False,MODERATE,0,True,5,6,0,True,True,False
INC-2022-0231,2022-04-04T03:34:28,Monaragala,WET,Flood,3,HIGH,934,26,Rescue Teams|Medical Kits,21,RESOLVED,CITIZEN,MOBILE_APP,ENGLISH,RAIN,True,True,False,True,OFFICER-01,9,4,3,19,False,MODERATE,0,True,4,3,0,True,False,True
INC-2020-0232,2020-06-18T08:10:35,Kandy,WET,Landslide,4,CRITICAL,1367,111,Rescue Teams|Medical Kits,120,RESOLVED,CITIZEN,MOBILE_APP,TAMIL,RAIN,True,True,False,True,OFFICER-01,10,4,3,25,False,MODERATE,0,True,6,9,3,True,True,True
INC-2020-0233,2020-10-28T07:52:03,Colombo,WET,Drought,1,LOW,17,0,Rescue Teams|Medical Kits,52,RESOLVED,CITIZEN,MOBILE_APP,SINHALA,RAIN,False,False,False,True,OFFICER-01,7,0,2,100,False,MODERATE,0,True,10,20,2,False,False,False
INC-2023-0234,2023-05-19T21:18:49,Kegalle,WET,Forest Fire,3,HIGH,536,39,Rescue Teams|Medical Kits,26,RESOLVED,CITIZEN,MOBILE_APP,TAMIL,RAIN,True,True,False,True,OFFICER-01,8,3,1,47,False,MODERATE,0,True,5,8,4,False,True,False
INC-2023-0235,2023-03-31T02:36:52,Anuradhapura,WET,Flood,2,MEDIUM,121,0,Rescue Teams|Medical Kits,48,RESOLVED,CITIZEN,MOBILE_APP,ENGLISH,RAIN,True,False,False,True,OFFICER-01,7,2,1,34,False,MODERATE,0,True,3,1,4,False,False,False
INC-2024-0236,2024-10-19T01:16:30,Colombo,WET,High Winds/Cyclone,4,CRITICAL,667,57,Rescue Teams|Medical Kits,27,RESOLVED,CITIZEN,MOBILE_APP,SINHALA,RAIN,True,False,False,True,OFFICER-01,10,2,4,52,False,MODERATE,0,True,10,21,5,True,False,False
INC-2025-0237,2025-01-06T05:11:27,Ratnapura,WET,High Winds/Cyclone,1,LOW,52,0,Rescue Teams|Medical Kits,119,RESOLVED,CITIZEN,MOBILE_APP,TAMIL,RAIN,False,False,False,True,OFFICER-01,6,4,5,60,False,MODERATE,0,True,1,12,0,False,False,False
INC-2024-0238,2024-11-14T08:40:20,Ratnapura,WET,Drought,2,MEDIUM,190,0,Rescue Teams|Medical Kits,65,RESOLVED,CITIZEN,MOBILE_APP,TAMIL,RAIN,True,True,False,True,OFFICER-01,0,4,4,66,False,MODERATE,0,True,11,2,3,False,True,False
INC-2024-0239,2024-11-10T13:02:24,Badulla,WET,Landslide,4,CRITICAL,1211,78,Rescue Teams|Medical Kits,111,RESOLVED,CITIZEN,MOBILE_APP,ENGLISH,RAIN,True,False,False,True,OFFICER-01,2,1,1,24,False,MODERATE,0,True,11,19,6,True,False,False
INC-2021-0240,2021-01-27T01:06:37,Colombo,WET,Flood,3,HIGH,598,9,Rescue Teams|Medical Kits,70,RESOLVED,CITIZEN,MOBILE_APP,SINHALA,RAIN,False,True,False,True,OFFICER-01,10,1,4,33,False,MODERATE,0,True,1,4,2,True,True,True
INC-2022-0241,2022-09-20T10:14:59,Jaffna,WET,Medical Emergency,2,MEDIUM,205,0,Rescue Teams|Medical Kits,26,RESOLVED,CITIZEN,MOBILE_APP,ENGLISH,RAIN,False,False,False,True,OFFICER-01,8,3,4,41,False,MODERATE,0,True,9,2,1,False,False,False
INC-2022-0242,2022-05-08T03:01:33,Trincomalee,WET,Drought,2,MEDIUM,252,0,Rescue Teams|Medical Kits,115,RESOLVED,CITIZEN,MOBILE_APP,TAMIL,RAIN,True,False,False,True,OFFICER-01,9,4,4,100,False,MODERATE,0,True,5,0,6,True,False,False
INC-2023-0243,2023-07-27T15:11:02,Gampaha,WET,Flood,4,CRITICAL,1114,25,Rescue Teams|Medical Kits,90,RESOLVED,CITIZEN,MOBILE_APP,TAMIL,RAIN,True,False,False,True,OFFICER-01,1,0,4,99,False,MODERATE,0,True,7,3,3,True,True,False
INC-2020-0244,2020-11-09T18:23:34,Kurunegala,WET,Medical Emergency,1,LOW,94,0,Rescue Teams|Medical Kits,67,RESOLVED,CITIZEN,MOBILE_APP,ENGLISH,RAIN,True,False,False,True,OFFICER-01,6,5,3,73,False,MODERATE,0,True,11,11,0,False,False,False
INC-2025-0245,2025-03-06T23:30:33,Kegalle,WET,Flood,3,HIGH,632,13,Rescue Teams|Medical Kits,33,RESOLVED,CITIZEN,MOBILE_APP,TAMIL,RAIN,False,False,False,True,OFFICER-01,9,5,5,51,False,MODERATE,0,True,3,0,3,True,False,False
INC-2020-0246,2020-04-30T11:50:07,Polonnaruwa,WET,Forest Fire,2,MEDIUM,200,0,Rescue Teams|Medical Kits,103,RESOLVED,CITIZEN,MOBILE_APP,SINHALA,RAIN,False,False,False,True,OFFICER-01,0,5,3,34,False,MODERATE,0,True,4,10,3,True,False,False
INC-2023-0247,2023-03-03T03:11:28,Colombo,WET,High Winds/Cyclone,4,CRITICAL,1416,111,Rescue Teams|Medical Kits,54,RESOLVED,CITIZEN,MOBILE_APP,ENGLISH,RAIN,True,True,False,True,OFFICER-01,7,5,5,12,False,MODERATE,0,True,3,22,4,True,True,True
INC-2021-0248,2021-12-09T05:44:12,Matara,WET,Drought,2,MEDIUM,275,0,Rescue Teams|Medical Kits,71,RESOLVED,CITIZEN,MOBILE_APP,ENGLISH,RAIN,True,False,False,True,OFFICER-01,4,5,3,77,False,MODERATE,0,True,12,23,3,True,True,False
INC-2025-0249,2025-06-28T16:03:20,Kalutara,WET,Drought,1,LOW,49,0,Rescue Teams|Medical Kits,120,RESOLVED,CITIZEN,MOBILE_APP,ENGLISH,RAIN,True,False,False,True,OFFICER-01,7,4,2,7,False,MODERATE,0,True,6,6,5,False,False,False
INC-2024-0250,2024-05-19T21:17:36,Batticaloa,WET,Flood,3,HIGH,715,32,Rescue Teams|Medical Kits,79,RESOLVED,CITIZEN,MOBILE_APP,ENGLISH,RAIN,True,True,False,True,OFFICER-01,2,4,4,3,False,MODERATE,0,True,5,5,6,True,False,False
INC-2021-0251,2021-06-23T18:47:47,Galle,WET,Forest Fire,3,HIGH,894,29,Rescue Teams|Medical Kits,46,RESOLVED,CITIZEN,MOBILE_APP,SINHALA,RAIN,False,False,False,True,OFFICER-01,7,0,2,90,False,MODERATE,0,True,6,18,2,False,True,False
INC-2021-0252,2021-09-10T14:42:02,Kegalle,WET,Drought,1,LOW,43,0,Rescue Teams|Medical Kits,79,RESOLVED,CITIZEN,MOBILE_APP,ENGLISH,RAIN,False,True,False,True,OFFICER-01,10,0,5,3,False,MODERATE,0,True,9,14,4,False,False,False
INC-2022-0253,2022-01-21T16:12:43,Anuradhapura,WET,Drought,1,LOW,72,0,Rescue Teams|Medical Kits,37,RESOLVED,CITIZEN,MOBILE_APP,ENGLISH,RAIN,False,False,False,True,OFFICER-01,9,4,2,44,False,MODERATE,0,True,1,14,4,True,False,False
INC-2021-0254,2021-05-23T00:27:31,Ampara,WET,Flood,4,CRITICAL,1319,21,Rescue Teams|Medical Kits,26,RESOLVED,CITIZEN,MOBILE_APP,ENGLISH,RAIN,True,False,False,True,OFFICER-01,0,3,0,20,False,MODERATE,0,True,5,22,6,True,True,True
INC-2024-0255,2024-11-12T22:39:12,Batticaloa,WET,Flood,3,HIGH,330,22,Rescue Teams|Medical Kits,97,RESOLVED,CITIZEN,MOBILE_APP,SINHALA,RAIN,True,False,False,True,OFFICER-01,10,1,2,83,False,MODERATE,0,True,11,21,1,False,True,True
INC-2023-0256,2023-06-26T07:04:11,Trincomalee,WET,Flood,2,MEDIUM,102,0,Rescue Teams|Medical Kits,16,RESOLVED,CITIZEN,MOBILE_APP,ENGLISH,RAIN,False,False,False,True,OFFICER-01,2,5,1,76,False,MODERATE,0,True,6,21,0,True,True,False
INC-2020-0257,2020-01-27T07:06:05,Ratnapura,WET,Landslide,2,MEDIUM,299,0,Rescue Teams|Medical Kits,106,RESOLVED,CITIZEN,MOBILE_APP,TAMIL,RAIN,False,False,False,True,OFFICER-01,10,2,3,48,False,MODERATE,0,True,1,9,0,True,True,False
INC-2022-0258,2022-12-19T09:38:32,Monaragala,WET,Drought,1,LOW,27,0,Rescue Teams|Medical Kits,53,RESOLVED,CITIZEN,MOBILE_APP,TAMIL,RAIN,False,False,False,True,OFFICER-01,8,4,3,74,False,MODERATE,0,True,12,14,0,False,True,False
INC-2020-0259,2020-11-13T20:56:36,Colombo,WET,Drought,1,LOW,30,0,Rescue Teams|Medical Kits,62,RESOLVED,CITIZEN,MOBILE_APP,TAMIL,RAIN,False,False,False,True,OFFICER-01,10,4,4,36,False,MODERATE,0,True,11,21,4,False,False,False
INC-2022-0260,2022-07-16T07:58:41,Kilinochchi,WET,Flood,2,MEDIUM,292,0,Rescue Teams|Medical Kits,58,RESOLVED,CITIZEN,MOBILE_APP,ENGLISH,RAIN,False,True,False,True,OFFICER-01,10,2,2,33,False,MODERATE,0,True,7,2,5,False,False,False
INC-2025-0261,2025-07-31T11:49:25,Mannar,WET,Building Collapse,2,MEDIUM,95,0,Rescue Teams|Medical Kits,53,RESOLVED,CITIZEN,MOBILE_APP,SINHALA,RAIN,False,False,False,True,OFFICER-01,2,4,1,7,False,MODERATE,0,True,7,20,3,False,True,True
INC-2025-0262,2025-02-07T05:43:33,Ratnapura,WET,Flood,4,CRITICAL,413,35,Rescue Teams|Medical Kits,107,RESOLVED,CITIZEN,MOBILE_APP,SINHALA,RAIN,True,False,False,True,OFFICER-01,10,3,2,33,False,MODERATE,0,True,2,4,4,True,True,False
INC-2023-0263,2023-07-24T10:31:11,Ratnapura,WET,High Winds/Cyclone,3,HIGH,566,14,Rescue Teams|Medical Kits,105,RESOLVED,CITIZEN,MOBILE_APP,TAMIL,RAIN,False,False,False,True,OFFICER-01,3,2,5,91,False,MODERATE,0,True,7,18,0,False,False,False
INC-2021-0264,2021-11-21T20:36:04,Kilinochchi,WET,Drought,1,LOW,58,0,Rescue Teams|Medical Kits,100,RESOLVED,CITIZEN,MOBILE_APP,ENGLISH,RAIN,False,False,False,True,OFFICER-01,8,2,1,84,False,MODERATE,0,True,11,15,6,False,True,False
INC-2024-0265,2024-09-30T09:59:29,Hambantota,WET,Landslide,2,MEDIUM,239,0,Rescue Teams|Medical Kits,31,RESOLVED,CITIZEN,MOBILE_APP,TAMIL,RAIN,False,False,False,True,OFFICER-01,4,5,4,97,False,MODERATE,0,True,9,15,0,False,False,False
INC-2021-0266,2021-07-22T18:33:56,Kilinochchi,WET,Forest Fire,2,MEDIUM,134,0,Rescue Teams|Medical Kits,26,RESOLVED,CITIZEN,MOBILE_APP,SINHALA,RAIN,False,False,False,True,OFFICER-01,5,1,5,39,False,MODERATE,0,True,7,20,3,False,True,False
INC-2023-0267,2023-07-30T08:42:24,Puttalam,WET,Drought,2,MEDIUM,275,0,Rescue Teams|Medical Kits,52,RESOLVED,CITIZEN,MOBILE_APP,ENGLISH,RAIN,False,False,False,True,OFFICER-01,1,3,0,81,False,MODERATE,0,True,7,18,6,True,False,True
INC-2024-0268,2024-12-18T02:28:39,Anuradhapura,WET,High Winds/Cyclone,3,HIGH,676,19,Rescue Teams|Medical Kits,39,RESOLVED,CITIZEN,MOBILE_APP,TAMIL,RAIN,True,False,False,True,OFFICER-01,1,5,3,67,False,MODERATE,0,True,12,15,2,False,True,False
INC-2022-0269,2022-07-15T23:01:02,Ratnapura,WET,Forest Fire,3,HIGH,933,73,Rescue Teams|Medical Kits,32,RESOLVED,CITIZEN,MOBILE_APP,SINHALA,RAIN,True,True,False,True,OFFICER-01,5,3,4,58,False,MODERATE,0,True,7,20,4,True,False,False
INC-2021-0270,2021-03-20T23:34:00,Puttalam,WET,Medical Emergency,1,LOW,61,0,Rescue Teams|Medical Kits,114,RESOLVED,CITIZEN,MOBILE_APP,SINHALA,RAIN,True,False,False,True,OFFICER-01,7,2,5,22,False,MODERATE,0,True,3,5,5,False,False,False
INC-2022-0271,2022-08-31T17:50:48,Mullaitivu,WET,Flood,2,MEDIUM,111,0,Rescue Teams|Medical Kits,50,RESOLVED,CITIZEN,MOBILE_APP,SINHALA,RAIN,True,False,False,True,OFFICER-01,2,4,1,62,False,MODERATE,0,True,8,14,2,False,False,False
INC-2020-0272,2020-09-30T12:50:19,Gampaha,WET,Landslide,3,HIGH,512,5,Rescue Teams|Medical Kits,66,RESOLVED,CITIZEN,MOBILE_APP,ENGLISH,RAIN,False,False,False,True,OFFICER-01,7,3,0,4,False,MODERATE,0,True,9,13,2,True,True,False
INC-2024-0273,2024-07-16T09:42:56,Kalutara,WET,Flood,4,CRITICAL,589,36,Rescue Teams|Medical Kits,56,RESOLVED,CITIZEN,MOBILE_APP,TAMIL,RAIN,True,True,False,True,OFFICER-01,3,0,5,0,False,MODERATE,0,True,7,18,1,True,True,False
INC-2025-0274,2025-05-01T01:09:50,Jaffna,WET,Landslide,2,MEDIUM,326,0,Rescue Teams|Medical Kits,59,RESOLVED,CITIZEN,MOBILE_APP,ENGLISH,RAIN,False,False,False,True,OFFICER-01,2,0,3,64,False,MODERATE,0,True,5,22,3,False,False,False
INC-2025-0275,2025-01-02T22:28:04,Matara,WET,Flood,4,CRITICAL,1511,122,Rescue Teams|Medical Kits,53,RESOLVED,CITIZEN,MOBILE_APP,ENGLISH,RAIN,True,True,False,True,OFFICER-01,7,5,4,76,False,MODERATE,0,True,1,1,3,True,True,False
INC-2024-0276,2024-06-16T09:02:39,Kandy,WET,Forest Fire,3,HIGH,489,14,Rescue Teams|Medical Kits,58,RESOLVED,CITIZEN,MOBILE_APP,ENGLISH,RAIN,True,False,False,True,OFFICER-01,5,1,1,51,False,MODERATE,0,True,6,20,6,True,True,False
INC-2020-0277,2020-02-29T10:02:37,Galle,WET,Drought,4,CRITICAL,1805,37,Rescue Teams|Medical Kits,42,RESOLVED,CITIZEN,MOBILE_APP,TAMIL,RAIN,False,False,False,True,OFFICER-01,0,4,4,21,False,MODERATE,0,True,2,4,5,True,True,False
INC-2021-0278,2021-01-17T15:37:23,Kandy,WET,Landslide,4,CRITICAL,1452,61,Rescue Teams|Medical Kits,63,RESOLVED,CITIZEN,MOBILE_APP,TAMIL,RAIN,True,False,False,True,OFFICER-01,4,4,4,6,False,MODERATE,0,True,1,18,6,True,True,False
INC-2025-0279,2025-01-19T06:11:17,Matale,WET,High Winds/Cyclone,3,HIGH,628,16,Rescue Teams|Medical Kits,17,RESOLVED,CITIZEN,MOBILE_APP,SINHALA,RAIN,True,False,False,True,OFFICER-01,1,3,3,48,False,MODERATE,0,True,1,20,6,True,True,False
INC-2021-0280,2021-01-18T23:54:57,Batticaloa,WET,Landslide,2,MEDIUM,23,0,Rescue Teams|Medical Kits,34,RESOLVED,CITIZEN,MOBILE_APP,SINHALA,RAIN,False,False,False,True,OFFICER-01,10,5,0,38,False,MODERATE,0,True,1,22,0,False,True,True
INC-2023-0281,2023-07-31T14:27:01,Kilinochchi,WET,Flood,2,MEDIUM,197,0,Rescue Teams|Medical Kits,49,RESOLVED,CITIZEN,MOBILE_APP,TAMIL,RAIN,False,False,False,True,OFFICER-01,9,5,1,53,False,MODERATE,0,True,7,16,0,False,True,False
INC-2020-0282,2020-11-21T22:58:20,Kurunegala,WET,High Winds/Cyclone,3,HIGH,954,33,Rescue Teams|Medical Kits,29,RESOLVED,CITIZEN,MOBILE_APP,SINHALA,RAIN,True,False,False,True,OFFICER-01,7,1,4,25,False,MODERATE,0,True,11,22,5,False,False,True
INC-2022-0283,2022-03-28T02:14:51,Ampara,WET,Building Collapse,3,HIGH,424,6,Rescue Teams|Medical Kits,105,RESOLVED,CITIZEN,MOBILE_APP,ENGLISH,RAIN,False,True,False,True,OFFICER-01,4,1,0,70,False,MODERATE,0,True,3,11,0,True,False,False
INC-2024-0284,2024-03-22T02:53:23,Kandy,WET,Forest Fire,1,LOW,25,0,Rescue Teams|Medical Kits,57,RESOLVED,CITIZEN,MOBILE_APP,SINHALA,RAIN,False,True,False,True,OFFICER-01,0,0,5,11,False,MODERATE,0,True,3,15,4,True,False,False
INC-2020-0285,2020-12-09T02:19:33,Ampara,WET,High Winds/Cyclone,2,MEDIUM,0,0,Rescue Teams|Medical Kits,26,RESOLVED,CITIZEN,MOBILE_APP,TAMIL,RAIN,True,False,False,True,OFFICER-01,1,5,5,12,False,MODERATE,0,True,12,4,2,True,False,False
INC-2022-0286,2022-03-06T00:41:52,Polonnaruwa,WET,Landslide,4,CRITICAL,1553,152,Rescue Teams|Medical Kits,48,RESOLVED,CITIZEN,MOBILE_APP,ENGLISH,RAIN,True,False,False,True,OFFICER-01,0,0,1,5,False,MODERATE,0,True,3,9,6,True,True,True
INC-2022-0287,2022-06-21T18:15:33,Anuradhapura,WET,Forest Fire,2,MEDIUM,279,0,Rescue Teams|Medical Kits,69,RESOLVED,CITIZEN,MOBILE_APP,TAMIL,RAIN,True,False,False,True,OFFICER-01,1,0,0,1,False,MODERATE,0,True,6,10,1,False,False,False
INC-2021-0288,2021-03-05T23:26:15,Kilinochchi,WET,High Winds/Cyclone,2,MEDIUM,74,0,Rescue Teams|Medical Kits,60,RESOLVED,CITIZEN,MOBILE_APP,ENGLISH,RAIN,True,True,False,True,OFFICER-01,9,2,5,11,False,MODERATE,0,True,3,10,4,True,True,False
INC-2023-0289,2023-03-03T16:43:17,Batticaloa,WET,Flood,4,CRITICAL,1280,75,Rescue Teams|Medical Kits,66,RESOLVED,CITIZEN,MOBILE_APP,ENGLISH,RAIN,True,True,False,True,OFFICER-01,4,3,5,61,False,MODERATE,0,True,3,12,4,False,True,True
INC-2023-0290,2023-08-03T07:12:00,Mullaitivu,WET,Forest Fire,2,MEDIUM,314,0,Rescue Teams|Medical Kits,29,RESOLVED,CITIZEN,MOBILE_APP,SINHALA,RAIN,True,False,False,True,OFFICER-01,0,1,0,53,False,MODERATE,0,True,8,5,3,False,True,False
INC-2025-0291,2025-01-09T09:32:07,Kegalle,WET,Landslide,4,CRITICAL,1374,113,Rescue Teams|Medical Kits,38,RESOLVED,CITIZEN,MOBILE_APP,TAMIL,RAIN,True,True,False,True,OFFICER-01,6,2,4,3,False,MODERATE,0,True,1,1,3,True,True,True
INC-2025-0292,2025-10-27T13:20:41,Jaffna,WET,Building Collapse,2,MEDIUM,290,0,Rescue Teams|Medical Kits,76,RESOLVED,CITIZEN,MOBILE_APP,ENGLISH,RAIN,False,True,False,True,OFFICER-01,1,3,3,5,False,MODERATE,0,True,10,4,0,False,True,False
INC-2020-0293,2020-07-15T18:40:40,Matara,WET,Landslide,3,HIGH,503,15,Rescue Teams|Medical Kits,101,RESOLVED,CITIZEN,MOBILE_APP,TAMIL,RAIN,False,False,False,True,OFFICER-01,9,5,4,28,False,MODERATE,0,True,7,22,2,True,False,False
INC-2025-0294,2025-09-12T03:12:54,Puttalam,WET,Drought,2,MEDIUM,104,0,Rescue Teams|Medical Kits,104,RESOLVED,CITIZEN,MOBILE_APP,TAMIL,RAIN,False,False,False,True,OFFICER-01,1,3,5,93,False,MODERATE,0,True,9,22,4,False,True,True
INC-2022-0295,2022-02-11T07:14:38,Kegalle,WET,Landslide,4,CRITICAL,1553,123,Rescue Teams|Medical Kits,64,RESOLVED,CITIZEN,MOBILE_APP,SINHALA,RAIN,True,False,False,True,OFFICER-01,8,4,0,1,False,MODERATE,0,True,2,4,4,True,True,False
INC-2025-0296,2025-06-21T23:17:06,Mannar,WET,Landslide,4,CRITICAL,1168,78,Rescue Teams|Medical Kits,78,RESOLVED,CITIZEN,MOBILE_APP,SINHALA,RAIN,False,True,False,True,OFFICER-01,1,3,2,30,False,MODERATE,0,True,6,1,5,True,True,False
INC-2022-0297,2022-10-25T01:18:27,Matale,WET,Flood,3,HIGH,510,44,Rescue Teams|Medical Kits,85,RESOLVED,CITIZEN,MOBILE_APP,TAMIL,RAIN,False,False,False,True,OFFICER-01,6,3,1,10,False,MODERATE,0,True,10,21,1,True,False,False
INC-2023-0298,2023-11-27T08:34:26,Kegalle,WET,Drought,3,HIGH,856,77,Rescue Teams|Medical Kits,78,RESOLVED,CITIZEN,MOBILE_APP,ENGLISH,RAIN,False,True,False,True,OFFICER-01,5,0,3,95,False,MODERATE,0,True,11,19,0,False,True,True
INC-2025-0299,2025-07-22T23:01:20,Colombo,WET,Flood,2,MEDIUM,104,0,Rescue Teams|Medical Kits,19,RESOLVED,CITIZEN,MOBILE_APP,TAMIL,RAIN,False,False,False,True,OFFICER-01,8,0,0,77,False,MODERATE,0,True,7,13,1,True,False,False
INC-2025-0300,2025-04-07T08:55:05,Mullaitivu,WET,Drought,2,MEDIUM,242,0,Rescue Teams|Medical Kits,86,RESOLVED,CITIZEN,MOBILE_APP,SINHALA,RAIN,False,False,False,True,OFFICER-01,10,5,3,43,False,MODERATE,0,True,4,16,0,False,False,False
INC-2023-0301,2023-02-02T20:46:42,Gampaha,WET,Forest Fire,2,MEDIUM,93,0,Rescue Teams|Medical Kits,57,RESOLVED,CITIZEN,MOBILE_APP,TAMIL,RAIN,False,False,False,True,OFFICER-01,9,4,3,91,False,MODERATE,0,True,2,14,3,True,True,False
INC-2025-0302,2025-08-03T17:56:18,Anuradhapura,WET,High Winds/Cyclone,2,MEDIUM,242,0,Rescue Teams|Medical Kits,27,RESOLVED,CITIZEN,MOBILE_APP,TAMIL,RAIN,False,False,False,True,OFFICER-01,3,0,2,45,False,MODERATE,0,True,8,3,6,False,True,False
INC-2025-0303,2025-05-22T17:12:06,Kurunegala,WET,Drought,1,LOW,60,0,Rescue Teams|Medical Kits,104,RESOLVED,CITIZEN,MOBILE_APP,SINHALA,RAIN,False,False,False,True,OFFICER-01,0,1,3,17,False,MODERATE,0,True,5,11,3,False,False,False
INC-2026-0304,2026-02-05T04:39:57,Jaffna,WET,Forest Fire,1,LOW,41,0,Rescue Teams|Medical Kits,47,RESOLVED,CITIZEN,MOBILE_APP,TAMIL,RAIN,False,False,False,True,OFFICER-01,3,1,0,50,False,MODERATE,0,True,2,3,3,False,False,False
INC-2021-0305,2021-10-31T19:31:07,Kegalle,WET,High Winds/Cyclone,3,HIGH,400,20,Rescue Teams|Medical Kits,58,RESOLVED,CITIZEN,MOBILE_APP,SINHALA,RAIN,False,False,False,True,OFFICER-01,6,0,5,86,False,MODERATE,0,True,10,5,6,True,True,True
INC-2025-0306,2025-01-03T08:56:18,Galle,WET,Forest Fire,1,LOW,34,0,Rescue Teams|Medical Kits,73,RESOLVED,CITIZEN,MOBILE_APP,TAMIL,RAIN,False,False,False,True,OFFICER-01,9,4,1,63,False,MODERATE,0,True,1,14,4,False,False,False
INC-2020-0307,2020-01-14T11:26:12,Trincomalee,WET,High Winds/Cyclone,2,MEDIUM,240,0,Rescue Teams|Medical Kits,70,RESOLVED,CITIZEN,MOBILE_APP,TAMIL,RAIN,False,True,False,True,OFFICER-01,7,4,1,88,False,MODERATE,0,True,1,17,1,False,False,False
INC-2024-0308,2024-12-02T12:08:31,Kalutara,WET,Forest Fire,3,HIGH,595,40,Rescue Teams|Medical Kits,64,RESOLVED,CITIZEN,MOBILE_APP,TAMIL,RAIN,True,True,False,True,OFFICER-01,9,4,2,64,False,MODERATE,0,True,12,19,0,False,True,False
INC-2023-0309,2023-04-10T02:31:31,Ratnapura,WET,High Winds/Cyclone,3,HIGH,625,55,Rescue Teams|Medical Kits,112,RESOLVED,CITIZEN,MOBILE_APP,SINHALA,RAIN,True,True,False,True,OFFICER-01,4,3,2,37,False,MODERATE,0,True,4,22,0,True,True,False
INC-2023-0310,2023-11-07T22:37:22,Batticaloa,WET,Flood,3,HIGH,987,59,Rescue Teams|Medical Kits,104,RESOLVED,CITIZEN,MOBILE_APP,TAMIL,RAIN,False,False,False,True,OFFICER-01,8,2,5,70,False,MODERATE,0,True,11,19,1,False,True,False
INC-2022-0311,2022-09-02T06:53:06,Mannar,WET,Forest Fire,1,LOW,46,0,Rescue Teams|Medical Kits,95,RESOLVED,CITIZEN,MOBILE_APP,SINHALA,RAIN,False,False,False,True,OFFICER-01,3,1,4,91,False,MODERATE,0,True,9,17,4,False,False,False
INC-2022-0312,2022-06-21T19:10:39,Kilinochchi,WET,Drought,2,MEDIUM,102,0,Rescue Teams|Medical Kits,31,RESOLVED,CITIZEN,MOBILE_APP,TAMIL,RAIN,True,False,False,True,OFFICER-01,10,1,4,69,False,MODERATE,0,True,6,21,1,True,False,False
INC-2025-0313,2025-11-27T03:39:11,Badulla,WET,High Winds/Cyclone,3,HIGH,741,55,Rescue Teams|Medical Kits,86,RESOLVED,CITIZEN,MOBILE_APP,ENGLISH,RAIN,True,False,False,True,OFFICER-01,9,4,5,90,False,MODERATE,0,True,11,11,3,False,False,True
INC-2023-0314,2023-07-21T01:24:38,Monaragala,WET,Forest Fire,3,HIGH,512,30,Rescue Teams|Medical Kits,51,RESOLVED,CITIZEN,MOBILE_APP,ENGLISH,RAIN,True,False,False,True,OFFICER-01,0,4,0,3,False,MODERATE,0,True,7,17,4,True,False,True
INC-2023-0315,2023-03-29T07:44:56,Gampaha,WET,Landslide,4,CRITICAL,1110,85,Rescue Teams|Medical Kits,49,RESOLVED,CITIZEN,MOBILE_APP,SINHALA,RAIN,True,False,False,True,OFFICER-01,4,5,2,18,False,MODERATE,0,True,3,21,2,True,True,True
INC-2020-0316,2020-07-11T17:30:09,Monaragala,WET,Flood,4,CRITICAL,1060,28,Rescue Teams|Medical Kits,19,RESOLVED,CITIZEN,MOBILE_APP,ENGLISH,RAIN,True,False,False,True,OFFICER-01,7,0,4,86,False,MODERATE,0,True,7,17,5,False,True,False
INC-2026-0317,2026-04-16T12:33:21,Puttalam,WET,Flood,4,CRITICAL,1158,18,Rescue Teams|Medical Kits,86,RESOLVED,CITIZEN,MOBILE_APP,ENGLISH,RAIN,True,True,False,True,OFFICER-01,3,4,5,36,False,MODERATE,0,True,4,4,3,True,False,False
INC-2025-0318,2025-11-22T21:03:31,Kilinochchi,WET,Flood,2,MEDIUM,183,0,Rescue Teams|Medical Kits,64,RESOLVED,CITIZEN,MOBILE_APP,ENGLISH,RAIN,False,False,False,True,OFFICER-01,10,2,4,6,False,MODERATE,0,True,11,12,5,True,True,False
INC-2020-0319,2020-02-10T06:45:29,Jaffna,WET,Landslide,2,MEDIUM,297,0,Rescue Teams|Medical Kits,114,RESOLVED,CITIZEN,MOBILE_APP,ENGLISH,RAIN,False,False,False,True,OFFICER-01,3,5,5,90,False,MODERATE,0,True,2,19,0,False,False,False
INC-2025-0320,2025-07-05T02:58:14,Anuradhapura,WET,High Winds/Cyclone,2,MEDIUM,250,0,Rescue Teams|Medical Kits,109,RESOLVED,CITIZEN,MOBILE_APP,TAMIL,RAIN,False,False,False,True,OFFICER-01,3,5,1,37,False,MODERATE,0,True,7,17,5,False,False,False
INC-2023-0321,2023-10-26T10:03:58,Kalutara,WET,High Winds/Cyclone,3,HIGH,922,49,Rescue Teams|Medical Kits,37,RESOLVED,CITIZEN,MOBILE_APP,TAMIL,RAIN,True,False,False,True,OFFICER-01,8,0,3,5,False,MODERATE,0,True,10,20,3,True,True,True
INC-2023-0322,2023-08-24T07:51:30,Matara,WET,Flood,3,HIGH,862,14,Rescue Teams|Medical Kits,89,RESOLVED,CITIZEN,MOBILE_APP,ENGLISH,RAIN,True,False,False,True,OFFICER-01,0,2,3,90,False,MODERATE,0,True,8,5,3,False,False,False
INC-2021-0323,2021-04-25T23:08:58,Colombo,WET,Medical Emergency,3,HIGH,451,24,Rescue Teams|Medical Kits,21,RESOLVED,CITIZEN,MOBILE_APP,TAMIL,RAIN,True,True,False,True,OFFICER-01,9,5,2,62,False,MODERATE,0,True,4,3,6,True,True,False
INC-2024-0324,2024-11-14T05:53:28,Batticaloa,WET,Drought,1,LOW,10,0,Rescue Teams|Medical Kits,55,RESOLVED,CITIZEN,MOBILE_APP,TAMIL,RAIN,True,False,False,True,OFFICER-01,3,1,4,8,False,MODERATE,0,True,11,22,3,False,False,False
INC-2024-0325,2024-04-18T09:59:40,Hambantota,WET,Drought,2,MEDIUM,169,0,Rescue Teams|Medical Kits,66,RESOLVED,CITIZEN,MOBILE_APP,SINHALA,RAIN,False,False,False,True,OFFICER-01,5,1,1,84,False,MODERATE,0,True,4,17,3,False,True,False
INC-2022-0326,2022-10-28T03:01:42,Puttalam,WET,Drought,1,LOW,27,0,Rescue Teams|Medical Kits,111,RESOLVED,CITIZEN,MOBILE_APP,TAMIL,RAIN,False,True,False,True,OFFICER-01,8,3,4,96,False,MODERATE,0,True,10,6,4,False,False,False
INC-2025-0327,2025-07-10T07:19:33,Colombo,WET,Landslide,4,CRITICAL,1630,78,Rescue Teams|Medical Kits,45,RESOLVED,CITIZEN,MOBILE_APP,TAMIL,RAIN,True,False,False,True,OFFICER-01,9,4,1,5,False,MODERATE,0,True,7,1,3,False,True,True
INC-2025-0328,2025-10-21T14:43:05,Puttalam,WET,Drought,2,MEDIUM,202,0,Rescue Teams|Medical Kits,64,RESOLVED,CITIZEN,MOBILE_APP,ENGLISH,RAIN,False,False,False,True,OFFICER-01,8,5,2,3,False,MODERATE,0,True,10,3,1,False,False,False
INC-2024-0329,2024-05-24T20:27:28,Ampara,WET,Landslide,3,HIGH,503,25,Rescue Teams|Medical Kits,72,RESOLVED,CITIZEN,MOBILE_APP,ENGLISH,RAIN,True,True,False,True,OFFICER-01,0,2,5,24,False,MODERATE,0,True,5,2,4,False,False,True
INC-2022-0330,2022-09-22T04:15:00,Trincomalee,WET,Flood,1,LOW,54,0,Rescue Teams|Medical Kits,36,RESOLVED,CITIZEN,MOBILE_APP,TAMIL,RAIN,False,False,False,True,OFFICER-01,8,0,5,8,False,MODERATE,0,True,9,3,3,False,False,False
INC-2021-0331,2021-10-16T21:00:21,Kilinochchi,WET,High Winds/Cyclone,1,LOW,43,0,Rescue Teams|Medical Kits,102,RESOLVED,CITIZEN,MOBILE_APP,ENGLISH,RAIN,False,False,False,True,OFFICER-01,1,1,4,89,False,MODERATE,0,True,10,6,5,False,False,False
INC-2026-0332,2026-04-22T08:55:44,Matale,WET,Drought,1,LOW,30,0,Rescue Teams|Medical Kits,110,RESOLVED,CITIZEN,MOBILE_APP,TAMIL,RAIN,True,False,False,True,OFFICER-01,2,0,3,91,False,MODERATE,0,True,4,2,2,False,False,False
INC-2022-0333,2022-10-27T14:29:29,Gampaha,WET,Flood,2,MEDIUM,138,0,Rescue Teams|Medical Kits,37,RESOLVED,CITIZEN,MOBILE_APP,ENGLISH,RAIN,False,True,False,True,OFFICER-01,8,0,4,29,False,MODERATE,0,True,10,1,3,False,True,True
INC-2022-0334,2022-03-14T14:11:23,Ratnapura,WET,Landslide,4,CRITICAL,1344,81,Rescue Teams|Medical Kits,70,RESOLVED,CITIZEN,MOBILE_APP,ENGLISH,RAIN,True,True,False,True,OFFICER-01,0,3,5,15,False,MODERATE,0,True,3,0,0,True,True,True
INC-2024-0335,2024-07-19T16:08:29,Colombo,WET,High Winds/Cyclone,3,HIGH,853,32,Rescue Teams|Medical Kits,111,RESOLVED,CITIZEN,MOBILE_APP,TAMIL,RAIN,True,False,False,True,OFFICER-01,9,0,5,9,False,MODERATE,0,True,7,19,4,False,True,False
INC-2023-0336,2023-01-16T08:03:18,Trincomalee,WET,Flood,2,MEDIUM,113,0,Rescue Teams|Medical Kits,53,RESOLVED,CITIZEN,MOBILE_APP,TAMIL,RAIN,False,False,False,True,OFFICER-01,1,2,3,48,False,MODERATE,0,True,1,21,0,False,False,False
INC-2023-0337,2023-05-12T13:46:47,Kilinochchi,WET,Flood,2,MEDIUM,186,0,Rescue Teams|Medical Kits,83,RESOLVED,CITIZEN,MOBILE_APP,SINHALA,RAIN,True,False,False,True,OFFICER-01,2,5,3,69,False,MODERATE,0,True,5,5,4,False,False,False
INC-2022-0338,2022-07-05T11:11:19,Mullaitivu,WET,Flood,2,MEDIUM,281,0,Rescue Teams|Medical Kits,116,RESOLVED,CITIZEN,MOBILE_APP,TAMIL,RAIN,False,False,False,True,OFFICER-01,10,2,0,70,False,MODERATE,0,True,7,21,1,True,False,True
INC-2024-0339,2024-09-20T13:00:00,Matara,WET,Landslide,1,LOW,40,0,Rescue Teams|Medical Kits,88,RESOLVED,CITIZEN,MOBILE_APP,TAMIL,RAIN,True,True,False,True,OFFICER-01,6,4,4,10,False,MODERATE,0,True,9,0,4,False,False,False
INC-2022-0340,2022-08-04T15:25:09,Kalutara,WET,Drought,4,CRITICAL,1511,44,Rescue Teams|Medical Kits,59,RESOLVED,CITIZEN,MOBILE_APP,SINHALA,RAIN,True,True,False,True,OFFICER-01,6,5,4,18,False,MODERATE,0,True,8,5,3,True,True,False
INC-2021-0341,2021-05-15T01:37:37,Hambantota,WET,Landslide,2,MEDIUM,197,0,Rescue Teams|Medical Kits,39,RESOLVED,CITIZEN,MOBILE_APP,SINHALA,RAIN,False,True,False,True,OFFICER-01,2,5,4,6,False,MODERATE,0,True,5,8,5,False,True,False
INC-2024-0342,2024-09-01T05:18:19,Monaragala,WET,High Winds/Cyclone,1,LOW,58,0,Rescue Teams|Medical Kits,52,RESOLVED,CITIZEN,MOBILE_APP,TAMIL,RAIN,False,False,False,True,OFFICER-01,1,2,0,25,False,MODERATE,0,True,9,2,6,True,True,False
INC-2026-0343,2026-03-04T07:51:22,Anuradhapura,WET,Building Collapse,3,HIGH,548,35,Rescue Teams|Medical Kits,31,RESOLVED,CITIZEN,MOBILE_APP,TAMIL,RAIN,True,False,False,True,OFFICER-01,10,1,0,36,False,MODERATE,0,True,3,11,2,True,False,False
INC-2025-0344,2025-04-08T18:26:41,Kalutara,WET,Medical Emergency,1,LOW,97,0,Rescue Teams|Medical Kits,77,RESOLVED,CITIZEN,MOBILE_APP,ENGLISH,RAIN,False,False,False,True,OFFICER-01,5,4,5,39,False,MODERATE,0,True,4,10,1,False,False,False
INC-2025-0345,2025-11-24T11:59:08,Anuradhapura,WET,Drought,3,HIGH,285,14,Rescue Teams|Medical Kits,118,RESOLVED,CITIZEN,MOBILE_APP,ENGLISH,RAIN,True,True,False,True,OFFICER-01,6,1,0,40,False,MODERATE,0,True,11,11,0,True,True,False
INC-2022-0346,2022-02-03T20:08:55,Ratnapura,WET,Forest Fire,1,LOW,16,0,Rescue Teams|Medical Kits,70,RESOLVED,CITIZEN,MOBILE_APP,ENGLISH,RAIN,False,False,False,True,OFFICER-01,5,1,5,93,False,MODERATE,0,True,2,20,3,False,True,False
INC-2022-0347,2022-10-27T03:07:31,Nuwara Eliya,WET,Drought,2,MEDIUM,2,0,Rescue Teams|Medical Kits,114,RESOLVED,CITIZEN,MOBILE_APP,ENGLISH,RAIN,False,True,False,True,OFFICER-01,7,4,0,22,False,MODERATE,0,True,10,11,3,False,False,False
INC-2025-0348,2025-06-28T15:48:59,Vavuniya,WET,Flood,1,LOW,72,0,Rescue Teams|Medical Kits,120,RESOLVED,CITIZEN,MOBILE_APP,SINHALA,RAIN,False,False,False,True,OFFICER-01,8,1,2,93,False,MODERATE,0,True,6,8,5,False,False,False
INC-2025-0349,2025-04-30T20:05:27,Kalutara,WET,Forest Fire,1,LOW,13,0,Rescue Teams|Medical Kits,79,RESOLVED,CITIZEN,MOBILE_APP,TAMIL,RAIN,False,True,False,True,OFFICER-01,0,4,4,51,False,MODERATE,0,True,4,0,2,False,False,False
INC-2025-0350,2025-01-07T04:17:47,Kandy,WET,Medical Emergency,2,MEDIUM,249,0,Rescue Teams|Medical Kits,48,RESOLVED,CITIZEN,MOBILE_APP,TAMIL,RAIN,False,False,False,True,OFFICER-01,8,3,5,99,False,MODERATE,0,True,1,17,1,False,False,False
INC-2021-0351,2021-04-06T18:52:43,Kandy,WET,Flood,3,HIGH,661,34,Rescue Teams|Medical Kits,108,RESOLVED,CITIZEN,MOBILE_APP,ENGLISH,RAIN,True,False,False,True,OFFICER-01,2,3,4,65,False,MODERATE,0,True,4,3,1,True,False,False
INC-2020-0352,2020-10-08T08:11:50,Ratnapura,WET,Landslide,4,CRITICAL,1043,29,Rescue Teams|Medical Kits,45,RESOLVED,CITIZEN,MOBILE_APP,TAMIL,RAIN,False,False,False,True,OFFICER-01,10,1,4,17,False,MODERATE,0,True,10,4,3,False,True,True
INC-2023-0353,2023-10-18T08:36:29,Hambantota,WET,Flood,2,MEDIUM,140,0,Rescue Teams|Medical Kits,99,RESOLVED,CITIZEN,MOBILE_APP,SINHALA,RAIN,False,False,False,True,OFFICER-01,7,2,0,28,False,MODERATE,0,True,10,18,2,False,False,False
INC-2024-0354,2024-02-24T01:14:02,Ratnapura,WET,Flood,2,MEDIUM,337,0,Rescue Teams|Medical Kits,44,RESOLVED,CITIZEN,MOBILE_APP,SINHALA,RAIN,False,False,False,True,OFFICER-01,10,1,4,46,False,MODERATE,0,True,2,11,5,False,False,False
INC-2023-0355,2023-04-20T18:19:11,Nuwara Eliya,WET,Medical Emergency,1,LOW,44,0,Rescue Teams|Medical Kits,20,RESOLVED,CITIZEN,MOBILE_APP,TAMIL,RAIN,False,False,False,True,OFFICER-01,5,0,5,66,False,MODERATE,0,True,4,1,3,False,False,False
INC-2025-0356,2025-05-22T10:10:41,Ampara,WET,Forest Fire,3,HIGH,569,30,Rescue Teams|Medical Kits,89,RESOLVED,CITIZEN,MOBILE_APP,TAMIL,RAIN,False,False,False,True,OFFICER-01,9,1,3,83,False,MODERATE,0,True,5,22,3,True,False,False
INC-2023-0357,2023-03-22T00:23:11,Anuradhapura,WET,Drought,2,MEDIUM,312,0,Rescue Teams|Medical Kits,81,RESOLVED,CITIZEN,MOBILE_APP,ENGLISH,RAIN,False,True,False,True,OFFICER-01,6,1,4,51,False,MODERATE,0,True,3,2,2,True,False,False
INC-2023-0358,2023-01-01T09:58:56,Anuradhapura,WET,Drought,1,LOW,78,0,Rescue Teams|Medical Kits,92,RESOLVED,CITIZEN,MOBILE_APP,SINHALA,RAIN,False,False,False,True,OFFICER-01,8,1,3,21,False,MODERATE,0,True,1,15,6,False,True,False
INC-2021-0359,2021-12-15T13:21:17,Kalutara,WET,Drought,1,LOW,78,0,Rescue Teams|Medical Kits,42,RESOLVED,CITIZEN,MOBILE_APP,SINHALA,RAIN,False,True,False,True,OFFICER-01,2,1,2,77,False,MODERATE,0,True,12,8,2,False,False,False
INC-2026-0360,2026-02-06T13:57:59,Galle,WET,Forest Fire,1,LOW,65,0,Rescue Teams|Medical Kits,118,RESOLVED,CITIZEN,MOBILE_APP,ENGLISH,RAIN,True,False,False,True,OFFICER-01,1,3,5,61,False,MODERATE,0,True,2,13,4,False,False,False
INC-2024-0361,2024-01-28T06:24:25,Kandy,WET,High Winds/Cyclone,1,LOW,60,0,Rescue Teams|Medical Kits,67,RESOLVED,CITIZEN,MOBILE_APP,SINHALA,RAIN,True,False,False,True,OFFICER-01,3,0,1,73,False,MODERATE,0,True,1,20,6,True,False,False
INC-2025-0362,2025-01-14T08:38:35,Kalutara,WET,Landslide,4,CRITICAL,1628,156,Rescue Teams|Medical Kits,88,RESOLVED,CITIZEN,MOBILE_APP,SINHALA,RAIN,True,True,False,True,OFFICER-01,0,1,2,23,False,MODERATE,0,True,1,18,1,True,False,False
INC-2024-0363,2024-05-24T03:31:18,Jaffna,WET,Drought,3,HIGH,221,10,Rescue Teams|Medical Kits,96,RESOLVED,CITIZEN,MOBILE_APP,SINHALA,RAIN,True,False,False,True,OFFICER-01,10,2,0,27,False,MODERATE,0,True,5,3,4,False,False,True
INC-2023-0364,2023-10-27T15:01:48,Vavuniya,WET,Building Collapse,1,LOW,56,0,Rescue Teams|Medical Kits,36,RESOLVED,CITIZEN,MOBILE_APP,SINHALA,RAIN,False,False,False,True,OFFICER-01,6,4,1,74,False,MODERATE,0,True,10,15,4,False,False,False
INC-2021-0365,2021-07-19T02:15:54,Vavuniya,WET,Forest Fire,1,LOW,74,0,Rescue Teams|Medical Kits,36,RESOLVED,CITIZEN,MOBILE_APP,TAMIL,RAIN,False,False,False,True,OFFICER-01,10,2,3,76,False,MODERATE,0,True,7,8,0,False,False,False
INC-2025-0366,2025-01-08T22:01:45,Gampaha,WET,Landslide,3,HIGH,561,28,Rescue Teams|Medical Kits,28,RESOLVED,CITIZEN,MOBILE_APP,SINHALA,RAIN,True,False,False,True,OFFICER-01,3,4,4,87,False,MODERATE,0,True,1,20,2,False,True,False
INC-2023-0367,2023-07-28T06:11:05,Ampara,WET,High Winds/Cyclone,3,HIGH,960,57,Rescue Teams|Medical Kits,75,RESOLVED,CITIZEN,MOBILE_APP,TAMIL,RAIN,True,False,False,True,OFFICER-01,9,0,4,64,False,MODERATE,0,True,7,5,4,True,False,False
INC-2020-0368,2020-12-31T02:39:30,Kalutara,WET,Drought,2,MEDIUM,323,0,Rescue Teams|Medical Kits,92,RESOLVED,CITIZEN,MOBILE_APP,TAMIL,RAIN,False,True,False,True,OFFICER-01,0,5,5,55,False,MODERATE,0,True,12,4,3,False,True,False
INC-2024-0369,2024-06-09T22:26:20,Ratnapura,WET,Forest Fire,4,CRITICAL,922,13,Rescue Teams|Medical Kits,82,RESOLVED,CITIZEN,MOBILE_APP,ENGLISH,RAIN,True,True,False,True,OFFICER-01,3,3,3,44,False,MODERATE,0,True,6,5,6,True,True,True
INC-2025-0370,2025-01-04T02:36:31,Jaffna,WET,Medical Emergency,1,LOW,37,0,Rescue Teams|Medical Kits,88,RESOLVED,CITIZEN,MOBILE_APP,SINHALA,RAIN,False,False,False,True,OFFICER-01,6,1,2,61,False,MODERATE,0,True,1,22,5,True,False,True
INC-2021-0371,2021-12-23T09:25:02,Kalutara,WET,Landslide,2,MEDIUM,282,0,Rescue Teams|Medical Kits,67,RESOLVED,CITIZEN,MOBILE_APP,ENGLISH,RAIN,True,True,False,True,OFFICER-01,3,0,5,95,False,MODERATE,0,True,12,17,3,False,True,False
INC-2020-0372,2020-01-23T02:27:51,Anuradhapura,WET,Flood,3,HIGH,426,41,Rescue Teams|Medical Kits,63,RESOLVED,CITIZEN,MOBILE_APP,TAMIL,RAIN,True,False,False,True,OFFICER-01,3,5,2,52,False,MODERATE,0,True,1,18,3,False,True,False
INC-2023-0373,2023-01-30T12:47:36,Gampaha,WET,Landslide,3,HIGH,653,48,Rescue Teams|Medical Kits,47,RESOLVED,CITIZEN,MOBILE_APP,ENGLISH,RAIN,True,False,False,True,OFFICER-01,8,3,4,46,False,MODERATE,0,True,1,3,0,False,False,True
INC-2025-0374,2025-03-16T01:07:48,Kegalle,WET,Building Collapse,1,LOW,32,0,Rescue Teams|Medical Kits,111,RESOLVED,CITIZEN,MOBILE_APP,SINHALA,RAIN,False,False,False,True,OFFICER-01,6,4,4,61,False,MODERATE,0,True,3,12,6,False,False,False
INC-2021-0375,2021-07-09T06:17:57,Anuradhapura,WET,Drought,2,MEDIUM,138,0,Rescue Teams|Medical Kits,47,RESOLVED,CITIZEN,MOBILE_APP,ENGLISH,RAIN,False,False,False,True,OFFICER-01,9,2,5,50,False,MODERATE,0,True,7,15,4,True,False,False
INC-2026-0376,2026-04-04T23:54:53,Matara,WET,Medical Emergency,1,LOW,40,0,Rescue Teams|Medical Kits,30,RESOLVED,CITIZEN,MOBILE_APP,TAMIL,RAIN,False,False,False,True,OFFICER-01,3,3,5,20,False,MODERATE,0,True,4,21,5,False,False,False
INC-2020-0377,2020-11-07T13:18:57,Kandy,WET,Drought,2,MEDIUM,149,0,Rescue Teams|Medical Kits,117,RESOLVED,CITIZEN,MOBILE_APP,TAMIL,RAIN,False,False,False,True,OFFICER-01,9,5,5,90,False,MODERATE,0,True,11,10,5,False,False,False
INC-2020-0378,2020-06-10T17:20:17,Hambantota,WET,Drought,1,LOW,45,0,Rescue Teams|Medical Kits,15,RESOLVED,CITIZEN,MOBILE_APP,SINHALA,RAIN,False,False,False,True,OFFICER-01,2,3,4,55,False,MODERATE,0,True,6,20,2,False,False,False
INC-2020-0379,2020-09-30T20:14:46,Colombo,WET,Flood,3,HIGH,289,21,Rescue Teams|Medical Kits,92,RESOLVED,CITIZEN,MOBILE_APP,SINHALA,RAIN,True,False,False,True,OFFICER-01,6,3,4,83,False,MODERATE,0,True,9,19,2,False,True,False
INC-2024-0380,2024-06-06T16:59:20,Kurunegala,WET,High Winds/Cyclone,2,MEDIUM,281,0,Rescue Teams|Medical Kits,22,RESOLVED,CITIZEN,MOBILE_APP,SINHALA,RAIN,True,False,False,True,OFFICER-01,10,3,3,1,False,MODERATE,0,True,6,19,3,True,False,True
INC-2021-0381,2021-09-18T16:22:55,Kilinochchi,WET,Medical Emergency,1,LOW,51,0,Rescue Teams|Medical Kits,51,RESOLVED,CITIZEN,MOBILE_APP,SINHALA,RAIN,False,False,False,True,OFFICER-01,0,4,4,66,False,MODERATE,0,True,9,16,5,True,False,False
INC-2025-0382,2025-12-10T00:11:12,Ratnapura,WET,High Winds/Cyclone,1,LOW,19,0,Rescue Teams|Medical Kits,19,RESOLVED,CITIZEN,MOBILE_APP,ENGLISH,RAIN,True,False,False,True,OFFICER-01,3,5,0,20,False,MODERATE,0,True,12,21,2,False,False,False
INC-2020-0383,2020-09-26T19:28:08,Kegalle,WET,High Winds/Cyclone,2,MEDIUM,441,0,Rescue Teams|Medical Kits,100,RESOLVED,CITIZEN,MOBILE_APP,ENGLISH,RAIN,True,False,False,True,OFFICER-01,6,4,1,66,False,MODERATE,0,True,9,11,5,False,False,False
INC-2020-0384,2020-02-17T17:48:39,Jaffna,WET,High Winds/Cyclone,2,MEDIUM,278,0,Rescue Teams|Medical Kits,85,RESOLVED,CITIZEN,MOBILE_APP,ENGLISH,RAIN,True,False,False,True,OFFICER-01,8,4,2,44,False,MODERATE,0,True,2,2,0,False,False,False
INC-2022-0385,2022-05-09T01:55:10,Ratnapura,WET,High Winds/Cyclone,1,LOW,70,0,Rescue Teams|Medical Kits,73,RESOLVED,CITIZEN,MOBILE_APP,ENGLISH,RAIN,True,False,False,True,OFFICER-01,9,0,2,22,False,MODERATE,0,True,5,6,0,True,False,False
INC-2023-0386,2023-06-18T22:09:28,Trincomalee,WET,Landslide,1,LOW,67,0,Rescue Teams|Medical Kits,79,RESOLVED,CITIZEN,MOBILE_APP,ENGLISH,RAIN,False,False,False,True,OFFICER-01,5,0,4,32,False,MODERATE,0,True,6,2,6,False,True,False
INC-2024-0387,2024-07-29T04:59:00,Ampara,WET,Drought,3,HIGH,632,28,Rescue Teams|Medical Kits,71,RESOLVED,CITIZEN,MOBILE_APP,ENGLISH,RAIN,False,True,False,True,OFFICER-01,9,3,1,96,False,MODERATE,0,True,7,5,0,False,False,False
INC-2022-0388,2022-11-21T06:56:30,Jaffna,WET,Landslide,3,HIGH,610,32,Rescue Teams|Medical Kits,90,RESOLVED,CITIZEN,MOBILE_APP,SINHALA,RAIN,True,True,False,True,OFFICER-01,7,0,2,8,False,MODERATE,0,True,11,14,0,True,True,False
INC-2023-0389,2023-04-03T22:11:07,Badulla,WET,Building Collapse,3,HIGH,604,39,Rescue Teams|Medical Kits,104,RESOLVED,CITIZEN,MOBILE_APP,SINHALA,RAIN,False,True,False,True,OFFICER-01,5,3,2,66,False,MODERATE,0,True,4,4,0,True,True,True
INC-2024-0390,2024-07-22T05:06:04,Colombo,WET,High Winds/Cyclone,2,MEDIUM,223,0,Rescue Teams|Medical Kits,46,RESOLVED,CITIZEN,MOBILE_APP,ENGLISH,RAIN,False,False,False,True,OFFICER-01,1,3,5,95,False,MODERATE,0,True,7,8,0,True,False,False
INC-2022-0391,2022-11-28T12:50:15,Colombo,WET,Medical Emergency,4,CRITICAL,1832,135,Rescue Teams|Medical Kits,55,RESOLVED,CITIZEN,MOBILE_APP,ENGLISH,RAIN,True,True,False,True,OFFICER-01,3,4,2,23,False,MODERATE,0,True,11,15,0,False,True,False
INC-2025-0392,2025-10-23T08:10:20,Kandy,WET,Drought,1,LOW,19,0,Rescue Teams|Medical Kits,45,RESOLVED,CITIZEN,MOBILE_APP,TAMIL,RAIN,True,False,False,True,OFFICER-01,3,2,1,29,False,MODERATE,0,True,10,6,3,True,False,False
INC-2021-0393,2021-09-21T23:22:12,Ampara,WET,Forest Fire,3,HIGH,278,16,Rescue Teams|Medical Kits,34,RESOLVED,CITIZEN,MOBILE_APP,SINHALA,RAIN,True,False,False,True,OFFICER-01,1,0,5,84,False,MODERATE,0,True,9,23,1,True,True,False
INC-2024-0394,2024-03-10T15:45:16,Vavuniya,WET,Flood,2,MEDIUM,218,0,Rescue Teams|Medical Kits,20,RESOLVED,CITIZEN,MOBILE_APP,ENGLISH,RAIN,False,True,False,True,OFFICER-01,5,4,2,63,False,MODERATE,0,True,3,17,6,True,False,False
INC-2024-0395,2024-11-19T23:16:10,Kegalle,WET,Drought,1,LOW,37,0,Rescue Teams|Medical Kits,50,RESOLVED,CITIZEN,MOBILE_APP,ENGLISH,RAIN,False,False,False,True,OFFICER-01,3,4,1,6,False,MODERATE,0,True,11,16,1,False,False,False
INC-2024-0396,2024-06-21T09:40:32,Badulla,WET,Drought,1,LOW,67,0,Rescue Teams|Medical Kits,19,RESOLVED,CITIZEN,MOBILE_APP,TAMIL,RAIN,False,False,False,True,OFFICER-01,5,3,5,99,False,MODERATE,0,True,6,17,4,False,False,False
INC-2021-0397,2021-06-27T02:03:34,Monaragala,WET,Building Collapse,2,MEDIUM,218,0,Rescue Teams|Medical Kits,81,RESOLVED,CITIZEN,MOBILE_APP,ENGLISH,RAIN,False,True,False,True,OFFICER-01,5,5,0,1,False,MODERATE,0,True,6,22,6,False,False,False
INC-2025-0398,2025-09-25T08:46:03,Kalutara,WET,Landslide,4,CRITICAL,935,69,Rescue Teams|Medical Kits,61,RESOLVED,CITIZEN,MOBILE_APP,TAMIL,RAIN,False,False,False,True,OFFICER-01,4,1,4,33,False,MODERATE,0,True,9,23,3,False,True,True
INC-2022-0399,2022-01-06T18:22:37,Kegalle,WET,Drought,1,LOW,71,0,Rescue Teams|Medical Kits,58,RESOLVED,CITIZEN,MOBILE_APP,ENGLISH,RAIN,False,False,False,True,OFFICER-01,2,3,3,26,False,MODERATE,0,True,1,19,3,False,False,False
INC-2023-0400,2023-07-26T01:50:04,Mannar,WET,High Winds/Cyclone,2,MEDIUM,70,0,Rescue Teams|Medical Kits,66,RESOLVED,CITIZEN,MOBILE_APP,ENGLISH,RAIN,True,True,False,True,OFFICER-01,7,1,4,16,False,MODERATE,0,True,7,11,2,False,False,False
INC-2024-0401,2024-11-24T05:40:26,Monaragala,WET,Forest Fire,3,HIGH,349,18,Rescue Teams|Medical Kits,49,RESOLVED,CITIZEN,MOBILE_APP,SINHALA,RAIN,True,False,False,True,OFFICER-01,8,3,3,25,False,MODERATE,0,True,11,5,6,False,True,False
INC-2021-0402,2021-03-29T02:53:49,Jaffna,WET,Landslide,1,LOW,68,0,Rescue Teams|Medical Kits,37,RESOLVED,CITIZEN,MOBILE_APP,ENGLISH,RAIN,False,False,False,True,OFFICER-01,7,1,5,66,False,MODERATE,0,True,3,0,0,False,False,False
INC-2024-0403,2024-07-17T00:37:38,Jaffna,WET,Drought,1,LOW,30,0,Rescue Teams|Medical Kits,53,RESOLVED,CITIZEN,MOBILE_APP,ENGLISH,RAIN,False,False,False,True,OFFICER-01,8,4,0,50,False,MODERATE,0,True,7,15,2,False,False,False
INC-2020-0404,2020-11-03T12:05:45,Monaragala,WET,Flood,4,CRITICAL,1728,54,Rescue Teams|Medical Kits,75,RESOLVED,CITIZEN,MOBILE_APP,TAMIL,RAIN,True,False,False,True,OFFICER-01,1,3,5,42,False,MODERATE,0,True,11,8,1,True,True,True
INC-2022-0405,2022-03-18T01:47:22,Anuradhapura,WET,Drought,2,MEDIUM,201,0,Rescue Teams|Medical Kits,118,RESOLVED,CITIZEN,MOBILE_APP,ENGLISH,RAIN,True,True,False,True,OFFICER-01,5,0,3,15,False,MODERATE,0,True,3,17,4,True,True,False
INC-2022-0406,2022-12-26T19:12:14,Kilinochchi,WET,Building Collapse,2,MEDIUM,104,0,Rescue Teams|Medical Kits,88,RESOLVED,CITIZEN,MOBILE_APP,TAMIL,RAIN,True,False,False,True,OFFICER-01,10,5,4,22,False,MODERATE,0,True,12,6,0,False,False,False
INC-2022-0407,2022-06-03T05:57:54,Anuradhapura,WET,Drought,1,LOW,98,0,Rescue Teams|Medical Kits,77,RESOLVED,CITIZEN,MOBILE_APP,TAMIL,RAIN,False,False,False,True,OFFICER-01,7,0,3,78,False,MODERATE,0,True,6,16,4,False,False,False
INC-2022-0408,2022-06-09T04:44:46,Monaragala,WET,High Winds/Cyclone,2,MEDIUM,210,0,Rescue Teams|Medical Kits,36,RESOLVED,CITIZEN,MOBILE_APP,TAMIL,RAIN,False,False,False,True,OFFICER-01,5,3,5,78,False,MODERATE,0,True,6,4,3,False,False,False
INC-2024-0409,2024-11-11T00:23:12,Ratnapura,WET,Medical Emergency,4,CRITICAL,699,38,Rescue Teams|Medical Kits,35,RESOLVED,CITIZEN,MOBILE_APP,ENGLISH,RAIN,True,False,False,True,OFFICER-01,3,2,2,83,False,MODERATE,0,True,11,2,0,True,True,True
INC-2022-0410,2022-06-24T05:06:15,Mannar,WET,Landslide,2,MEDIUM,236,0,Rescue Teams|Medical Kits,65,RESOLVED,CITIZEN,MOBILE_APP,ENGLISH,RAIN,False,False,False,True,OFFICER-01,7,2,5,75,False,MODERATE,0,True,6,20,4,False,False,False
INC-2024-0411,2024-06-06T11:46:49,Monaragala,WET,Drought,2,MEDIUM,268,0,Rescue Teams|Medical Kits,17,RESOLVED,CITIZEN,MOBILE_APP,SINHALA,RAIN,True,False,False,True,OFFICER-01,3,5,2,95,False,MODERATE,0,True,6,5,3,False,True,False
INC-2025-0412,2025-12-16T23:44:58,Trincomalee,WET,Flood,3,HIGH,838,12,Rescue Teams|Medical Kits,28,RESOLVED,CITIZEN,MOBILE_APP,SINHALA,RAIN,True,True,False,True,OFFICER-01,1,3,4,6,False,MODERATE,0,True,12,0,1,False,True,False
INC-2020-0413,2020-03-22T21:54:36,Matale,WET,Drought,1,LOW,17,0,Rescue Teams|Medical Kits,28,RESOLVED,CITIZEN,MOBILE_APP,ENGLISH,RAIN,False,True,False,True,OFFICER-01,9,1,0,83,False,MODERATE,0,True,3,2,6,False,False,False
INC-2023-0414,2023-04-26T05:02:24,Kurunegala,WET,Landslide,2,MEDIUM,91,0,Rescue Teams|Medical Kits,51,RESOLVED,CITIZEN,MOBILE_APP,ENGLISH,RAIN,False,False,False,True,OFFICER-01,10,1,1,67,False,MODERATE,0,True,4,23,2,False,False,False
INC-2021-0415,2021-06-14T01:27:13,Colombo,WET,Flood,1,LOW,85,0,Rescue Teams|Medical Kits,56,RESOLVED,CITIZEN,MOBILE_APP,ENGLISH,RAIN,False,False,False,True,OFFICER-01,7,4,2,70,False,MODERATE,0,True,6,11,0,False,False,False
INC-2023-0416,2023-10-14T02:02:33,Matara,WET,Building Collapse,2,MEDIUM,101,0,Rescue Teams|Medical Kits,84,RESOLVED,CITIZEN,MOBILE_APP,SINHALA,RAIN,False,False,False,True,OFFICER-01,9,4,3,80,False,MODERATE,0,True,10,22,5,False,False,False
INC-2025-0417,2025-05-29T12:29:49,Vavuniya,WET,Landslide,4,CRITICAL,1234,41,Rescue Teams|Medical Kits,96,RESOLVED,CITIZEN,MOBILE_APP,TAMIL,RAIN,True,True,False,True,OFFICER-01,4,2,3,69,False,MODERATE,0,True,5,4,3,True,True,False
INC-2021-0418,2021-12-06T15:55:27,Kalutara,WET,Drought,2,MEDIUM,119,0,Rescue Teams|Medical Kits,67,RESOLVED,CITIZEN,MOBILE_APP,ENGLISH,RAIN,False,False,False,True,OFFICER-01,2,2,0,0,False,MODERATE,0,True,12,11,0,False,False,True
INC-2024-0419,2024-06-13T21:17:13,Matale,WET,Forest Fire,2,MEDIUM,399,0,Rescue Teams|Medical Kits,51,RESOLVED,CITIZEN,MOBILE_APP,ENGLISH,RAIN,True,False,False,True,OFFICER-01,8,0,5,62,False,MODERATE,0,True,6,11,3,False,False,False
INC-2024-0420,2024-01-22T04:41:57,Kurunegala,WET,Flood,2,MEDIUM,510,0,Rescue Teams|Medical Kits,117,RESOLVED,CITIZEN,MOBILE_APP,ENGLISH,RAIN,False,False,False,True,OFFICER-01,9,1,0,70,False,MODERATE,0,True,1,13,0,False,False,False
INC-2023-0421,2023-03-06T20:54:25,Kalutara,WET,Forest Fire,4,CRITICAL,1535,115,Rescue Teams|Medical Kits,65,RESOLVED,CITIZEN,MOBILE_APP,SINHALA,RAIN,True,True,False,True,OFFICER-01,2,5,5,82,False,MODERATE,0,True,3,13,0,True,False,False
INC-2023-0422,2023-04-25T19:52:22,Batticaloa,WET,Flood,4,CRITICAL,953,72,Rescue Teams|Medical Kits,69,RESOLVED,CITIZEN,MOBILE_APP,TAMIL,RAIN,True,False,False,True,OFFICER-01,3,4,4,88,False,MODERATE,0,True,4,2,1,True,True,True
INC-2025-0423,2025-10-28T02:28:48,Matara,WET,Landslide,4,CRITICAL,1082,79,Rescue Teams|Medical Kits,118,RESOLVED,CITIZEN,MOBILE_APP,ENGLISH,RAIN,True,True,False,True,OFFICER-01,6,1,0,23,False,MODERATE,0,True,10,2,1,True,False,False
INC-2021-0424,2021-02-28T11:25:35,Kurunegala,WET,Flood,2,MEDIUM,192,0,Rescue Teams|Medical Kits,94,RESOLVED,CITIZEN,MOBILE_APP,ENGLISH,RAIN,False,False,False,True,OFFICER-01,4,5,4,62,False,MODERATE,0,True,2,14,6,False,True,False
INC-2021-0425,2021-08-06T10:35:45,Puttalam,WET,Flood,1,LOW,70,0,Rescue Teams|Medical Kits,83,RESOLVED,CITIZEN,MOBILE_APP,SINHALA,RAIN,True,False,False,True,OFFICER-01,2,0,2,34,False,MODERATE,0,True,8,1,4,False,False,False
INC-2021-0426,2021-01-23T11:35:55,Mannar,WET,Drought,2,MEDIUM,242,0,Rescue Teams|Medical Kits,44,RESOLVED,CITIZEN,MOBILE_APP,SINHALA,RAIN,False,True,False,True,OFFICER-01,2,0,3,27,False,MODERATE,0,True,1,0,5,False,True,False
INC-2022-0427,2022-11-28T06:52:13,Badulla,WET,Drought,2,MEDIUM,305,0,Rescue Teams|Medical Kits,62,RESOLVED,CITIZEN,MOBILE_APP,ENGLISH,RAIN,True,False,False,True,OFFICER-01,0,2,0,96,False,MODERATE,0,True,11,15,0,False,False,False
INC-2021-0428,2021-03-29T21:05:53,Colombo,WET,High Winds/Cyclone,4,CRITICAL,1446,60,Rescue Teams|Medical Kits,84,RESOLVED,CITIZEN,MOBILE_APP,ENGLISH,RAIN,True,False,False,True,OFFICER-01,2,1,2,48,False,MODERATE,0,True,3,19,0,True,True,True
INC-2020-0429,2020-02-09T04:40:45,Galle,WET,Building Collapse,2,MEDIUM,47,0,Rescue Teams|Medical Kits,46,RESOLVED,CITIZEN,MOBILE_APP,ENGLISH,RAIN,False,False,False,True,OFFICER-01,7,1,5,4,False,MODERATE,0,True,2,22,6,True,False,False
INC-2021-0430,2021-09-10T19:55:40,Ratnapura,WET,High Winds/Cyclone,4,CRITICAL,1645,111,Rescue Teams|Medical Kits,100,RESOLVED,CITIZEN,MOBILE_APP,SINHALA,RAIN,True,False,False,True,OFFICER-01,7,3,5,39,False,MODERATE,0,True,9,16,4,True,True,True
INC-2022-0431,2022-09-30T17:20:14,Hambantota,WET,High Winds/Cyclone,2,MEDIUM,311,0,Rescue Teams|Medical Kits,110,RESOLVED,CITIZEN,MOBILE_APP,TAMIL,RAIN,True,False,False,True,OFFICER-01,8,0,2,61,False,MODERATE,0,True,9,1,4,False,True,False
INC-2025-0432,2025-06-06T19:30:10,Kurunegala,WET,Drought,1,LOW,93,0,Rescue Teams|Medical Kits,100,RESOLVED,CITIZEN,MOBILE_APP,SINHALA,RAIN,False,False,False,True,OFFICER-01,1,1,5,55,False,MODERATE,0,True,6,1,4,False,True,False
INC-2022-0433,2022-10-05T05:28:46,Colombo,WET,Flood,2,MEDIUM,176,0,Rescue Teams|Medical Kits,89,RESOLVED,CITIZEN,MOBILE_APP,SINHALA,RAIN,False,False,False,True,OFFICER-01,6,1,0,5,False,MODERATE,0,True,10,8,2,False,False,False
INC-2024-0434,2024-12-10T08:14:35,Batticaloa,WET,Landslide,3,HIGH,415,40,Rescue Teams|Medical Kits,34,RESOLVED,CITIZEN,MOBILE_APP,ENGLISH,RAIN,True,True,False,True,OFFICER-01,1,1,1,63,False,MODERATE,0,True,12,19,1,True,True,True
INC-2020-0435,2020-10-10T23:23:37,Kilinochchi,WET,High Winds/Cyclone,2,MEDIUM,127,0,Rescue Teams|Medical Kits,22,RESOLVED,CITIZEN,MOBILE_APP,SINHALA,RAIN,True,False,False,True,OFFICER-01,5,5,1,89,False,MODERATE,0,True,10,20,5,True,True,False
INC-2024-0436,2024-07-24T09:24:09,Galle,WET,Landslide,1,LOW,55,0,Rescue Teams|Medical Kits,55,RESOLVED,CITIZEN,MOBILE_APP,TAMIL,RAIN,False,False,False,True,OFFICER-01,10,2,3,93,False,MODERATE,0,True,7,7,2,False,True,False
INC-2021-0437,2021-08-22T12:32:09,Colombo,WET,Landslide,3,HIGH,762,72,Rescue Teams|Medical Kits,32,RESOLVED,CITIZEN,MOBILE_APP,ENGLISH,RAIN,False,False,False,True,OFFICER-01,0,3,5,56,False,MODERATE,0,True,8,23,6,True,True,False
INC-2024-0438,2024-10-02T19:54:34,Kurunegala,WET,Drought,1,LOW,15,0,Rescue Teams|Medical Kits,39,RESOLVED,CITIZEN,MOBILE_APP,TAMIL,RAIN,True,False,False,True,OFFICER-01,2,4,2,41,False,MODERATE,0,True,10,15,2,False,False,False
INC-2026-0439,2026-03-25T11:52:55,Monaragala,WET,Landslide,2,MEDIUM,239,0,Rescue Teams|Medical Kits,85,RESOLVED,CITIZEN,MOBILE_APP,SINHALA,RAIN,False,False,False,True,OFFICER-01,1,4,1,57,False,MODERATE,0,True,3,19,2,False,True,False
INC-2022-0440,2022-07-07T14:57:04,Kegalle,WET,Drought,2,MEDIUM,67,0,Rescue Teams|Medical Kits,15,RESOLVED,CITIZEN,MOBILE_APP,TAMIL,RAIN,True,False,False,True,OFFICER-01,8,3,5,23,False,MODERATE,0,True,7,14,3,False,False,False
INC-2020-0441,2020-02-28T03:51:12,Badulla,WET,Landslide,3,HIGH,712,65,Rescue Teams|Medical Kits,45,RESOLVED,CITIZEN,MOBILE_APP,ENGLISH,RAIN,False,True,False,True,OFFICER-01,1,5,4,49,False,MODERATE,0,True,2,19,4,True,True,True
INC-2021-0442,2021-08-12T21:41:33,Trincomalee,WET,High Winds/Cyclone,2,MEDIUM,98,0,Rescue Teams|Medical Kits,34,RESOLVED,CITIZEN,MOBILE_APP,TAMIL,RAIN,False,False,False,True,OFFICER-01,4,2,3,82,False,MODERATE,0,True,8,17,3,False,False,True
INC-2022-0443,2022-09-27T11:51:14,Gampaha,WET,Landslide,4,CRITICAL,1899,145,Rescue Teams|Medical Kits,20,RESOLVED,CITIZEN,MOBILE_APP,SINHALA,RAIN,True,True,False,True,OFFICER-01,2,0,1,13,False,MODERATE,0,True,9,2,1,True,True,True
INC-2024-0444,2024-02-16T23:49:54,Kalutara,WET,Flood,4,CRITICAL,1752,89,Rescue Teams|Medical Kits,64,RESOLVED,CITIZEN,MOBILE_APP,TAMIL,RAIN,True,True,False,True,OFFICER-01,7,4,4,89,False,MODERATE,0,True,2,4,4,True,True,True
INC-2025-0445,2025-01-08T00:01:35,Galle,WET,Flood,4,CRITICAL,1472,138,Rescue Teams|Medical Kits,106,RESOLVED,CITIZEN,MOBILE_APP,SINHALA,RAIN,True,True,False,True,OFFICER-01,0,1,5,62,False,MODERATE,0,True,1,19,2,False,False,False
INC-2020-0446,2020-09-05T10:00:41,Kegalle,WET,High Winds/Cyclone,3,HIGH,897,14,Rescue Teams|Medical Kits,86,RESOLVED,CITIZEN,MOBILE_APP,TAMIL,RAIN,True,True,False,True,OFFICER-01,6,2,5,7,False,MODERATE,0,True,9,23,5,False,False,False
INC-2025-0447,2025-03-31T17:52:59,Matara,WET,Flood,3,HIGH,736,59,Rescue Teams|Medical Kits,53,RESOLVED,CITIZEN,MOBILE_APP,SINHALA,RAIN,True,False,False,True,OFFICER-01,3,4,0,12,False,MODERATE,0,True,3,2,0,True,True,False
INC-2026-0448,2026-03-03T00:44:18,Ratnapura,WET,Drought,1,LOW,43,0,Rescue Teams|Medical Kits,39,RESOLVED,CITIZEN,MOBILE_APP,TAMIL,RAIN,False,False,False,True,OFFICER-01,10,1,4,80,False,MODERATE,0,True,3,6,1,False,False,False
INC-2021-0449,2021-07-09T19:35:37,Batticaloa,WET,High Winds/Cyclone,2,MEDIUM,399,0,Rescue Teams|Medical Kits,110,RESOLVED,CITIZEN,MOBILE_APP,SINHALA,RAIN,False,True,False,True,OFFICER-01,10,4,2,86,False,MODERATE,0,True,7,13,4,False,True,False
INC-2023-0450,2023-11-26T04:41:11,Mannar,WET,Forest Fire,1,LOW,27,0,Rescue Teams|Medical Kits,36,RESOLVED,CITIZEN,MOBILE_APP,SINHALA,RAIN,True,False,False,True,OFFICER-01,8,3,4,43,False,MODERATE,0,True,11,3,6,False,True,False
INC-2025-0451,2025-08-04T21:07:51,Hambantota,WET,Drought,1,LOW,35,0,Rescue Teams|Medical Kits,71,RESOLVED,CITIZEN,MOBILE_APP,ENGLISH,RAIN,False,False,False,True,OFFICER-01,5,4,2,47,False,MODERATE,0,True,8,19,0,False,False,False
INC-2023-0452,2023-07-05T02:32:38,Trincomalee,WET,Landslide,3,HIGH,888,31,Rescue Teams|Medical Kits,56,RESOLVED,CITIZEN,MOBILE_APP,TAMIL,RAIN,True,False,False,True,OFFICER-01,3,4,4,27,False,MODERATE,0,True,7,5,2,False,False,False
INC-2023-0453,2023-03-11T06:43:47,Nuwara Eliya,WET,Medical Emergency,4,CRITICAL,765,28,Rescue Teams|Medical Kits,61,RESOLVED,CITIZEN,MOBILE_APP,ENGLISH,RAIN,True,False,False,True,OFFICER-01,7,3,0,92,False,MODERATE,0,True,3,8,5,True,True,False
INC-2020-0454,2020-04-17T16:39:11,Kurunegala,WET,Drought,2,MEDIUM,117,0,Rescue Teams|Medical Kits,32,RESOLVED,CITIZEN,MOBILE_APP,ENGLISH,RAIN,False,False,False,True,OFFICER-01,0,2,1,27,False,MODERATE,0,True,4,16,4,False,False,False
INC-2022-0455,2022-09-05T08:59:40,Colombo,WET,High Winds/Cyclone,2,MEDIUM,177,0,Rescue Teams|Medical Kits,120,RESOLVED,CITIZEN,MOBILE_APP,ENGLISH,RAIN,False,False,False,True,OFFICER-01,8,4,4,73,False,MODERATE,0,True,9,22,0,True,False,False
INC-2024-0456,2024-11-10T22:28:03,Matara,WET,Flood,1,LOW,24,0,Rescue Teams|Medical Kits,60,RESOLVED,CITIZEN,MOBILE_APP,SINHALA,RAIN,False,False,False,True,OFFICER-01,2,2,2,74,False,MODERATE,0,True,11,14,6,False,False,False
INC-2022-0457,2022-02-15T06:40:52,Ratnapura,WET,Landslide,2,MEDIUM,247,0,Rescue Teams|Medical Kits,26,RESOLVED,CITIZEN,MOBILE_APP,TAMIL,RAIN,True,False,False,True,OFFICER-01,6,4,1,93,False,MODERATE,0,True,2,9,1,True,True,False
INC-2020-0458,2020-08-27T20:33:57,Jaffna,WET,Drought,2,MEDIUM,107,0,Rescue Teams|Medical Kits,37,RESOLVED,CITIZEN,MOBILE_APP,ENGLISH,RAIN,True,False,False,True,OFFICER-01,9,0,4,82,False,MODERATE,0,True,8,15,3,False,False,False
INC-2022-0459,2022-07-22T06:56:40,Gampaha,WET,High Winds/Cyclone,2,MEDIUM,129,0,Rescue Teams|Medical Kits,63,RESOLVED,CITIZEN,MOBILE_APP,SINHALA,RAIN,True,False,False,True,OFFICER-01,0,2,2,55,False,MODERATE,0,True,7,18,4,False,False,False
INC-2023-0460,2023-07-18T02:06:35,Mannar,WET,Flood,4,CRITICAL,696,41,Rescue Teams|Medical Kits,110,RESOLVED,CITIZEN,MOBILE_APP,TAMIL,RAIN,True,True,False,True,OFFICER-01,9,0,5,99,False,MODERATE,0,True,7,7,1,True,True,False
INC-2025-0461,2025-05-18T03:46:22,Polonnaruwa,WET,Flood,1,LOW,2,0,Rescue Teams|Medical Kits,20,RESOLVED,CITIZEN,MOBILE_APP,ENGLISH,RAIN,False,False,False,True,OFFICER-01,8,4,1,41,False,MODERATE,0,True,5,16,6,False,False,False
INC-2024-0462,2024-04-09T21:46:44,Mannar,WET,Drought,1,LOW,0,0,Rescue Teams|Medical Kits,101,RESOLVED,CITIZEN,MOBILE_APP,TAMIL,RAIN,False,False,False,True,OFFICER-01,6,3,4,73,False,MODERATE,0,True,4,1,1,False,False,False
INC-2024-0463,2024-04-17T03:20:53,Kalutara,WET,Landslide,2,MEDIUM,107,0,Rescue Teams|Medical Kits,115,RESOLVED,CITIZEN,MOBILE_APP,ENGLISH,RAIN,True,True,False,True,OFFICER-01,2,1,2,10,False,MODERATE,0,True,4,9,2,False,True,False
INC-2024-0464,2024-01-18T10:17:40,Ampara,WET,Forest Fire,1,LOW,57,0,Rescue Teams|Medical Kits,66,RESOLVED,CITIZEN,MOBILE_APP,ENGLISH,RAIN,False,False,False,True,OFFICER-01,1,3,4,55,False,MODERATE,0,True,1,17,3,False,False,True
INC-2025-0465,2025-12-08T04:59:51,Matara,WET,High Winds/Cyclone,2,MEDIUM,462,0,Rescue Teams|Medical Kits,86,RESOLVED,CITIZEN,MOBILE_APP,SINHALA,RAIN,False,False,False,True,OFFICER-01,7,3,5,73,False,MODERATE,0,True,12,15,0,True,True,False
INC-2021-0466,2021-09-01T06:13:25,Anuradhapura,WET,Building Collapse,3,HIGH,377,30,Rescue Teams|Medical Kits,46,RESOLVED,CITIZEN,MOBILE_APP,SINHALA,RAIN,True,False,False,True,OFFICER-01,1,2,3,41,False,MODERATE,0,True,9,2,2,False,False,False
INC-2025-0467,2025-10-28T09:45:49,Ampara,WET,Flood,1,LOW,10,0,Rescue Teams|Medical Kits,67,RESOLVED,CITIZEN,MOBILE_APP,ENGLISH,RAIN,False,False,False,True,OFFICER-01,5,2,1,41,False,MODERATE,0,True,10,21,1,False,True,False
INC-2022-0468,2022-12-06T09:38:21,Puttalam,WET,Flood,4,CRITICAL,1118,65,Rescue Teams|Medical Kits,36,RESOLVED,CITIZEN,MOBILE_APP,ENGLISH,RAIN,True,False,False,True,OFFICER-01,9,3,4,18,False,MODERATE,0,True,12,22,1,True,True,False
INC-2023-0469,2023-09-30T11:20:00,Gampaha,WET,Medical Emergency,1,LOW,31,0,Rescue Teams|Medical Kits,40,RESOLVED,CITIZEN,MOBILE_APP,TAMIL,RAIN,False,False,False,True,OFFICER-01,5,1,5,10,False,MODERATE,0,True,9,7,5,False,False,False
INC-2020-0470,2020-12-15T03:02:38,Nuwara Eliya,WET,Flood,3,HIGH,642,33,Rescue Teams|Medical Kits,33,RESOLVED,CITIZEN,MOBILE_APP,ENGLISH,RAIN,True,True,False,True,OFFICER-01,0,2,5,14,False,MODERATE,0,True,12,3,1,True,True,True
INC-2022-0471,2022-08-05T23:15:02,Kegalle,WET,Flood,3,HIGH,779,64,Rescue Teams|Medical Kits,109,RESOLVED,CITIZEN,MOBILE_APP,TAMIL,RAIN,False,True,False,True,OFFICER-01,3,1,4,66,False,MODERATE,0,True,8,21,4,True,False,False
INC-2022-0472,2022-03-14T14:56:18,Puttalam,WET,High Winds/Cyclone,3,HIGH,854,66,Rescue Teams|Medical Kits,103,RESOLVED,CITIZEN,MOBILE_APP,TAMIL,RAIN,False,False,False,True,OFFICER-01,10,0,3,74,False,MODERATE,0,True,3,4,0,True,False,False
INC-2025-0473,2025-08-23T12:15:33,Trincomalee,WET,Flood,2,MEDIUM,208,0,Rescue Teams|Medical Kits,22,RESOLVED,CITIZEN,MOBILE_APP,ENGLISH,RAIN,True,False,False,True,OFFICER-01,3,5,4,34,False,MODERATE,0,True,8,5,5,False,False,False
INC-2020-0474,2020-06-13T22:19:23,Monaragala,WET,High Winds/Cyclone,2,MEDIUM,341,0,Rescue Teams|Medical Kits,23,RESOLVED,CITIZEN,MOBILE_APP,ENGLISH,RAIN,True,False,False,True,OFFICER-01,10,2,5,84,False,MODERATE,0,True,6,0,5,False,False,False
INC-2023-0475,2023-01-24T03:53:09,Vavuniya,WET,Flood,4,CRITICAL,1879,64,Rescue Teams|Medical Kits,64,RESOLVED,CITIZEN,MOBILE_APP,SINHALA,RAIN,True,False,False,True,OFFICER-01,6,4,5,12,False,MODERATE,0,True,1,20,1,True,True,False
INC-2022-0476,2022-09-07T02:06:07,Nuwara Eliya,WET,Forest Fire,2,MEDIUM,307,0,Rescue Teams|Medical Kits,26,RESOLVED,CITIZEN,MOBILE_APP,SINHALA,RAIN,True,False,False,True,OFFICER-01,3,4,3,71,False,MODERATE,0,True,9,17,2,True,True,False
INC-2026-0477,2026-01-22T13:33:13,Colombo,WET,Flood,2,MEDIUM,201,0,Rescue Teams|Medical Kits,54,RESOLVED,CITIZEN,MOBILE_APP,ENGLISH,RAIN,True,True,False,True,OFFICER-01,7,3,5,20,False,MODERATE,0,True,1,16,3,False,False,False
INC-2020-0478,2020-02-27T01:55:56,Anuradhapura,WET,High Winds/Cyclone,2,MEDIUM,290,0,Rescue Teams|Medical Kits,95,RESOLVED,CITIZEN,MOBILE_APP,ENGLISH,RAIN,False,False,False,True,OFFICER-01,3,4,2,7,False,MODERATE,0,True,2,11,3,True,False,False
INC-2025-0479,2025-04-28T06:27:38,Kegalle,WET,Medical Emergency,1,LOW,55,0,Rescue Teams|Medical Kits,86,RESOLVED,CITIZEN,MOBILE_APP,ENGLISH,RAIN,False,False,False,True,OFFICER-01,3,1,2,50,False,MODERATE,0,True,4,0,0,False,False,False
INC-2025-0480,2025-08-03T00:22:57,Matara,WET,Flood,1,LOW,66,0,Rescue Teams|Medical Kits,81,RESOLVED,CITIZEN,MOBILE_APP,TAMIL,RAIN,False,False,False,True,OFFICER-01,9,5,5,29,False,MODERATE,0,True,8,12,6,False,False,False
INC-2023-0481,2023-07-20T14:37:44,Galle,WET,Flood,3,HIGH,460,5,Rescue Teams|Medical Kits,92,RESOLVED,CITIZEN,MOBILE_APP,ENGLISH,RAIN,True,False,False,True,OFFICER-01,7,4,1,26,False,MODERATE,0,True,7,22,3,True,True,True
INC-2025-0482,2025-07-20T03:53:12,Matara,WET,Drought,2,MEDIUM,258,0,Rescue Teams|Medical Kits,117,RESOLVED,CITIZEN,MOBILE_APP,SINHALA,RAIN,False,False,False,True,OFFICER-01,2,2,5,90,False,MODERATE,0,True,7,21,6,False,True,False
INC-2024-0483,2024-06-15T09:46:03,Kilinochchi,WET,Landslide,4,CRITICAL,1471,47,Rescue Teams|Medical Kits,98,RESOLVED,CITIZEN,MOBILE_APP,TAMIL,RAIN,True,True,False,True,OFFICER-01,2,2,0,71,False,MODERATE,0,True,6,4,5,False,False,False
INC-2024-0484,2024-07-13T20:29:34,Jaffna,WET,Landslide,1,LOW,40,0,Rescue Teams|Medical Kits,33,RESOLVED,CITIZEN,MOBILE_APP,TAMIL,RAIN,False,True,False,True,OFFICER-01,0,2,3,52,False,MODERATE,0,True,7,10,5,True,False,False
INC-2022-0485,2022-07-31T11:16:27,Monaragala,WET,High Winds/Cyclone,2,MEDIUM,275,0,Rescue Teams|Medical Kits,109,RESOLVED,CITIZEN,MOBILE_APP,ENGLISH,RAIN,False,False,False,True,OFFICER-01,2,1,0,16,False,MODERATE,0,True,7,20,6,True,True,False
INC-2021-0486,2021-07-27T23:41:50,Colombo,WET,Building Collapse,4,CRITICAL,1444,99,Rescue Teams|Medical Kits,49,RESOLVED,CITIZEN,MOBILE_APP,TAMIL,RAIN,True,True,False,True,OFFICER-01,9,4,1,76,False,MODERATE,0,True,7,3,1,True,True,False
INC-2021-0487,2021-12-22T08:47:05,Ratnapura,WET,High Winds/Cyclone,2,MEDIUM,262,0,Rescue Teams|Medical Kits,25,RESOLVED,CITIZEN,MOBILE_APP,TAMIL,RAIN,False,True,False,True,OFFICER-01,7,1,4,77,False,MODERATE,0,True,12,11,2,False,False,False
INC-2023-0488,2023-12-27T09:32:23,Mannar,WET,High Winds/Cyclone,2,MEDIUM,332,0,Rescue Teams|Medical Kits,64,RESOLVED,CITIZEN,MOBILE_APP,ENGLISH,RAIN,False,False,False,True,OFFICER-01,7,1,1,24,False,MODERATE,0,True,12,5,2,False,False,False
INC-2021-0489,2021-12-04T00:08:32,Colombo,WET,High Winds/Cyclone,3,HIGH,529,21,Rescue Teams|Medical Kits,49,RESOLVED,CITIZEN,MOBILE_APP,ENGLISH,RAIN,False,False,False,True,OFFICER-01,3,5,5,25,False,MODERATE,0,True,12,0,5,True,True,False
INC-2021-0490,2021-09-27T13:15:22,Kalutara,WET,Drought,1,LOW,96,0,Rescue Teams|Medical Kits,93,RESOLVED,CITIZEN,MOBILE_APP,ENGLISH,RAIN,False,False,False,True,OFFICER-01,5,3,1,54,False,MODERATE,0,True,9,14,0,False,False,False
INC-2023-0491,2023-06-11T21:03:15,Batticaloa,WET,High Winds/Cyclone,3,HIGH,725,68,Rescue Teams|Medical Kits,107,RESOLVED,CITIZEN,MOBILE_APP,ENGLISH,RAIN,True,True,False,True,OFFICER-01,6,4,5,73,False,MODERATE,0,True,6,0,6,True,False,False
INC-2025-0492,2025-01-18T21:22:10,Batticaloa,WET,Drought,1,LOW,76,0,Rescue Teams|Medical Kits,115,RESOLVED,CITIZEN,MOBILE_APP,SINHALA,RAIN,True,False,False,True,OFFICER-01,8,0,3,58,False,MODERATE,0,True,1,22,5,False,False,False
INC-2020-0493,2020-05-11T18:45:35,Ratnapura,WET,Drought,2,MEDIUM,125,0,Rescue Teams|Medical Kits,109,RESOLVED,CITIZEN,MOBILE_APP,SINHALA,RAIN,False,False,False,True,OFFICER-01,8,3,4,97,False,MODERATE,0,True,5,12,0,True,False,False
INC-2025-0494,2025-05-13T08:33:50,Gampaha,WET,Flood,2,MEDIUM,151,0,Rescue Teams|Medical Kits,65,RESOLVED,CITIZEN,MOBILE_APP,ENGLISH,RAIN,False,False,False,True,OFFICER-01,4,3,1,54,False,MODERATE,0,True,5,14,1,True,True,False
INC-2022-0495,2022-07-03T17:31:32,Polonnaruwa,WET,Flood,3,HIGH,910,21,Rescue Teams|Medical Kits,33,RESOLVED,CITIZEN,MOBILE_APP,ENGLISH,RAIN,False,False,False,True,OFFICER-01,10,3,0,92,False,MODERATE,0,True,7,2,6,False,True,False
INC-2024-0496,2024-04-04T11:45:03,Gampaha,WET,High Winds/Cyclone,4,CRITICAL,1541,22,Rescue Teams|Medical Kits,84,RESOLVED,CITIZEN,MOBILE_APP,SINHALA,RAIN,True,True,False,True,OFFICER-01,6,3,2,57,False,MODERATE,0,True,4,5,3,False,True,False
INC-2020-0497,2020-03-18T09:34:54,Kalutara,WET,Landslide,4,CRITICAL,1170,102,Rescue Teams|Medical Kits,40,RESOLVED,CITIZEN,MOBILE_APP,ENGLISH,RAIN,True,False,False,True,OFFICER-01,1,2,2,88,False,MODERATE,0,True,3,5,2,False,False,False
INC-2025-0498,2025-07-08T01:21:49,Kilinochchi,WET,High Winds/Cyclone,3,HIGH,509,6,Rescue Teams|Medical Kits,108,RESOLVED,CITIZEN,MOBILE_APP,SINHALA,RAIN,False,True,False,True,OFFICER-01,1,0,5,57,False,MODERATE,0,True,7,22,1,False,True,False
INC-2025-0499,2025-05-23T23:51:59,Kandy,WET,Landslide,4,CRITICAL,1301,127,Rescue Teams|Medical Kits,108,RESOLVED,CITIZEN,MOBILE_APP,TAMIL,RAIN,False,False,False,True,OFFICER-01,9,1,3,70,False,MODERATE,0,True,5,0,4,False,True,True
INC-2023-0500,2023-03-28T12:06:56,Gampaha,WET,High Winds/Cyclone,2,MEDIUM,282,0,Rescue Teams|Medical Kits,87,RESOLVED,CITIZEN,MOBILE_APP,TAMIL,RAIN,False,False,False,True,OFFICER-01,2,1,1,22,False,MODERATE,0,True,3,10,1,False,True,False
INC-2026-0501,2026-01-21T06:06:32,Gampaha,WET,Drought,2,MEDIUM,182,0,Rescue Teams|Medical Kits,108,RESOLVED,CITIZEN,MOBILE_APP,ENGLISH,RAIN,True,True,False,True,OFFICER-01,4,5,1,15,False,MODERATE,0,True,1,9,2,True,True,False
INC-2021-0502,2021-02-12T18:38:49,Kandy,WET,Flood,2,MEDIUM,45,0,Rescue Teams|Medical Kits,16,RESOLVED,CITIZEN,MOBILE_APP,ENGLISH,RAIN,False,False,False,True,OFFICER-01,7,3,4,0,False,MODERATE,0,True,2,8,4,False,True,False
INC-2025-0503,2025-03-03T22:34:02,Mullaitivu,WET,Flood,3,HIGH,359,10,Rescue Teams|Medical Kits,99,RESOLVED,CITIZEN,MOBILE_APP,ENGLISH,RAIN,True,True,False,True,OFFICER-01,7,3,3,10,False,MODERATE,0,True,3,3,0,True,True,False
INC-2025-0504,2025-02-10T21:57:23,Polonnaruwa,WET,Flood,3,HIGH,391,20,Rescue Teams|Medical Kits,50,RESOLVED,CITIZEN,MOBILE_APP,TAMIL,RAIN,False,True,False,True,OFFICER-01,10,4,1,6,False,MODERATE,0,True,2,2,0,True,False,True
INC-2021-0505,2021-07-28T06:40:06,Matara,WET,Flood,2,MEDIUM,257,0,Rescue Teams|Medical Kits,19,RESOLVED,CITIZEN,MOBILE_APP,SINHALA,RAIN,False,True,False,True,OFFICER-01,0,5,4,77,False,MODERATE,0,True,7,11,2,False,False,True
INC-2022-0506,2022-07-16T05:24:52,Puttalam,WET,Medical Emergency,1,LOW,0,0,Rescue Teams|Medical Kits,28,RESOLVED,CITIZEN,MOBILE_APP,ENGLISH,RAIN,False,False,False,True,OFFICER-01,2,1,5,36,False,MODERATE,0,True,7,1,5,False,True,False
INC-2025-0507,2025-03-13T14:09:17,Kilinochchi,WET,High Winds/Cyclone,2,MEDIUM,291,0,Rescue Teams|Medical Kits,88,RESOLVED,CITIZEN,MOBILE_APP,TAMIL,RAIN,True,False,False,True,OFFICER-01,2,3,5,74,False,MODERATE,0,True,3,19,3,False,False,False
INC-2023-0508,2023-01-24T01:36:43,Mannar,WET,Flood,3,HIGH,490,48,Rescue Teams|Medical Kits,56,RESOLVED,CITIZEN,MOBILE_APP,ENGLISH,RAIN,True,False,False,True,OFFICER-01,6,0,3,70,False,MODERATE,0,True,1,9,1,False,True,False
INC-2020-0509,2020-07-20T17:13:24,Matara,WET,Flood,4,CRITICAL,1088,46,Rescue Teams|Medical Kits,50,RESOLVED,CITIZEN,MOBILE_APP,ENGLISH,RAIN,True,False,False,True,OFFICER-01,8,3,4,26,False,MODERATE,0,True,7,22,0,True,True,False
INC-2025-0510,2025-12-01T20:48:28,Kandy,WET,High Winds/Cyclone,2,MEDIUM,284,0,Rescue Teams|Medical Kits,88,RESOLVED,CITIZEN,MOBILE_APP,TAMIL,RAIN,False,False,False,True,OFFICER-01,10,4,0,61,False,MODERATE,0,True,12,3,0,False,False,False
INC-2026-0511,2026-02-27T14:52:50,Monaragala,WET,Medical Emergency,4,CRITICAL,1102,33,Rescue Teams|Medical Kits,51,RESOLVED,CITIZEN,MOBILE_APP,ENGLISH,RAIN,False,True,False,True,OFFICER-01,9,2,2,67,False,MODERATE,0,True,2,22,4,True,True,False
INC-2024-0512,2024-11-21T21:44:48,Vavuniya,WET,Drought,1,LOW,41,0,Rescue Teams|Medical Kits,93,RESOLVED,CITIZEN,MOBILE_APP,TAMIL,RAIN,False,False,False,True,OFFICER-01,7,4,5,80,False,MODERATE,0,True,11,4,3,False,False,False
INC-2024-0513,2024-03-26T10:16:02,Nuwara Eliya,WET,Forest Fire,2,MEDIUM,141,0,Rescue Teams|Medical Kits,44,RESOLVED,CITIZEN,MOBILE_APP,TAMIL,RAIN,True,True,False,True,OFFICER-01,4,1,0,15,False,MODERATE,0,True,3,19,1,False,True,False
INC-2020-0514,2020-03-15T12:35:07,Monaragala,WET,High Winds/Cyclone,1,LOW,24,0,Rescue Teams|Medical Kits,109,RESOLVED,CITIZEN,MOBILE_APP,SINHALA,RAIN,False,False,False,True,OFFICER-01,9,3,3,5,False,MODERATE,0,True,3,3,6,False,False,False
INC-2022-0515,2022-11-03T01:21:16,Anuradhapura,WET,High Winds/Cyclone,1,LOW,28,0,Rescue Teams|Medical Kits,42,RESOLVED,CITIZEN,MOBILE_APP,SINHALA,RAIN,False,False,False,True,OFFICER-01,10,1,5,36,False,MODERATE,0,True,11,20,3,False,False,False
INC-2022-0516,2022-03-01T10:44:42,Kalutara,WET,Drought,1,LOW,43,0,Rescue Teams|Medical Kits,85,RESOLVED,CITIZEN,MOBILE_APP,ENGLISH,RAIN,False,False,False,True,OFFICER-01,0,0,5,42,False,MODERATE,0,True,3,16,1,False,False,False
INC-2022-0517,2022-11-26T13:45:52,Ratnapura,WET,Drought,3,HIGH,706,65,Rescue Teams|Medical Kits,37,RESOLVED,CITIZEN,MOBILE_APP,SINHALA,RAIN,False,True,False,True,OFFICER-01,5,2,5,61,False,MODERATE,0,True,11,18,5,True,True,True
INC-2024-0518,2024-01-14T05:19:04,Trincomalee,WET,Landslide,4,CRITICAL,1691,87,Rescue Teams|Medical Kits,34,RESOLVED,CITIZEN,MOBILE_APP,TAMIL,RAIN,True,True,False,True,OFFICER-01,7,4,2,59,False,MODERATE,0,True,1,1,6,True,True,False
INC-2023-0519,2023-07-10T02:34:38,Jaffna,WET,Flood,1,LOW,31,0,Rescue Teams|Medical Kits,53,RESOLVED,CITIZEN,MOBILE_APP,TAMIL,RAIN,False,False,False,True,OFFICER-01,10,2,4,68,False,MODERATE,0,True,7,16,0,False,False,False
INC-2020-0520,2020-02-28T03:44:51,Kandy,WET,Drought,2,MEDIUM,245,0,Rescue Teams|Medical Kits,117,RESOLVED,CITIZEN,MOBILE_APP,ENGLISH,RAIN,True,False,False,True,OFFICER-01,1,1,2,3,False,MODERATE,0,True,2,10,4,True,True,False
INC-2022-0521,2022-11-19T17:02:12,Matale,WET,High Winds/Cyclone,3,HIGH,628,37,Rescue Teams|Medical Kits,88,RESOLVED,CITIZEN,MOBILE_APP,TAMIL,RAIN,True,False,False,True,OFFICER-01,6,1,4,14,False,MODERATE,0,True,11,20,5,True,True,True
INC-2022-0522,2022-08-15T19:07:43,Mannar,WET,Medical Emergency,1,LOW,0,0,Rescue Teams|Medical Kits,19,RESOLVED,CITIZEN,MOBILE_APP,ENGLISH,RAIN,False,False,False,True,OFFICER-01,6,0,3,30,False,MODERATE,0,True,8,22,0,False,True,False
INC-2023-0523,2023-02-28T11:16:46,Kegalle,WET,Building Collapse,3,HIGH,486,37,Rescue Teams|Medical Kits,82,RESOLVED,CITIZEN,MOBILE_APP,ENGLISH,RAIN,True,True,False,True,OFFICER-01,2,0,2,100,False,MODERATE,0,True,2,21,1,True,True,False
INC-2020-0524,2020-04-26T04:22:32,Matale,WET,Landslide,2,MEDIUM,232,0,Rescue Teams|Medical Kits,71,RESOLVED,CITIZEN,MOBILE_APP,TAMIL,RAIN,True,False,False,True,OFFICER-01,0,3,4,19,False,MODERATE,0,True,4,2,6,True,False,False
INC-2021-0525,2021-08-13T23:12:39,Puttalam,WET,Medical Emergency,2,MEDIUM,182,0,Rescue Teams|Medical Kits,82,RESOLVED,CITIZEN,MOBILE_APP,ENGLISH,RAIN,True,True,False,True,OFFICER-01,5,1,0,66,False,MODERATE,0,True,8,23,4,False,False,False
INC-2025-0526,2025-10-03T11:41:53,Matale,WET,Flood,3,HIGH,733,24,Rescue Teams|Medical Kits,73,RESOLVED,CITIZEN,MOBILE_APP,ENGLISH,RAIN,True,True,False,True,OFFICER-01,8,0,0,39,False,MODERATE,0,True,10,1,4,True,False,False
INC-2020-0527,2020-05-16T19:06:42,Kilinochchi,WET,Forest Fire,2,MEDIUM,357,0,Rescue Teams|Medical Kits,57,RESOLVED,CITIZEN,MOBILE_APP,ENGLISH,RAIN,True,False,False,True,OFFICER-01,0,0,4,98,False,MODERATE,0,True,5,2,5,False,False,False
INC-2025-0528,2025-08-09T09:25:46,Jaffna,WET,Drought,1,LOW,79,0,Rescue Teams|Medical Kits,112,RESOLVED,CITIZEN,MOBILE_APP,ENGLISH,RAIN,False,False,False,True,OFFICER-01,10,1,2,25,False,MODERATE,0,True,8,18,5,False,True,False
INC-2021-0529,2021-08-21T05:14:37,Kurunegala,WET,Drought,1,LOW,76,0,Rescue Teams|Medical Kits,113,RESOLVED,CITIZEN,MOBILE_APP,ENGLISH,RAIN,False,False,False,True,OFFICER-01,10,0,2,19,False,MODERATE,0,True,8,10,5,False,True,False
INC-2021-0530,2021-05-04T07:45:15,Kegalle,WET,Landslide,1,LOW,94,0,Rescue Teams|Medical Kits,86,RESOLVED,CITIZEN,MOBILE_APP,TAMIL,RAIN,False,False,False,True,OFFICER-01,1,1,4,44,False,MODERATE,0,True,5,19,1,False,False,False
INC-2024-0531,2024-09-02T19:40:21,Puttalam,WET,Drought,1,LOW,69,0,Rescue Teams|Medical Kits,117,RESOLVED,CITIZEN,MOBILE_APP,ENGLISH,RAIN,True,True,False,True,OFFICER-01,9,1,1,9,False,MODERATE,0,True,9,22,0,False,False,False
INC-2022-0532,2022-08-25T09:59:37,Polonnaruwa,WET,Landslide,3,HIGH,561,43,Rescue Teams|Medical Kits,21,RESOLVED,CITIZEN,MOBILE_APP,SINHALA,RAIN,False,False,False,True,OFFICER-01,0,3,5,6,False,MODERATE,0,True,8,14,3,True,True,False
INC-2020-0533,2020-11-25T02:29:00,Kandy,WET,Flood,4,CRITICAL,1386,96,Rescue Teams|Medical Kits,37,RESOLVED,CITIZEN,MOBILE_APP,TAMIL,RAIN,False,False,False,True,OFFICER-01,9,4,5,88,False,MODERATE,0,True,11,0,2,True,True,True
INC-2025-0534,2025-12-12T20:28:16,Kegalle,WET,Landslide,3,HIGH,904,65,Rescue Teams|Medical Kits,119,RESOLVED,CITIZEN,MOBILE_APP,SINHALA,RAIN,True,False,False,True,OFFICER-01,10,4,0,96,False,MODERATE,0,True,12,23,4,False,False,False
INC-2023-0535,2023-12-17T20:45:47,Ampara,WET,Flood,2,MEDIUM,117,0,Rescue Teams|Medical Kits,74,RESOLVED,CITIZEN,MOBILE_APP,SINHALA,RAIN,True,False,False,True,OFFICER-01,7,2,5,82,False,MODERATE,0,True,12,22,6,False,False,True
INC-2026-0536,2026-01-15T13:32:09,Matale,WET,Drought,1,LOW,31,0,Rescue Teams|Medical Kits,43,RESOLVED,CITIZEN,MOBILE_APP,SINHALA,RAIN,False,False,False,True,OFFICER-01,9,2,2,50,False,MODERATE,0,True,1,7,3,False,False,False
INC-2021-0537,2021-07-23T15:47:45,Mannar,WET,Medical Emergency,2,MEDIUM,63,0,Rescue Teams|Medical Kits,115,RESOLVED,CITIZEN,MOBILE_APP,ENGLISH,RAIN,True,True,False,True,OFFICER-01,7,3,0,8,False,MODERATE,0,True,7,10,4,False,False,False
INC-2024-0538,2024-01-16T19:29:56,Gampaha,WET,Landslide,4,CRITICAL,1994,181,Rescue Teams|Medical Kits,51,RESOLVED,CITIZEN,MOBILE_APP,ENGLISH,RAIN,True,False,False,True,OFFICER-01,9,4,1,65,False,MODERATE,0,True,1,5,1,False,False,False
INC-2020-0539,2020-11-15T19:10:54,Ratnapura,WET,Drought,4,CRITICAL,538,11,Rescue Teams|Medical Kits,56,RESOLVED,CITIZEN,MOBILE_APP,TAMIL,RAIN,True,False,False,True,OFFICER-01,10,0,2,68,False,MODERATE,0,True,11,19,6,False,True,False
INC-2023-0540,2023-12-03T04:46:35,Ratnapura,WET,Landslide,3,HIGH,407,28,Rescue Teams|Medical Kits,46,RESOLVED,CITIZEN,MOBILE_APP,TAMIL,RAIN,False,True,False,True,OFFICER-01,2,3,3,8,False,MODERATE,0,True,12,3,6,True,True,False
INC-2022-0541,2022-11-24T13:29:20,Kandy,WET,Medical Emergency,1,LOW,21,0,Rescue Teams|Medical Kits,70,RESOLVED,CITIZEN,MOBILE_APP,ENGLISH,RAIN,True,False,False,True,OFFICER-01,9,2,4,88,False,MODERATE,0,True,11,18,3,False,False,False
INC-2022-0542,2022-01-03T16:56:33,Hambantota,WET,High Winds/Cyclone,2,MEDIUM,207,0,Rescue Teams|Medical Kits,109,RESOLVED,CITIZEN,MOBILE_APP,TAMIL,RAIN,False,False,False,True,OFFICER-01,9,3,0,75,False,MODERATE,0,True,1,2,0,False,False,False
INC-2025-0543,2025-01-25T22:36:37,Ratnapura,WET,Landslide,4,CRITICAL,1034,86,Rescue Teams|Medical Kits,37,RESOLVED,CITIZEN,MOBILE_APP,ENGLISH,RAIN,True,False,False,True,OFFICER-01,6,0,4,13,False,MODERATE,0,True,1,14,5,True,True,True
INC-2025-0544,2025-10-30T19:13:54,Vavuniya,WET,Forest Fire,1,LOW,106,0,Rescue Teams|Medical Kits,56,RESOLVED,CITIZEN,MOBILE_APP,ENGLISH,RAIN,False,False,False,True,OFFICER-01,10,5,0,11,False,MODERATE,0,True,10,12,3,False,False,False
INC-2021-0545,2021-11-07T02:18:35,Ampara,WET,Forest Fire,3,HIGH,296,15,Rescue Teams|Medical Kits,118,RESOLVED,CITIZEN,MOBILE_APP,SINHALA,RAIN,False,True,False,True,OFFICER-01,2,5,1,57,False,MODERATE,0,True,11,4,6,True,False,False
INC-2024-0546,2024-07-08T13:18:19,Kurunegala,WET,Drought,2,MEDIUM,0,0,Rescue Teams|Medical Kits,72,RESOLVED,CITIZEN,MOBILE_APP,SINHALA,RAIN,True,False,False,True,OFFICER-01,3,5,2,38,False,MODERATE,0,True,7,18,0,True,False,False
INC-2024-0547,2024-11-06T18:53:27,Batticaloa,WET,High Winds/Cyclone,3,HIGH,498,37,Rescue Teams|Medical Kits,106,RESOLVED,CITIZEN,MOBILE_APP,ENGLISH,RAIN,True,False,False,True,OFFICER-01,1,4,0,78,False,MODERATE,0,True,11,0,2,True,False,False
INC-2024-0548,2024-05-04T19:57:46,Polonnaruwa,WET,Forest Fire,2,MEDIUM,203,0,Rescue Teams|Medical Kits,22,RESOLVED,CITIZEN,MOBILE_APP,ENGLISH,RAIN,True,False,False,True,OFFICER-01,8,0,0,90,False,MODERATE,0,True,5,9,5,True,False,False
INC-2024-0549,2024-10-05T22:52:56,Ampara,WET,Landslide,3,HIGH,482,21,Rescue Teams|Medical Kits,18,RESOLVED,CITIZEN,MOBILE_APP,SINHALA,RAIN,True,False,False,True,OFFICER-01,6,5,4,50,False,MODERATE,0,True,10,9,5,True,False,False
INC-2025-0550,2025-04-26T11:21:26,Puttalam,WET,Forest Fire,1,LOW,56,0,Rescue Teams|Medical Kits,63,RESOLVED,CITIZEN,MOBILE_APP,ENGLISH,RAIN,False,False,False,True,OFFICER-01,8,1,5,22,False,MODERATE,0,True,4,12,5,False,False,False
INC-2024-0551,2024-01-15T08:58:45,Matara,WET,Drought,1,LOW,33,0,Rescue Teams|Medical Kits,61,RESOLVED,CITIZEN,MOBILE_APP,ENGLISH,RAIN,False,False,False,True,OFFICER-01,2,2,5,16,False,MODERATE,0,True,1,12,0,False,False,True
INC-2021-0552,2021-02-21T04:27:08,Colombo,WET,Landslide,4,CRITICAL,1281,97,Rescue Teams|Medical Kits,107,RESOLVED,CITIZEN,MOBILE_APP,ENGLISH,RAIN,True,True,False,True,OFFICER-01,10,3,1,10,False,MODERATE,0,True,2,20,6,False,True,True
INC-2021-0553,2021-03-02T07:53:05,Mullaitivu,WET,Forest Fire,2,MEDIUM,222,0,Rescue Teams|Medical Kits,115,RESOLVED,CITIZEN,MOBILE_APP,TAMIL,RAIN,False,False,False,True,OFFICER-01,9,3,4,23,False,MODERATE,0,True,3,14,1,False,False,False
INC-2023-0554,2023-11-12T18:05:56,Trincomalee,WET,Drought,1,LOW,70,0,Rescue Teams|Medical Kits,64,RESOLVED,CITIZEN,MOBILE_APP,ENGLISH,RAIN,False,False,False,True,OFFICER-01,3,1,3,77,False,MODERATE,0,True,11,14,6,False,False,False
INC-2020-0555,2020-01-24T02:01:13,Anuradhapura,WET,Forest Fire,3,HIGH,840,47,Rescue Teams|Medical Kits,106,RESOLVED,CITIZEN,MOBILE_APP,TAMIL,RAIN,True,False,False,True,OFFICER-01,4,3,4,73,False,MODERATE,0,True,1,21,4,False,True,False
INC-2023-0556,2023-02-14T03:16:06,Gampaha,WET,Building Collapse,2,MEDIUM,214,0,Rescue Teams|Medical Kits,76,RESOLVED,CITIZEN,MOBILE_APP,TAMIL,RAIN,True,False,False,True,OFFICER-01,5,0,4,61,False,MODERATE,0,True,2,18,1,False,True,False
INC-2025-0557,2025-11-15T07:12:29,Gampaha,WET,Drought,4,CRITICAL,1162,93,Rescue Teams|Medical Kits,111,RESOLVED,CITIZEN,MOBILE_APP,ENGLISH,RAIN,True,True,False,True,OFFICER-01,7,4,0,66,False,MODERATE,0,True,11,2,5,True,False,False
INC-2025-0558,2025-03-10T10:09:43,Kalutara,WET,Drought,1,LOW,62,0,Rescue Teams|Medical Kits,109,RESOLVED,CITIZEN,MOBILE_APP,TAMIL,RAIN,False,False,False,True,OFFICER-01,10,0,5,81,False,MODERATE,0,True,3,20,0,True,False,False
INC-2024-0559,2024-08-02T05:27:28,Ampara,WET,Drought,2,MEDIUM,127,0,Rescue Teams|Medical Kits,58,RESOLVED,CITIZEN,MOBILE_APP,TAMIL,RAIN,False,True,False,True,OFFICER-01,0,3,3,65,False,MODERATE,0,True,8,1,4,False,True,False
INC-2023-0560,2023-12-28T20:30:11,Ampara,WET,Forest Fire,1,LOW,60,0,Rescue Teams|Medical Kits,60,RESOLVED,CITIZEN,MOBILE_APP,ENGLISH,RAIN,False,False,False,True,OFFICER-01,4,1,0,88,False,MODERATE,0,True,12,13,3,False,False,False
INC-2025-0561,2025-01-30T19:00:31,Jaffna,WET,Drought,1,LOW,61,0,Rescue Teams|Medical Kits,48,RESOLVED,CITIZEN,MOBILE_APP,SINHALA,RAIN,True,False,False,True,OFFICER-01,10,3,4,21,False,MODERATE,0,True,1,18,3,False,True,False
INC-2024-0562,2024-11-14T19:32:14,Gampaha,WET,Forest Fire,1,LOW,57,0,Rescue Teams|Medical Kits,118,RESOLVED,CITIZEN,MOBILE_APP,TAMIL,RAIN,False,False,False,True,OFFICER-01,9,0,2,62,False,MODERATE,0,True,11,9,3,False,True,False
INC-2020-0563,2020-09-13T08:24:15,Matara,WET,Drought,1,LOW,64,0,Rescue Teams|Medical Kits,47,RESOLVED,CITIZEN,MOBILE_APP,SINHALA,RAIN,False,False,False,True,OFFICER-01,9,2,2,32,False,MODERATE,0,True,9,8,6,True,True,False
INC-2020-0564,2020-02-14T03:03:10,Jaffna,WET,Landslide,1,LOW,39,0,Rescue Teams|Medical Kits,90,RESOLVED,CITIZEN,MOBILE_APP,TAMIL,RAIN,False,True,False,True,OFFICER-01,2,5,3,47,False,MODERATE,0,True,2,5,4,False,True,False
INC-2021-0565,2021-06-28T22:43:28,Galle,WET,Drought,4,CRITICAL,1164,40,Rescue Teams|Medical Kits,38,RESOLVED,CITIZEN,MOBILE_APP,TAMIL,RAIN,True,True,False,True,OFFICER-01,0,2,0,18,False,MODERATE,0,True,6,15,0,False,True,True
INC-2025-0566,2025-01-24T06:59:08,Matara,WET,Medical Emergency,1,LOW,48,0,Rescue Teams|Medical Kits,113,RESOLVED,CITIZEN,MOBILE_APP,ENGLISH,RAIN,False,False,False,True,OFFICER-01,3,5,3,92,False,MODERATE,0,True,1,13,4,False,True,False
INC-2025-0567,2025-06-03T21:00:47,Kalutara,WET,Drought,3,HIGH,686,27,Rescue Teams|Medical Kits,21,RESOLVED,CITIZEN,MOBILE_APP,TAMIL,RAIN,True,True,False,True,OFFICER-01,4,0,0,21,False,MODERATE,0,True,6,23,1,False,False,True
INC-2023-0568,2023-12-12T15:27:39,Polonnaruwa,WET,Drought,2,MEDIUM,247,0,Rescue Teams|Medical Kits,110,RESOLVED,CITIZEN,MOBILE_APP,TAMIL,RAIN,False,True,False,True,OFFICER-01,3,3,5,90,False,MODERATE,0,True,12,15,1,True,False,True
INC-2023-0569,2023-04-26T21:45:48,Kegalle,WET,Flood,4,CRITICAL,37,2,Rescue Teams|Medical Kits,16,RESOLVED,CITIZEN,MOBILE_APP,ENGLISH,RAIN,True,True,False,True,OFFICER-01,7,3,5,40,False,MODERATE,0,True,4,13,2,True,True,False
INC-2024-0570,2024-07-05T10:33:38,Monaragala,WET,Flood,3,HIGH,525,7,Rescue Teams|Medical Kits,96,RESOLVED,CITIZEN,MOBILE_APP,ENGLISH,RAIN,True,True,False,True,OFFICER-01,6,4,5,34,False,MODERATE,0,True,7,17,4,True,True,False
INC-2022-0571,2022-11-06T16:58:48,Kegalle,WET,Drought,1,LOW,47,0,Rescue Teams|Medical Kits,47,RESOLVED,CITIZEN,MOBILE_APP,TAMIL,RAIN,False,False,False,True,OFFICER-01,9,3,3,98,False,MODERATE,0,True,11,3,6,False,False,False
INC-2025-0572,2025-09-29T01:21:19,Nuwara Eliya,WET,Drought,4,CRITICAL,1033,87,Rescue Teams|Medical Kits,113,RESOLVED,CITIZEN,MOBILE_APP,SINHALA,RAIN,True,True,False,True,OFFICER-01,8,2,5,88,False,MODERATE,0,True,9,18,0,True,True,True
INC-2021-0573,2021-07-12T23:33:28,Puttalam,WET,Drought,1,LOW,79,0,Rescue Teams|Medical Kits,16,RESOLVED,CITIZEN,MOBILE_APP,SINHALA,RAIN,False,False,False,True,OFFICER-01,0,3,0,67,False,MODERATE,0,True,7,21,0,False,False,False
INC-2020-0574,2020-11-18T19:53:18,Badulla,WET,Flood,4,CRITICAL,1408,114,Rescue Teams|Medical Kits,51,RESOLVED,CITIZEN,MOBILE_APP,ENGLISH,RAIN,True,True,False,True,OFFICER-01,3,0,0,79,False,MODERATE,0,True,11,23,2,False,True,False
INC-2020-0575,2020-10-12T15:38:21,Colombo,WET,Landslide,4,CRITICAL,1557,61,Rescue Teams|Medical Kits,91,RESOLVED,CITIZEN,MOBILE_APP,TAMIL,RAIN,True,True,False,True,OFFICER-01,1,5,0,11,False,MODERATE,0,True,10,21,0,True,True,False
INC-2025-0576,2025-02-21T16:38:24,Matara,WET,Drought,1,LOW,104,0,Rescue Teams|Medical Kits,87,RESOLVED,CITIZEN,MOBILE_APP,SINHALA,RAIN,False,False,False,True,OFFICER-01,1,5,1,32,False,MODERATE,0,True,2,20,4,False,False,False
INC-2022-0577,2022-07-04T04:37:40,Kegalle,WET,Medical Emergency,3,HIGH,644,23,Rescue Teams|Medical Kits,73,RESOLVED,CITIZEN,MOBILE_APP,ENGLISH,RAIN,False,True,False,True,OFFICER-01,6,5,5,98,False,MODERATE,0,True,7,20,0,False,True,False
INC-2022-0578,2022-10-01T18:45:34,Kegalle,WET,Flood,2,MEDIUM,327,0,Rescue Teams|Medical Kits,50,RESOLVED,CITIZEN,MOBILE_APP,SINHALA,RAIN,True,False,False,True,OFFICER-01,6,3,2,7,False,MODERATE,0,True,10,2,5,True,False,True
INC-2022-0579,2022-03-13T07:39:56,Jaffna,WET,Flood,3,HIGH,780,37,Rescue Teams|Medical Kits,23,RESOLVED,CITIZEN,MOBILE_APP,ENGLISH,RAIN,True,False,False,True,OFFICER-01,3,4,3,22,False,MODERATE,0,True,3,1,6,True,False,False
INC-2025-0580,2025-06-28T10:42:51,Kegalle,WET,Flood,4,CRITICAL,1380,106,Rescue Teams|Medical Kits,42,RESOLVED,CITIZEN,MOBILE_APP,TAMIL,RAIN,True,False,False,True,OFFICER-01,10,0,3,91,False,MODERATE,0,True,6,13,5,True,True,True
INC-2022-0581,2022-03-15T16:09:39,Gampaha,WET,Flood,4,CRITICAL,1313,52,Rescue Teams|Medical Kits,108,RESOLVED,CITIZEN,MOBILE_APP,ENGLISH,RAIN,True,True,False,True,OFFICER-01,7,0,3,19,False,MODERATE,0,True,3,18,1,True,True,False
INC-2025-0582,2025-07-21T09:10:02,Mullaitivu,WET,Flood,1,LOW,20,0,Rescue Teams|Medical Kits,100,RESOLVED,CITIZEN,MOBILE_APP,ENGLISH,RAIN,False,True,False,True,OFFICER-01,4,1,5,42,False,MODERATE,0,True,7,1,0,True,False,True
INC-2023-0583,2023-04-30T19:42:25,Anuradhapura,WET,Drought,3,HIGH,385,34,Rescue Teams|Medical Kits,76,RESOLVED,CITIZEN,MOBILE_APP,ENGLISH,RAIN,True,True,False,True,OFFICER-01,6,5,0,69,False,MODERATE,0,True,4,1,6,True,False,False
INC-2021-0584,2021-12-02T16:21:41,Colombo,WET,Building Collapse,4,CRITICAL,1964,79,Rescue Teams|Medical Kits,30,RESOLVED,CITIZEN,MOBILE_APP,TAMIL,RAIN,True,False,False,True,OFFICER-01,8,2,2,87,False,MODERATE,0,True,12,15,3,True,True,True
INC-2022-0585,2022-07-29T20:29:53,Polonnaruwa,WET,Flood,2,MEDIUM,182,0,Rescue Teams|Medical Kits,26,RESOLVED,CITIZEN,MOBILE_APP,ENGLISH,RAIN,True,False,False,True,OFFICER-01,8,2,0,58,False,MODERATE,0,True,7,20,4,True,False,False
INC-2022-0586,2022-06-19T20:53:07,Mullaitivu,WET,Drought,1,LOW,73,0,Rescue Teams|Medical Kits,20,RESOLVED,CITIZEN,MOBILE_APP,ENGLISH,RAIN,False,False,False,True,OFFICER-01,10,1,2,89,False,MODERATE,0,True,6,17,6,False,False,False
INC-2023-0587,2023-04-27T00:18:59,Galle,WET,High Winds/Cyclone,1,LOW,23,0,Rescue Teams|Medical Kits,77,RESOLVED,CITIZEN,MOBILE_APP,SINHALA,RAIN,False,False,False,True,OFFICER-01,10,3,5,24,False,MODERATE,0,True,4,11,3,False,True,False
INC-2021-0588,2021-03-10T18:54:10,Gampaha,WET,Flood,2,MEDIUM,128,0,Rescue Teams|Medical Kits,90,RESOLVED,CITIZEN,MOBILE_APP,SINHALA,RAIN,True,False,False,True,OFFICER-01,7,3,0,69,False,MODERATE,0,True,3,23,2,False,False,True
INC-2025-0589,2025-06-21T23:57:03,Kurunegala,WET,Drought,2,MEDIUM,223,0,Rescue Teams|Medical Kits,17,RESOLVED,CITIZEN,MOBILE_APP,SINHALA,RAIN,True,False,False,True,OFFICER-01,5,0,2,100,False,MODERATE,0,True,6,14,5,False,False,True
INC-2026-0590,2026-02-18T02:33:03,Colombo,WET,Flood,3,HIGH,729,63,Rescue Teams|Medical Kits,100,RESOLVED,CITIZEN,MOBILE_APP,TAMIL,RAIN,True,False,False,True,OFFICER-01,7,5,4,19,False,MODERATE,0,True,2,4,2,True,True,True
INC-2026-0591,2026-04-21T08:48:16,Ampara,WET,Landslide,2,MEDIUM,207,0,Rescue Teams|Medical Kits,19,RESOLVED,CITIZEN,MOBILE_APP,TAMIL,RAIN,False,True,False,True,OFFICER-01,2,3,5,2,False,MODERATE,0,True,4,2,1,False,False,False
INC-2024-0592,2024-01-04T00:40:56,Vavuniya,WET,Flood,1,LOW,66,0,Rescue Teams|Medical Kits,98,RESOLVED,CITIZEN,MOBILE_APP,SINHALA,RAIN,False,False,False,True,OFFICER-01,0,1,5,6,False,MODERATE,0,True,1,22,3,True,False,False
INC-2022-0593,2022-08-12T20:43:57,Ampara,WET,Flood,3,HIGH,883,40,Rescue Teams|Medical Kits,36,RESOLVED,CITIZEN,MOBILE_APP,TAMIL,RAIN,False,False,False,True,OFFICER-01,1,0,0,63,False,MODERATE,0,True,8,3,4,True,False,False
INC-2025-0594,2025-01-22T12:43:51,Batticaloa,WET,Flood,3,HIGH,102,6,Rescue Teams|Medical Kits,69,RESOLVED,CITIZEN,MOBILE_APP,ENGLISH,RAIN,True,False,False,True,OFFICER-01,10,3,2,15,False,MODERATE,0,True,1,21,2,True,True,False
INC-2025-0595,2025-10-26T09:19:37,Anuradhapura,WET,Flood,3,HIGH,820,10,Rescue Teams|Medical Kits,112,RESOLVED,CITIZEN,MOBILE_APP,SINHALA,RAIN,False,False,False,True,OFFICER-01,9,1,2,8,False,MODERATE,0,True,10,21,6,True,False,False
INC-2021-0596,2021-01-10T03:26:11,Kegalle,WET,Landslide,1,LOW,81,0,Rescue Teams|Medical Kits,36,RESOLVED,CITIZEN,MOBILE_APP,TAMIL,RAIN,False,False,False,True,OFFICER-01,5,4,1,56,False,MODERATE,0,True,1,13,6,False,False,False
INC-2022-0597,2022-01-26T23:27:30,Ampara,WET,Flood,1,LOW,48,0,Rescue Teams|Medical Kits,116,RESOLVED,CITIZEN,MOBILE_APP,TAMIL,RAIN,False,False,False,True,OFFICER-01,9,3,1,2,False,MODERATE,0,True,1,3,2,True,True,False
INC-2024-0598,2024-02-21T22:55:36,Kalutara,WET,Flood,2,MEDIUM,101,0,Rescue Teams|Medical Kits,26,RESOLVED,CITIZEN,MOBILE_APP,TAMIL,RAIN,False,False,False,True,OFFICER-01,10,4,2,53,False,MODERATE,0,True,2,5,2,True,False,False
INC-2025-0599,2025-11-24T15:22:15,Batticaloa,WET,High Winds/Cyclone,4,CRITICAL,1199,74,Rescue Teams|Medical Kits,31,RESOLVED,CITIZEN,MOBILE_APP,SINHALA,RAIN,True,True,False,True,OFFICER-01,2,5,2,66,False,MODERATE,0,True,11,22,0,True,True,False
INC-2023-0600,2023-10-31T09:41:05,Ratnapura,WET,Medical Emergency,4,CRITICAL,964,57,Rescue Teams|Medical Kits,103,RESOLVED,CITIZEN,MOBILE_APP,SINHALA,RAIN,True,True,False,True,OFFICER-01,9,1,5,63,False,MODERATE,0,True,10,19,1,True,True,True
INC-2025-0601,2025-03-16T13:44:31,Kalutara,WET,High Winds/Cyclone,2,MEDIUM,270,0,Rescue Teams|Medical Kits,59,RESOLVED,CITIZEN,MOBILE_APP,ENGLISH,RAIN,True,False,False,True,OFFICER-01,0,4,1,24,False,MODERATE,0,True,3,9,6,True,False,False
INC-2020-0602,2020-12-31T02:01:04,Trincomalee,WET,Building Collapse,1,LOW,42,0,Rescue Teams|Medical Kits,61,RESOLVED,CITIZEN,MOBILE_APP,TAMIL,RAIN,False,False,False,True,OFFICER-01,8,1,3,98,False,MODERATE,0,True,12,19,3,False,False,False
INC-2025-0603,2025-04-30T08:33:34,Kilinochchi,WET,Landslide,2,MEDIUM,267,0,Rescue Teams|Medical Kits,39,RESOLVED,CITIZEN,MOBILE_APP,SINHALA,RAIN,True,True,False,True,OFFICER-01,2,5,3,63,False,MODERATE,0,True,4,1,2,False,False,False
INC-2021-0604,2021-07-01T19:39:25,Kalutara,WET,Medical Emergency,3,HIGH,572,28,Rescue Teams|Medical Kits,97,RESOLVED,CITIZEN,MOBILE_APP,ENGLISH,RAIN,True,True,False,True,OFFICER-01,4,1,3,32,False,MODERATE,0,True,7,1,3,True,True,False
INC-2022-0605,2022-11-04T14:48:50,Badulla,WET,Forest Fire,3,HIGH,369,25,Rescue Teams|Medical Kits,20,RESOLVED,CITIZEN,MOBILE_APP,SINHALA,RAIN,True,False,False,True,OFFICER-01,0,4,1,20,False,MODERATE,0,True,11,1,4,True,True,False
INC-2020-0606,2020-03-31T07:15:36,Nuwara Eliya,WET,Drought,1,LOW,0,0,Rescue Teams|Medical Kits,45,RESOLVED,CITIZEN,MOBILE_APP,TAMIL,RAIN,True,False,False,True,OFFICER-01,7,4,4,41,False,MODERATE,0,True,3,2,1,False,False,False
INC-2023-0607,2023-07-25T23:50:46,Kalutara,WET,Landslide,4,CRITICAL,1169,28,Rescue Teams|Medical Kits,44,RESOLVED,CITIZEN,MOBILE_APP,SINHALA,RAIN,True,False,False,True,OFFICER-01,5,1,0,30,False,MODERATE,0,True,7,23,1,True,True,True
INC-2026-0608,2026-04-11T02:28:04,Badulla,WET,Forest Fire,2,MEDIUM,80,0,Rescue Teams|Medical Kits,43,RESOLVED,CITIZEN,MOBILE_APP,SINHALA,RAIN,False,False,False,True,OFFICER-01,7,4,3,6,False,MODERATE,0,True,4,12,5,True,False,False
INC-2023-0609,2023-09-16T04:27:17,Kalutara,WET,Medical Emergency,3,HIGH,642,29,Rescue Teams|Medical Kits,37,RESOLVED,CITIZEN,MOBILE_APP,ENGLISH,RAIN,True,False,False,True,OFFICER-01,5,1,3,92,False,MODERATE,0,True,9,14,5,True,True,False
INC-2021-0610,2021-08-26T05:14:24,Mullaitivu,WET,Drought,2,MEDIUM,302,0,Rescue Teams|Medical Kits,40,RESOLVED,CITIZEN,MOBILE_APP,ENGLISH,RAIN,True,True,False,True,OFFICER-01,2,0,5,72,False,MODERATE,0,True,8,8,3,True,False,False
INC-2020-0611,2020-07-04T07:57:17,Matara,WET,Flood,3,HIGH,701,24,Rescue Teams|Medical Kits,73,RESOLVED,CITIZEN,MOBILE_APP,ENGLISH,RAIN,False,True,False,True,OFFICER-01,2,2,1,37,False,MODERATE,0,True,7,14,5,True,False,False
INC-2025-0612,2025-02-18T10:21:41,Kalutara,WET,High Winds/Cyclone,3,HIGH,897,12,Rescue Teams|Medical Kits,36,RESOLVED,CITIZEN,MOBILE_APP,TAMIL,RAIN,False,True,False,True,OFFICER-01,8,1,0,52,False,MODERATE,0,True,2,19,1,False,False,True
INC-2024-0613,2024-06-09T01:54:00,Nuwara Eliya,WET,Medical Emergency,1,LOW,63,0,Rescue Teams|Medical Kits,90,RESOLVED,CITIZEN,MOBILE_APP,ENGLISH,RAIN,False,False,False,True,OFFICER-01,7,2,0,93,False,MODERATE,0,True,6,6,6,False,False,False
INC-2023-0614,2023-08-23T02:13:21,Jaffna,WET,Medical Emergency,1,LOW,0,0,Rescue Teams|Medical Kits,56,RESOLVED,CITIZEN,MOBILE_APP,ENGLISH,RAIN,False,True,False,True,OFFICER-01,9,1,4,19,False,MODERATE,0,True,8,7,2,False,True,False
INC-2024-0615,2024-11-17T10:13:51,Kilinochchi,WET,Landslide,3,HIGH,465,20,Rescue Teams|Medical Kits,20,RESOLVED,CITIZEN,MOBILE_APP,ENGLISH,RAIN,True,False,False,True,OFFICER-01,8,0,3,67,False,MODERATE,0,True,11,1,6,True,True,False
INC-2023-0616,2023-05-10T02:38:31,Nuwara Eliya,WET,Forest Fire,2,MEDIUM,159,0,Rescue Teams|Medical Kits,120,RESOLVED,CITIZEN,MOBILE_APP,SINHALA,RAIN,True,False,False,True,OFFICER-01,7,3,1,10,False,MODERATE,0,True,5,22,2,True,False,False
INC-2024-0617,2024-10-01T03:48:22,Matale,WET,Flood,1,LOW,0,0,Rescue Teams|Medical Kits,67,RESOLVED,CITIZEN,MOBILE_APP,SINHALA,RAIN,False,False,False,True,OFFICER-01,2,2,2,30,False,MODERATE,0,True,10,23,1,False,False,False
INC-2025-0618,2025-07-05T03:33:10,Kalutara,WET,Flood,2,MEDIUM,306,0,Rescue Teams|Medical Kits,54,RESOLVED,CITIZEN,MOBILE_APP,SINHALA,RAIN,False,False,False,True,OFFICER-01,7,4,5,74,False,MODERATE,0,True,7,21,5,False,False,False
INC-2020-0619,2020-03-16T20:24:01,Monaragala,WET,Drought,2,MEDIUM,257,0,Rescue Teams|Medical Kits,105,RESOLVED,CITIZEN,MOBILE_APP,ENGLISH,RAIN,False,True,False,True,OFFICER-01,2,2,5,59,False,MODERATE,0,True,3,4,0,True,False,False
INC-2025-0620,2025-12-26T22:44:30,Polonnaruwa,WET,Forest Fire,4,CRITICAL,689,18,Rescue Teams|Medical Kits,64,RESOLVED,CITIZEN,MOBILE_APP,TAMIL,RAIN,True,True,False,True,OFFICER-01,5,4,0,37,False,MODERATE,0,True,12,19,4,True,True,False
INC-2023-0621,2023-08-16T05:34:24,Matale,WET,Landslide,2,MEDIUM,152,0,Rescue Teams|Medical Kits,84,RESOLVED,CITIZEN,MOBILE_APP,TAMIL,RAIN,True,False,False,True,OFFICER-01,3,5,0,79,False,MODERATE,0,True,8,19,2,False,False,False
INC-2022-0622,2022-11-08T23:12:32,Jaffna,WET,Medical Emergency,2,MEDIUM,74,0,Rescue Teams|Medical Kits,101,RESOLVED,CITIZEN,MOBILE_APP,ENGLISH,RAIN,False,True,False,True,OFFICER-01,0,0,3,46,False,MODERATE,0,True,11,16,1,False,True,True
INC-2023-0623,2023-12-16T19:13:30,Badulla,WET,Landslide,3,HIGH,939,25,Rescue Teams|Medical Kits,97,RESOLVED,CITIZEN,MOBILE_APP,TAMIL,RAIN,False,False,False,True,OFFICER-01,1,4,5,99,False,MODERATE,0,True,12,20,5,False,True,True
INC-2021-0624,2021-09-28T00:28:38,Kalutara,WET,Landslide,3,HIGH,979,16,Rescue Teams|Medical Kits,29,RESOLVED,CITIZEN,MOBILE_APP,TAMIL,RAIN,True,False,False,True,OFFICER-01,7,5,4,89,False,MODERATE,0,True,9,2,1,True,False,False
INC-2021-0625,2021-10-13T19:22:20,Matale,WET,Forest Fire,1,LOW,47,0,Rescue Teams|Medical Kits,56,RESOLVED,CITIZEN,MOBILE_APP,ENGLISH,RAIN,True,False,False,True,OFFICER-01,4,4,5,54,False,MODERATE,0,True,10,7,2,False,False,False
INC-2022-0626,2022-05-11T01:27:15,Colombo,WET,Landslide,3,HIGH,583,6,Rescue Teams|Medical Kits,77,RESOLVED,CITIZEN,MOBILE_APP,TAMIL,RAIN,True,False,False,True,OFFICER-01,8,0,3,90,False,MODERATE,0,True,5,1,2,True,True,False
INC-2024-0627,2024-07-10T13:40:20,Kilinochchi,WET,Medical Emergency,1,LOW,84,0,Rescue Teams|Medical Kits,72,RESOLVED,CITIZEN,MOBILE_APP,TAMIL,RAIN,False,False,False,True,OFFICER-01,5,5,5,8,False,MODERATE,0,True,7,9,2,False,True,False
INC-2021-0628,2021-08-08T04:39:39,Monaragala,WET,Flood,1,LOW,91,0,Rescue Teams|Medical Kits,37,RESOLVED,CITIZEN,MOBILE_APP,ENGLISH,RAIN,True,True,False,True,OFFICER-01,1,0,1,35,False,MODERATE,0,True,8,12,6,False,False,False
INC-2020-0629,2020-12-14T01:09:28,Monaragala,WET,Landslide,4,CRITICAL,830,43,Rescue Teams|Medical Kits,81,RESOLVED,CITIZEN,MOBILE_APP,TAMIL,RAIN,True,True,False,True,OFFICER-01,0,2,3,87,False,MODERATE,0,True,12,21,0,True,True,False
INC-2024-0630,2024-08-09T04:18:58,Mannar,WET,Landslide,4,CRITICAL,560,17,Rescue Teams|Medical Kits,71,RESOLVED,CITIZEN,MOBILE_APP,TAMIL,RAIN,False,True,False,True,OFFICER-01,10,0,2,24,False,MODERATE,0,True,8,13,4,True,True,False
INC-2020-0631,2020-07-14T13:51:21,Colombo,WET,High Winds/Cyclone,4,CRITICAL,1218,48,Rescue Teams|Medical Kits,97,RESOLVED,CITIZEN,MOBILE_APP,ENGLISH,RAIN,True,True,False,True,OFFICER-01,6,4,2,83,False,MODERATE,0,True,7,16,1,True,False,True
INC-2025-0632,2025-06-30T05:04:15,Puttalam,WET,Drought,2,MEDIUM,205,0,Rescue Teams|Medical Kits,104,RESOLVED,CITIZEN,MOBILE_APP,TAMIL,RAIN,False,False,False,True,OFFICER-01,8,3,3,38,False,MODERATE,0,True,6,21,0,False,False,False
INC-2024-0633,2024-10-28T09:20:58,Matara,WET,Forest Fire,2,MEDIUM,120,0,Rescue Teams|Medical Kits,36,RESOLVED,CITIZEN,MOBILE_APP,ENGLISH,RAIN,False,False,False,True,OFFICER-01,3,3,2,36,False,MODERATE,0,True,10,9,0,False,False,False
INC-2020-0634,2020-05-27T00:21:20,Kalutara,WET,Flood,3,HIGH,684,60,Rescue Teams|Medical Kits,94,RESOLVED,CITIZEN,MOBILE_APP,SINHALA,RAIN,True,False,False,True,OFFICER-01,8,2,1,22,False,MODERATE,0,True,5,5,2,True,True,True
INC-2026-0635,2026-01-09T00:35:40,Mannar,WET,Medical Emergency,2,MEDIUM,141,0,Rescue Teams|Medical Kits,35,RESOLVED,CITIZEN,MOBILE_APP,SINHALA,RAIN,False,False,False,True,OFFICER-01,1,0,2,73,False,MODERATE,0,True,1,4,4,False,False,False
INC-2021-0636,2021-01-27T22:32:55,Monaragala,WET,Drought,1,LOW,14,0,Rescue Teams|Medical Kits,41,RESOLVED,CITIZEN,MOBILE_APP,TAMIL,RAIN,False,False,False,True,OFFICER-01,0,5,2,44,False,MODERATE,0,True,1,5,2,False,False,False
INC-2021-0637,2021-04-04T15:31:12,Kandy,WET,Landslide,4,CRITICAL,1471,89,Rescue Teams|Medical Kits,83,RESOLVED,CITIZEN,MOBILE_APP,ENGLISH,RAIN,True,True,False,True,OFFICER-01,1,0,3,63,False,MODERATE,0,True,4,5,6,True,True,True
INC-2021-0638,2021-03-27T16:36:29,Jaffna,WET,Medical Emergency,4,CRITICAL,875,41,Rescue Teams|Medical Kits,15,RESOLVED,CITIZEN,MOBILE_APP,TAMIL,RAIN,True,False,False,True,OFFICER-01,8,4,2,82,False,MODERATE,0,True,3,20,5,True,True,True
INC-2025-0639,2025-12-31T18:15:57,Kurunegala,WET,Drought,1,LOW,60,0,Rescue Teams|Medical Kits,111,RESOLVED,CITIZEN,MOBILE_APP,TAMIL,RAIN,False,True,False,True,OFFICER-01,10,1,4,93,False,MODERATE,0,True,12,9,2,False,False,False
INC-2023-0640,2023-10-05T13:46:40,Kandy,WET,Flood,3,HIGH,1102,73,Rescue Teams|Medical Kits,20,RESOLVED,CITIZEN,MOBILE_APP,SINHALA,RAIN,True,False,False,True,OFFICER-01,10,4,0,39,False,MODERATE,0,True,10,1,3,False,True,False
INC-2020-0641,2020-03-18T00:53:36,Ratnapura,WET,Forest Fire,3,HIGH,162,14,Rescue Teams|Medical Kits,60,RESOLVED,CITIZEN,MOBILE_APP,SINHALA,RAIN,True,False,False,True,OFFICER-01,5,0,4,82,False,MODERATE,0,True,3,1,2,True,True,False
INC-2021-0642,2021-08-29T07:25:10,Puttalam,WET,Flood,4,CRITICAL,1677,44,Rescue Teams|Medical Kits,40,RESOLVED,CITIZEN,MOBILE_APP,SINHALA,RAIN,True,False,False,True,OFFICER-01,1,4,3,86,False,MODERATE,0,True,8,22,6,True,True,False
INC-2025-0643,2025-09-17T10:58:37,Kalutara,WET,Building Collapse,2,MEDIUM,116,0,Rescue Teams|Medical Kits,39,RESOLVED,CITIZEN,MOBILE_APP,ENGLISH,RAIN,True,False,False,True,OFFICER-01,5,4,4,65,False,MODERATE,0,True,9,12,2,False,False,False
INC-2020-0644,2020-06-23T03:12:46,Kilinochchi,WET,Drought,1,LOW,30,0,Rescue Teams|Medical Kits,106,RESOLVED,CITIZEN,MOBILE_APP,ENGLISH,RAIN,False,True,False,True,OFFICER-01,5,3,2,1,False,MODERATE,0,True,6,4,1,True,False,False
INC-2022-0645,2022-06-03T09:04:11,Anuradhapura,WET,Drought,2,MEDIUM,130,0,Rescue Teams|Medical Kits,86,RESOLVED,CITIZEN,MOBILE_APP,SINHALA,RAIN,False,False,False,True,OFFICER-01,3,5,3,94,False,MODERATE,0,True,6,14,4,True,False,False
INC-2023-0646,2023-07-15T06:06:38,Monaragala,WET,Drought,1,LOW,22,0,Rescue Teams|Medical Kits,69,RESOLVED,CITIZEN,MOBILE_APP,TAMIL,RAIN,False,False,False,True,OFFICER-01,6,1,4,76,False,MODERATE,0,True,7,23,5,True,False,False
INC-2020-0647,2020-09-24T10:26:21,Matara,WET,Landslide,2,MEDIUM,430,0,Rescue Teams|Medical Kits,82,RESOLVED,CITIZEN,MOBILE_APP,ENGLISH,RAIN,False,False,False,True,OFFICER-01,1,4,3,11,False,MODERATE,0,True,9,15,3,False,False,False
INC-2020-0648,2020-01-21T13:32:18,Badulla,WET,High Winds/Cyclone,1,LOW,5,0,Rescue Teams|Medical Kits,68,RESOLVED,CITIZEN,MOBILE_APP,SINHALA,RAIN,False,False,False,True,OFFICER-01,8,3,5,72,False,MODERATE,0,True,1,8,1,True,False,False
INC-2021-0649,2021-03-01T10:01:12,Galle,WET,Forest Fire,3,HIGH,435,34,Rescue Teams|Medical Kits,85,RESOLVED,CITIZEN,MOBILE_APP,ENGLISH,RAIN,True,False,False,True,OFFICER-01,0,2,4,38,False,MODERATE,0,True,3,9,0,True,False,True
INC-2024-0650,2024-03-15T02:48:08,Anuradhapura,WET,Landslide,3,HIGH,456,17,Rescue Teams|Medical Kits,116,RESOLVED,CITIZEN,MOBILE_APP,SINHALA,RAIN,True,False,False,True,OFFICER-01,2,2,2,81,False,MODERATE,0,True,3,0,4,True,False,False
INC-2025-0651,2025-05-31T17:24:56,Kegalle,WET,High Winds/Cyclone,3,HIGH,738,45,Rescue Teams|Medical Kits,68,RESOLVED,CITIZEN,MOBILE_APP,SINHALA,RAIN,True,False,False,True,OFFICER-01,7,5,5,31,False,MODERATE,0,True,5,9,5,True,True,False
INC-2020-0652,2020-03-29T08:49:59,Gampaha,WET,Flood,4,CRITICAL,1493,46,Rescue Teams|Medical Kits,91,RESOLVED,CITIZEN,MOBILE_APP,TAMIL,RAIN,True,False,False,True,OFFICER-01,5,4,3,72,False,MODERATE,0,True,3,2,6,True,True,False
INC-2023-0653,2023-09-16T19:37:29,Kegalle,WET,High Winds/Cyclone,1,LOW,3,0,Rescue Teams|Medical Kits,103,RESOLVED,CITIZEN,MOBILE_APP,SINHALA,RAIN,True,False,False,True,OFFICER-01,5,4,5,73,False,MODERATE,0,True,9,15,5,False,False,False
INC-2020-0654,2020-02-24T12:15:20,Ampara,WET,Flood,4,CRITICAL,946,14,Rescue Teams|Medical Kits,33,RESOLVED,CITIZEN,MOBILE_APP,ENGLISH,RAIN,True,False,False,True,OFFICER-01,7,5,1,45,False,MODERATE,0,True,2,18,0,True,False,True
INC-2021-0655,2021-05-22T09:11:27,Gampaha,WET,Drought,1,LOW,20,0,Rescue Teams|Medical Kits,96,RESOLVED,CITIZEN,MOBILE_APP,ENGLISH,RAIN,False,False,False,True,OFFICER-01,0,2,2,67,False,MODERATE,0,True,5,13,5,False,False,False
INC-2025-0656,2025-06-08T03:18:21,Kalutara,WET,Drought,2,MEDIUM,196,0,Rescue Teams|Medical Kits,38,RESOLVED,CITIZEN,MOBILE_APP,SINHALA,RAIN,False,False,False,True,OFFICER-01,9,1,4,41,False,MODERATE,0,True,6,20,6,False,True,False
INC-2022-0657,2022-09-09T10:21:31,Kilinochchi,WET,Forest Fire,1,LOW,54,0,Rescue Teams|Medical Kits,102,RESOLVED,CITIZEN,MOBILE_APP,TAMIL,RAIN,False,False,False,True,OFFICER-01,5,0,4,74,False,MODERATE,0,True,9,8,4,False,False,False
INC-2022-0658,2022-12-28T11:23:08,Matara,WET,Flood,2,MEDIUM,236,0,Rescue Teams|Medical Kits,51,RESOLVED,CITIZEN,MOBILE_APP,ENGLISH,RAIN,True,False,False,True,OFFICER-01,7,3,2,20,False,MODERATE,0,True,12,16,2,False,True,False
INC-2020-0659,2020-11-14T04:49:44,Galle,WET,Landslide,4,CRITICAL,1677,123,Rescue Teams|Medical Kits,116,RESOLVED,CITIZEN,MOBILE_APP,TAMIL,RAIN,True,False,False,True,OFFICER-01,9,5,4,68,False,MODERATE,0,True,11,21,5,False,True,False
INC-2026-0660,2026-01-22T19:21:52,Batticaloa,WET,Forest Fire,1,LOW,12,0,Rescue Teams|Medical Kits,68,RESOLVED,CITIZEN,MOBILE_APP,ENGLISH,RAIN,False,False,False,True,OFFICER-01,1,0,1,2,False,MODERATE,0,True,1,3,3,False,False,False
INC-2024-0661,2024-01-29T19:28:15,Anuradhapura,WET,Drought,1,LOW,52,0,Rescue Teams|Medical Kits,32,RESOLVED,CITIZEN,MOBILE_APP,ENGLISH,RAIN,False,False,False,True,OFFICER-01,9,4,2,22,False,MODERATE,0,True,1,11,0,False,False,False
INC-2026-0662,2026-01-14T13:35:56,Kurunegala,WET,Flood,1,LOW,45,0,Rescue Teams|Medical Kits,43,RESOLVED,CITIZEN,MOBILE_APP,SINHALA,RAIN,False,False,False,True,OFFICER-01,2,5,1,39,False,MODERATE,0,True,1,3,2,False,False,False
INC-2021-0663,2021-01-24T10:20:22,Kandy,WET,Landslide,1,LOW,88,0,Rescue Teams|Medical Kits,69,RESOLVED,CITIZEN,MOBILE_APP,TAMIL,RAIN,False,False,False,True,OFFICER-01,1,0,0,99,False,MODERATE,0,True,1,2,6,False,False,False
INC-2024-0664,2024-02-13T12:39:43,Nuwara Eliya,WET,Flood,4,CRITICAL,1139,102,Rescue Teams|Medical Kits,19,RESOLVED,CITIZEN,MOBILE_APP,TAMIL,RAIN,True,True,False,True,OFFICER-01,8,4,0,60,False,MODERATE,0,True,2,19,1,False,True,True
INC-2021-0665,2021-01-04T11:28:58,Kilinochchi,WET,Flood,3,HIGH,813,18,Rescue Teams|Medical Kits,100,RESOLVED,CITIZEN,MOBILE_APP,SINHALA,RAIN,True,True,False,True,OFFICER-01,1,0,4,26,False,MODERATE,0,True,1,22,0,False,True,False
INC-2024-0666,2024-12-30T14:51:31,Kandy,WET,Drought,1,LOW,93,0,Rescue Teams|Medical Kits,18,RESOLVED,CITIZEN,MOBILE_APP,SINHALA,RAIN,True,False,False,True,OFFICER-01,2,5,2,74,False,MODERATE,0,True,12,11,0,False,False,False
INC-2022-0667,2022-12-16T16:34:20,Anuradhapura,WET,Flood,2,MEDIUM,228,0,Rescue Teams|Medical Kits,114,RESOLVED,CITIZEN,MOBILE_APP,TAMIL,RAIN,False,False,False,True,OFFICER-01,9,1,4,72,False,MODERATE,0,True,12,16,4,False,False,True
INC-2020-0668,2020-07-31T07:34:44,Gampaha,WET,Drought,3,HIGH,173,8,Rescue Teams|Medical Kits,82,RESOLVED,CITIZEN,MOBILE_APP,SINHALA,RAIN,False,True,False,True,OFFICER-01,3,2,1,96,False,MODERATE,0,True,7,18,4,True,False,False
INC-2024-0669,2024-07-26T19:03:15,Colombo,WET,Drought,4,CRITICAL,951,53,Rescue Teams|Medical Kits,79,RESOLVED,CITIZEN,MOBILE_APP,TAMIL,RAIN,True,False,False,True,OFFICER-01,7,2,5,75,False,MODERATE,0,True,7,6,4,True,True,True
INC-2021-0670,2021-07-29T03:58:42,Ratnapura,WET,Building Collapse,4,CRITICAL,1433,21,Rescue Teams|Medical Kits,60,RESOLVED,CITIZEN,MOBILE_APP,ENGLISH,RAIN,True,False,False,True,OFFICER-01,6,1,4,29,False,MODERATE,0,True,7,20,3,False,True,False
INC-2023-0671,2023-06-20T07:12:58,Galle,WET,High Winds/Cyclone,2,MEDIUM,162,0,Rescue Teams|Medical Kits,30,RESOLVED,CITIZEN,MOBILE_APP,ENGLISH,RAIN,True,True,False,True,OFFICER-01,1,4,1,63,False,MODERATE,0,True,6,10,1,False,False,False
INC-2023-0672,2023-01-27T08:47:10,Nuwara Eliya,WET,Drought,3,HIGH,330,6,Rescue Teams|Medical Kits,25,RESOLVED,CITIZEN,MOBILE_APP,ENGLISH,RAIN,True,True,False,True,OFFICER-01,7,0,3,36,False,MODERATE,0,True,1,18,4,True,False,False
INC-2023-0673,2023-11-20T16:20:44,Vavuniya,WET,Forest Fire,1,LOW,0,0,Rescue Teams|Medical Kits,71,RESOLVED,CITIZEN,MOBILE_APP,SINHALA,RAIN,False,False,False,True,OFFICER-01,8,3,2,54,False,MODERATE,0,True,11,21,0,False,False,True
INC-2021-0674,2021-08-09T12:49:42,Kalutara,WET,Forest Fire,2,MEDIUM,217,0,Rescue Teams|Medical Kits,101,RESOLVED,CITIZEN,MOBILE_APP,ENGLISH,RAIN,False,False,False,True,OFFICER-01,2,0,5,62,False,MODERATE,0,True,8,15,0,True,True,True
INC-2025-0675,2025-09-19T03:04:16,Gampaha,WET,Landslide,4,CRITICAL,1701,18,Rescue Teams|Medical Kits,101,RESOLVED,CITIZEN,MOBILE_APP,SINHALA,RAIN,True,True,False,True,OFFICER-01,1,1,3,51,False,MODERATE,0,True,9,21,4,True,True,False
INC-2025-0676,2025-11-29T09:43:25,Puttalam,WET,Flood,4,CRITICAL,1020,33,Rescue Teams|Medical Kits,23,RESOLVED,CITIZEN,MOBILE_APP,ENGLISH,RAIN,True,False,False,True,OFFICER-01,3,2,1,76,False,MODERATE,0,True,11,5,5,False,True,False
INC-2023-0677,2023-06-10T01:58:31,Gampaha,WET,Forest Fire,3,HIGH,645,20,Rescue Teams|Medical Kits,78,RESOLVED,CITIZEN,MOBILE_APP,ENGLISH,RAIN,False,True,False,True,OFFICER-01,9,4,2,96,False,MODERATE,0,True,6,5,5,False,True,True
INC-2025-0678,2025-06-23T07:31:54,Jaffna,WET,Landslide,3,HIGH,603,18,Rescue Teams|Medical Kits,92,RESOLVED,CITIZEN,MOBILE_APP,ENGLISH,RAIN,False,True,False,True,OFFICER-01,7,4,2,18,False,MODERATE,0,True,6,4,0,False,True,False
INC-2023-0679,2023-11-13T12:01:24,Gampaha,WET,Flood,4,CRITICAL,491,9,Rescue Teams|Medical Kits,44,RESOLVED,CITIZEN,MOBILE_APP,TAMIL,RAIN,True,True,False,True,OFFICER-01,2,0,0,94,False,MODERATE,0,True,11,1,0,False,False,False
INC-2020-0680,2020-06-13T04:57:43,Kalutara,WET,Drought,1,LOW,64,0,Rescue Teams|Medical Kits,37,RESOLVED,CITIZEN,MOBILE_APP,ENGLISH,RAIN,False,True,False,True,OFFICER-01,9,5,2,19,False,MODERATE,0,True,6,0,5,False,False,False
INC-2022-0681,2022-07-29T14:52:15,Vavuniya,WET,High Winds/Cyclone,1,LOW,63,0,Rescue Teams|Medical Kits,99,RESOLVED,CITIZEN,MOBILE_APP,TAMIL,RAIN,True,False,False,True,OFFICER-01,7,3,1,37,False,MODERATE,0,True,7,2,4,False,True,False
INC-2025-0682,2025-08-19T01:14:59,Kurunegala,WET,Drought,3,HIGH,489,42,Rescue Teams|Medical Kits,58,RESOLVED,CITIZEN,MOBILE_APP,TAMIL,RAIN,True,False,False,True,OFFICER-01,8,0,0,55,False,MODERATE,0,True,8,2,1,True,True,False
INC-2021-0683,2021-01-05T03:16:58,Polonnaruwa,WET,Drought,1,LOW,57,0,Rescue Teams|Medical Kits,71,RESOLVED,CITIZEN,MOBILE_APP,ENGLISH,RAIN,True,False,False,True,OFFICER-01,0,0,1,71,False,MODERATE,0,True,1,12,1,False,False,False
INC-2025-0684,2025-08-10T17:14:59,Matale,WET,Drought,1,LOW,42,0,Rescue Teams|Medical Kits,36,RESOLVED,CITIZEN,MOBILE_APP,ENGLISH,RAIN,False,False,False,True,OFFICER-01,6,1,2,91,False,MODERATE,0,True,8,22,6,False,False,False
INC-2023-0685,2023-04-23T19:56:39,Nuwara Eliya,WET,High Winds/Cyclone,2,MEDIUM,61,0,Rescue Teams|Medical Kits,101,RESOLVED,CITIZEN,MOBILE_APP,ENGLISH,RAIN,False,True,False,True,OFFICER-01,10,4,5,69,False,MODERATE,0,True,4,18,6,False,True,False
INC-2024-0686,2024-11-12T19:05:14,Nuwara Eliya,WET,Drought,1,LOW,1,0,Rescue Teams|Medical Kits,79,RESOLVED,CITIZEN,MOBILE_APP,SINHALA,RAIN,False,False,False,True,OFFICER-01,6,2,3,75,False,MODERATE,0,True,11,5,1,False,False,False
INC-2023-0687,2023-03-19T18:38:18,Vavuniya,WET,Forest Fire,1,LOW,24,0,Rescue Teams|Medical Kits,56,RESOLVED,CITIZEN,MOBILE_APP,SINHALA,RAIN,False,False,False,True,OFFICER-01,0,4,0,16,False,MODERATE,0,True,3,9,6,True,False,False
INC-2023-0688,2023-02-12T09:31:00,Kandy,WET,High Winds/Cyclone,3,HIGH,619,14,Rescue Teams|Medical Kits,112,RESOLVED,CITIZEN,MOBILE_APP,TAMIL,RAIN,False,False,False,True,OFFICER-01,5,3,0,54,False,MODERATE,0,True,2,0,6,True,True,False
INC-2022-0689,2022-12-08T07:43:45,Anuradhapura,WET,Drought,1,LOW,38,0,Rescue Teams|Medical Kits,99,RESOLVED,CITIZEN,MOBILE_APP,SINHALA,RAIN,False,False,False,True,OFFICER-01,3,1,5,39,False,MODERATE,0,True,12,1,3,False,False,False
INC-2025-0690,2025-01-14T22:21:48,Kalutara,WET,Medical Emergency,2,MEDIUM,226,0,Rescue Teams|Medical Kits,54,RESOLVED,CITIZEN,MOBILE_APP,SINHALA,RAIN,True,True,False,True,OFFICER-01,5,1,0,68,False,MODERATE,0,True,1,2,1,False,False,False
INC-2022-0691,2022-10-10T05:02:03,Colombo,WET,Landslide,4,CRITICAL,1672,106,Rescue Teams|Medical Kits,87,RESOLVED,CITIZEN,MOBILE_APP,TAMIL,RAIN,True,True,False,True,OFFICER-01,6,2,0,89,False,MODERATE,0,True,10,0,0,True,True,True
INC-2023-0692,2023-12-30T07:21:46,Polonnaruwa,WET,Building Collapse,3,HIGH,696,47,Rescue Teams|Medical Kits,88,RESOLVED,CITIZEN,MOBILE_APP,ENGLISH,RAIN,False,False,False,True,OFFICER-01,5,4,0,62,False,MODERATE,0,True,12,0,5,True,True,True
INC-2020-0693,2020-11-06T20:46:00,Mannar,WET,High Winds/Cyclone,2,MEDIUM,360,0,Rescue Teams|Medical Kits,78,RESOLVED,CITIZEN,MOBILE_APP,TAMIL,RAIN,True,False,False,True,OFFICER-01,10,2,1,78,False,MODERATE,0,True,11,10,4,True,False,False
INC-2022-0694,2022-07-19T13:53:48,Anuradhapura,WET,Building Collapse,2,MEDIUM,282,0,Rescue Teams|Medical Kits,78,RESOLVED,CITIZEN,MOBILE_APP,TAMIL,RAIN,True,True,False,True,OFFICER-01,1,4,1,36,False,MODERATE,0,True,7,6,1,False,False,False
INC-2022-0695,2022-04-03T19:23:50,Gampaha,WET,Drought,1,LOW,39,0,Rescue Teams|Medical Kits,66,RESOLVED,CITIZEN,MOBILE_APP,SINHALA,RAIN,False,False,False,True,OFFICER-01,9,5,0,91,False,MODERATE,0,True,4,18,6,False,True,False
INC-2024-0696,2024-12-01T09:12:48,Galle,WET,Drought,2,MEDIUM,184,0,Rescue Teams|Medical Kits,23,RESOLVED,CITIZEN,MOBILE_APP,TAMIL,RAIN,True,True,False,True,OFFICER-01,8,3,3,26,False,MODERATE,0,True,12,8,6,False,True,False
INC-2022-0697,2022-12-15T01:47:38,Batticaloa,WET,High Winds/Cyclone,3,HIGH,525,47,Rescue Teams|Medical Kits,79,RESOLVED,CITIZEN,MOBILE_APP,ENGLISH,RAIN,False,True,False,True,OFFICER-01,6,5,4,40,False,MODERATE,0,True,12,22,3,False,True,False
INC-2021-0698,2021-09-13T14:49:16,Badulla,WET,Drought,1,LOW,28,0,Rescue Teams|Medical Kits,80,RESOLVED,CITIZEN,MOBILE_APP,ENGLISH,RAIN,False,False,False,True,OFFICER-01,10,4,1,2,False,MODERATE,0,True,9,19,0,False,False,False
INC-2025-0699,2025-05-04T15:26:12,Mannar,WET,Drought,2,MEDIUM,90,0,Rescue Teams|Medical Kits,88,RESOLVED,CITIZEN,MOBILE_APP,ENGLISH,RAIN,False,False,False,True,OFFICER-01,3,5,5,59,False,MODERATE,0,True,5,5,6,False,False,False
INC-2022-0700,2022-04-12T10:45:08,Mannar,WET,Landslide,4,CRITICAL,609,56,Rescue Teams|Medical Kits,113,RESOLVED,CITIZEN,MOBILE_APP,ENGLISH,RAIN,True,True,False,True,OFFICER-01,9,5,5,7,False,MODERATE,0,True,4,19,1,True,True,True
INC-2024-0701,2024-06-10T15:14:34,Kandy,WET,Drought,1,LOW,0,0,Rescue Teams|Medical Kits,45,RESOLVED,CITIZEN,MOBILE_APP,SINHALA,RAIN,False,False,False,True,OFFICER-01,10,2,3,52,False,MODERATE,0,True,6,4,0,False,False,False
INC-2022-0702,2022-09-17T00:30:10,Vavuniya,WET,Medical Emergency,3,HIGH,421,17,Rescue Teams|Medical Kits,41,RESOLVED,CITIZEN,MOBILE_APP,ENGLISH,RAIN,True,False,False,True,OFFICER-01,4,2,5,20,False,MODERATE,0,True,9,20,5,False,True,False
INC-2022-0703,2022-03-07T18:02:49,Monaragala,WET,Flood,3,HIGH,878,44,Rescue Teams|Medical Kits,29,RESOLVED,CITIZEN,MOBILE_APP,SINHALA,RAIN,False,False,False,True,OFFICER-01,3,0,1,39,False,MODERATE,0,True,3,7,0,True,True,False
INC-2023-0704,2023-12-13T02:15:21,Kegalle,WET,Building Collapse,3,HIGH,742,21,Rescue Teams|Medical Kits,97,RESOLVED,CITIZEN,MOBILE_APP,SINHALA,RAIN,False,False,False,True,OFFICER-01,3,1,2,17,False,MODERATE,0,True,12,0,2,False,True,False
INC-2020-0705,2020-03-31T12:58:31,Kegalle,WET,Forest Fire,1,LOW,80,0,Rescue Teams|Medical Kits,99,RESOLVED,CITIZEN,MOBILE_APP,TAMIL,RAIN,False,False,False,True,OFFICER-01,2,5,0,92,False,MODERATE,0,True,3,8,1,False,False,False
INC-2024-0706,2024-02-18T11:00:09,Trincomalee,WET,Flood,4,CRITICAL,862,43,Rescue Teams|Medical Kits,55,RESOLVED,CITIZEN,MOBILE_APP,TAMIL,RAIN,True,False,False,True,OFFICER-01,4,0,3,46,False,MODERATE,0,True,2,19,6,False,True,False
INC-2025-0707,2025-09-17T19:29:58,Monaragala,WET,Flood,3,HIGH,547,32,Rescue Teams|Medical Kits,32,RESOLVED,CITIZEN,MOBILE_APP,SINHALA,RAIN,True,True,False,True,OFFICER-01,1,4,5,64,False,MODERATE,0,True,9,23,2,False,True,False
INC-2021-0708,2021-01-09T19:45:55,Trincomalee,WET,High Winds/Cyclone,2,MEDIUM,166,0,Rescue Teams|Medical Kits,114,RESOLVED,CITIZEN,MOBILE_APP,TAMIL,RAIN,True,False,False,True,OFFICER-01,4,3,0,30,False,MODERATE,0,True,1,18,5,False,False,False
INC-2025-0709,2025-02-06T13:55:09,Gampaha,WET,Forest Fire,3,HIGH,612,51,Rescue Teams|Medical Kits,89,RESOLVED,CITIZEN,MOBILE_APP,TAMIL,RAIN,True,False,False,True,OFFICER-01,6,5,5,30,False,MODERATE,0,True,2,23,3,True,False,True
INC-2023-0710,2023-08-06T19:23:53,Kandy,WET,Landslide,1,LOW,61,0,Rescue Teams|Medical Kits,42,RESOLVED,CITIZEN,MOBILE_APP,ENGLISH,RAIN,False,False,False,True,OFFICER-01,7,3,2,75,False,MODERATE,0,True,8,5,6,False,False,False
INC-2020-0711,2020-06-22T18:06:00,Kurunegala,WET,Landslide,3,HIGH,707,19,Rescue Teams|Medical Kits,55,RESOLVED,CITIZEN,MOBILE_APP,TAMIL,RAIN,True,False,False,True,OFFICER-01,6,3,5,31,False,MODERATE,0,True,6,3,0,True,False,False
INC-2022-0712,2022-05-12T21:19:49,Mullaitivu,WET,Medical Emergency,3,HIGH,685,33,Rescue Teams|Medical Kits,75,RESOLVED,CITIZEN,MOBILE_APP,TAMIL,RAIN,True,True,False,True,OFFICER-01,5,2,0,82,False,MODERATE,0,True,5,11,3,True,True,False
INC-2025-0713,2025-02-25T04:49:15,Colombo,WET,Drought,4,CRITICAL,1219,74,Rescue Teams|Medical Kits,103,RESOLVED,CITIZEN,MOBILE_APP,TAMIL,RAIN,True,True,False,True,OFFICER-01,3,2,4,49,False,MODERATE,0,True,2,18,1,True,True,True
INC-2022-0714,2022-08-18T20:43:50,Mullaitivu,WET,Building Collapse,1,LOW,73,0,Rescue Teams|Medical Kits,118,RESOLVED,CITIZEN,MOBILE_APP,TAMIL,RAIN,False,False,False,True,OFFICER-01,1,4,1,56,False,MODERATE,0,True,8,11,3,False,False,False
INC-2023-0715,2023-04-21T22:29:55,Colombo,WET,Building Collapse,3,HIGH,671,36,Rescue Teams|Medical Kits,53,RESOLVED,CITIZEN,MOBILE_APP,SINHALA,RAIN,False,False,False,True,OFFICER-01,3,2,1,20,False,MODERATE,0,True,4,8,4,True,False,False
INC-2023-0716,2023-09-25T10:43:04,Mullaitivu,WET,Drought,1,LOW,55,0,Rescue Teams|Medical Kits,67,RESOLVED,CITIZEN,MOBILE_APP,SINHALA,RAIN,False,False,False,True,OFFICER-01,4,0,3,60,False,MODERATE,0,True,9,20,0,False,False,False
INC-2026-0717,2026-04-08T14:22:32,Ratnapura,WET,High Winds/Cyclone,4,CRITICAL,1969,108,Rescue Teams|Medical Kits,69,RESOLVED,CITIZEN,MOBILE_APP,SINHALA,RAIN,True,True,False,True,OFFICER-01,2,5,2,64,False,MODERATE,0,True,4,22,2,True,True,False
INC-2020-0718,2020-07-25T04:41:58,Kandy,WET,High Winds/Cyclone,3,HIGH,445,4,Rescue Teams|Medical Kits,109,RESOLVED,CITIZEN,MOBILE_APP,ENGLISH,RAIN,True,False,False,True,OFFICER-01,7,5,0,97,False,MODERATE,0,True,7,17,5,True,True,False
INC-2020-0719,2020-06-10T20:46:10,Badulla,WET,Flood,3,HIGH,928,49,Rescue Teams|Medical Kits,116,RESOLVED,CITIZEN,MOBILE_APP,TAMIL,RAIN,True,True,False,True,OFFICER-01,2,0,3,25,False,MODERATE,0,True,6,1,2,False,True,False
INC-2025-0720,2025-05-06T01:09:57,Kurunegala,WET,Drought,2,MEDIUM,236,0,Rescue Teams|Medical Kits,29,RESOLVED,CITIZEN,MOBILE_APP,SINHALA,RAIN,False,True,False,True,OFFICER-01,3,4,5,98,False,MODERATE,0,True,5,2,1,True,False,False
INC-2025-0721,2025-07-09T22:24:40,Trincomalee,WET,Forest Fire,3,HIGH,604,51,Rescue Teams|Medical Kits,67,RESOLVED,CITIZEN,MOBILE_APP,ENGLISH,RAIN,False,True,False,True,OFFICER-01,7,3,5,17,False,MODERATE,0,True,7,4,2,True,True,True
INC-2022-0722,2022-03-20T21:42:02,Kalutara,WET,Landslide,4,CRITICAL,637,8,Rescue Teams|Medical Kits,117,RESOLVED,CITIZEN,MOBILE_APP,ENGLISH,RAIN,True,True,False,True,OFFICER-01,3,0,3,47,False,MODERATE,0,True,3,23,6,True,False,True
INC-2021-0723,2021-07-19T02:38:45,Polonnaruwa,WET,Forest Fire,2,MEDIUM,416,0,Rescue Teams|Medical Kits,43,RESOLVED,CITIZEN,MOBILE_APP,SINHALA,RAIN,False,False,False,True,OFFICER-01,0,4,5,78,False,MODERATE,0,True,7,18,0,False,True,False
INC-2025-0724,2025-04-30T20:43:20,Ratnapura,WET,Medical Emergency,2,MEDIUM,57,0,Rescue Teams|Medical Kits,40,RESOLVED,CITIZEN,MOBILE_APP,ENGLISH,RAIN,True,False,False,True,OFFICER-01,2,0,3,79,False,MODERATE,0,True,4,14,2,False,False,False
INC-2023-0725,2023-08-25T13:21:10,Anuradhapura,WET,Flood,4,CRITICAL,1839,71,Rescue Teams|Medical Kits,36,RESOLVED,CITIZEN,MOBILE_APP,TAMIL,RAIN,True,False,False,True,OFFICER-01,1,0,5,67,False,MODERATE,0,True,8,23,4,True,True,False
INC-2023-0726,2023-09-13T23:47:13,Matale,WET,Medical Emergency,2,MEDIUM,280,0,Rescue Teams|Medical Kits,120,RESOLVED,CITIZEN,MOBILE_APP,TAMIL,RAIN,False,True,False,True,OFFICER-01,7,0,1,91,False,MODERATE,0,True,9,14,2,False,False,False
INC-2021-0727,2021-09-23T03:36:59,Kandy,WET,Medical Emergency,2,MEDIUM,38,0,Rescue Teams|Medical Kits,51,RESOLVED,CITIZEN,MOBILE_APP,TAMIL,RAIN,True,False,False,True,OFFICER-01,7,3,1,55,False,MODERATE,0,True,9,8,3,False,False,True
INC-2021-0728,2021-10-03T21:39:23,Vavuniya,WET,Landslide,2,MEDIUM,229,0,Rescue Teams|Medical Kits,108,RESOLVED,CITIZEN,MOBILE_APP,TAMIL,RAIN,True,False,False,True,OFFICER-01,3,3,1,52,False,MODERATE,0,True,10,9,6,False,False,True
INC-2021-0729,2021-03-29T10:17:16,Colombo,WET,Landslide,2,MEDIUM,246,0,Rescue Teams|Medical Kits,45,RESOLVED,CITIZEN,MOBILE_APP,TAMIL,RAIN,False,True,False,True,OFFICER-01,7,1,2,74,False,MODERATE,0,True,3,8,0,False,False,False
INC-2025-0730,2025-10-26T22:39:06,Badulla,WET,Flood,4,CRITICAL,1277,35,Rescue Teams|Medical Kits,32,RESOLVED,CITIZEN,MOBILE_APP,ENGLISH,RAIN,True,False,False,True,OFFICER-01,6,5,1,91,False,MODERATE,0,True,10,1,6,False,True,True
INC-2023-0731,2023-04-06T11:29:37,Mannar,WET,Drought,2,MEDIUM,218,0,Rescue Teams|Medical Kits,47,RESOLVED,CITIZEN,MOBILE_APP,SINHALA,RAIN,False,False,False,True,OFFICER-01,1,4,0,6,False,MODERATE,0,True,4,19,3,True,False,False
INC-2022-0732,2022-10-31T04:01:47,Mannar,WET,Landslide,3,HIGH,659,64,Rescue Teams|Medical Kits,92,RESOLVED,CITIZEN,MOBILE_APP,TAMIL,RAIN,True,False,False,True,OFFICER-01,9,5,5,5,False,MODERATE,0,True,10,23,0,True,True,False
INC-2020-0733,2020-01-17T15:44:38,Galle,WET,Landslide,4,CRITICAL,1044,52,Rescue Teams|Medical Kits,65,RESOLVED,CITIZEN,MOBILE_APP,TAMIL,RAIN,True,False,False,True,OFFICER-01,5,1,4,5,False,MODERATE,0,True,1,22,4,True,True,True
INC-2024-0734,2024-12-08T12:14:28,Hambantota,WET,Landslide,2,MEDIUM,169,0,Rescue Teams|Medical Kits,78,RESOLVED,CITIZEN,MOBILE_APP,ENGLISH,RAIN,False,False,False,True,OFFICER-01,7,1,0,40,False,MODERATE,0,True,12,16,6,True,False,False
INC-2026-0735,2026-01-15T16:29:38,Kegalle,WET,Flood,4,CRITICAL,1655,156,Rescue Teams|Medical Kits,55,RESOLVED,CITIZEN,MOBILE_APP,SINHALA,RAIN,True,False,False,True,OFFICER-01,2,3,2,95,False,MODERATE,0,True,1,19,3,True,False,False
INC-2023-0736,2023-01-25T07:42:13,Mannar,WET,Flood,4,CRITICAL,1045,85,Rescue Teams|Medical Kits,93,RESOLVED,CITIZEN,MOBILE_APP,ENGLISH,RAIN,True,True,False,True,OFFICER-01,8,2,3,21,False,MODERATE,0,True,1,22,2,True,True,False
INC-2022-0737,2022-09-07T08:35:06,Jaffna,WET,Building Collapse,2,MEDIUM,186,0,Rescue Teams|Medical Kits,86,RESOLVED,CITIZEN,MOBILE_APP,TAMIL,RAIN,True,False,False,True,OFFICER-01,10,3,0,24,False,MODERATE,0,True,9,4,2,False,False,False
INC-2021-0738,2021-04-06T17:58:15,Colombo,WET,Flood,4,CRITICAL,1228,32,Rescue Teams|Medical Kits,48,RESOLVED,CITIZEN,MOBILE_APP,SINHALA,RAIN,True,False,False,True,OFFICER-01,7,3,0,63,False,MODERATE,0,True,4,15,1,True,False,False
INC-2020-0739,2020-05-06T17:39:01,Monaragala,WET,Drought,1,LOW,84,0,Rescue Teams|Medical Kits,86,RESOLVED,CITIZEN,MOBILE_APP,ENGLISH,RAIN,False,False,False,True,OFFICER-01,7,3,0,92,False,MODERATE,0,True,5,22,2,False,False,False
INC-2021-0740,2021-04-04T23:41:05,Gampaha,WET,Flood,4,CRITICAL,889,13,Rescue Teams|Medical Kits,38,RESOLVED,CITIZEN,MOBILE_APP,SINHALA,RAIN,True,True,False,True,OFFICER-01,8,2,4,84,False,MODERATE,0,True,4,22,6,True,True,True
INC-2024-0741,2024-12-24T15:16:21,Kandy,WET,High Winds/Cyclone,1,LOW,78,0,Rescue Teams|Medical Kits,82,RESOLVED,CITIZEN,MOBILE_APP,TAMIL,RAIN,True,False,False,True,OFFICER-01,2,3,0,31,False,MODERATE,0,True,12,0,1,False,False,False
INC-2024-0742,2024-03-27T13:49:52,Badulla,WET,Forest Fire,4,CRITICAL,1283,55,Rescue Teams|Medical Kits,51,RESOLVED,CITIZEN,MOBILE_APP,TAMIL,RAIN,True,False,False,True,OFFICER-01,10,0,3,47,False,MODERATE,0,True,3,18,2,True,True,False
INC-2025-0743,2025-01-08T02:49:42,Mannar,WET,Flood,3,HIGH,588,30,Rescue Teams|Medical Kits,34,RESOLVED,CITIZEN,MOBILE_APP,SINHALA,RAIN,True,False,False,True,OFFICER-01,1,3,5,84,False,MODERATE,0,True,1,10,2,False,True,False
INC-2024-0744,2024-01-30T20:35:21,Monaragala,WET,High Winds/Cyclone,2,MEDIUM,233,0,Rescue Teams|Medical Kits,91,RESOLVED,CITIZEN,MOBILE_APP,TAMIL,RAIN,False,False,False,True,OFFICER-01,0,2,0,83,False,MODERATE,0,True,1,8,1,False,False,True
INC-2025-0745,2025-04-17T14:53:13,Monaragala,WET,Drought,2,MEDIUM,193,0,Rescue Teams|Medical Kits,108,RESOLVED,CITIZEN,MOBILE_APP,TAMIL,RAIN,True,False,False,True,OFFICER-01,2,1,0,82,False,MODERATE,0,True,4,23,3,False,False,False
INC-2022-0746,2022-05-29T02:34:48,Hambantota,WET,Flood,3,HIGH,825,43,Rescue Teams|Medical Kits,85,RESOLVED,CITIZEN,MOBILE_APP,TAMIL,RAIN,False,False,False,True,OFFICER-01,6,0,3,32,False,MODERATE,0,True,5,19,6,True,False,False
INC-2021-0747,2021-07-07T01:26:50,Galle,WET,High Winds/Cyclone,4,CRITICAL,1026,25,Rescue Teams|Medical Kits,26,RESOLVED,CITIZEN,MOBILE_APP,SINHALA,RAIN,True,True,False,True,OFFICER-01,3,1,3,99,False,MODERATE,0,True,7,0,2,True,True,False
INC-2023-0748,2023-06-04T04:50:16,Matara,WET,High Winds/Cyclone,3,HIGH,758,68,Rescue Teams|Medical Kits,34,RESOLVED,CITIZEN,MOBILE_APP,SINHALA,RAIN,True,False,False,True,OFFICER-01,4,3,3,94,False,MODERATE,0,True,6,4,6,True,False,False
INC-2022-0749,2022-08-21T10:49:45,Kilinochchi,WET,Landslide,4,CRITICAL,1925,26,Rescue Teams|Medical Kits,100,RESOLVED,CITIZEN,MOBILE_APP,SINHALA,RAIN,False,True,False,True,OFFICER-01,5,4,1,62,False,MODERATE,0,True,8,23,6,True,True,True
INC-2023-0750,2023-10-15T22:35:36,Mullaitivu,WET,Landslide,4,CRITICAL,1062,13,Rescue Teams|Medical Kits,91,RESOLVED,CITIZEN,MOBILE_APP,ENGLISH,RAIN,True,False,False,True,OFFICER-01,1,3,2,78,False,MODERATE,0,True,10,3,6,True,True,False
INC-2021-0751,2021-08-01T23:41:52,Badulla,WET,High Winds/Cyclone,1,LOW,61,0,Rescue Teams|Medical Kits,20,RESOLVED,CITIZEN,MOBILE_APP,TAMIL,RAIN,False,False,False,True,OFFICER-01,5,3,5,28,False,MODERATE,0,True,8,2,6,False,False,False
INC-2025-0752,2025-07-05T01:20:50,Monaragala,WET,Flood,3,HIGH,652,33,Rescue Teams|Medical Kits,82,RESOLVED,CITIZEN,MOBILE_APP,TAMIL,RAIN,False,True,False,True,OFFICER-01,10,4,0,37,False,MODERATE,0,True,7,1,5,False,False,False
INC-2023-0753,2023-12-25T16:57:06,Badulla,WET,Flood,1,LOW,57,0,Rescue Teams|Medical Kits,53,RESOLVED,CITIZEN,MOBILE_APP,SINHALA,RAIN,False,False,False,True,OFFICER-01,2,5,2,31,False,MODERATE,0,True,12,15,0,False,False,False
INC-2024-0754,2024-06-13T04:34:14,Ratnapura,WET,Landslide,4,CRITICAL,763,29,Rescue Teams|Medical Kits,24,RESOLVED,CITIZEN,MOBILE_APP,SINHALA,RAIN,True,True,False,True,OFFICER-01,8,0,4,54,False,MODERATE,0,True,6,2,3,True,True,False
INC-2023-0755,2023-07-07T04:57:32,Gampaha,WET,Landslide,4,CRITICAL,1097,91,Rescue Teams|Medical Kits,119,RESOLVED,CITIZEN,MOBILE_APP,ENGLISH,RAIN,False,False,False,True,OFFICER-01,5,2,4,10,False,MODERATE,0,True,7,3,4,True,True,False
INC-2024-0756,2024-04-13T03:32:52,Colombo,WET,High Winds/Cyclone,3,HIGH,492,16,Rescue Teams|Medical Kits,37,RESOLVED,CITIZEN,MOBILE_APP,SINHALA,RAIN,False,True,False,True,OFFICER-01,6,0,0,53,False,MODERATE,0,True,4,1,5,True,False,False
INC-2025-0757,2025-12-28T10:16:19,Matara,WET,Landslide,4,CRITICAL,1942,48,Rescue Teams|Medical Kits,111,RESOLVED,CITIZEN,MOBILE_APP,TAMIL,RAIN,True,False,False,True,OFFICER-01,7,4,2,43,False,MODERATE,0,True,12,1,6,True,True,False
INC-2021-0758,2021-08-04T14:01:39,Kandy,WET,Flood,2,MEDIUM,151,0,Rescue Teams|Medical Kits,92,RESOLVED,CITIZEN,MOBILE_APP,ENGLISH,RAIN,False,False,False,True,OFFICER-01,10,0,3,68,False,MODERATE,0,True,8,23,2,False,False,False
INC-2020-0759,2020-02-25T15:51:21,Colombo,WET,Drought,2,MEDIUM,386,0,Rescue Teams|Medical Kits,36,RESOLVED,CITIZEN,MOBILE_APP,TAMIL,RAIN,False,False,False,True,OFFICER-01,7,3,5,51,False,MODERATE,0,True,2,0,1,False,False,False
INC-2025-0760,2025-08-05T10:56:27,Jaffna,WET,High Winds/Cyclone,1,LOW,62,0,Rescue Teams|Medical Kits,53,RESOLVED,CITIZEN,MOBILE_APP,TAMIL,RAIN,True,False,False,True,OFFICER-01,9,2,5,86,False,MODERATE,0,True,8,15,1,False,False,False
INC-2025-0761,2025-11-14T16:00:10,Monaragala,WET,Forest Fire,3,HIGH,890,29,Rescue Teams|Medical Kits,31,RESOLVED,CITIZEN,MOBILE_APP,SINHALA,RAIN,True,True,False,True,OFFICER-01,0,1,0,2,False,MODERATE,0,True,11,19,4,False,True,True
INC-2025-0762,2025-12-02T11:56:25,Matale,WET,Forest Fire,4,CRITICAL,1168,102,Rescue Teams|Medical Kits,76,RESOLVED,CITIZEN,MOBILE_APP,TAMIL,RAIN,True,False,False,True,OFFICER-01,2,5,1,55,False,MODERATE,0,True,12,21,1,True,True,False
INC-2025-0763,2025-04-29T02:21:13,Batticaloa,WET,Drought,1,LOW,56,0,Rescue Teams|Medical Kits,113,RESOLVED,CITIZEN,MOBILE_APP,ENGLISH,RAIN,False,False,False,True,OFFICER-01,2,3,3,2,False,MODERATE,0,True,4,9,1,False,False,False
INC-2020-0764,2020-12-27T19:47:56,Hambantota,WET,Medical Emergency,2,MEDIUM,90,0,Rescue Teams|Medical Kits,104,RESOLVED,CITIZEN,MOBILE_APP,ENGLISH,RAIN,False,False,False,True,OFFICER-01,7,3,0,57,False,MODERATE,0,True,12,23,6,False,True,False
INC-2024-0765,2024-12-23T05:38:00,Ratnapura,WET,Landslide,2,MEDIUM,275,0,Rescue Teams|Medical Kits,65,RESOLVED,CITIZEN,MOBILE_APP,SINHALA,RAIN,False,False,False,True,OFFICER-01,5,0,0,80,False,MODERATE,0,True,12,18,0,False,False,False
INC-2026-0766,2026-01-24T12:03:15,Ratnapura,WET,Landslide,4,CRITICAL,1083,41,Rescue Teams|Medical Kits,109,RESOLVED,CITIZEN,MOBILE_APP,TAMIL,RAIN,True,False,False,True,OFFICER-01,9,5,4,37,False,MODERATE,0,True,1,1,5,True,True,True
INC-2020-0767,2020-04-25T00:12:13,Nuwara Eliya,WET,Drought,1,LOW,0,0,Rescue Teams|Medical Kits,90,RESOLVED,CITIZEN,MOBILE_APP,TAMIL,RAIN,True,False,False,True,OFFICER-01,9,5,3,29,False,MODERATE,0,True,4,16,5,False,False,False
INC-2026-0768,2026-01-28T05:20:50,Gampaha,WET,Drought,2,MEDIUM,189,0,Rescue Teams|Medical Kits,88,RESOLVED,CITIZEN,MOBILE_APP,ENGLISH,RAIN,False,False,False,True,OFFICER-01,8,0,2,82,False,MODERATE,0,True,1,13,2,True,False,False
INC-2023-0769,2023-07-20T00:01:22,Nuwara Eliya,WET,Flood,2,MEDIUM,122,0,Rescue Teams|Medical Kits,97,RESOLVED,CITIZEN,MOBILE_APP,ENGLISH,RAIN,False,True,False,True,OFFICER-01,7,5,3,2,False,MODERATE,0,True,7,19,3,False,False,False
INC-2021-0770,2021-05-16T05:53:35,Hambantota,WET,Flood,3,HIGH,640,61,Rescue Teams|Medical Kits,71,RESOLVED,CITIZEN,MOBILE_APP,SINHALA,RAIN,False,True,False,True,OFFICER-01,8,1,4,87,False,MODERATE,0,True,5,23,6,False,True,True
INC-2022-0771,2022-11-19T17:04:49,Vavuniya,WET,Medical Emergency,1,LOW,86,0,Rescue Teams|Medical Kits,99,RESOLVED,CITIZEN,MOBILE_APP,ENGLISH,RAIN,False,False,False,True,OFFICER-01,2,2,5,91,False,MODERATE,0,True,11,22,5,False,False,False
INC-2023-0772,2023-04-27T20:11:18,Jaffna,WET,High Winds/Cyclone,4,CRITICAL,589,56,Rescue Teams|Medical Kits,98,RESOLVED,CITIZEN,MOBILE_APP,TAMIL,RAIN,True,False,False,True,OFFICER-01,5,3,1,79,False,MODERATE,0,True,4,21,3,True,True,True
INC-2021-0773,2021-10-05T18:35:33,Kurunegala,WET,Forest Fire,1,LOW,31,0,Rescue Teams|Medical Kits,100,RESOLVED,CITIZEN,MOBILE_APP,ENGLISH,RAIN,True,False,False,True,OFFICER-01,2,1,1,20,False,MODERATE,0,True,10,2,1,False,False,False
INC-2025-0774,2025-02-24T23:55:11,Nuwara Eliya,WET,Flood,2,MEDIUM,273,0,Rescue Teams|Medical Kits,78,RESOLVED,CITIZEN,MOBILE_APP,ENGLISH,RAIN,False,False,False,True,OFFICER-01,3,1,4,6,False,MODERATE,0,True,2,13,0,False,False,False
INC-2020-0775,2020-02-26T07:54:54,Hambantota,WET,Flood,4,CRITICAL,1261,104,Rescue Teams|Medical Kits,35,RESOLVED,CITIZEN,MOBILE_APP,SINHALA,RAIN,True,True,False,True,OFFICER-01,8,0,0,43,False,MODERATE,0,True,2,4,2,True,True,False
INC-2023-0776,2023-08-30T21:23:21,Galle,WET,High Winds/Cyclone,2,MEDIUM,166,0,Rescue Teams|Medical Kits,86,RESOLVED,CITIZEN,MOBILE_APP,SINHALA,RAIN,True,False,False,True,OFFICER-01,7,2,2,100,False,MODERATE,0,True,8,3,2,False,False,False
INC-2023-0777,2023-01-08T16:41:12,Matale,WET,Flood,2,MEDIUM,268,0,Rescue Teams|Medical Kits,49,RESOLVED,CITIZEN,MOBILE_APP,SINHALA,RAIN,False,False,False,True,OFFICER-01,8,4,5,13,False,MODERATE,0,True,1,17,6,True,False,False
INC-2026-0778,2026-01-03T17:22:06,Colombo,WET,Medical Emergency,3,HIGH,369,24,Rescue Teams|Medical Kits,111,RESOLVED,CITIZEN,MOBILE_APP,SINHALA,RAIN,True,False,False,True,OFFICER-01,1,4,4,100,False,MODERATE,0,True,1,1,5,True,True,False
INC-2020-0779,2020-11-12T11:49:52,Batticaloa,WET,Flood,4,CRITICAL,938,31,Rescue Teams|Medical Kits,36,RESOLVED,CITIZEN,MOBILE_APP,TAMIL,RAIN,True,False,False,True,OFFICER-01,1,1,2,20,False,MODERATE,0,True,11,19,3,True,True,False
INC-2026-0780,2026-03-12T21:39:30,Kurunegala,WET,High Winds/Cyclone,2,MEDIUM,202,0,Rescue Teams|Medical Kits,78,RESOLVED,CITIZEN,MOBILE_APP,TAMIL,RAIN,False,True,False,True,OFFICER-01,1,1,5,46,False,MODERATE,0,True,3,16,3,False,False,False
INC-2022-0781,2022-11-05T14:08:42,Batticaloa,WET,Flood,4,CRITICAL,1290,87,Rescue Teams|Medical Kits,71,RESOLVED,CITIZEN,MOBILE_APP,ENGLISH,RAIN,True,False,False,True,OFFICER-01,0,1,3,43,False,MODERATE,0,True,11,21,5,True,True,False
INC-2022-0782,2022-06-09T22:14:55,Kurunegala,WET,Flood,3,HIGH,535,19,Rescue Teams|Medical Kits,106,RESOLVED,CITIZEN,MOBILE_APP,ENGLISH,RAIN,True,False,False,True,OFFICER-01,5,5,5,31,False,MODERATE,0,True,6,23,3,True,False,True
INC-2021-0783,2021-04-16T00:57:04,Matale,WET,Forest Fire,1,LOW,17,0,Rescue Teams|Medical Kits,115,RESOLVED,CITIZEN,MOBILE_APP,SINHALA,RAIN,False,False,False,True,OFFICER-01,2,3,3,52,False,MODERATE,0,True,4,13,4,False,False,False
INC-2023-0784,2023-11-26T07:06:27,Jaffna,WET,Drought,3,HIGH,627,53,Rescue Teams|Medical Kits,61,RESOLVED,CITIZEN,MOBILE_APP,SINHALA,RAIN,False,False,False,True,OFFICER-01,7,1,0,91,False,MODERATE,0,True,11,21,6,True,True,False
INC-2024-0785,2024-05-26T08:18:52,Jaffna,WET,Flood,3,HIGH,466,44,Rescue Teams|Medical Kits,66,RESOLVED,CITIZEN,MOBILE_APP,SINHALA,RAIN,True,True,False,True,OFFICER-01,6,0,3,97,False,MODERATE,0,True,5,23,6,True,True,True
INC-2020-0786,2020-04-25T05:54:32,Kilinochchi,WET,Medical Emergency,2,MEDIUM,219,0,Rescue Teams|Medical Kits,88,RESOLVED,CITIZEN,MOBILE_APP,SINHALA,RAIN,False,False,False,True,OFFICER-01,10,5,5,66,False,MODERATE,0,True,4,4,5,False,True,False
INC-2022-0787,2022-07-07T18:48:40,Ratnapura,WET,Forest Fire,4,CRITICAL,1535,111,Rescue Teams|Medical Kits,85,RESOLVED,CITIZEN,MOBILE_APP,ENGLISH,RAIN,True,False,False,True,OFFICER-01,5,2,0,35,False,MODERATE,0,True,7,5,3,True,True,False
INC-2024-0788,2024-06-27T19:00:15,Polonnaruwa,WET,Flood,3,HIGH,328,22,Rescue Teams|Medical Kits,72,RESOLVED,CITIZEN,MOBILE_APP,TAMIL,RAIN,False,False,False,True,OFFICER-01,3,4,4,100,False,MODERATE,0,True,6,12,3,False,False,True
INC-2025-0789,2025-04-04T15:23:52,Mullaitivu,WET,Drought,2,MEDIUM,112,0,Rescue Teams|Medical Kits,118,RESOLVED,CITIZEN,MOBILE_APP,TAMIL,RAIN,False,False,False,True,OFFICER-01,6,1,2,10,False,MODERATE,0,True,4,11,4,False,False,True
INC-2020-0790,2020-04-24T20:41:45,Kurunegala,WET,Flood,4,CRITICAL,1339,69,Rescue Teams|Medical Kits,109,RESOLVED,CITIZEN,MOBILE_APP,SINHALA,RAIN,True,False,False,True,OFFICER-01,8,4,2,27,False,MODERATE,0,True,4,5,4,True,True,True
INC-2020-0791,2020-10-15T09:07:43,Trincomalee,WET,Drought,2,MEDIUM,220,0,Rescue Teams|Medical Kits,58,RESOLVED,CITIZEN,MOBILE_APP,TAMIL,RAIN,True,False,False,True,OFFICER-01,2,0,0,69,False,MODERATE,0,True,10,16,3,True,False,False
INC-2025-0792,2025-01-14T20:16:15,Kegalle,WET,Drought,1,LOW,68,0,Rescue Teams|Medical Kits,107,RESOLVED,CITIZEN,MOBILE_APP,ENGLISH,RAIN,False,False,False,True,OFFICER-01,8,0,5,7,False,MODERATE,0,True,1,9,1,False,False,False
INC-2023-0793,2023-03-04T19:19:12,Kegalle,WET,High Winds/Cyclone,2,MEDIUM,109,0,Rescue Teams|Medical Kits,30,RESOLVED,CITIZEN,MOBILE_APP,SINHALA,RAIN,True,False,False,True,OFFICER-01,10,0,3,38,False,MODERATE,0,True,3,11,5,True,False,False
INC-2024-0794,2024-11-13T11:52:04,Jaffna,WET,Flood,2,MEDIUM,86,0,Rescue Teams|Medical Kits,45,RESOLVED,CITIZEN,MOBILE_APP,TAMIL,RAIN,False,False,False,True,OFFICER-01,9,4,5,80,False,MODERATE,0,True,11,10,2,False,True,False
INC-2025-0795,2025-08-29T16:48:31,Puttalam,WET,Drought,3,HIGH,489,9,Rescue Teams|Medical Kits,53,RESOLVED,CITIZEN,MOBILE_APP,ENGLISH,RAIN,True,False,False,True,OFFICER-01,10,5,4,86,False,MODERATE,0,True,8,23,4,False,True,False
INC-2021-0796,2021-03-10T21:01:50,Mannar,WET,Drought,1,LOW,70,0,Rescue Teams|Medical Kits,46,RESOLVED,CITIZEN,MOBILE_APP,SINHALA,RAIN,False,False,False,True,OFFICER-01,5,4,4,24,False,MODERATE,0,True,3,23,2,False,True,False
INC-2023-0797,2023-01-27T10:03:35,Ratnapura,WET,Flood,4,CRITICAL,425,11,Rescue Teams|Medical Kits,67,RESOLVED,CITIZEN,MOBILE_APP,SINHALA,RAIN,True,True,False,True,OFFICER-01,1,0,3,16,False,MODERATE,0,True,1,0,4,True,True,True
INC-2024-0798,2024-01-19T16:00:11,Galle,WET,Flood,3,HIGH,447,37,Rescue Teams|Medical Kits,82,RESOLVED,CITIZEN,MOBILE_APP,ENGLISH,RAIN,True,False,False,True,OFFICER-01,9,4,4,99,False,MODERATE,0,True,1,4,4,False,True,True
INC-2023-0799,2023-05-11T13:06:53,Kegalle,WET,High Winds/Cyclone,1,LOW,15,0,Rescue Teams|Medical Kits,69,RESOLVED,CITIZEN,MOBILE_APP,ENGLISH,RAIN,False,False,False,True,OFFICER-01,7,5,3,20,False,MODERATE,0,True,5,20,3,True,False,False
INC-2021-0800,2021-03-24T11:13:53,Kurunegala,WET,Landslide,3,HIGH,333,7,Rescue Teams|Medical Kits,31,RESOLVED,CITIZEN,MOBILE_APP,TAMIL,RAIN,True,False,False,True,OFFICER-01,8,4,0,88,False,MODERATE,0,True,3,1,2,False,True,False
INC-2021-0801,2021-10-22T15:46:37,Monaragala,WET,Drought,2,MEDIUM,285,0,Rescue Teams|Medical Kits,35,RESOLVED,CITIZEN,MOBILE_APP,TAMIL,RAIN,False,False,False,True,OFFICER-01,5,0,4,52,False,MODERATE,0,True,10,23,4,True,True,False
INC-2020-0802,2020-12-08T19:15:38,Gampaha,WET,Landslide,4,CRITICAL,1367,105,Rescue Teams|Medical Kits,81,RESOLVED,CITIZEN,MOBILE_APP,SINHALA,RAIN,True,False,False,True,OFFICER-01,1,2,2,47,False,MODERATE,0,True,12,18,1,True,True,False
INC-2022-0803,2022-07-31T04:42:38,Hambantota,WET,Flood,3,HIGH,507,37,Rescue Teams|Medical Kits,33,RESOLVED,CITIZEN,MOBILE_APP,TAMIL,RAIN,True,True,False,True,OFFICER-01,6,0,2,36,False,MODERATE,0,True,7,20,6,False,True,False
INC-2021-0804,2021-10-31T18:55:07,Kalutara,WET,High Winds/Cyclone,3,HIGH,751,58,Rescue Teams|Medical Kits,30,RESOLVED,CITIZEN,MOBILE_APP,TAMIL,RAIN,True,True,False,True,OFFICER-01,5,0,0,53,False,MODERATE,0,True,10,18,6,True,False,True
INC-2024-0805,2024-02-03T23:06:54,Ampara,WET,Drought,2,MEDIUM,288,0,Rescue Teams|Medical Kits,58,RESOLVED,CITIZEN,MOBILE_APP,ENGLISH,RAIN,True,False,False,True,OFFICER-01,7,5,4,16,False,MODERATE,0,True,2,14,5,True,True,False
INC-2021-0806,2021-03-06T08:58:12,Trincomalee,WET,High Winds/Cyclone,2,MEDIUM,200,0,Rescue Teams|Medical Kits,100,RESOLVED,CITIZEN,MOBILE_APP,ENGLISH,RAIN,False,False,False,True,OFFICER-01,2,5,2,11,False,MODERATE,0,True,3,14,5,False,False,False
INC-2025-0807,2025-04-25T02:15:34,Kilinochchi,WET,High Winds/Cyclone,2,MEDIUM,104,0,Rescue Teams|Medical Kits,44,RESOLVED,CITIZEN,MOBILE_APP,ENGLISH,RAIN,False,False,False,True,OFFICER-01,5,4,0,85,False,MODERATE,0,True,4,12,4,False,True,False
INC-2023-0808,2023-10-08T15:38:51,Jaffna,WET,Landslide,2,MEDIUM,64,0,Rescue Teams|Medical Kits,36,RESOLVED,CITIZEN,MOBILE_APP,TAMIL,RAIN,True,False,False,True,OFFICER-01,0,4,5,98,False,MODERATE,0,True,10,2,6,False,True,False
INC-2026-0809,2026-01-06T19:28:52,Kurunegala,WET,High Winds/Cyclone,1,LOW,69,0,Rescue Teams|Medical Kits,97,RESOLVED,CITIZEN,MOBILE_APP,TAMIL,RAIN,False,False,False,True,OFFICER-01,1,1,4,69,False,MODERATE,0,True,1,3,1,False,False,False
INC-2024-0810,2024-11-27T05:28:11,Matale,WET,Flood,1,LOW,47,0,Rescue Teams|Medical Kits,81,RESOLVED,CITIZEN,MOBILE_APP,SINHALA,RAIN,True,False,False,True,OFFICER-01,7,4,0,15,False,MODERATE,0,True,11,18,2,False,False,False
INC-2025-0811,2025-08-07T03:00:22,Mannar,WET,Flood,4,CRITICAL,1339,92,Rescue Teams|Medical Kits,50,RESOLVED,CITIZEN,MOBILE_APP,SINHALA,RAIN,True,True,False,True,OFFICER-01,3,5,4,56,False,MODERATE,0,True,8,18,3,True,False,False
INC-2020-0812,2020-09-19T23:48:29,Batticaloa,WET,High Winds/Cyclone,2,MEDIUM,110,0,Rescue Teams|Medical Kits,90,RESOLVED,CITIZEN,MOBILE_APP,SINHALA,RAIN,False,False,False,True,OFFICER-01,7,0,2,55,False,MODERATE,0,True,9,12,5,False,False,False
INC-2021-0813,2021-07-14T19:39:08,Ratnapura,WET,Forest Fire,4,CRITICAL,1178,83,Rescue Teams|Medical Kits,63,RESOLVED,CITIZEN,MOBILE_APP,ENGLISH,RAIN,True,False,False,True,OFFICER-01,1,0,0,69,False,MODERATE,0,True,7,10,2,False,False,True
INC-2021-0814,2021-06-06T10:37:10,Kurunegala,WET,Landslide,1,LOW,33,0,Rescue Teams|Medical Kits,113,RESOLVED,CITIZEN,MOBILE_APP,SINHALA,RAIN,False,False,False,True,OFFICER-01,2,2,3,86,False,MODERATE,0,True,6,8,6,False,False,False
INC-2021-0815,2021-06-09T15:47:57,Gampaha,WET,High Winds/Cyclone,2,MEDIUM,221,0,Rescue Teams|Medical Kits,38,RESOLVED,CITIZEN,MOBILE_APP,SINHALA,RAIN,False,False,False,True,OFFICER-01,0,2,3,12,False,MODERATE,0,True,6,10,2,False,False,False
INC-2022-0816,2022-09-21T08:01:16,Kalutara,WET,Forest Fire,3,HIGH,539,41,Rescue Teams|Medical Kits,63,RESOLVED,CITIZEN,MOBILE_APP,SINHALA,RAIN,True,False,False,True,OFFICER-01,0,1,1,96,False,MODERATE,0,True,9,8,2,False,False,True
INC-2025-0817,2025-01-28T19:53:27,Ampara,WET,Drought,1,LOW,46,0,Rescue Teams|Medical Kits,111,RESOLVED,CITIZEN,MOBILE_APP,TAMIL,RAIN,False,False,False,True,OFFICER-01,6,0,2,7,False,MODERATE,0,True,1,16,1,False,False,False
INC-2022-0818,2022-09-16T00:53:08,Ratnapura,WET,Landslide,4,CRITICAL,1177,36,Rescue Teams|Medical Kits,18,RESOLVED,CITIZEN,MOBILE_APP,ENGLISH,RAIN,True,True,False,True,OFFICER-01,10,1,0,34,False,MODERATE,0,True,9,15,4,True,True,True
INC-2024-0819,2024-09-17T10:50:45,Jaffna,WET,High Winds/Cyclone,3,HIGH,385,38,Rescue Teams|Medical Kits,112,RESOLVED,CITIZEN,MOBILE_APP,TAMIL,RAIN,True,True,False,True,OFFICER-01,10,1,2,72,False,MODERATE,0,True,9,7,1,True,False,True
INC-2023-0820,2023-06-17T17:10:26,Kegalle,WET,Forest Fire,3,HIGH,943,76,Rescue Teams|Medical Kits,41,RESOLVED,CITIZEN,MOBILE_APP,SINHALA,RAIN,True,True,False,True,OFFICER-01,5,4,1,100,False,MODERATE,0,True,6,2,5,False,False,False
INC-2022-0821,2022-01-31T16:33:54,Batticaloa,WET,Building Collapse,1,LOW,32,0,Rescue Teams|Medical Kits,72,RESOLVED,CITIZEN,MOBILE_APP,SINHALA,RAIN,False,False,False,True,OFFICER-01,0,3,4,37,False,MODERATE,0,True,1,17,0,False,True,False
INC-2025-0822,2025-07-21T23:35:49,Hambantota,WET,Flood,2,MEDIUM,170,0,Rescue Teams|Medical Kits,49,RESOLVED,CITIZEN,MOBILE_APP,TAMIL,RAIN,False,False,False,True,OFFICER-01,4,5,3,44,False,MODERATE,0,True,7,15,0,False,True,False
INC-2025-0823,2025-05-18T04:45:59,Kandy,WET,Drought,2,MEDIUM,143,0,Rescue Teams|Medical Kits,51,RESOLVED,CITIZEN,MOBILE_APP,SINHALA,RAIN,True,True,False,True,OFFICER-01,2,5,4,72,False,MODERATE,0,True,5,16,6,True,False,False
INC-2020-0824,2020-08-05T06:44:53,Hambantota,WET,Landslide,3,HIGH,766,32,Rescue Teams|Medical Kits,32,RESOLVED,CITIZEN,MOBILE_APP,TAMIL,RAIN,True,False,False,True,OFFICER-01,8,2,3,26,False,MODERATE,0,True,8,19,2,True,False,False
INC-2025-0825,2025-03-11T14:06:05,Kurunegala,WET,Forest Fire,3,HIGH,477,38,Rescue Teams|Medical Kits,58,RESOLVED,CITIZEN,MOBILE_APP,TAMIL,RAIN,True,False,False,True,OFFICER-01,4,5,3,34,False,MODERATE,0,True,3,4,1,False,True,False
INC-2022-0826,2022-02-03T01:44:31,Kilinochchi,WET,Building Collapse,2,MEDIUM,219,0,Rescue Teams|Medical Kits,41,RESOLVED,CITIZEN,MOBILE_APP,ENGLISH,RAIN,False,False,False,True,OFFICER-01,9,2,0,88,False,MODERATE,0,True,2,10,3,False,False,False
INC-2021-0827,2021-02-19T11:18:51,Mullaitivu,WET,Medical Emergency,2,MEDIUM,90,0,Rescue Teams|Medical Kits,75,RESOLVED,CITIZEN,MOBILE_APP,SINHALA,RAIN,True,True,False,True,OFFICER-01,0,5,1,52,False,MODERATE,0,True,2,19,4,False,True,False
INC-2024-0828,2024-09-22T18:45:16,Mannar,WET,Forest Fire,1,LOW,42,0,Rescue Teams|Medical Kits,83,RESOLVED,CITIZEN,MOBILE_APP,SINHALA,RAIN,False,False,False,True,OFFICER-01,10,5,0,68,False,MODERATE,0,True,9,12,6,False,False,False
INC-2020-0829,2020-04-06T03:36:51,Mullaitivu,WET,High Winds/Cyclone,4,CRITICAL,1776,18,Rescue Teams|Medical Kits,101,RESOLVED,CITIZEN,MOBILE_APP,SINHALA,RAIN,True,True,False,True,OFFICER-01,5,3,4,45,False,MODERATE,0,True,4,1,0,True,True,False
INC-2023-0830,2023-04-16T14:14:50,Kalutara,WET,High Winds/Cyclone,4,CRITICAL,995,62,Rescue Teams|Medical Kits,16,RESOLVED,CITIZEN,MOBILE_APP,SINHALA,RAIN,True,False,False,True,OFFICER-01,7,2,1,56,False,MODERATE,0,True,4,22,6,True,True,True
INC-2020-0831,2020-01-30T02:10:42,Galle,WET,Flood,3,HIGH,466,23,Rescue Teams|Medical Kits,102,RESOLVED,CITIZEN,MOBILE_APP,TAMIL,RAIN,True,False,False,True,OFFICER-01,5,1,0,78,False,MODERATE,0,True,1,8,3,True,True,False
INC-2025-0832,2025-04-26T13:01:01,Hambantota,WET,High Winds/Cyclone,3,HIGH,453,24,Rescue Teams|Medical Kits,78,RESOLVED,CITIZEN,MOBILE_APP,ENGLISH,RAIN,True,True,False,True,OFFICER-01,0,2,3,90,False,MODERATE,0,True,4,21,5,False,True,False
INC-2026-0833,2026-01-05T11:21:19,Vavuniya,WET,Landslide,2,MEDIUM,281,0,Rescue Teams|Medical Kits,120,RESOLVED,CITIZEN,MOBILE_APP,TAMIL,RAIN,False,False,False,True,OFFICER-01,6,0,2,72,False,MODERATE,0,True,1,6,0,False,False,False
INC-2024-0834,2024-04-03T10:59:01,Kegalle,WET,Landslide,4,CRITICAL,1251,72,Rescue Teams|Medical Kits,109,RESOLVED,CITIZEN,MOBILE_APP,TAMIL,RAIN,True,False,False,True,OFFICER-01,10,5,4,72,False,MODERATE,0,True,4,21,2,True,False,True
INC-2021-0835,2021-06-29T08:22:45,Colombo,WET,Flood,3,HIGH,740,22,Rescue Teams|Medical Kits,31,RESOLVED,CITIZEN,MOBILE_APP,ENGLISH,RAIN,True,False,False,True,OFFICER-01,9,1,4,93,False,MODERATE,0,True,6,2,1,True,False,False
INC-2022-0836,2022-05-02T07:22:35,Galle,WET,High Winds/Cyclone,3,HIGH,1030,18,Rescue Teams|Medical Kits,101,RESOLVED,CITIZEN,MOBILE_APP,TAMIL,RAIN,True,False,False,True,OFFICER-01,9,2,5,71,False,MODERATE,0,True,5,5,0,False,False,False
INC-2023-0837,2023-11-11T07:11:06,Colombo,WET,Medical Emergency,2,MEDIUM,265,0,Rescue Teams|Medical Kits,101,RESOLVED,CITIZEN,MOBILE_APP,TAMIL,RAIN,True,False,False,True,OFFICER-01,0,2,3,52,False,MODERATE,0,True,11,20,5,True,False,False
INC-2022-0838,2022-05-01T09:34:31,Gampaha,WET,Landslide,4,CRITICAL,547,21,Rescue Teams|Medical Kits,61,RESOLVED,CITIZEN,MOBILE_APP,TAMIL,RAIN,True,False,False,True,OFFICER-01,0,5,1,6,False,MODERATE,0,True,5,1,6,True,True,False
INC-2022-0839,2022-05-13T12:11:19,Kilinochchi,WET,Landslide,4,CRITICAL,1788,21,Rescue Teams|Medical Kits,15,RESOLVED,CITIZEN,MOBILE_APP,ENGLISH,RAIN,True,True,False,True,OFFICER-01,3,2,0,73,False,MODERATE,0,True,5,23,4,True,True,False
INC-2020-0840,2020-03-19T19:52:07,Jaffna,WET,Drought,1,LOW,29,0,Rescue Teams|Medical Kits,69,RESOLVED,CITIZEN,MOBILE_APP,SINHALA,RAIN,False,False,False,True,OFFICER-01,3,1,1,42,False,MODERATE,0,True,3,22,3,False,False,True
INC-2022-0841,2022-08-23T15:21:53,Kalutara,WET,High Winds/Cyclone,1,LOW,78,0,Rescue Teams|Medical Kits,18,RESOLVED,CITIZEN,MOBILE_APP,ENGLISH,RAIN,True,False,False,True,OFFICER-01,6,0,4,80,False,MODERATE,0,True,8,3,1,False,False,True
INC-2022-0842,2022-11-04T15:24:12,Vavuniya,WET,Flood,3,HIGH,705,67,Rescue Teams|Medical Kits,45,RESOLVED,CITIZEN,MOBILE_APP,ENGLISH,RAIN,True,True,False,True,OFFICER-01,0,2,4,30,False,MODERATE,0,True,11,1,4,True,False,False
INC-2020-0843,2020-08-14T12:37:32,Matale,WET,High Winds/Cyclone,1,LOW,92,0,Rescue Teams|Medical Kits,112,RESOLVED,CITIZEN,MOBILE_APP,SINHALA,RAIN,False,False,False,True,OFFICER-01,10,3,4,15,False,MODERATE,0,True,8,14,4,False,True,False
INC-2020-0844,2020-09-22T17:55:44,Matale,WET,Medical Emergency,4,CRITICAL,1006,96,Rescue Teams|Medical Kits,55,RESOLVED,CITIZEN,MOBILE_APP,TAMIL,RAIN,True,False,False,True,OFFICER-01,1,1,0,56,False,MODERATE,0,True,9,0,1,True,False,False
INC-2020-0845,2020-06-19T05:21:05,Kurunegala,WET,High Winds/Cyclone,2,MEDIUM,438,0,Rescue Teams|Medical Kits,23,RESOLVED,CITIZEN,MOBILE_APP,SINHALA,RAIN,False,True,False,True,OFFICER-01,10,0,4,6,False,MODERATE,0,True,6,13,4,False,True,True
INC-2022-0846,2022-07-05T06:35:16,Polonnaruwa,WET,Drought,1,LOW,85,0,Rescue Teams|Medical Kits,111,RESOLVED,CITIZEN,MOBILE_APP,ENGLISH,RAIN,True,False,False,True,OFFICER-01,3,4,5,79,False,MODERATE,0,True,7,19,1,False,False,False
INC-2020-0847,2020-02-02T22:52:53,Monaragala,WET,Drought,2,MEDIUM,202,0,Rescue Teams|Medical Kits,94,RESOLVED,CITIZEN,MOBILE_APP,TAMIL,RAIN,False,False,False,True,OFFICER-01,1,2,5,86,False,MODERATE,0,True,2,13,6,True,False,False
INC-2020-0848,2020-03-21T16:37:07,Kegalle,WET,Landslide,3,HIGH,539,35,Rescue Teams|Medical Kits,28,RESOLVED,CITIZEN,MOBILE_APP,SINHALA,RAIN,False,False,False,True,OFFICER-01,0,4,5,8,False,MODERATE,0,True,3,6,5,True,False,True
INC-2025-0849,2025-01-16T00:49:17,Trincomalee,WET,Flood,4,CRITICAL,883,44,Rescue Teams|Medical Kits,31,RESOLVED,CITIZEN,MOBILE_APP,TAMIL,RAIN,True,True,False,True,OFFICER-01,8,2,2,53,False,MODERATE,0,True,1,3,3,False,False,False
INC-2024-0850,2024-02-04T15:44:01,Nuwara Eliya,WET,Landslide,3,HIGH,606,52,Rescue Teams|Medical Kits,32,RESOLVED,CITIZEN,MOBILE_APP,SINHALA,RAIN,False,True,False,True,OFFICER-01,0,1,2,74,False,MODERATE,0,True,2,21,6,True,True,True
INC-2023-0851,2023-09-16T03:11:30,Trincomalee,WET,Building Collapse,2,MEDIUM,176,0,Rescue Teams|Medical Kits,54,RESOLVED,CITIZEN,MOBILE_APP,TAMIL,RAIN,False,True,False,True,OFFICER-01,8,1,1,60,False,MODERATE,0,True,9,11,5,False,True,False
INC-2022-0852,2022-08-17T00:25:57,Vavuniya,WET,Drought,2,MEDIUM,159,0,Rescue Teams|Medical Kits,16,RESOLVED,CITIZEN,MOBILE_APP,TAMIL,RAIN,True,False,False,True,OFFICER-01,9,5,5,18,False,MODERATE,0,True,8,11,2,True,False,False
INC-2020-0853,2020-06-27T01:54:49,Galle,WET,High Winds/Cyclone,4,CRITICAL,1468,107,Rescue Teams|Medical Kits,21,RESOLVED,CITIZEN,MOBILE_APP,ENGLISH,RAIN,True,False,False,True,OFFICER-01,5,1,1,81,False,MODERATE,0,True,6,2,5,True,True,False
INC-2021-0854,2021-09-17T07:07:31,Batticaloa,WET,Landslide,3,HIGH,676,64,Rescue Teams|Medical Kits,75,RESOLVED,CITIZEN,MOBILE_APP,TAMIL,RAIN,False,True,False,True,OFFICER-01,7,4,5,42,False,MODERATE,0,True,9,4,4,True,False,False
INC-2024-0855,2024-12-02T01:25:52,Ampara,WET,Building Collapse,2,MEDIUM,0,0,Rescue Teams|Medical Kits,53,RESOLVED,CITIZEN,MOBILE_APP,ENGLISH,RAIN,False,False,False,True,OFFICER-01,5,1,0,58,False,MODERATE,0,True,12,19,0,False,False,False
INC-2020-0856,2020-05-11T02:04:28,Kegalle,WET,Medical Emergency,4,CRITICAL,1513,123,Rescue Teams|Medical Kits,43,RESOLVED,CITIZEN,MOBILE_APP,TAMIL,RAIN,True,True,False,True,OFFICER-01,3,3,4,27,False,MODERATE,0,True,5,4,0,True,True,False
INC-2022-0857,2022-01-12T14:33:04,Kegalle,WET,High Winds/Cyclone,3,HIGH,181,6,Rescue Teams|Medical Kits,118,RESOLVED,CITIZEN,MOBILE_APP,TAMIL,RAIN,True,True,False,True,OFFICER-01,6,1,3,23,False,MODERATE,0,True,1,23,2,False,True,True
INC-2020-0858,2020-01-21T21:28:52,Anuradhapura,WET,Flood,2,MEDIUM,182,0,Rescue Teams|Medical Kits,18,RESOLVED,CITIZEN,MOBILE_APP,TAMIL,RAIN,True,False,False,True,OFFICER-01,1,1,2,56,False,MODERATE,0,True,1,11,1,False,False,False
INC-2021-0859,2021-08-26T23:46:17,Polonnaruwa,WET,Medical Emergency,4,CRITICAL,1402,103,Rescue Teams|Medical Kits,20,RESOLVED,CITIZEN,MOBILE_APP,SINHALA,RAIN,True,True,False,True,OFFICER-01,3,1,2,22,False,MODERATE,0,True,8,23,3,True,True,False
INC-2021-0860,2021-11-11T05:43:31,Kegalle,WET,High Winds/Cyclone,2,MEDIUM,194,0,Rescue Teams|Medical Kits,85,RESOLVED,CITIZEN,MOBILE_APP,SINHALA,RAIN,True,False,False,True,OFFICER-01,2,1,0,22,False,MODERATE,0,True,11,10,3,False,False,False
INC-2022-0861,2022-03-24T08:22:23,Galle,WET,Flood,2,MEDIUM,265,0,Rescue Teams|Medical Kits,32,RESOLVED,CITIZEN,MOBILE_APP,ENGLISH,RAIN,True,False,False,True,OFFICER-01,10,0,2,26,False,MODERATE,0,True,3,21,3,True,False,False
INC-2022-0862,2022-08-05T19:50:42,Monaragala,WET,Drought,1,LOW,25,0,Rescue Teams|Medical Kits,99,RESOLVED,CITIZEN,MOBILE_APP,SINHALA,RAIN,False,False,False,True,OFFICER-01,8,4,3,91,False,MODERATE,0,True,8,11,4,False,False,False
INC-2020-0863,2020-07-22T02:54:05,Galle,WET,Landslide,1,LOW,24,0,Rescue Teams|Medical Kits,116,RESOLVED,CITIZEN,MOBILE_APP,SINHALA,RAIN,True,False,False,True,OFFICER-01,3,4,3,88,False,MODERATE,0,True,7,4,2,False,False,False
INC-2023-0864,2023-03-08T18:29:53,Puttalam,WET,High Winds/Cyclone,1,LOW,49,0,Rescue Teams|Medical Kits,46,RESOLVED,CITIZEN,MOBILE_APP,SINHALA,RAIN,False,False,False,True,OFFICER-01,9,4,1,68,False,MODERATE,0,True,3,20,2,False,False,False
INC-2022-0865,2022-07-02T23:51:19,Matara,WET,Drought,2,MEDIUM,286,0,Rescue Teams|Medical Kits,95,RESOLVED,CITIZEN,MOBILE_APP,ENGLISH,RAIN,True,True,False,True,OFFICER-01,2,4,4,62,False,MODERATE,0,True,7,1,5,True,False,False
INC-2021-0866,2021-10-12T01:53:02,Jaffna,WET,Flood,2,MEDIUM,81,0,Rescue Teams|Medical Kits,116,RESOLVED,CITIZEN,MOBILE_APP,TAMIL,RAIN,False,False,False,True,OFFICER-01,9,0,1,65,False,MODERATE,0,True,10,15,1,False,True,False
INC-2023-0867,2023-04-20T20:00:52,Nuwara Eliya,WET,Landslide,4,CRITICAL,1740,117,Rescue Teams|Medical Kits,62,RESOLVED,CITIZEN,MOBILE_APP,ENGLISH,RAIN,True,True,False,True,OFFICER-01,8,3,1,41,False,MODERATE,0,True,4,16,3,True,True,False
INC-2026-0868,2026-01-22T14:52:19,Ratnapura,WET,High Winds/Cyclone,3,HIGH,469,11,Rescue Teams|Medical Kits,78,RESOLVED,CITIZEN,MOBILE_APP,ENGLISH,RAIN,False,False,False,True,OFFICER-01,4,4,3,81,False,MODERATE,0,True,1,22,3,True,True,False
INC-2024-0869,2024-12-19T08:54:01,Mullaitivu,WET,Flood,2,MEDIUM,0,0,Rescue Teams|Medical Kits,40,RESOLVED,CITIZEN,MOBILE_APP,ENGLISH,RAIN,False,False,False,True,OFFICER-01,3,3,1,39,False,MODERATE,0,True,12,7,3,False,False,True
INC-2023-0870,2023-08-13T12:00:02,Polonnaruwa,WET,High Winds/Cyclone,1,LOW,126,0,Rescue Teams|Medical Kits,47,RESOLVED,CITIZEN,MOBILE_APP,TAMIL,RAIN,True,False,False,True,OFFICER-01,1,1,0,37,False,MODERATE,0,True,8,11,6,True,False,False
INC-2023-0871,2023-10-13T00:43:07,Kurunegala,WET,Flood,3,HIGH,626,29,Rescue Teams|Medical Kits,74,RESOLVED,CITIZEN,MOBILE_APP,TAMIL,RAIN,True,True,False,True,OFFICER-01,9,2,3,57,False,MODERATE,0,True,10,18,4,True,True,True
INC-2023-0872,2023-12-23T15:07:42,Badulla,WET,Drought,1,LOW,45,0,Rescue Teams|Medical Kits,55,RESOLVED,CITIZEN,MOBILE_APP,ENGLISH,RAIN,False,True,False,True,OFFICER-01,6,0,1,56,False,MODERATE,0,True,12,15,5,False,True,False
INC-2021-0873,2021-12-27T08:40:33,Galle,WET,Flood,4,CRITICAL,2430,49,Rescue Teams|Medical Kits,52,RESOLVED,CITIZEN,MOBILE_APP,TAMIL,RAIN,True,True,False,True,OFFICER-01,8,4,5,10,False,MODERATE,0,True,12,19,0,True,True,False
INC-2022-0874,2022-05-08T19:44:16,Ratnapura,WET,Flood,2,MEDIUM,336,0,Rescue Teams|Medical Kits,61,RESOLVED,CITIZEN,MOBILE_APP,SINHALA,RAIN,False,True,False,True,OFFICER-01,8,1,2,25,False,MODERATE,0,True,5,2,6,False,False,False
INC-2025-0875,2025-09-28T11:39:02,Puttalam,WET,Drought,1,LOW,79,0,Rescue Teams|Medical Kits,119,RESOLVED,CITIZEN,MOBILE_APP,TAMIL,RAIN,False,False,False,True,OFFICER-01,4,1,5,77,False,MODERATE,0,True,9,23,6,False,False,False
INC-2021-0876,2021-03-04T07:58:07,Matale,WET,High Winds/Cyclone,2,MEDIUM,337,0,Rescue Teams|Medical Kits,48,RESOLVED,CITIZEN,MOBILE_APP,SINHALA,RAIN,False,False,False,True,OFFICER-01,4,2,2,100,False,MODERATE,0,True,3,17,3,True,False,False
INC-2023-0877,2023-06-08T14:20:27,Jaffna,WET,Forest Fire,3,HIGH,645,35,Rescue Teams|Medical Kits,16,RESOLVED,CITIZEN,MOBILE_APP,ENGLISH,RAIN,True,False,False,True,OFFICER-01,10,4,1,50,False,MODERATE,0,True,6,4,3,True,True,False
INC-2021-0878,2021-12-08T01:28:56,Galle,WET,High Winds/Cyclone,3,HIGH,727,31,Rescue Teams|Medical Kits,44,RESOLVED,CITIZEN,MOBILE_APP,TAMIL,RAIN,True,False,False,True,OFFICER-01,9,4,3,92,False,MODERATE,0,True,12,1,2,True,False,False
INC-2023-0879,2023-12-04T12:33:44,Hambantota,WET,Flood,4,CRITICAL,789,16,Rescue Teams|Medical Kits,69,RESOLVED,CITIZEN,MOBILE_APP,TAMIL,RAIN,True,False,False,True,OFFICER-01,6,1,3,57,False,MODERATE,0,True,12,6,0,True,True,True
INC-2024-0880,2024-10-01T00:48:46,Colombo,WET,Drought,1,LOW,38,0,Rescue Teams|Medical Kits,31,RESOLVED,CITIZEN,MOBILE_APP,ENGLISH,RAIN,False,False,False,True,OFFICER-01,0,3,5,45,False,MODERATE,0,True,10,18,1,False,False,False
INC-2022-0881,2022-11-21T18:58:58,Galle,WET,Landslide,3,HIGH,345,32,Rescue Teams|Medical Kits,112,RESOLVED,CITIZEN,MOBILE_APP,TAMIL,RAIN,True,False,False,True,OFFICER-01,8,2,2,75,False,MODERATE,0,True,11,12,0,False,False,False
INC-2020-0882,2020-03-13T04:53:16,Anuradhapura,WET,Flood,3,HIGH,642,52,Rescue Teams|Medical Kits,34,RESOLVED,CITIZEN,MOBILE_APP,ENGLISH,RAIN,True,False,False,True,OFFICER-01,9,5,4,77,False,MODERATE,0,True,3,20,4,False,False,False
INC-2024-0883,2024-11-17T23:29:58,Polonnaruwa,WET,Building Collapse,2,MEDIUM,155,0,Rescue Teams|Medical Kits,65,RESOLVED,CITIZEN,MOBILE_APP,SINHALA,RAIN,False,True,False,True,OFFICER-01,8,3,1,60,False,MODERATE,0,True,11,6,6,False,True,False
INC-2020-0884,2020-12-03T12:39:46,Hambantota,WET,Building Collapse,4,CRITICAL,1295,112,Rescue Teams|Medical Kits,53,RESOLVED,CITIZEN,MOBILE_APP,SINHALA,RAIN,True,False,False,True,OFFICER-01,2,0,5,70,False,MODERATE,0,True,12,4,3,True,False,True
INC-2021-0885,2021-07-05T21:30:27,Colombo,WET,Landslide,4,CRITICAL,1201,19,Rescue Teams|Medical Kits,18,RESOLVED,CITIZEN,MOBILE_APP,SINHALA,RAIN,False,True,False,True,OFFICER-01,3,0,3,36,False,MODERATE,0,True,7,15,0,True,True,True
INC-2021-0886,2021-10-01T16:26:32,Ratnapura,WET,Drought,1,LOW,86,0,Rescue Teams|Medical Kits,23,RESOLVED,CITIZEN,MOBILE_APP,ENGLISH,RAIN,False,False,False,True,OFFICER-01,0,2,4,1,False,MODERATE,0,True,10,16,4,False,False,False
INC-2021-0887,2021-06-17T20:15:14,Puttalam,WET,Forest Fire,2,MEDIUM,161,0,Rescue Teams|Medical Kits,65,RESOLVED,CITIZEN,MOBILE_APP,SINHALA,RAIN,False,False,False,True,OFFICER-01,1,1,4,53,False,MODERATE,0,True,6,13,3,False,False,False
INC-2024-0888,2024-01-25T20:59:22,Jaffna,WET,Flood,2,MEDIUM,243,0,Rescue Teams|Medical Kits,31,RESOLVED,CITIZEN,MOBILE_APP,SINHALA,RAIN,False,False,False,True,OFFICER-01,4,3,5,85,False,MODERATE,0,True,1,6,3,False,False,False
INC-2024-0889,2024-01-15T02:09:52,Hambantota,WET,High Winds/Cyclone,2,MEDIUM,168,0,Rescue Teams|Medical Kits,90,RESOLVED,CITIZEN,MOBILE_APP,SINHALA,RAIN,False,False,False,True,OFFICER-01,8,5,5,58,False,MODERATE,0,True,1,9,0,False,False,False
INC-2022-0890,2022-05-05T18:22:04,Kandy,WET,Flood,1,LOW,19,0,Rescue Teams|Medical Kits,72,RESOLVED,CITIZEN,MOBILE_APP,SINHALA,RAIN,True,False,False,True,OFFICER-01,6,4,1,67,False,MODERATE,0,True,5,4,3,False,False,False
INC-2022-0891,2022-10-18T19:55:29,Ampara,WET,Forest Fire,2,MEDIUM,352,0,Rescue Teams|Medical Kits,74,RESOLVED,CITIZEN,MOBILE_APP,TAMIL,RAIN,True,False,False,True,OFFICER-01,0,5,0,36,False,MODERATE,0,True,10,14,1,False,False,False
INC-2025-0892,2025-06-30T23:33:23,Monaragala,WET,Drought,2,MEDIUM,191,0,Rescue Teams|Medical Kits,116,RESOLVED,CITIZEN,MOBILE_APP,ENGLISH,RAIN,False,False,False,True,OFFICER-01,6,4,1,53,False,MODERATE,0,True,6,22,0,False,False,False
INC-2022-0893,2022-02-13T00:50:19,Hambantota,WET,Forest Fire,2,MEDIUM,228,0,Rescue Teams|Medical Kits,70,RESOLVED,CITIZEN,MOBILE_APP,ENGLISH,RAIN,False,False,False,True,OFFICER-01,6,5,1,89,False,MODERATE,0,True,2,23,6,False,True,False
INC-2024-0894,2024-11-01T15:01:39,Galle,WET,Drought,2,MEDIUM,185,0,Rescue Teams|Medical Kits,45,RESOLVED,CITIZEN,MOBILE_APP,SINHALA,RAIN,False,False,False,True,OFFICER-01,4,5,4,37,False,MODERATE,0,True,11,1,4,False,True,False
INC-2025-0895,2025-09-02T05:32:39,Kalutara,WET,High Winds/Cyclone,2,MEDIUM,188,0,Rescue Teams|Medical Kits,42,RESOLVED,CITIZEN,MOBILE_APP,ENGLISH,RAIN,False,True,False,True,OFFICER-01,6,4,0,47,False,MODERATE,0,True,9,23,1,True,False,False
INC-2020-0896,2020-08-25T18:45:40,Nuwara Eliya,WET,Landslide,4,CRITICAL,1426,51,Rescue Teams|Medical Kits,67,RESOLVED,CITIZEN,MOBILE_APP,ENGLISH,RAIN,True,True,False,True,OFFICER-01,2,2,1,64,False,MODERATE,0,True,8,23,1,True,True,True
INC-2020-0897,2020-05-18T16:14:21,Monaragala,WET,Flood,1,LOW,71,0,Rescue Teams|Medical Kits,103,RESOLVED,CITIZEN,MOBILE_APP,TAMIL,RAIN,False,False,False,True,OFFICER-01,7,3,2,95,False,MODERATE,0,True,5,20,0,False,True,False
INC-2023-0898,2023-05-25T17:05:06,Ampara,WET,Flood,4,CRITICAL,690,42,Rescue Teams|Medical Kits,47,RESOLVED,CITIZEN,MOBILE_APP,SINHALA,RAIN,False,False,False,True,OFFICER-01,2,2,5,95,False,MODERATE,0,True,5,18,3,True,True,False
INC-2023-0899,2023-12-13T08:39:24,Nuwara Eliya,WET,Drought,2,MEDIUM,0,0,Rescue Teams|Medical Kits,85,RESOLVED,CITIZEN,MOBILE_APP,TAMIL,RAIN,False,False,False,True,OFFICER-01,3,5,3,17,False,MODERATE,0,True,12,2,2,True,False,False
INC-2024-0900,2024-01-02T16:28:38,Kegalle,WET,Forest Fire,2,MEDIUM,404,0,Rescue Teams|Medical Kits,17,RESOLVED,CITIZEN,MOBILE_APP,TAMIL,RAIN,False,False,False,True,OFFICER-01,1,1,2,15,False,MODERATE,0,True,1,5,1,False,False,False
INC-2024-0901,2024-07-19T02:40:44,Jaffna,WET,Drought,1,LOW,88,0,Rescue Teams|Medical Kits,100,RESOLVED,CITIZEN,MOBILE_APP,SINHALA,RAIN,False,False,False,True,OFFICER-01,10,2,1,56,False,MODERATE,0,True,7,2,4,False,False,False
INC-2023-0902,2023-01-17T12:54:04,Kalutara,WET,High Winds/Cyclone,3,HIGH,602,34,Rescue Teams|Medical Kits,83,RESOLVED,CITIZEN,MOBILE_APP,SINHALA,RAIN,True,False,False,True,OFFICER-01,7,5,0,81,False,MODERATE,0,True,1,21,1,False,False,False
INC-2024-0903,2024-06-12T12:20:45,Mullaitivu,WET,Forest Fire,1,LOW,115,0,Rescue Teams|Medical Kits,28,RESOLVED,CITIZEN,MOBILE_APP,ENGLISH,RAIN,False,False,False,True,OFFICER-01,4,3,0,76,False,MODERATE,0,True,6,21,2,False,False,False
INC-2020-0904,2020-01-15T11:54:08,Colombo,WET,Landslide,3,HIGH,462,18,Rescue Teams|Medical Kits,46,RESOLVED,CITIZEN,MOBILE_APP,ENGLISH,RAIN,True,False,False,True,OFFICER-01,3,1,0,2,False,MODERATE,0,True,1,21,2,False,False,True
INC-2023-0905,2023-08-03T02:56:37,Colombo,WET,Building Collapse,1,LOW,83,0,Rescue Teams|Medical Kits,120,RESOLVED,CITIZEN,MOBILE_APP,SINHALA,RAIN,False,False,False,True,OFFICER-01,10,5,0,28,False,MODERATE,0,True,8,10,3,False,False,False
INC-2020-0906,2020-10-27T03:15:24,Kilinochchi,WET,Flood,2,MEDIUM,181,0,Rescue Teams|Medical Kits,20,RESOLVED,CITIZEN,MOBILE_APP,ENGLISH,RAIN,False,False,False,True,OFFICER-01,8,0,2,41,False,MODERATE,0,True,10,5,1,False,False,False
INC-2024-0907,2024-10-12T05:47:32,Badulla,WET,High Winds/Cyclone,3,HIGH,572,44,Rescue Teams|Medical Kits,65,RESOLVED,CITIZEN,MOBILE_APP,ENGLISH,RAIN,False,False,False,True,OFFICER-01,1,1,1,13,False,MODERATE,0,True,10,17,5,True,True,False
INC-2023-0908,2023-01-12T20:15:29,Hambantota,WET,Flood,3,HIGH,515,12,Rescue Teams|Medical Kits,55,RESOLVED,CITIZEN,MOBILE_APP,SINHALA,RAIN,True,False,False,True,OFFICER-01,6,1,3,28,False,MODERATE,0,True,1,4,3,True,True,True
INC-2020-0909,2020-07-24T02:31:51,Monaragala,WET,Flood,3,HIGH,721,43,Rescue Teams|Medical Kits,62,RESOLVED,CITIZEN,MOBILE_APP,SINHALA,RAIN,False,False,False,True,OFFICER-01,1,1,3,38,False,MODERATE,0,True,7,3,4,False,True,False
INC-2025-0910,2025-02-03T14:54:59,Kurunegala,WET,Building Collapse,3,HIGH,288,3,Rescue Teams|Medical Kits,83,RESOLVED,CITIZEN,MOBILE_APP,TAMIL,RAIN,True,True,False,True,OFFICER-01,2,2,0,76,False,MODERATE,0,True,2,22,0,True,True,True
INC-2022-0911,2022-10-04T17:36:31,Mullaitivu,WET,Forest Fire,1,LOW,78,0,Rescue Teams|Medical Kits,113,RESOLVED,CITIZEN,MOBILE_APP,TAMIL,RAIN,False,False,False,True,OFFICER-01,2,2,1,81,False,MODERATE,0,True,10,21,1,True,False,False
INC-2025-0912,2025-11-06T09:02:37,Matara,WET,Forest Fire,4,CRITICAL,2129,99,Rescue Teams|Medical Kits,23,RESOLVED,CITIZEN,MOBILE_APP,ENGLISH,RAIN,False,True,False,True,OFFICER-01,0,4,4,57,False,MODERATE,0,True,11,15,3,True,False,True
INC-2023-0913,2023-04-02T23:40:40,Trincomalee,WET,High Winds/Cyclone,2,MEDIUM,188,0,Rescue Teams|Medical Kits,79,RESOLVED,CITIZEN,MOBILE_APP,TAMIL,RAIN,True,False,False,True,OFFICER-01,0,1,0,78,False,MODERATE,0,True,4,7,6,False,True,False
INC-2021-0914,2021-01-20T10:17:53,Kurunegala,WET,Drought,1,LOW,39,0,Rescue Teams|Medical Kits,111,RESOLVED,CITIZEN,MOBILE_APP,SINHALA,RAIN,True,False,False,True,OFFICER-01,9,0,0,17,False,MODERATE,0,True,1,13,2,True,False,False
INC-2023-0915,2023-03-09T14:30:20,Nuwara Eliya,WET,Drought,1,LOW,80,0,Rescue Teams|Medical Kits,63,RESOLVED,CITIZEN,MOBILE_APP,SINHALA,RAIN,False,False,False,True,OFFICER-01,10,0,1,92,False,MODERATE,0,True,3,4,3,False,False,False
INC-2025-0916,2025-02-01T03:43:05,Monaragala,WET,Forest Fire,1,LOW,65,0,Rescue Teams|Medical Kits,32,RESOLVED,CITIZEN,MOBILE_APP,ENGLISH,RAIN,True,False,False,True,OFFICER-01,5,5,0,66,False,MODERATE,0,True,2,10,5,False,False,False
INC-2023-0917,2023-07-13T00:41:38,Badulla,WET,Flood,4,CRITICAL,1184,55,Rescue Teams|Medical Kits,44,RESOLVED,CITIZEN,MOBILE_APP,TAMIL,RAIN,False,True,False,True,OFFICER-01,5,2,1,26,False,MODERATE,0,True,7,18,3,True,True,False
INC-2024-0918,2024-08-02T13:59:56,Gampaha,WET,Medical Emergency,1,LOW,7,0,Rescue Teams|Medical Kits,46,RESOLVED,CITIZEN,MOBILE_APP,TAMIL,RAIN,False,False,False,True,OFFICER-01,3,4,3,66,False,MODERATE,0,True,8,21,4,False,False,True
INC-2022-0919,2022-09-26T06:59:33,Hambantota,WET,Drought,1,LOW,70,0,Rescue Teams|Medical Kits,23,RESOLVED,CITIZEN,MOBILE_APP,ENGLISH,RAIN,False,True,False,True,OFFICER-01,1,1,0,81,False,MODERATE,0,True,9,0,0,False,True,False
INC-2021-0920,2021-03-15T17:23:28,Kandy,WET,Flood,2,MEDIUM,131,0,Rescue Teams|Medical Kits,90,RESOLVED,CITIZEN,MOBILE_APP,TAMIL,RAIN,False,False,False,True,OFFICER-01,3,1,4,10,False,MODERATE,0,True,3,5,0,False,False,False
INC-2023-0921,2023-08-17T06:44:39,Nuwara Eliya,WET,Landslide,3,HIGH,678,20,Rescue Teams|Medical Kits,40,RESOLVED,CITIZEN,MOBILE_APP,SINHALA,RAIN,True,True,False,True,OFFICER-01,6,1,4,31,False,MODERATE,0,True,8,5,3,False,False,False
INC-2022-0922,2022-07-30T16:49:36,Kurunegala,WET,Drought,2,MEDIUM,245,0,Rescue Teams|Medical Kits,40,RESOLVED,CITIZEN,MOBILE_APP,ENGLISH,RAIN,True,False,False,True,OFFICER-01,7,0,2,50,False,MODERATE,0,True,7,20,5,True,True,False
INC-2023-0923,2023-03-19T12:39:27,Hambantota,WET,Drought,2,MEDIUM,303,0,Rescue Teams|Medical Kits,79,RESOLVED,CITIZEN,MOBILE_APP,TAMIL,RAIN,False,False,False,True,OFFICER-01,6,1,3,2,False,MODERATE,0,True,3,13,6,False,True,True
INC-2023-0924,2023-03-31T00:41:07,Badulla,WET,Medical Emergency,1,LOW,37,0,Rescue Teams|Medical Kits,91,RESOLVED,CITIZEN,MOBILE_APP,TAMIL,RAIN,False,False,False,True,OFFICER-01,2,4,5,22,False,MODERATE,0,True,3,9,4,False,False,False
INC-2022-0925,2022-03-10T09:03:41,Ratnapura,WET,Landslide,3,HIGH,703,16,Rescue Teams|Medical Kits,63,RESOLVED,CITIZEN,MOBILE_APP,TAMIL,RAIN,False,True,False,True,OFFICER-01,9,3,0,42,False,MODERATE,0,True,3,22,3,True,True,False
INC-2021-0926,2021-02-28T13:50:08,Nuwara Eliya,WET,Flood,3,HIGH,494,36,Rescue Teams|Medical Kits,15,RESOLVED,CITIZEN,MOBILE_APP,SINHALA,RAIN,True,True,False,True,OFFICER-01,8,5,5,47,False,MODERATE,0,True,2,6,6,True,True,True
INC-2024-0927,2024-03-06T21:26:42,Polonnaruwa,WET,Medical Emergency,1,LOW,34,0,Rescue Teams|Medical Kits,110,RESOLVED,CITIZEN,MOBILE_APP,ENGLISH,RAIN,False,False,False,True,OFFICER-01,6,3,2,82,False,MODERATE,0,True,3,12,2,False,False,False
INC-2025-0928,2025-01-01T19:29:56,Kalutara,WET,Drought,1,LOW,45,0,Rescue Teams|Medical Kits,30,RESOLVED,CITIZEN,MOBILE_APP,ENGLISH,RAIN,False,False,False,True,OFFICER-01,9,1,1,97,False,MODERATE,0,True,1,1,2,False,False,False
INC-2023-0929,2023-09-17T12:43:56,Kegalle,WET,High Winds/Cyclone,2,MEDIUM,69,0,Rescue Teams|Medical Kits,59,RESOLVED,CITIZEN,MOBILE_APP,TAMIL,RAIN,False,True,False,True,OFFICER-01,7,5,5,47,False,MODERATE,0,True,9,23,6,True,False,True
INC-2025-0930,2025-12-03T19:28:46,Colombo,WET,Flood,4,CRITICAL,458,43,Rescue Teams|Medical Kits,109,RESOLVED,CITIZEN,MOBILE_APP,SINHALA,RAIN,True,False,False,True,OFFICER-01,3,3,0,46,False,MODERATE,0,True,12,13,2,True,True,False
INC-2025-0931,2025-05-14T07:14:38,Mannar,WET,Forest Fire,1,LOW,38,0,Rescue Teams|Medical Kits,100,RESOLVED,CITIZEN,MOBILE_APP,TAMIL,RAIN,False,False,False,True,OFFICER-01,2,2,4,58,False,MODERATE,0,True,5,22,2,False,True,False
INC-2025-0932,2025-10-16T23:59:53,Gampaha,WET,Flood,4,CRITICAL,1285,44,Rescue Teams|Medical Kits,99,RESOLVED,CITIZEN,MOBILE_APP,SINHALA,RAIN,True,False,False,True,OFFICER-01,0,0,0,82,False,MODERATE,0,True,10,18,3,True,True,False
INC-2026-0933,2026-01-19T21:26:51,Kilinochchi,WET,Flood,4,CRITICAL,1067,60,Rescue Teams|Medical Kits,25,RESOLVED,CITIZEN,MOBILE_APP,TAMIL,RAIN,False,False,False,True,OFFICER-01,3,3,1,54,False,MODERATE,0,True,1,18,0,True,True,True
INC-2022-0934,2022-02-24T15:26:45,Mannar,WET,Drought,1,LOW,34,0,Rescue Teams|Medical Kits,99,RESOLVED,CITIZEN,MOBILE_APP,ENGLISH,RAIN,True,False,False,True,OFFICER-01,9,2,5,52,False,MODERATE,0,True,2,17,3,False,False,False
INC-2026-0935,2026-03-10T17:40:16,Kalutara,WET,Flood,2,MEDIUM,236,0,Rescue Teams|Medical Kits,114,RESOLVED,CITIZEN,MOBILE_APP,ENGLISH,RAIN,True,True,False,True,OFFICER-01,2,2,5,26,False,MODERATE,0,True,3,18,1,True,False,False
INC-2023-0936,2023-05-21T10:48:37,Mannar,WET,Drought,2,MEDIUM,250,0,Rescue Teams|Medical Kits,119,RESOLVED,CITIZEN,MOBILE_APP,ENGLISH,RAIN,True,False,False,True,OFFICER-01,0,0,0,99,False,MODERATE,0,True,5,5,6,False,True,False
INC-2025-0937,2025-12-03T09:08:13,Badulla,WET,Drought,2,MEDIUM,493,0,Rescue Teams|Medical Kits,51,RESOLVED,CITIZEN,MOBILE_APP,TAMIL,RAIN,False,True,False,True,OFFICER-01,6,1,1,47,False,MODERATE,0,True,12,20,2,False,False,False
INC-2021-0938,2021-08-02T02:59:39,Nuwara Eliya,WET,Flood,3,HIGH,385,15,Rescue Teams|Medical Kits,79,RESOLVED,CITIZEN,MOBILE_APP,SINHALA,RAIN,True,False,False,True,OFFICER-01,7,4,1,23,False,MODERATE,0,True,8,5,0,True,False,False
INC-2021-0939,2021-09-16T07:14:09,Gampaha,WET,Forest Fire,1,LOW,55,0,Rescue Teams|Medical Kits,48,RESOLVED,CITIZEN,MOBILE_APP,ENGLISH,RAIN,True,False,False,True,OFFICER-01,7,5,4,13,False,MODERATE,0,True,9,6,3,False,False,False
INC-2025-0940,2025-05-31T07:55:55,Kalutara,WET,Flood,3,HIGH,767,66,Rescue Teams|Medical Kits,30,RESOLVED,CITIZEN,MOBILE_APP,ENGLISH,RAIN,False,True,False,True,OFFICER-01,1,2,0,74,False,MODERATE,0,True,5,12,5,True,False,False
INC-2021-0941,2021-12-30T10:28:30,Nuwara Eliya,WET,Drought,1,LOW,21,0,Rescue Teams|Medical Kits,16,RESOLVED,CITIZEN,MOBILE_APP,SINHALA,RAIN,False,False,False,True,OFFICER-01,4,0,5,74,False,MODERATE,0,True,12,3,3,False,False,False
INC-2020-0942,2020-05-10T01:15:33,Gampaha,WET,Drought,3,HIGH,492,38,Rescue Teams|Medical Kits,63,RESOLVED,CITIZEN,MOBILE_APP,TAMIL,RAIN,True,False,False,True,OFFICER-01,8,2,3,60,False,MODERATE,0,True,5,0,6,True,True,False
INC-2022-0943,2022-11-13T02:46:32,Anuradhapura,WET,Flood,4,CRITICAL,1676,36,Rescue Teams|Medical Kits,58,RESOLVED,CITIZEN,MOBILE_APP,ENGLISH,RAIN,True,True,False,True,OFFICER-01,3,2,5,51,False,MODERATE,0,True,11,4,6,True,False,True
INC-2023-0944,2023-03-21T18:12:39,Anuradhapura,WET,Building Collapse,4,CRITICAL,872,27,Rescue Teams|Medical Kits,118,RESOLVED,CITIZEN,MOBILE_APP,SINHALA,RAIN,True,False,False,True,OFFICER-01,0,3,5,51,False,MODERATE,0,True,3,10,1,True,True,False
INC-2026-0945,2026-03-03T04:20:11,Matara,WET,Flood,1,LOW,37,0,Rescue Teams|Medical Kits,82,RESOLVED,CITIZEN,MOBILE_APP,ENGLISH,RAIN,False,True,False,True,OFFICER-01,3,2,3,79,False,MODERATE,0,True,3,3,1,False,False,False
INC-2025-0946,2025-11-01T21:39:14,Monaragala,WET,Landslide,3,HIGH,756,57,Rescue Teams|Medical Kits,99,RESOLVED,CITIZEN,MOBILE_APP,SINHALA,RAIN,True,False,False,True,OFFICER-01,0,5,2,2,False,MODERATE,0,True,11,0,5,True,False,False
INC-2025-0947,2025-05-23T01:51:39,Kandy,WET,Flood,3,HIGH,356,18,Rescue Teams|Medical Kits,56,RESOLVED,CITIZEN,MOBILE_APP,TAMIL,RAIN,False,True,False,True,OFFICER-01,7,1,4,62,False,MODERATE,0,True,5,5,4,True,False,False
INC-2023-0948,2023-05-28T06:28:45,Nuwara Eliya,WET,High Winds/Cyclone,3,HIGH,872,26,Rescue Teams|Medical Kits,69,RESOLVED,CITIZEN,MOBILE_APP,ENGLISH,RAIN,False,False,False,True,OFFICER-01,10,5,0,93,False,MODERATE,0,True,5,23,6,True,False,False
INC-2023-0949,2023-04-10T17:07:59,Kurunegala,WET,High Winds/Cyclone,2,MEDIUM,285,0,Rescue Teams|Medical Kits,33,RESOLVED,CITIZEN,MOBILE_APP,TAMIL,RAIN,False,False,False,True,OFFICER-01,9,5,4,4,False,MODERATE,0,True,4,22,0,True,False,False
INC-2021-0950,2021-02-01T06:02:01,Kegalle,WET,Flood,4,CRITICAL,1421,25,Rescue Teams|Medical Kits,85,RESOLVED,CITIZEN,MOBILE_APP,ENGLISH,RAIN,True,False,False,True,OFFICER-01,2,3,0,61,False,MODERATE,0,True,2,4,0,True,False,False
INC-2025-0951,2025-08-20T18:10:36,Puttalam,WET,Flood,3,HIGH,468,11,Rescue Teams|Medical Kits,111,RESOLVED,CITIZEN,MOBILE_APP,TAMIL,RAIN,False,False,False,True,OFFICER-01,1,0,3,91,False,MODERATE,0,True,8,20,2,True,True,False
INC-2020-0952,2020-03-31T18:56:02,Hambantota,WET,Medical Emergency,1,LOW,42,0,Rescue Teams|Medical Kits,64,RESOLVED,CITIZEN,MOBILE_APP,ENGLISH,RAIN,False,False,False,True,OFFICER-01,3,5,2,85,False,MODERATE,0,True,3,10,1,True,False,False
INC-2024-0953,2024-01-19T19:40:28,Kilinochchi,WET,Landslide,1,LOW,82,0,Rescue Teams|Medical Kits,83,RESOLVED,CITIZEN,MOBILE_APP,TAMIL,RAIN,False,False,False,True,OFFICER-01,7,0,5,42,False,MODERATE,0,True,1,4,4,False,True,False
INC-2021-0954,2021-11-26T08:12:03,Ampara,WET,Forest Fire,1,LOW,56,0,Rescue Teams|Medical Kits,23,RESOLVED,CITIZEN,MOBILE_APP,TAMIL,RAIN,False,False,False,True,OFFICER-01,5,3,5,95,False,MODERATE,0,True,11,19,4,False,False,False
INC-2026-0955,2026-04-05T16:19:22,Jaffna,WET,Drought,1,LOW,57,0,Rescue Teams|Medical Kits,115,RESOLVED,CITIZEN,MOBILE_APP,TAMIL,RAIN,False,False,False,True,OFFICER-01,6,1,1,33,False,MODERATE,0,True,4,20,6,False,False,False
INC-2020-0956,2020-12-25T10:28:08,Kurunegala,WET,Flood,1,LOW,85,0,Rescue Teams|Medical Kits,58,RESOLVED,CITIZEN,MOBILE_APP,TAMIL,RAIN,False,False,False,True,OFFICER-01,9,1,5,14,False,MODERATE,0,True,12,2,4,False,False,False
INC-2024-0957,2024-11-14T17:58:20,Anuradhapura,WET,Flood,2,MEDIUM,165,0,Rescue Teams|Medical Kits,63,RESOLVED,CITIZEN,MOBILE_APP,TAMIL,RAIN,True,False,False,True,OFFICER-01,0,2,0,75,False,MODERATE,0,True,11,10,3,False,True,False
INC-2024-0958,2024-07-22T01:27:27,Kandy,WET,Forest Fire,2,MEDIUM,277,0,Rescue Teams|Medical Kits,55,RESOLVED,CITIZEN,MOBILE_APP,ENGLISH,RAIN,True,False,False,True,OFFICER-01,10,1,4,84,False,MODERATE,0,True,7,13,0,False,False,True
INC-2025-0959,2025-02-12T03:51:44,Puttalam,WET,Flood,4,CRITICAL,1090,94,Rescue Teams|Medical Kits,83,RESOLVED,CITIZEN,MOBILE_APP,ENGLISH,RAIN,True,True,False,True,OFFICER-01,5,1,2,28,False,MODERATE,0,True,2,0,2,True,False,False
INC-2024-0960,2024-04-01T22:13:28,Kilinochchi,WET,Drought,1,LOW,0,0,Rescue Teams|Medical Kits,51,RESOLVED,CITIZEN,MOBILE_APP,SINHALA,RAIN,False,False,False,True,OFFICER-01,10,5,0,76,False,MODERATE,0,True,4,19,0,False,False,False
INC-2022-0961,2022-09-21T15:19:14,Hambantota,WET,Building Collapse,3,HIGH,238,7,Rescue Teams|Medical Kits,50,RESOLVED,CITIZEN,MOBILE_APP,TAMIL,RAIN,False,True,False,True,OFFICER-01,9,3,5,27,False,MODERATE,0,True,9,19,2,True,True,True
INC-2024-0962,2024-03-17T23:46:42,Hambantota,WET,Building Collapse,3,HIGH,545,20,Rescue Teams|Medical Kits,118,RESOLVED,CITIZEN,MOBILE_APP,ENGLISH,RAIN,True,False,False,True,OFFICER-01,2,5,1,93,False,MODERATE,0,True,3,18,6,False,False,False
INC-2021-0963,2021-11-30T06:33:52,Nuwara Eliya,WET,Flood,3,HIGH,380,37,Rescue Teams|Medical Kits,77,RESOLVED,CITIZEN,MOBILE_APP,TAMIL,RAIN,True,False,False,True,OFFICER-01,6,2,5,20,False,MODERATE,0,True,11,20,1,False,False,False
INC-2020-0964,2020-03-08T00:03:51,Puttalam,WET,Landslide,3,HIGH,586,27,Rescue Teams|Medical Kits,75,RESOLVED,CITIZEN,MOBILE_APP,ENGLISH,RAIN,False,True,False,True,OFFICER-01,6,3,0,67,False,MODERATE,0,True,3,21,6,False,True,True
INC-2026-0965,2026-03-07T22:45:02,Kurunegala,WET,Landslide,2,MEDIUM,284,0,Rescue Teams|Medical Kits,104,RESOLVED,CITIZEN,MOBILE_APP,TAMIL,RAIN,False,True,False,True,OFFICER-01,6,0,1,41,False,MODERATE,0,True,3,6,5,False,False,False
INC-2024-0966,2024-12-08T04:32:37,Gampaha,WET,Forest Fire,2,MEDIUM,202,0,Rescue Teams|Medical Kits,53,RESOLVED,CITIZEN,MOBILE_APP,ENGLISH,RAIN,False,False,False,True,OFFICER-01,10,1,4,17,False,MODERATE,0,True,12,22,6,True,True,True
INC-2023-0967,2023-10-04T21:14:22,Monaragala,WET,Flood,4,CRITICAL,667,7,Rescue Teams|Medical Kits,41,RESOLVED,CITIZEN,MOBILE_APP,SINHALA,RAIN,True,True,False,True,OFFICER-01,3,5,5,1,False,MODERATE,0,True,10,4,2,True,False,False
INC-2023-0968,2023-01-30T09:30:41,Nuwara Eliya,WET,Landslide,4,CRITICAL,328,30,Rescue Teams|Medical Kits,115,RESOLVED,CITIZEN,MOBILE_APP,SINHALA,RAIN,True,False,False,True,OFFICER-01,6,3,5,21,False,MODERATE,0,True,1,4,0,True,False,False
INC-2020-0969,2020-06-24T00:22:54,Gampaha,WET,Building Collapse,3,HIGH,221,14,Rescue Teams|Medical Kits,21,RESOLVED,CITIZEN,MOBILE_APP,SINHALA,RAIN,True,True,False,True,OFFICER-01,8,5,2,75,False,MODERATE,0,True,6,20,2,True,False,False
INC-2023-0970,2023-09-09T20:04:14,Matara,WET,High Winds/Cyclone,1,LOW,59,0,Rescue Teams|Medical Kits,46,RESOLVED,CITIZEN,MOBILE_APP,SINHALA,RAIN,False,False,False,True,OFFICER-01,1,1,3,62,False,MODERATE,0,True,9,12,5,False,False,False
INC-2022-0971,2022-07-29T10:10:23,Monaragala,WET,Building Collapse,3,HIGH,447,12,Rescue Teams|Medical Kits,110,RESOLVED,CITIZEN,MOBILE_APP,ENGLISH,RAIN,False,True,False,True,OFFICER-01,10,5,0,99,False,MODERATE,0,True,7,20,4,True,True,False
INC-2023-0972,2023-12-11T14:01:20,Mullaitivu,WET,High Winds/Cyclone,3,HIGH,775,34,Rescue Teams|Medical Kits,95,RESOLVED,CITIZEN,MOBILE_APP,TAMIL,RAIN,True,True,False,True,OFFICER-01,7,2,0,15,False,MODERATE,0,True,12,8,0,True,True,False
INC-2020-0973,2020-12-28T08:23:13,Kalutara,WET,Flood,2,MEDIUM,296,0,Rescue Teams|Medical Kits,100,RESOLVED,CITIZEN,MOBILE_APP,TAMIL,RAIN,False,True,False,True,OFFICER-01,3,0,4,73,False,MODERATE,0,True,12,20,0,False,False,False
INC-2024-0974,2024-11-14T02:25:46,Nuwara Eliya,WET,Landslide,2,MEDIUM,197,0,Rescue Teams|Medical Kits,27,RESOLVED,CITIZEN,MOBILE_APP,TAMIL,RAIN,True,True,False,True,OFFICER-01,2,3,3,82,False,MODERATE,0,True,11,23,3,False,True,True
INC-2025-0975,2025-12-23T07:52:02,Kegalle,WET,Drought,3,HIGH,737,26,Rescue Teams|Medical Kits,56,RESOLVED,CITIZEN,MOBILE_APP,SINHALA,RAIN,False,False,False,True,OFFICER-01,8,1,3,89,False,MODERATE,0,True,12,19,1,True,False,True
INC-2020-0976,2020-03-02T08:23:50,Polonnaruwa,WET,Drought,2,MEDIUM,138,0,Rescue Teams|Medical Kits,115,RESOLVED,CITIZEN,MOBILE_APP,TAMIL,RAIN,True,False,False,True,OFFICER-01,7,0,4,74,False,MODERATE,0,True,3,17,0,False,False,False
INC-2024-0977,2024-08-01T13:23:40,Mannar,WET,Medical Emergency,1,LOW,59,0,Rescue Teams|Medical Kits,30,RESOLVED,CITIZEN,MOBILE_APP,SINHALA,RAIN,False,True,False,True,OFFICER-01,10,0,1,76,False,MODERATE,0,True,8,20,3,False,False,False
INC-2025-0978,2025-11-29T23:03:15,Hambantota,WET,Flood,1,LOW,7,0,Rescue Teams|Medical Kits,117,RESOLVED,CITIZEN,MOBILE_APP,ENGLISH,RAIN,False,False,False,True,OFFICER-01,1,0,1,73,False,MODERATE,0,True,11,14,5,True,False,False
INC-2021-0979,2021-10-02T17:36:57,Mullaitivu,WET,Drought,1,LOW,48,0,Rescue Teams|Medical Kits,47,RESOLVED,CITIZEN,MOBILE_APP,SINHALA,RAIN,False,False,False,True,OFFICER-01,1,0,4,38,False,MODERATE,0,True,10,17,5,False,False,False
INC-2023-0980,2023-02-03T12:58:17,Jaffna,WET,Flood,3,HIGH,731,22,Rescue Teams|Medical Kits,15,RESOLVED,CITIZEN,MOBILE_APP,SINHALA,RAIN,False,False,False,True,OFFICER-01,4,0,4,100,False,MODERATE,0,True,2,4,4,True,True,False
INC-2022-0981,2022-06-30T13:15:11,Badulla,WET,Landslide,4,CRITICAL,1132,82,Rescue Teams|Medical Kits,77,RESOLVED,CITIZEN,MOBILE_APP,TAMIL,RAIN,True,True,False,True,OFFICER-01,5,4,2,77,False,MODERATE,0,True,6,18,3,False,True,False
INC-2024-0982,2024-07-30T03:48:29,Trincomalee,WET,Landslide,2,MEDIUM,363,0,Rescue Teams|Medical Kits,99,RESOLVED,CITIZEN,MOBILE_APP,SINHALA,RAIN,False,False,False,True,OFFICER-01,3,0,1,18,False,MODERATE,0,True,7,3,1,False,False,False
INC-2022-0983,2022-07-20T03:56:23,Vavuniya,WET,Flood,3,HIGH,457,7,Rescue Teams|Medical Kits,92,RESOLVED,CITIZEN,MOBILE_APP,TAMIL,RAIN,False,False,False,True,OFFICER-01,3,4,2,35,False,MODERATE,0,True,7,4,2,False,True,True
INC-2021-0984,2021-02-03T05:03:59,Jaffna,WET,High Winds/Cyclone,2,MEDIUM,161,0,Rescue Teams|Medical Kits,85,RESOLVED,CITIZEN,MOBILE_APP,ENGLISH,RAIN,False,False,False,True,OFFICER-01,4,3,5,20,False,MODERATE,0,True,2,2,2,False,False,False
INC-2023-0985,2023-05-27T22:35:20,Ratnapura,WET,Medical Emergency,4,CRITICAL,1266,30,Rescue Teams|Medical Kits,69,RESOLVED,CITIZEN,MOBILE_APP,TAMIL,RAIN,False,False,False,True,OFFICER-01,2,4,1,9,False,MODERATE,0,True,5,4,5,False,True,False
INC-2025-0986,2025-05-10T00:00:26,Nuwara Eliya,WET,Building Collapse,3,HIGH,323,20,Rescue Teams|Medical Kits,97,RESOLVED,CITIZEN,MOBILE_APP,SINHALA,RAIN,True,False,False,True,OFFICER-01,5,4,5,82,False,MODERATE,0,True,5,22,5,True,True,True
INC-2024-0987,2024-05-07T22:47:38,Polonnaruwa,WET,Landslide,3,HIGH,727,30,Rescue Teams|Medical Kits,55,RESOLVED,CITIZEN,MOBILE_APP,ENGLISH,RAIN,True,False,False,True,OFFICER-01,6,0,4,31,False,MODERATE,0,True,5,4,1,True,True,False
INC-2020-0988,2020-08-28T20:39:10,Kegalle,WET,Flood,2,MEDIUM,225,0,Rescue Teams|Medical Kits,102,RESOLVED,CITIZEN,MOBILE_APP,TAMIL,RAIN,True,False,False,True,OFFICER-01,6,0,2,81,False,MODERATE,0,True,8,3,4,True,True,False
INC-2020-0989,2020-10-03T10:23:38,Anuradhapura,WET,Medical Emergency,2,MEDIUM,275,0,Rescue Teams|Medical Kits,33,RESOLVED,CITIZEN,MOBILE_APP,SINHALA,RAIN,True,True,False,True,OFFICER-01,4,0,0,48,False,MODERATE,0,True,10,8,5,False,False,False
INC-2021-0990,2021-11-21T10:20:23,Kandy,WET,Flood,4,CRITICAL,954,77,Rescue Teams|Medical Kits,37,RESOLVED,CITIZEN,MOBILE_APP,TAMIL,RAIN,True,True,False,True,OFFICER-01,4,4,3,12,False,MODERATE,0,True,11,3,6,True,True,False
INC-2024-0991,2024-07-01T10:07:30,Anuradhapura,WET,High Winds/Cyclone,2,MEDIUM,183,0,Rescue Teams|Medical Kits,85,RESOLVED,CITIZEN,MOBILE_APP,ENGLISH,RAIN,True,False,False,True,OFFICER-01,9,0,0,21,False,MODERATE,0,True,7,9,0,False,True,False
INC-2022-0992,2022-09-14T23:31:45,Matale,WET,Drought,2,MEDIUM,450,0,Rescue Teams|Medical Kits,118,RESOLVED,CITIZEN,MOBILE_APP,TAMIL,RAIN,True,False,False,True,OFFICER-01,10,4,4,76,False,MODERATE,0,True,9,11,2,False,False,False
INC-2023-0993,2023-06-04T23:51:14,Nuwara Eliya,WET,Drought,2,MEDIUM,163,0,Rescue Teams|Medical Kits,16,RESOLVED,CITIZEN,MOBILE_APP,TAMIL,RAIN,False,False,False,True,OFFICER-01,8,5,1,84,False,MODERATE,0,True,6,8,6,False,False,False
INC-2021-0994,2021-01-27T14:42:28,Kalutara,WET,Drought,3,HIGH,265,14,Rescue Teams|Medical Kits,21,RESOLVED,CITIZEN,MOBILE_APP,TAMIL,RAIN,True,False,False,True,OFFICER-01,10,2,5,99,False,MODERATE,0,True,1,22,2,True,False,True
INC-2022-0995,2022-02-12T23:06:32,Monaragala,WET,Landslide,3,HIGH,615,55,Rescue Teams|Medical Kits,38,RESOLVED,CITIZEN,MOBILE_APP,ENGLISH,RAIN,False,False,False,True,OFFICER-01,5,3,4,36,False,MODERATE,0,True,2,1,5,True,True,False
INC-2022-0996,2022-05-06T22:51:04,Jaffna,WET,Landslide,4,CRITICAL,1619,103,Rescue Teams|Medical Kits,119,RESOLVED,CITIZEN,MOBILE_APP,SINHALA,RAIN,False,False,False,True,OFFICER-01,4,5,0,39,False,MODERATE,0,True,5,5,4,True,True,False
INC-2023-0997,2023-06-16T23:56:21,Trincomalee,WET,Forest Fire,3,HIGH,599,33,Rescue Teams|Medical Kits,25,RESOLVED,CITIZEN,MOBILE_APP,SINHALA,RAIN,True,True,False,True,OFFICER-01,3,0,1,73,False,MODERATE,0,True,6,4,4,True,True,False
INC-2020-0998,2020-06-27T08:54:48,Gampaha,WET,Flood,4,CRITICAL,986,77,Rescue Teams|Medical Kits,118,RESOLVED,CITIZEN,MOBILE_APP,SINHALA,RAIN,True,False,False,True,OFFICER-01,6,5,4,93,False,MODERATE,0,True,6,1,5,True,True,False
INC-2021-0999,2021-02-27T20:50:15,Nuwara Eliya,WET,Drought,1,LOW,30,0,Rescue Teams|Medical Kits,101,RESOLVED,CITIZEN,MOBILE_APP,TAMIL,RAIN,False,True,False,True,OFFICER-01,1,3,0,78,False,MODERATE,0,True,2,21,5,False,False,False
INC-2021-1000,2021-08-13T21:08:49,Jaffna,WET,Flood,2,MEDIUM,0,0,Rescue Teams|Medical Kits,104,RESOLVED,CITIZEN,MOBILE_APP,TAMIL,RAIN,True,True,False,True,OFFICER-01,5,1,5,84,False,MODERATE,0,True,8,13,4,False,False,True
INC-2024-1001,2024-06-28T18:50:29,Kilinochchi,WET,High Winds/Cyclone,1,LOW,83,0,Rescue Teams|Medical Kits,72,RESOLVED,CITIZEN,MOBILE_APP,SINHALA,RAIN,False,True,False,True,OFFICER-01,10,4,1,22,False,MODERATE,0,True,6,19,4,False,False,True
INC-2020-1002,2020-08-21T09:31:49,Ratnapura,WET,Flood,3,HIGH,251,8,Rescue Teams|Medical Kits,21,RESOLVED,CITIZEN,MOBILE_APP,ENGLISH,RAIN,True,False,False,True,OFFICER-01,7,3,1,47,False,MODERATE,0,True,8,23,4,False,True,True
INC-2020-1003,2020-12-17T19:18:08,Hambantota,WET,Landslide,4,CRITICAL,1114,91,Rescue Teams|Medical Kits,113,RESOLVED,CITIZEN,MOBILE_APP,SINHALA,RAIN,True,False,False,True,OFFICER-01,4,2,3,37,False,MODERATE,0,True,12,17,3,True,True,False
INC-2022-1004,2022-04-02T13:14:59,Kandy,WET,Flood,2,MEDIUM,297,0,Rescue Teams|Medical Kits,87,RESOLVED,CITIZEN,MOBILE_APP,ENGLISH,RAIN,True,False,False,True,OFFICER-01,3,2,5,65,False,MODERATE,0,True,4,20,5,False,False,True
INC-2020-1005,2020-04-20T01:47:13,Mannar,WET,Forest Fire,4,CRITICAL,1615,57,Rescue Teams|Medical Kits,22,RESOLVED,CITIZEN,MOBILE_APP,ENGLISH,RAIN,True,False,False,True,OFFICER-01,0,4,3,42,False,MODERATE,0,True,4,15,0,True,True,True
INC-2022-1006,2022-07-15T22:38:12,Anuradhapura,WET,Landslide,1,LOW,52,0,Rescue Teams|Medical Kits,107,RESOLVED,CITIZEN,MOBILE_APP,SINHALA,RAIN,False,False,False,True,OFFICER-01,6,2,0,12,False,MODERATE,0,True,7,11,4,False,False,False
INC-2023-1007,2023-08-31T11:03:38,Kegalle,WET,Flood,4,CRITICAL,1331,125,Rescue Teams|Medical Kits,34,RESOLVED,CITIZEN,MOBILE_APP,ENGLISH,RAIN,True,True,False,True,OFFICER-01,1,3,0,19,False,MODERATE,0,True,8,2,3,False,True,False
INC-2025-1008,2025-08-02T02:08:19,Kegalle,WET,Drought,1,LOW,78,0,Rescue Teams|Medical Kits,62,RESOLVED,CITIZEN,MOBILE_APP,ENGLISH,RAIN,False,False,False,True,OFFICER-01,5,3,1,68,False,MODERATE,0,True,8,12,5,False,False,False
INC-2022-1009,2022-04-17T06:00:37,Galle,WET,Building Collapse,1,LOW,39,0,Rescue Teams|Medical Kits,71,RESOLVED,CITIZEN,MOBILE_APP,SINHALA,RAIN,False,False,False,True,OFFICER-01,2,2,5,55,False,MODERATE,0,True,4,21,6,False,False,False
INC-2020-1010,2020-01-19T01:14:28,Anuradhapura,WET,Medical Emergency,1,LOW,56,0,Rescue Teams|Medical Kits,40,RESOLVED,CITIZEN,MOBILE_APP,SINHALA,RAIN,False,False,False,True,OFFICER-01,3,2,0,17,False,MODERATE,0,True,1,22,6,False,False,False
INC-2023-1011,2023-05-10T19:28:57,Ratnapura,WET,Flood,4,CRITICAL,1779,95,Rescue Teams|Medical Kits,35,RESOLVED,CITIZEN,MOBILE_APP,TAMIL,RAIN,True,True,False,True,OFFICER-01,3,3,5,34,False,MODERATE,0,True,5,18,2,False,True,True
INC-2021-1012,2021-01-04T01:47:47,Badulla,WET,Drought,1,LOW,78,0,Rescue Teams|Medical Kits,117,RESOLVED,CITIZEN,MOBILE_APP,TAMIL,RAIN,False,False,False,True,OFFICER-01,2,2,3,64,False,MODERATE,0,True,1,15,0,False,True,False
INC-2026-1013,2026-03-05T14:04:39,Mannar,WET,Forest Fire,3,HIGH,601,38,Rescue Teams|Medical Kits,31,RESOLVED,CITIZEN,MOBILE_APP,SINHALA,RAIN,True,False,False,True,OFFICER-01,1,0,1,19,False,MODERATE,0,True,3,12,3,False,False,True
INC-2022-1014,2022-12-05T03:29:16,Trincomalee,WET,Flood,1,LOW,5,0,Rescue Teams|Medical Kits,45,RESOLVED,CITIZEN,MOBILE_APP,SINHALA,RAIN,False,False,False,True,OFFICER-01,10,2,3,76,False,MODERATE,0,True,12,21,0,False,False,False
INC-2026-1015,2026-04-10T02:52:57,Colombo,WET,Landslide,3,HIGH,336,14,Rescue Teams|Medical Kits,77,RESOLVED,CITIZEN,MOBILE_APP,SINHALA,RAIN,False,False,False,True,OFFICER-01,6,1,4,19,False,MODERATE,0,True,4,9,4,True,False,False
INC-2026-1016,2026-03-15T16:42:53,Kurunegala,WET,Flood,3,HIGH,604,28,Rescue Teams|Medical Kits,48,RESOLVED,CITIZEN,MOBILE_APP,TAMIL,RAIN,True,False,False,True,OFFICER-01,3,5,3,25,False,MODERATE,0,True,3,19,6,True,False,True
INC-2024-1017,2024-01-12T08:00:36,Mannar,WET,Forest Fire,1,LOW,87,0,Rescue Teams|Medical Kits,104,RESOLVED,CITIZEN,MOBILE_APP,TAMIL,RAIN,False,False,False,True,OFFICER-01,8,4,1,24,False,MODERATE,0,True,1,3,4,False,False,False
INC-2025-1018,2025-01-10T18:47:01,Mullaitivu,WET,High Winds/Cyclone,2,MEDIUM,150,0,Rescue Teams|Medical Kits,30,RESOLVED,CITIZEN,MOBILE_APP,SINHALA,RAIN,False,False,False,True,OFFICER-01,6,0,2,24,False,MODERATE,0,True,1,7,4,False,False,False
INC-2021-1019,2021-03-30T06:08:35,Badulla,WET,Flood,1,LOW,38,0,Rescue Teams|Medical Kits,26,RESOLVED,CITIZEN,MOBILE_APP,SINHALA,RAIN,False,False,False,True,OFFICER-01,6,3,4,39,False,MODERATE,0,True,3,6,1,False,False,False
INC-2025-1020,2025-12-15T07:37:43,Mullaitivu,WET,Building Collapse,1,LOW,27,0,Rescue Teams|Medical Kits,58,RESOLVED,CITIZEN,MOBILE_APP,ENGLISH,RAIN,False,True,False,True,OFFICER-01,7,0,4,54,False,MODERATE,0,True,12,7,0,False,True,False
INC-2025-1021,2025-06-23T10:39:45,Colombo,WET,Flood,4,CRITICAL,1062,22,Rescue Teams|Medical Kits,50,RESOLVED,CITIZEN,MOBILE_APP,ENGLISH,RAIN,True,False,False,True,OFFICER-01,6,1,2,6,False,MODERATE,0,True,6,11,0,True,True,False
INC-2021-1022,2021-07-18T16:23:01,Colombo,WET,Flood,3,HIGH,182,15,Rescue Teams|Medical Kits,56,RESOLVED,CITIZEN,MOBILE_APP,SINHALA,RAIN,True,True,False,True,OFFICER-01,4,3,2,77,False,MODERATE,0,True,7,5,6,True,False,False
INC-2020-1023,2020-11-09T01:20:12,Ratnapura,WET,Flood,4,CRITICAL,1380,45,Rescue Teams|Medical Kits,61,RESOLVED,CITIZEN,MOBILE_APP,ENGLISH,RAIN,True,False,False,True,OFFICER-01,4,0,0,85,False,MODERATE,0,True,11,1,0,True,True,False
INC-2020-1024,2020-02-12T10:40:52,Kilinochchi,WET,Drought,2,MEDIUM,173,0,Rescue Teams|Medical Kits,57,RESOLVED,CITIZEN,MOBILE_APP,ENGLISH,RAIN,True,False,False,True,OFFICER-01,5,5,4,67,False,MODERATE,0,True,2,4,2,True,False,True
INC-2025-1025,2025-02-21T18:43:47,Anuradhapura,WET,Drought,1,LOW,36,0,Rescue Teams|Medical Kits,41,RESOLVED,CITIZEN,MOBILE_APP,TAMIL,RAIN,False,False,False,True,OFFICER-01,6,0,0,16,False,MODERATE,0,True,2,8,4,False,False,False
INC-2025-1026,2025-05-09T23:17:37,Trincomalee,WET,Flood,3,HIGH,357,23,Rescue Teams|Medical Kits,98,RESOLVED,CITIZEN,MOBILE_APP,SINHALA,RAIN,True,False,False,True,OFFICER-01,3,5,3,12,False,MODERATE,0,True,5,18,4,False,True,True
INC-2020-1027,2020-08-20T15:25:39,Jaffna,WET,High Winds/Cyclone,3,HIGH,474,45,Rescue Teams|Medical Kits,107,RESOLVED,CITIZEN,MOBILE_APP,ENGLISH,RAIN,True,False,False,True,OFFICER-01,3,4,5,19,False,MODERATE,0,True,8,22,3,True,True,False
INC-2020-1028,2020-05-16T02:47:34,Gampaha,WET,Landslide,4,CRITICAL,1239,121,Rescue Teams|Medical Kits,47,RESOLVED,CITIZEN,MOBILE_APP,TAMIL,RAIN,True,False,False,True,OFFICER-01,5,2,3,80,False,MODERATE,0,True,5,5,5,True,True,False
INC-2026-1029,2026-02-06T15:41:39,Gampaha,WET,Landslide,3,HIGH,590,8,Rescue Teams|Medical Kits,68,RESOLVED,CITIZEN,MOBILE_APP,TAMIL,RAIN,True,False,False,True,OFFICER-01,8,0,1,76,False,MODERATE,0,True,2,15,4,True,True,True
INC-2022-1030,2022-05-01T18:00:15,Mannar,WET,Building Collapse,2,MEDIUM,76,0,Rescue Teams|Medical Kits,20,RESOLVED,CITIZEN,MOBILE_APP,TAMIL,RAIN,False,False,False,True,OFFICER-01,0,5,1,94,False,MODERATE,0,True,5,9,6,True,False,True
INC-2023-1031,2023-05-19T23:17:16,Nuwara Eliya,WET,High Winds/Cyclone,2,MEDIUM,202,0,Rescue Teams|Medical Kits,24,RESOLVED,CITIZEN,MOBILE_APP,SINHALA,RAIN,True,False,False,True,OFFICER-01,7,4,3,71,False,MODERATE,0,True,5,16,4,True,False,True
INC-2023-1032,2023-04-27T10:55:05,Polonnaruwa,WET,High Winds/Cyclone,2,MEDIUM,251,0,Rescue Teams|Medical Kits,38,RESOLVED,CITIZEN,MOBILE_APP,SINHALA,RAIN,False,False,False,True,OFFICER-01,2,4,1,75,False,MODERATE,0,True,4,6,3,False,True,False
INC-2025-1033,2025-12-04T15:20:21,Colombo,WET,Medical Emergency,4,CRITICAL,1955,57,Rescue Teams|Medical Kits,73,RESOLVED,CITIZEN,MOBILE_APP,TAMIL,RAIN,True,True,False,True,OFFICER-01,8,2,2,28,False,MODERATE,0,True,12,2,3,True,True,True
INC-2022-1034,2022-07-09T18:28:40,Monaragala,WET,Landslide,4,CRITICAL,1134,38,Rescue Teams|Medical Kits,43,RESOLVED,CITIZEN,MOBILE_APP,SINHALA,RAIN,True,False,False,True,OFFICER-01,8,1,2,5,False,MODERATE,0,True,7,20,5,True,True,True
INC-2025-1035,2025-06-10T05:10:37,Gampaha,WET,Forest Fire,4,CRITICAL,1382,70,Rescue Teams|Medical Kits,49,RESOLVED,CITIZEN,MOBILE_APP,SINHALA,RAIN,False,True,False,True,OFFICER-01,10,1,1,68,False,MODERATE,0,True,6,20,1,True,True,False
INC-2020-1036,2020-12-26T23:22:11,Colombo,WET,Flood,4,CRITICAL,2039,120,Rescue Teams|Medical Kits,62,RESOLVED,CITIZEN,MOBILE_APP,ENGLISH,RAIN,True,False,False,True,OFFICER-01,1,5,4,33,False,MODERATE,0,True,12,3,5,False,True,True
INC-2026-1037,2026-02-21T10:09:25,Kalutara,WET,Forest Fire,3,HIGH,702,41,Rescue Teams|Medical Kits,56,RESOLVED,CITIZEN,MOBILE_APP,SINHALA,RAIN,False,False,False,True,OFFICER-01,10,0,2,28,False,MODERATE,0,True,2,22,5,True,False,False
INC-2026-1038,2026-03-19T12:17:19,Jaffna,WET,Flood,4,CRITICAL,940,85,Rescue Teams|Medical Kits,83,RESOLVED,CITIZEN,MOBILE_APP,TAMIL,RAIN,True,False,False,True,OFFICER-01,9,0,5,95,False,MODERATE,0,True,3,18,3,True,True,False
INC-2025-1039,2025-11-07T21:36:08,Kandy,WET,Landslide,4,CRITICAL,1641,103,Rescue Teams|Medical Kits,96,RESOLVED,CITIZEN,MOBILE_APP,TAMIL,RAIN,True,False,False,True,OFFICER-01,8,1,3,28,False,MODERATE,0,True,11,4,4,True,True,False
INC-2022-1040,2022-10-04T10:48:14,Kegalle,WET,Drought,1,LOW,93,0,Rescue Teams|Medical Kits,118,RESOLVED,CITIZEN,MOBILE_APP,ENGLISH,RAIN,True,False,False,True,OFFICER-01,2,3,1,93,False,MODERATE,0,True,10,20,1,False,False,False
INC-2026-1041,2026-03-06T11:49:07,Badulla,WET,Drought,1,LOW,16,0,Rescue Teams|Medical Kits,26,RESOLVED,CITIZEN,MOBILE_APP,ENGLISH,RAIN,True,False,False,True,OFFICER-01,2,3,1,22,False,MODERATE,0,True,3,15,4,False,False,False
INC-2021-1042,2021-08-09T18:24:59,Anuradhapura,WET,Medical Emergency,3,HIGH,839,75,Rescue Teams|Medical Kits,97,RESOLVED,CITIZEN,MOBILE_APP,ENGLISH,RAIN,True,False,False,True,OFFICER-01,0,2,1,22,False,MODERATE,0,True,8,20,0,True,True,True
INC-2023-1043,2023-05-09T17:29:01,Monaragala,WET,Flood,4,CRITICAL,758,53,Rescue Teams|Medical Kits,24,RESOLVED,CITIZEN,MOBILE_APP,ENGLISH,RAIN,True,False,False,True,OFFICER-01,3,3,5,51,False,MODERATE,0,True,5,20,1,True,True,True
INC-2020-1044,2020-11-07T09:58:25,Nuwara Eliya,WET,Flood,4,CRITICAL,1528,128,Rescue Teams|Medical Kits,92,RESOLVED,CITIZEN,MOBILE_APP,SINHALA,RAIN,False,True,False,True,OFFICER-01,6,3,0,14,False,MODERATE,0,True,11,18,5,True,True,False
INC-2020-1045,2020-02-12T02:30:53,Matale,WET,Forest Fire,2,MEDIUM,492,0,Rescue Teams|Medical Kits,31,RESOLVED,CITIZEN,MOBILE_APP,SINHALA,RAIN,True,True,False,True,OFFICER-01,1,2,1,80,False,MODERATE,0,True,2,1,2,True,False,False
INC-2025-1046,2025-02-06T00:11:20,Colombo,WET,Building Collapse,3,HIGH,401,15,Rescue Teams|Medical Kits,84,RESOLVED,CITIZEN,MOBILE_APP,TAMIL,RAIN,True,False,False,True,OFFICER-01,5,5,0,25,False,MODERATE,0,True,2,19,3,True,True,False
INC-2021-1047,2021-03-08T13:44:55,Kegalle,WET,Drought,3,HIGH,848,24,Rescue Teams|Medical Kits,119,RESOLVED,CITIZEN,MOBILE_APP,SINHALA,RAIN,True,False,False,True,OFFICER-01,4,2,3,19,False,MODERATE,0,True,3,14,0,True,True,True
INC-2022-1048,2022-01-27T11:42:23,Gampaha,WET,Drought,1,LOW,86,0,Rescue Teams|Medical Kits,95,RESOLVED,CITIZEN,MOBILE_APP,TAMIL,RAIN,False,False,False,True,OFFICER-01,1,0,0,13,False,MODERATE,0,True,1,8,3,False,False,False
INC-2024-1049,2024-08-19T03:27:30,Kurunegala,WET,Flood,2,MEDIUM,236,0,Rescue Teams|Medical Kits,33,RESOLVED,CITIZEN,MOBILE_APP,SINHALA,RAIN,True,False,False,True,OFFICER-01,3,0,1,54,False,MODERATE,0,True,8,13,0,False,True,False
INC-2023-1050,2023-04-12T08:14:37,Matara,WET,Drought,2,MEDIUM,108,0,Rescue Teams|Medical Kits,43,RESOLVED,CITIZEN,MOBILE_APP,TAMIL,RAIN,True,False,False,True,OFFICER-01,6,5,5,14,False,MODERATE,0,True,4,9,2,False,True,False
INC-2024-1051,2024-03-08T00:48:01,Kalutara,WET,Flood,3,HIGH,304,13,Rescue Teams|Medical Kits,51,RESOLVED,CITIZEN,MOBILE_APP,ENGLISH,RAIN,True,True,False,True,OFFICER-01,1,4,2,15,False,MODERATE,0,True,3,19,4,True,True,False
INC-2023-1052,2023-01-25T00:20:38,Mannar,WET,Medical Emergency,3,HIGH,934,12,Rescue Teams|Medical Kits,92,RESOLVED,CITIZEN,MOBILE_APP,SINHALA,RAIN,True,False,False,True,OFFICER-01,2,3,4,42,False,MODERATE,0,True,1,1,2,False,False,False
INC-2025-1053,2025-02-05T22:16:22,Kalutara,WET,Landslide,4,CRITICAL,1215,49,Rescue Teams|Medical Kits,102,RESOLVED,CITIZEN,MOBILE_APP,ENGLISH,RAIN,True,False,False,True,OFFICER-01,9,2,2,13,False,MODERATE,0,True,2,4,2,True,True,False
INC-2022-1054,2022-04-22T06:10:47,Nuwara Eliya,WET,High Winds/Cyclone,2,MEDIUM,309,0,Rescue Teams|Medical Kits,118,RESOLVED,CITIZEN,MOBILE_APP,TAMIL,RAIN,True,False,False,True,OFFICER-01,1,0,1,99,False,MODERATE,0,True,4,8,4,False,False,False
INC-2025-1055,2025-07-30T16:01:40,Gampaha,WET,Flood,4,CRITICAL,1402,122,Rescue Teams|Medical Kits,107,RESOLVED,CITIZEN,MOBILE_APP,ENGLISH,RAIN,True,False,False,True,OFFICER-01,1,0,4,54,False,MODERATE,0,True,7,1,2,True,True,True
INC-2026-1056,2026-03-07T19:15:20,Kegalle,WET,Landslide,1,LOW,47,0,Rescue Teams|Medical Kits,31,RESOLVED,CITIZEN,MOBILE_APP,SINHALA,RAIN,True,True,False,True,OFFICER-01,6,2,2,63,False,MODERATE,0,True,3,10,5,False,False,False
INC-2023-1057,2023-08-09T19:12:35,Nuwara Eliya,WET,High Winds/Cyclone,2,MEDIUM,325,0,Rescue Teams|Medical Kits,92,RESOLVED,CITIZEN,MOBILE_APP,TAMIL,RAIN,True,True,False,True,OFFICER-01,5,1,5,31,False,MODERATE,0,True,8,13,2,False,False,False
INC-2023-1058,2023-04-05T12:21:37,Ratnapura,WET,Landslide,4,CRITICAL,1264,25,Rescue Teams|Medical Kits,78,RESOLVED,CITIZEN,MOBILE_APP,TAMIL,RAIN,True,False,False,True,OFFICER-01,8,1,3,10,False,MODERATE,0,True,4,2,2,False,False,False
INC-2024-1059,2024-12-09T23:48:39,Monaragala,WET,Landslide,4,CRITICAL,1672,101,Rescue Teams|Medical Kits,118,RESOLVED,CITIZEN,MOBILE_APP,TAMIL,RAIN,True,True,False,True,OFFICER-01,3,5,0,30,False,MODERATE,0,True,12,5,0,True,True,True
INC-2023-1060,2023-01-28T19:00:37,Colombo,WET,Building Collapse,4,CRITICAL,1361,45,Rescue Teams|Medical Kits,61,RESOLVED,CITIZEN,MOBILE_APP,TAMIL,RAIN,True,True,False,True,OFFICER-01,7,1,0,7,False,MODERATE,0,True,1,0,5,True,True,False
INC-2022-1061,2022-12-21T09:14:25,Anuradhapura,WET,Forest Fire,2,MEDIUM,200,0,Rescue Teams|Medical Kits,52,RESOLVED,CITIZEN,MOBILE_APP,ENGLISH,RAIN,False,False,False,True,OFFICER-01,2,4,3,31,False,MODERATE,0,True,12,4,2,False,False,False
INC-2021-1062,2021-10-16T17:43:01,Ampara,WET,Flood,3,HIGH,291,4,Rescue Teams|Medical Kits,30,RESOLVED,CITIZEN,MOBILE_APP,TAMIL,RAIN,True,True,False,True,OFFICER-01,2,3,5,3,False,MODERATE,0,True,10,20,5,True,True,False
INC-2025-1063,2025-12-02T18:39:29,Jaffna,WET,Flood,4,CRITICAL,913,60,Rescue Teams|Medical Kits,28,RESOLVED,CITIZEN,MOBILE_APP,TAMIL,RAIN,True,False,False,True,OFFICER-01,9,0,3,76,False,MODERATE,0,True,12,5,1,False,True,False
INC-2021-1064,2021-05-06T10:14:55,Colombo,WET,Flood,4,CRITICAL,1523,106,Rescue Teams|Medical Kits,46,RESOLVED,CITIZEN,MOBILE_APP,SINHALA,RAIN,True,True,False,True,OFFICER-01,0,4,3,19,False,MODERATE,0,True,5,2,3,True,True,False
INC-2021-1065,2021-07-20T18:33:26,Nuwara Eliya,WET,High Winds/Cyclone,2,MEDIUM,233,0,Rescue Teams|Medical Kits,82,RESOLVED,CITIZEN,MOBILE_APP,TAMIL,RAIN,False,False,False,True,OFFICER-01,4,3,3,92,False,MODERATE,0,True,7,23,1,False,True,False
INC-2022-1066,2022-11-14T01:40:08,Kegalle,WET,High Winds/Cyclone,3,HIGH,481,12,Rescue Teams|Medical Kits,51,RESOLVED,CITIZEN,MOBILE_APP,SINHALA,RAIN,True,False,False,True,OFFICER-01,2,0,5,4,False,MODERATE,0,True,11,18,0,True,True,False
INC-2025-1067,2025-02-20T02:26:55,Nuwara Eliya,WET,Landslide,4,CRITICAL,1861,108,Rescue Teams|Medical Kits,65,RESOLVED,CITIZEN,MOBILE_APP,ENGLISH,RAIN,False,False,False,True,OFFICER-01,10,3,4,91,False,MODERATE,0,True,2,18,3,True,True,True
INC-2022-1068,2022-03-12T17:55:38,Kilinochchi,WET,Landslide,4,CRITICAL,1449,124,Rescue Teams|Medical Kits,44,RESOLVED,CITIZEN,MOBILE_APP,ENGLISH,RAIN,True,True,False,True,OFFICER-01,2,2,0,66,False,MODERATE,0,True,3,5,5,True,True,True
INC-2023-1069,2023-03-19T00:56:05,Matara,WET,Forest Fire,1,LOW,66,0,Rescue Teams|Medical Kits,94,RESOLVED,CITIZEN,MOBILE_APP,SINHALA,RAIN,True,False,False,True,OFFICER-01,3,3,1,95,False,MODERATE,0,True,3,12,6,False,True,False
INC-2024-1070,2024-10-03T16:00:16,Vavuniya,WET,Forest Fire,2,MEDIUM,230,0,Rescue Teams|Medical Kits,74,RESOLVED,CITIZEN,MOBILE_APP,ENGLISH,RAIN,True,False,False,True,OFFICER-01,5,5,5,51,False,MODERATE,0,True,10,22,3,True,False,False
INC-2023-1071,2023-03-28T01:54:15,Hambantota,WET,Flood,2,MEDIUM,315,0,Rescue Teams|Medical Kits,97,RESOLVED,CITIZEN,MOBILE_APP,ENGLISH,RAIN,True,False,False,True,OFFICER-01,3,2,0,13,False,MODERATE,0,True,3,11,1,False,True,False
INC-2020-1072,2020-08-29T17:49:41,Anuradhapura,WET,High Winds/Cyclone,2,MEDIUM,78,0,Rescue Teams|Medical Kits,18,RESOLVED,CITIZEN,MOBILE_APP,SINHALA,RAIN,True,False,False,True,OFFICER-01,4,1,4,13,False,MODERATE,0,True,8,10,5,False,True,False
INC-2020-1073,2020-07-21T22:33:00,Galle,WET,Flood,3,HIGH,828,46,Rescue Teams|Medical Kits,39,RESOLVED,CITIZEN,MOBILE_APP,TAMIL,RAIN,False,False,False,True,OFFICER-01,3,5,0,30,False,MODERATE,0,True,7,9,1,False,True,True
INC-2022-1074,2022-04-16T06:37:18,Kalutara,WET,Building Collapse,2,MEDIUM,116,0,Rescue Teams|Medical Kits,20,RESOLVED,CITIZEN,MOBILE_APP,TAMIL,RAIN,False,False,False,True,OFFICER-01,7,0,0,40,False,MODERATE,0,True,4,18,5,False,False,False
INC-2020-1075,2020-10-16T14:18:39,Kurunegala,WET,Flood,2,MEDIUM,449,0,Rescue Teams|Medical Kits,111,RESOLVED,CITIZEN,MOBILE_APP,ENGLISH,RAIN,True,False,False,True,OFFICER-01,6,4,1,40,False,MODERATE,0,True,10,11,4,False,True,False
INC-2023-1076,2023-04-28T16:19:36,Jaffna,WET,Drought,2,MEDIUM,172,0,Rescue Teams|Medical Kits,104,RESOLVED,CITIZEN,MOBILE_APP,TAMIL,RAIN,False,True,False,True,OFFICER-01,1,2,3,94,False,MODERATE,0,True,4,4,4,True,False,False
INC-2024-1077,2024-04-13T13:31:38,Galle,WET,Drought,2,MEDIUM,36,0,Rescue Teams|Medical Kits,18,RESOLVED,CITIZEN,MOBILE_APP,TAMIL,RAIN,True,False,False,True,OFFICER-01,6,3,4,4,False,MODERATE,0,True,4,4,5,False,True,False
INC-2022-1078,2022-06-20T08:52:09,Kalutara,WET,High Winds/Cyclone,3,HIGH,515,40,Rescue Teams|Medical Kits,95,RESOLVED,CITIZEN,MOBILE_APP,SINHALA,RAIN,True,True,False,True,OFFICER-01,3,1,5,83,False,MODERATE,0,True,6,2,0,True,True,False
INC-2021-1079,2021-03-13T15:28:42,Nuwara Eliya,WET,Flood,4,CRITICAL,1581,66,Rescue Teams|Medical Kits,81,RESOLVED,CITIZEN,MOBILE_APP,TAMIL,RAIN,True,False,False,True,OFFICER-01,9,5,4,98,False,MODERATE,0,True,3,2,5,True,True,False
INC-2022-1080,2022-11-26T17:46:08,Monaragala,WET,Forest Fire,1,LOW,86,0,Rescue Teams|Medical Kits,52,RESOLVED,CITIZEN,MOBILE_APP,ENGLISH,RAIN,False,False,False,True,OFFICER-01,9,3,0,91,False,MODERATE,0,True,11,10,5,False,False,False
INC-2025-1081,2025-10-22T14:44:12,Ratnapura,WET,Flood,3,HIGH,668,11,Rescue Teams|Medical Kits,92,RESOLVED,CITIZEN,MOBILE_APP,SINHALA,RAIN,False,False,False,True,OFFICER-01,2,4,5,63,False,MODERATE,0,True,10,19,2,True,True,False
INC-2020-1082,2020-10-29T15:07:14,Batticaloa,WET,Flood,4,CRITICAL,1800,142,Rescue Teams|Medical Kits,85,RESOLVED,CITIZEN,MOBILE_APP,SINHALA,RAIN,True,False,False,True,OFFICER-01,7,0,3,40,False,MODERATE,0,True,10,22,3,True,True,False
INC-2021-1083,2021-06-11T07:03:50,Mannar,WET,Flood,4,CRITICAL,865,81,Rescue Teams|Medical Kits,88,RESOLVED,CITIZEN,MOBILE_APP,ENGLISH,RAIN,True,False,False,True,OFFICER-01,5,0,0,22,False,MODERATE,0,True,6,22,4,True,False,True
INC-2026-1084,2026-01-16T22:16:46,Matale,WET,Drought,1,LOW,82,0,Rescue Teams|Medical Kits,47,RESOLVED,CITIZEN,MOBILE_APP,ENGLISH,RAIN,False,False,False,True,OFFICER-01,10,1,0,72,False,MODERATE,0,True,1,15,4,False,False,False
INC-2024-1085,2024-02-25T23:13:47,Gampaha,WET,Drought,2,MEDIUM,66,0,Rescue Teams|Medical Kits,66,RESOLVED,CITIZEN,MOBILE_APP,ENGLISH,RAIN,True,True,False,True,OFFICER-01,9,5,1,56,False,MODERATE,0,True,2,9,6,False,False,False
INC-2023-1086,2023-02-13T09:32:23,Kurunegala,WET,High Winds/Cyclone,3,HIGH,867,83,Rescue Teams|Medical Kits,62,RESOLVED,CITIZEN,MOBILE_APP,SINHALA,RAIN,False,True,False,True,OFFICER-01,10,3,4,57,False,MODERATE,0,True,2,23,0,True,True,False
INC-2022-1087,2022-03-27T13:50:00,Mullaitivu,WET,Building Collapse,3,HIGH,652,12,Rescue Teams|Medical Kits,94,RESOLVED,CITIZEN,MOBILE_APP,TAMIL,RAIN,True,False,False,True,OFFICER-01,0,5,1,89,False,MODERATE,0,True,3,18,6,True,False,False
INC-2024-1088,2024-10-08T08:18:33,Colombo,WET,Forest Fire,3,HIGH,591,49,Rescue Teams|Medical Kits,63,RESOLVED,CITIZEN,MOBILE_APP,SINHALA,RAIN,True,False,False,True,OFFICER-01,9,3,0,28,False,MODERATE,0,True,10,22,1,True,True,True
INC-2023-1089,2023-04-21T04:00:16,Vavuniya,WET,Landslide,4,CRITICAL,1293,98,Rescue Teams|Medical Kits,74,RESOLVED,CITIZEN,MOBILE_APP,ENGLISH,RAIN,False,True,False,True,OFFICER-01,10,4,3,13,False,MODERATE,0,True,4,23,4,True,True,False
INC-2020-1090,2020-09-23T15:23:34,Kalutara,WET,Flood,4,CRITICAL,912,63,Rescue Teams|Medical Kits,113,RESOLVED,CITIZEN,MOBILE_APP,ENGLISH,RAIN,True,False,False,True,OFFICER-01,3,3,2,8,False,MODERATE,0,True,9,0,2,True,True,False
INC-2022-1091,2022-09-12T18:28:26,Kandy,WET,High Winds/Cyclone,3,HIGH,696,62,Rescue Teams|Medical Kits,104,RESOLVED,CITIZEN,MOBILE_APP,TAMIL,RAIN,True,False,False,True,OFFICER-01,7,0,2,58,False,MODERATE,0,True,9,6,0,True,False,True
INC-2020-1092,2020-04-28T22:32:16,Batticaloa,WET,Flood,2,MEDIUM,112,0,Rescue Teams|Medical Kits,33,RESOLVED,CITIZEN,MOBILE_APP,TAMIL,RAIN,True,False,False,True,OFFICER-01,3,2,4,4,False,MODERATE,0,True,4,15,1,True,False,False
INC-2025-1093,2025-02-10T11:34:49,Matale,WET,Drought,1,LOW,85,0,Rescue Teams|Medical Kits,116,RESOLVED,CITIZEN,MOBILE_APP,ENGLISH,RAIN,False,False,False,True,OFFICER-01,7,1,0,27,False,MODERATE,0,True,2,11,0,False,False,False
INC-2020-1094,2020-03-12T06:44:03,Matale,WET,High Winds/Cyclone,2,MEDIUM,349,0,Rescue Teams|Medical Kits,47,RESOLVED,CITIZEN,MOBILE_APP,TAMIL,RAIN,False,False,False,True,OFFICER-01,2,0,1,8,False,MODERATE,0,True,3,8,3,False,False,True
INC-2022-1095,2022-04-30T23:51:38,Ratnapura,WET,Flood,3,HIGH,817,77,Rescue Teams|Medical Kits,72,RESOLVED,CITIZEN,MOBILE_APP,ENGLISH,RAIN,False,False,False,True,OFFICER-01,8,1,5,33,False,MODERATE,0,True,4,5,5,True,True,False
INC-2021-1096,2021-07-25T21:52:19,Gampaha,WET,Flood,2,MEDIUM,142,0,Rescue Teams|Medical Kits,58,RESOLVED,CITIZEN,MOBILE_APP,ENGLISH,RAIN,False,False,False,True,OFFICER-01,2,1,2,53,False,MODERATE,0,True,7,13,6,False,True,False
INC-2024-1097,2024-02-05T08:34:55,Kegalle,WET,Landslide,4,CRITICAL,608,18,Rescue Teams|Medical Kits,104,RESOLVED,CITIZEN,MOBILE_APP,ENGLISH,RAIN,True,False,False,True,OFFICER-01,5,5,4,49,False,MODERATE,0,True,2,20,0,True,True,False
INC-2020-1098,2020-01-31T20:32:49,Puttalam,WET,Forest Fire,4,CRITICAL,1303,25,Rescue Teams|Medical Kits,24,RESOLVED,CITIZEN,MOBILE_APP,TAMIL,RAIN,True,True,False,True,OFFICER-01,10,4,4,18,False,MODERATE,0,True,1,21,4,True,False,True
INC-2022-1099,2022-10-02T19:15:00,Kilinochchi,WET,Building Collapse,1,LOW,71,0,Rescue Teams|Medical Kits,110,RESOLVED,CITIZEN,MOBILE_APP,TAMIL,RAIN,False,True,False,True,OFFICER-01,5,0,1,58,False,MODERATE,0,True,10,23,6,False,True,False
INC-2021-1100,2021-04-03T05:23:48,Kegalle,WET,Flood,4,CRITICAL,1379,84,Rescue Teams|Medical Kits,67,RESOLVED,CITIZEN,MOBILE_APP,ENGLISH,RAIN,True,True,False,True,OFFICER-01,8,5,0,57,False,MODERATE,0,True,4,21,5,True,True,False
INC-2021-1101,2021-01-25T14:09:14,Mullaitivu,WET,Drought,2,MEDIUM,74,0,Rescue Teams|Medical Kits,27,RESOLVED,CITIZEN,MOBILE_APP,SINHALA,RAIN,False,False,False,True,OFFICER-01,3,5,1,53,False,MODERATE,0,True,1,18,0,False,False,False
INC-2025-1102,2025-12-03T18:47:02,Puttalam,WET,Flood,3,HIGH,293,26,Rescue Teams|Medical Kits,42,RESOLVED,CITIZEN,MOBILE_APP,ENGLISH,RAIN,True,False,False,True,OFFICER-01,3,1,5,73,False,MODERATE,0,True,12,0,2,True,True,False
INC-2020-1103,2020-02-14T15:34:50,Anuradhapura,WET,Medical Emergency,1,LOW,45,0,Rescue Teams|Medical Kits,53,RESOLVED,CITIZEN,MOBILE_APP,ENGLISH,RAIN,False,False,False,True,OFFICER-01,8,0,5,63,False,MODERATE,0,True,2,0,4,False,False,False
INC-2025-1104,2025-07-09T02:21:41,Monaragala,WET,Drought,2,MEDIUM,78,0,Rescue Teams|Medical Kits,60,RESOLVED,CITIZEN,MOBILE_APP,TAMIL,RAIN,False,True,False,True,OFFICER-01,6,4,2,14,False,MODERATE,0,True,7,11,2,False,False,False
INC-2021-1105,2021-06-30T05:37:39,Kegalle,WET,Landslide,3,HIGH,595,32,Rescue Teams|Medical Kits,91,RESOLVED,CITIZEN,MOBILE_APP,SINHALA,RAIN,True,True,False,True,OFFICER-01,8,3,3,36,False,MODERATE,0,True,6,2,2,True,False,False
INC-2025-1106,2025-08-11T07:45:30,Mannar,WET,Forest Fire,1,LOW,88,0,Rescue Teams|Medical Kits,51,RESOLVED,CITIZEN,MOBILE_APP,TAMIL,RAIN,False,False,False,True,OFFICER-01,9,0,0,13,False,MODERATE,0,True,8,20,0,False,False,False
INC-2020-1107,2020-10-05T11:53:21,Mullaitivu,WET,Flood,2,MEDIUM,144,0,Rescue Teams|Medical Kits,28,RESOLVED,CITIZEN,MOBILE_APP,ENGLISH,RAIN,True,True,False,True,OFFICER-01,9,4,0,81,False,MODERATE,0,True,10,13,0,False,True,False
INC-2023-1108,2023-10-11T18:44:47,Trincomalee,WET,Drought,2,MEDIUM,90,0,Rescue Teams|Medical Kits,100,RESOLVED,CITIZEN,MOBILE_APP,ENGLISH,RAIN,False,False,False,True,OFFICER-01,6,1,1,99,False,MODERATE,0,True,10,1,2,False,False,False
INC-2023-1109,2023-11-13T11:39:39,Puttalam,WET,Flood,3,HIGH,520,15,Rescue Teams|Medical Kits,30,RESOLVED,CITIZEN,MOBILE_APP,ENGLISH,RAIN,True,False,False,True,OFFICER-01,7,3,5,90,False,MODERATE,0,True,11,15,0,True,False,True
INC-2026-1110,2026-04-21T16:22:39,Polonnaruwa,WET,Flood,1,LOW,53,0,Rescue Teams|Medical Kits,115,RESOLVED,CITIZEN,MOBILE_APP,SINHALA,RAIN,False,False,False,True,OFFICER-01,8,2,2,84,False,MODERATE,0,True,4,11,1,False,False,False
INC-2022-1111,2022-04-01T18:28:49,Kurunegala,WET,Medical Emergency,1,LOW,42,0,Rescue Teams|Medical Kits,101,RESOLVED,CITIZEN,MOBILE_APP,SINHALA,RAIN,False,False,False,True,OFFICER-01,0,3,0,1,False,MODERATE,0,True,4,13,4,False,False,False
INC-2020-1112,2020-03-22T13:06:16,Matara,WET,High Winds/Cyclone,2,MEDIUM,337,0,Rescue Teams|Medical Kits,119,RESOLVED,CITIZEN,MOBILE_APP,TAMIL,RAIN,False,False,False,True,OFFICER-01,9,2,2,21,False,MODERATE,0,True,3,16,6,True,True,False
INC-2024-1113,2024-11-12T17:23:16,Badulla,WET,Landslide,2,MEDIUM,229,0,Rescue Teams|Medical Kits,39,RESOLVED,CITIZEN,MOBILE_APP,TAMIL,RAIN,True,False,False,True,OFFICER-01,10,3,0,73,False,MODERATE,0,True,11,12,1,False,False,False
INC-2023-1114,2023-08-26T04:11:51,Gampaha,WET,High Winds/Cyclone,3,HIGH,527,24,Rescue Teams|Medical Kits,37,RESOLVED,CITIZEN,MOBILE_APP,ENGLISH,RAIN,True,True,False,True,OFFICER-01,5,4,1,55,False,MODERATE,0,True,8,5,5,True,False,True
INC-2021-1115,2021-12-18T14:20:05,Gampaha,WET,Forest Fire,3,HIGH,866,68,Rescue Teams|Medical Kits,30,RESOLVED,CITIZEN,MOBILE_APP,TAMIL,RAIN,True,True,False,True,OFFICER-01,9,3,5,33,False,MODERATE,0,True,12,16,5,False,True,False
INC-2024-1116,2024-09-13T19:37:22,Hambantota,WET,Medical Emergency,2,MEDIUM,292,0,Rescue Teams|Medical Kits,26,RESOLVED,CITIZEN,MOBILE_APP,SINHALA,RAIN,True,False,False,True,OFFICER-01,0,3,0,80,False,MODERATE,0,True,9,6,4,False,False,False
INC-2025-1117,2025-01-17T06:46:27,Kalutara,WET,High Winds/Cyclone,3,HIGH,486,44,Rescue Teams|Medical Kits,25,RESOLVED,CITIZEN,MOBILE_APP,TAMIL,RAIN,True,False,False,True,OFFICER-01,6,0,5,93,False,MODERATE,0,True,1,17,4,True,True,False
INC-2021-1118,2021-02-09T14:21:55,Matale,WET,High Winds/Cyclone,3,HIGH,528,18,Rescue Teams|Medical Kits,38,RESOLVED,CITIZEN,MOBILE_APP,SINHALA,RAIN,True,False,False,True,OFFICER-01,10,1,2,24,False,MODERATE,0,True,2,11,1,True,False,False
INC-2024-1119,2024-07-21T11:36:04,Ampara,WET,Drought,4,CRITICAL,959,85,Rescue Teams|Medical Kits,113,RESOLVED,CITIZEN,MOBILE_APP,ENGLISH,RAIN,True,False,False,True,OFFICER-01,10,0,2,10,False,MODERATE,0,True,7,0,6,True,False,True
INC-2021-1120,2021-03-22T16:13:58,Polonnaruwa,WET,Landslide,4,CRITICAL,1255,16,Rescue Teams|Medical Kits,28,RESOLVED,CITIZEN,MOBILE_APP,SINHALA,RAIN,True,True,False,True,OFFICER-01,7,4,0,13,False,MODERATE,0,True,3,3,0,True,True,True
INC-2021-1121,2021-03-16T16:00:47,Kurunegala,WET,Landslide,2,MEDIUM,291,0,Rescue Teams|Medical Kits,26,RESOLVED,CITIZEN,MOBILE_APP,SINHALA,RAIN,False,False,False,True,OFFICER-01,7,2,1,50,False,MODERATE,0,True,3,5,1,True,False,False
INC-2020-1122,2020-11-08T18:37:38,Nuwara Eliya,WET,High Winds/Cyclone,2,MEDIUM,181,0,Rescue Teams|Medical Kits,24,RESOLVED,CITIZEN,MOBILE_APP,ENGLISH,RAIN,True,False,False,True,OFFICER-01,10,0,1,87,False,MODERATE,0,True,11,13,6,False,False,False
INC-2023-1123,2023-07-28T14:32:38,Polonnaruwa,WET,Forest Fire,2,MEDIUM,140,0,Rescue Teams|Medical Kits,72,RESOLVED,CITIZEN,MOBILE_APP,SINHALA,RAIN,False,False,False,True,OFFICER-01,2,2,0,22,False,MODERATE,0,True,7,20,4,False,False,False
INC-2025-1124,2025-08-11T12:17:29,Anuradhapura,WET,High Winds/Cyclone,3,HIGH,476,18,Rescue Teams|Medical Kits,30,RESOLVED,CITIZEN,MOBILE_APP,ENGLISH,RAIN,True,False,False,True,OFFICER-01,5,3,4,76,False,MODERATE,0,True,8,18,0,False,False,True
INC-2024-1125,2024-08-24T20:42:33,Colombo,WET,Drought,1,LOW,39,0,Rescue Teams|Medical Kits,47,RESOLVED,CITIZEN,MOBILE_APP,SINHALA,RAIN,False,False,False,True,OFFICER-01,3,4,0,68,False,MODERATE,0,True,8,23,5,False,False,False
INC-2020-1126,2020-03-12T13:51:02,Trincomalee,WET,Drought,1,LOW,32,0,Rescue Teams|Medical Kits,42,RESOLVED,CITIZEN,MOBILE_APP,ENGLISH,RAIN,False,True,False,True,OFFICER-01,1,1,0,41,False,MODERATE,0,True,3,4,3,False,False,False
INC-2021-1127,2021-03-06T12:09:24,Galle,WET,High Winds/Cyclone,3,HIGH,437,30,Rescue Teams|Medical Kits,49,RESOLVED,CITIZEN,MOBILE_APP,ENGLISH,RAIN,True,True,False,True,OFFICER-01,7,1,0,44,False,MODERATE,0,True,3,20,5,False,True,False
INC-2026-1128,2026-01-08T22:32:16,Batticaloa,WET,Forest Fire,1,LOW,75,0,Rescue Teams|Medical Kits,110,RESOLVED,CITIZEN,MOBILE_APP,ENGLISH,RAIN,False,False,False,True,OFFICER-01,6,4,3,24,False,MODERATE,0,True,1,14,3,False,False,False
INC-2022-1129,2022-02-16T00:17:49,Kalutara,WET,Landslide,4,CRITICAL,1693,96,Rescue Teams|Medical Kits,50,RESOLVED,CITIZEN,MOBILE_APP,ENGLISH,RAIN,True,True,False,True,OFFICER-01,1,4,4,39,False,MODERATE,0,True,2,5,2,True,True,False
INC-2021-1130,2021-05-29T15:59:29,Kandy,WET,Building Collapse,2,MEDIUM,199,0,Rescue Teams|Medical Kits,70,RESOLVED,CITIZEN,MOBILE_APP,ENGLISH,RAIN,False,False,False,True,OFFICER-01,6,4,5,34,False,MODERATE,0,True,5,15,5,False,True,True
INC-2022-1131,2022-09-17T07:37:29,Polonnaruwa,WET,Landslide,4,CRITICAL,1154,15,Rescue Teams|Medical Kits,40,RESOLVED,CITIZEN,MOBILE_APP,TAMIL,RAIN,True,False,False,True,OFFICER-01,5,2,5,8,False,MODERATE,0,True,9,0,5,True,False,False
INC-2023-1132,2023-10-28T05:56:43,Kalutara,WET,Flood,3,HIGH,616,13,Rescue Teams|Medical Kits,47,RESOLVED,CITIZEN,MOBILE_APP,TAMIL,RAIN,False,False,False,True,OFFICER-01,6,2,4,82,False,MODERATE,0,True,10,16,5,True,False,True
INC-2024-1133,2024-07-06T04:48:42,Kandy,WET,Flood,3,HIGH,571,30,Rescue Teams|Medical Kits,118,RESOLVED,CITIZEN,MOBILE_APP,ENGLISH,RAIN,False,False,False,True,OFFICER-01,6,1,2,31,False,MODERATE,0,True,7,20,5,False,True,False
INC-2020-1134,2020-08-13T16:27:21,Galle,WET,Landslide,3,HIGH,566,6,Rescue Teams|Medical Kits,114,RESOLVED,CITIZEN,MOBILE_APP,ENGLISH,RAIN,True,False,False,True,OFFICER-01,1,0,2,88,False,MODERATE,0,True,8,4,3,True,False,True
INC-2020-1135,2020-02-03T20:50:21,Nuwara Eliya,WET,Flood,3,HIGH,184,15,Rescue Teams|Medical Kits,116,RESOLVED,CITIZEN,MOBILE_APP,ENGLISH,RAIN,True,False,False,True,OFFICER-01,3,4,0,49,False,MODERATE,0,True,2,18,0,True,True,False
INC-2022-1136,2022-05-31T03:48:41,Polonnaruwa,WET,Drought,3,HIGH,552,12,Rescue Teams|Medical Kits,86,RESOLVED,CITIZEN,MOBILE_APP,ENGLISH,RAIN,True,False,False,True,OFFICER-01,9,5,0,73,False,MODERATE,0,True,5,19,1,True,True,False
INC-2025-1137,2025-06-30T21:23:32,Ratnapura,WET,High Winds/Cyclone,3,HIGH,548,48,Rescue Teams|Medical Kits,119,RESOLVED,CITIZEN,MOBILE_APP,ENGLISH,RAIN,True,False,False,True,OFFICER-01,3,1,0,63,False,MODERATE,0,True,6,10,0,False,False,True
INC-2024-1138,2024-03-29T06:06:40,Gampaha,WET,Building Collapse,2,MEDIUM,181,0,Rescue Teams|Medical Kits,30,RESOLVED,CITIZEN,MOBILE_APP,SINHALA,RAIN,False,False,False,True,OFFICER-01,7,1,4,41,False,MODERATE,0,True,3,13,4,False,False,False
INC-2025-1139,2025-01-10T16:54:43,Polonnaruwa,WET,Landslide,2,MEDIUM,405,0,Rescue Teams|Medical Kits,51,RESOLVED,CITIZEN,MOBILE_APP,SINHALA,RAIN,False,False,False,True,OFFICER-01,10,4,0,59,False,MODERATE,0,True,1,0,4,False,True,False
INC-2022-1140,2022-06-02T11:51:08,Gampaha,WET,Building Collapse,3,HIGH,312,11,Rescue Teams|Medical Kits,83,RESOLVED,CITIZEN,MOBILE_APP,TAMIL,RAIN,True,True,False,True,OFFICER-01,0,2,5,2,False,MODERATE,0,True,6,18,3,True,False,False
INC-2020-1141,2020-08-03T18:52:27,Nuwara Eliya,WET,Flood,1,LOW,2,0,Rescue Teams|Medical Kits,107,RESOLVED,CITIZEN,MOBILE_APP,ENGLISH,RAIN,False,False,False,True,OFFICER-01,4,2,2,51,False,MODERATE,0,True,8,13,0,False,False,False
INC-2020-1142,2020-09-04T19:52:27,Kurunegala,WET,Flood,4,CRITICAL,934,87,Rescue Teams|Medical Kits,21,RESOLVED,CITIZEN,MOBILE_APP,ENGLISH,RAIN,True,True,False,True,OFFICER-01,4,5,3,63,False,MODERATE,0,True,9,3,4,True,True,True
INC-2025-1143,2025-06-14T19:40:01,Galle,WET,Forest Fire,2,MEDIUM,163,0,Rescue Teams|Medical Kits,28,RESOLVED,CITIZEN,MOBILE_APP,SINHALA,RAIN,False,False,False,True,OFFICER-01,3,0,0,17,False,MODERATE,0,True,6,19,5,False,False,False
INC-2020-1144,2020-11-22T15:29:06,Puttalam,WET,Medical Emergency,1,LOW,65,0,Rescue Teams|Medical Kits,70,RESOLVED,CITIZEN,MOBILE_APP,SINHALA,RAIN,True,False,False,True,OFFICER-01,2,0,1,92,False,MODERATE,0,True,11,23,6,False,False,False
INC-2023-1145,2023-02-20T01:39:05,Batticaloa,WET,Building Collapse,2,MEDIUM,236,0,Rescue Teams|Medical Kits,21,RESOLVED,CITIZEN,MOBILE_APP,ENGLISH,RAIN,False,False,False,True,OFFICER-01,0,0,0,38,False,MODERATE,0,True,2,22,0,False,True,False
INC-2020-1146,2020-08-21T03:33:00,Kegalle,WET,Drought,2,MEDIUM,131,0,Rescue Teams|Medical Kits,116,RESOLVED,CITIZEN,MOBILE_APP,ENGLISH,RAIN,False,False,False,True,OFFICER-01,4,5,1,17,False,MODERATE,0,True,8,19,4,True,False,False
INC-2024-1147,2024-12-17T17:25:27,Monaragala,WET,Flood,2,MEDIUM,144,0,Rescue Teams|Medical Kits,33,RESOLVED,CITIZEN,MOBILE_APP,TAMIL,RAIN,False,False,False,True,OFFICER-01,6,5,3,85,False,MODERATE,0,True,12,10,1,False,False,False
INC-2021-1148,2021-01-15T04:48:54,Trincomalee,WET,Drought,2,MEDIUM,250,0,Rescue Teams|Medical Kits,76,RESOLVED,CITIZEN,MOBILE_APP,TAMIL,RAIN,True,False,False,True,OFFICER-01,7,2,2,98,False,MODERATE,0,True,1,18,4,False,False,False
INC-2026-1149,2026-03-20T17:12:47,Kegalle,WET,Flood,4,CRITICAL,1254,84,Rescue Teams|Medical Kits,106,RESOLVED,CITIZEN,MOBILE_APP,SINHALA,RAIN,True,True,False,True,OFFICER-01,5,4,1,84,False,MODERATE,0,True,3,22,4,False,False,False
INC-2025-1150,2025-07-03T13:49:42,Nuwara Eliya,WET,Flood,3,HIGH,534,12,Rescue Teams|Medical Kits,24,RESOLVED,CITIZEN,MOBILE_APP,ENGLISH,RAIN,True,True,False,True,OFFICER-01,0,1,0,85,False,MODERATE,0,True,7,19,3,False,True,True
INC-2021-1151,2021-11-02T12:13:43,Kegalle,WET,Landslide,3,HIGH,446,17,Rescue Teams|Medical Kits,28,RESOLVED,CITIZEN,MOBILE_APP,ENGLISH,RAIN,True,False,False,True,OFFICER-01,3,4,4,65,False,MODERATE,0,True,11,1,1,True,True,False
INC-2022-1152,2022-08-31T13:44:32,Trincomalee,WET,Landslide,3,HIGH,507,8,Rescue Teams|Medical Kits,98,RESOLVED,CITIZEN,MOBILE_APP,SINHALA,RAIN,True,False,False,True,OFFICER-01,8,0,1,28,False,MODERATE,0,True,8,1,2,True,False,True
INC-2023-1153,2023-02-03T19:14:45,Polonnaruwa,WET,Building Collapse,2,MEDIUM,161,0,Rescue Teams|Medical Kits,80,RESOLVED,CITIZEN,MOBILE_APP,SINHALA,RAIN,False,False,False,True,OFFICER-01,6,1,0,35,False,MODERATE,0,True,2,19,4,False,True,True
INC-2023-1154,2023-08-07T12:10:27,Hambantota,WET,High Winds/Cyclone,2,MEDIUM,73,0,Rescue Teams|Medical Kits,97,RESOLVED,CITIZEN,MOBILE_APP,SINHALA,RAIN,True,False,False,True,OFFICER-01,2,3,0,95,False,MODERATE,0,True,8,18,0,True,True,False
INC-2020-1155,2020-12-08T09:02:46,Ratnapura,WET,Flood,2,MEDIUM,203,0,Rescue Teams|Medical Kits,38,RESOLVED,CITIZEN,MOBILE_APP,ENGLISH,RAIN,True,False,False,True,OFFICER-01,0,3,5,67,False,MODERATE,0,True,12,14,1,False,False,False
INC-2023-1156,2023-11-07T07:21:11,Anuradhapura,WET,Landslide,2,MEDIUM,168,0,Rescue Teams|Medical Kits,25,RESOLVED,CITIZEN,MOBILE_APP,ENGLISH,RAIN,False,False,False,True,OFFICER-01,6,1,1,50,False,MODERATE,0,True,11,17,1,True,True,False
INC-2024-1157,2024-04-09T06:01:47,Kegalle,WET,Landslide,3,HIGH,738,60,Rescue Teams|Medical Kits,49,RESOLVED,CITIZEN,MOBILE_APP,ENGLISH,RAIN,True,True,False,True,OFFICER-01,1,0,5,48,False,MODERATE,0,True,4,1,1,True,True,True
INC-2026-1158,2026-03-24T05:59:45,Badulla,WET,Flood,2,MEDIUM,0,0,Rescue Teams|Medical Kits,66,RESOLVED,CITIZEN,MOBILE_APP,SINHALA,RAIN,False,True,False,True,OFFICER-01,9,2,4,77,False,MODERATE,0,True,3,6,1,False,False,False
INC-2024-1159,2024-03-13T14:41:37,Trincomalee,WET,Drought,2,MEDIUM,97,0,Rescue Teams|Medical Kits,21,RESOLVED,CITIZEN,MOBILE_APP,TAMIL,RAIN,False,False,False,True,OFFICER-01,3,0,1,14,False,MODERATE,0,True,3,21,2,True,False,False
INC-2020-1160,2020-06-14T02:14:20,Kilinochchi,WET,Drought,3,HIGH,676,66,Rescue Teams|Medical Kits,23,RESOLVED,CITIZEN,MOBILE_APP,TAMIL,RAIN,True,True,False,True,OFFICER-01,1,2,1,79,False,MODERATE,0,True,6,7,6,True,False,False
INC-2025-1161,2025-12-13T07:24:56,Mannar,WET,Drought,1,LOW,81,0,Rescue Teams|Medical Kits,27,RESOLVED,CITIZEN,MOBILE_APP,SINHALA,RAIN,False,False,False,True,OFFICER-01,4,3,1,21,False,MODERATE,0,True,12,12,5,False,False,False
INC-2021-1162,2021-09-24T11:41:16,Anuradhapura,WET,High Winds/Cyclone,2,MEDIUM,174,0,Rescue Teams|Medical Kits,91,RESOLVED,CITIZEN,MOBILE_APP,ENGLISH,RAIN,True,False,False,True,OFFICER-01,0,0,1,64,False,MODERATE,0,True,9,22,4,True,False,True
INC-2025-1163,2025-12-16T06:55:12,Vavuniya,WET,Drought,1,LOW,13,0,Rescue Teams|Medical Kits,103,RESOLVED,CITIZEN,MOBILE_APP,SINHALA,RAIN,False,False,False,True,OFFICER-01,2,2,5,8,False,MODERATE,0,True,12,9,1,False,False,False
INC-2021-1164,2021-06-01T17:59:09,Kalutara,WET,Forest Fire,3,HIGH,884,10,Rescue Teams|Medical Kits,16,RESOLVED,CITIZEN,MOBILE_APP,TAMIL,RAIN,True,False,False,True,OFFICER-01,7,3,2,2,False,MODERATE,0,True,6,20,1,False,True,False
INC-2021-1165,2021-07-05T12:28:52,Matale,WET,Forest Fire,4,CRITICAL,1052,102,Rescue Teams|Medical Kits,101,RESOLVED,CITIZEN,MOBILE_APP,SINHALA,RAIN,True,False,False,True,OFFICER-01,9,2,3,74,False,MODERATE,0,True,7,20,0,True,True,True
INC-2020-1166,2020-01-04T03:02:53,Nuwara Eliya,WET,Forest Fire,2,MEDIUM,280,0,Rescue Teams|Medical Kits,29,RESOLVED,CITIZEN,MOBILE_APP,SINHALA,RAIN,False,True,False,True,OFFICER-01,0,4,5,37,False,MODERATE,0,True,1,15,5,True,False,False
INC-2021-1167,2021-12-10T06:21:45,Trincomalee,WET,Drought,2,MEDIUM,354,0,Rescue Teams|Medical Kits,114,RESOLVED,CITIZEN,MOBILE_APP,SINHALA,RAIN,True,False,False,True,OFFICER-01,1,2,5,42,False,MODERATE,0,True,12,4,4,False,True,False
INC-2023-1168,2023-11-07T05:31:17,Kegalle,WET,Flood,4,CRITICAL,1702,94,Rescue Teams|Medical Kits,47,RESOLVED,CITIZEN,MOBILE_APP,TAMIL,RAIN,True,True,False,True,OFFICER-01,7,2,2,58,False,MODERATE,0,True,11,2,1,True,True,True
INC-2020-1169,2020-02-12T03:11:07,Ampara,WET,Landslide,3,HIGH,249,21,Rescue Teams|Medical Kits,81,RESOLVED,CITIZEN,MOBILE_APP,TAMIL,RAIN,True,False,False,True,OFFICER-01,9,3,0,34,False,MODERATE,0,True,2,10,2,True,True,False
INC-2025-1170,2025-10-31T15:46:23,Trincomalee,WET,Forest Fire,1,LOW,44,0,Rescue Teams|Medical Kits,33,RESOLVED,CITIZEN,MOBILE_APP,ENGLISH,RAIN,False,False,False,True,OFFICER-01,3,5,1,45,False,MODERATE,0,True,10,0,4,False,False,False
INC-2024-1171,2024-03-26T17:03:43,Colombo,WET,Drought,1,LOW,46,0,Rescue Teams|Medical Kits,104,RESOLVED,CITIZEN,MOBILE_APP,ENGLISH,RAIN,False,False,False,True,OFFICER-01,5,1,5,11,False,MODERATE,0,True,3,23,1,False,False,False
INC-2021-1172,2021-08-25T05:54:55,Polonnaruwa,WET,High Winds/Cyclone,1,LOW,83,0,Rescue Teams|Medical Kits,95,RESOLVED,CITIZEN,MOBILE_APP,TAMIL,RAIN,False,False,False,True,OFFICER-01,8,3,4,22,False,MODERATE,0,True,8,8,2,False,False,False
INC-2022-1173,2022-04-04T06:53:51,Kilinochchi,WET,Drought,1,LOW,56,0,Rescue Teams|Medical Kits,65,RESOLVED,CITIZEN,MOBILE_APP,TAMIL,RAIN,True,False,False,True,OFFICER-01,6,2,2,24,False,MODERATE,0,True,4,10,0,False,False,False
INC-2020-1174,2020-05-07T16:38:10,Ampara,WET,Drought,2,MEDIUM,328,0,Rescue Teams|Medical Kits,93,RESOLVED,CITIZEN,MOBILE_APP,SINHALA,RAIN,True,False,False,True,OFFICER-01,6,3,4,44,False,MODERATE,0,True,5,10,3,False,False,True
INC-2022-1175,2022-06-15T01:17:57,Gampaha,WET,Flood,3,HIGH,631,52,Rescue Teams|Medical Kits,33,RESOLVED,CITIZEN,MOBILE_APP,ENGLISH,RAIN,True,True,False,True,OFFICER-01,10,1,4,37,False,MODERATE,0,True,6,4,2,True,True,True
INC-2025-1176,2025-04-22T01:32:10,Kurunegala,WET,Flood,4,CRITICAL,1662,134,Rescue Teams|Medical Kits,51,RESOLVED,CITIZEN,MOBILE_APP,SINHALA,RAIN,True,True,False,True,OFFICER-01,4,0,3,5,False,MODERATE,0,True,4,1,1,True,True,False
INC-2021-1177,2021-11-06T04:56:56,Kurunegala,WET,Forest Fire,2,MEDIUM,111,0,Rescue Teams|Medical Kits,21,RESOLVED,CITIZEN,MOBILE_APP,ENGLISH,RAIN,True,False,False,True,OFFICER-01,4,0,3,45,False,MODERATE,0,True,11,3,5,False,False,False
INC-2025-1178,2025-08-13T08:03:19,Colombo,WET,Flood,1,LOW,58,0,Rescue Teams|Medical Kits,59,RESOLVED,CITIZEN,MOBILE_APP,ENGLISH,RAIN,False,False,False,True,OFFICER-01,8,5,4,19,False,MODERATE,0,True,8,4,2,False,False,False
INC-2020-1179,2020-09-24T04:52:59,Nuwara Eliya,WET,Flood,3,HIGH,342,21,Rescue Teams|Medical Kits,40,RESOLVED,CITIZEN,MOBILE_APP,ENGLISH,RAIN,True,False,False,True,OFFICER-01,9,0,2,28,False,MODERATE,0,True,9,5,3,True,True,False
INC-2020-1180,2020-04-09T20:17:06,Kegalle,WET,Flood,4,CRITICAL,1223,89,Rescue Teams|Medical Kits,96,RESOLVED,CITIZEN,MOBILE_APP,ENGLISH,RAIN,True,False,False,True,OFFICER-01,6,3,0,33,False,MODERATE,0,True,4,21,3,True,False,False
INC-2022-1181,2022-07-27T08:26:29,Vavuniya,WET,Drought,1,LOW,13,0,Rescue Teams|Medical Kits,70,RESOLVED,CITIZEN,MOBILE_APP,TAMIL,RAIN,False,False,False,True,OFFICER-01,5,4,1,87,False,MODERATE,0,True,7,18,2,False,False,False
INC-2021-1182,2021-09-11T20:17:43,Galle,WET,Landslide,4,CRITICAL,2078,91,Rescue Teams|Medical Kits,53,RESOLVED,CITIZEN,MOBILE_APP,ENGLISH,RAIN,True,False,False,True,OFFICER-01,1,2,4,80,False,MODERATE,0,True,9,21,5,True,True,True
INC-2023-1183,2023-12-03T18:09:46,Puttalam,WET,Landslide,3,HIGH,673,52,Rescue Teams|Medical Kits,27,RESOLVED,CITIZEN,MOBILE_APP,SINHALA,RAIN,True,False,False,True,OFFICER-01,8,3,5,40,False,MODERATE,0,True,12,0,6,True,True,False
INC-2024-1184,2024-04-14T07:10:54,Mannar,WET,High Winds/Cyclone,3,HIGH,592,22,Rescue Teams|Medical Kits,60,RESOLVED,CITIZEN,MOBILE_APP,ENGLISH,RAIN,True,False,False,True,OFFICER-01,7,3,3,59,False,MODERATE,0,True,4,1,6,True,True,True
INC-2020-1185,2020-03-26T23:26:37,Mannar,WET,Flood,3,HIGH,447,22,Rescue Teams|Medical Kits,26,RESOLVED,CITIZEN,MOBILE_APP,SINHALA,RAIN,True,False,False,True,OFFICER-01,9,2,1,74,False,MODERATE,0,True,3,0,3,True,False,False
INC-2024-1186,2024-05-10T08:54:24,Anuradhapura,WET,Flood,2,MEDIUM,160,0,Rescue Teams|Medical Kits,87,RESOLVED,CITIZEN,MOBILE_APP,ENGLISH,RAIN,True,False,False,True,OFFICER-01,0,3,1,51,False,MODERATE,0,True,5,17,4,False,True,False
INC-2025-1187,2025-09-12T20:43:45,Colombo,WET,Drought,1,LOW,20,0,Rescue Teams|Medical Kits,73,RESOLVED,CITIZEN,MOBILE_APP,SINHALA,RAIN,True,False,False,True,OFFICER-01,1,0,2,83,False,MODERATE,0,True,9,16,4,False,False,False
INC-2020-1188,2020-11-28T14:08:44,Hambantota,WET,Flood,4,CRITICAL,1919,43,Rescue Teams|Medical Kits,87,RESOLVED,CITIZEN,MOBILE_APP,ENGLISH,RAIN,True,False,False,True,OFFICER-01,5,0,0,94,False,MODERATE,0,True,11,9,5,True,True,False
INC-2024-1189,2024-12-21T08:14:21,Kilinochchi,WET,Drought,1,LOW,11,0,Rescue Teams|Medical Kits,21,RESOLVED,CITIZEN,MOBILE_APP,TAMIL,RAIN,False,False,False,True,OFFICER-01,3,4,1,71,False,MODERATE,0,True,12,22,5,False,False,False
INC-2026-1190,2026-04-19T10:01:24,Nuwara Eliya,WET,Flood,2,MEDIUM,353,0,Rescue Teams|Medical Kits,96,RESOLVED,CITIZEN,MOBILE_APP,SINHALA,RAIN,False,False,False,True,OFFICER-01,4,5,2,92,False,MODERATE,0,True,4,21,6,True,False,False
INC-2020-1191,2020-01-21T01:00:22,Ampara,WET,High Winds/Cyclone,3,HIGH,456,31,Rescue Teams|Medical Kits,29,RESOLVED,CITIZEN,MOBILE_APP,SINHALA,RAIN,True,True,False,True,OFFICER-01,0,1,4,15,False,MODERATE,0,True,1,6,1,False,False,True
INC-2024-1192,2024-06-03T00:46:46,Gampaha,WET,Flood,4,CRITICAL,830,65,Rescue Teams|Medical Kits,18,RESOLVED,CITIZEN,MOBILE_APP,TAMIL,RAIN,False,True,False,True,OFFICER-01,7,3,0,15,False,MODERATE,0,True,6,15,0,True,False,False
INC-2022-1193,2022-07-20T19:56:10,Polonnaruwa,WET,Drought,2,MEDIUM,203,0,Rescue Teams|Medical Kits,119,RESOLVED,CITIZEN,MOBILE_APP,SINHALA,RAIN,True,True,False,True,OFFICER-01,8,2,4,87,False,MODERATE,0,True,7,5,2,False,True,False
INC-2023-1194,2023-09-26T07:53:40,Ampara,WET,Landslide,4,CRITICAL,841,32,Rescue Teams|Medical Kits,33,RESOLVED,CITIZEN,MOBILE_APP,TAMIL,RAIN,False,True,False,True,OFFICER-01,0,1,1,95,False,MODERATE,0,True,9,0,1,False,False,False
INC-2025-1195,2025-08-04T16:10:15,Galle,WET,Drought,3,HIGH,248,22,Rescue Teams|Medical Kits,84,RESOLVED,CITIZEN,MOBILE_APP,SINHALA,RAIN,True,False,False,True,OFFICER-01,7,3,2,37,False,MODERATE,0,True,8,5,0,True,False,True
INC-2025-1196,2025-09-04T23:03:24,Gampaha,WET,Drought,3,HIGH,460,15,Rescue Teams|Medical Kits,100,RESOLVED,CITIZEN,MOBILE_APP,ENGLISH,RAIN,True,True,False,True,OFFICER-01,6,3,5,13,False,MODERATE,0,True,9,23,3,False,False,False
INC-2023-1197,2023-12-12T11:38:27,Badulla,WET,Forest Fire,2,MEDIUM,319,0,Rescue Teams|Medical Kits,18,RESOLVED,CITIZEN,MOBILE_APP,ENGLISH,RAIN,False,False,False,True,OFFICER-01,7,0,4,49,False,MODERATE,0,True,12,4,1,True,False,False
INC-2020-1198,2020-02-04T05:41:02,Anuradhapura,WET,Flood,3,HIGH,570,6,Rescue Teams|Medical Kits,99,RESOLVED,CITIZEN,MOBILE_APP,TAMIL,RAIN,True,False,False,True,OFFICER-01,7,0,2,17,False,MODERATE,0,True,2,20,1,False,False,False
INC-2023-1199,2023-12-24T17:40:57,Jaffna,WET,Drought,2,MEDIUM,343,0,Rescue Teams|Medical Kits,35,RESOLVED,CITIZEN,MOBILE_APP,ENGLISH,RAIN,False,False,False,True,OFFICER-01,8,4,1,44,False,MODERATE,0,True,12,0,6,True,False,False
INC-2026-1200,2026-01-03T03:55:27,Trincomalee,WET,Drought,1,LOW,58,0,Rescue Teams|Medical Kits,37,RESOLVED,CITIZEN,MOBILE_APP,TAMIL,RAIN,False,False,False,True,OFFICER-01,2,2,5,92,False,MODERATE,0,True,1,2,5,False,False,False
INC-2024-1201,2024-10-15T15:20:26,Puttalam,WET,Drought,2,MEDIUM,233,0,Rescue Teams|Medical Kits,50,RESOLVED,CITIZEN,MOBILE_APP,TAMIL,RAIN,False,False,False,True,OFFICER-01,4,3,0,82,False,MODERATE,0,True,10,4,1,False,True,False
INC-2024-1202,2024-02-11T22:36:59,Kandy,WET,Landslide,4,CRITICAL,202,12,Rescue Teams|Medical Kits,38,RESOLVED,CITIZEN,MOBILE_APP,TAMIL,RAIN,True,False,False,True,OFFICER-01,8,5,4,33,False,MODERATE,0,True,2,4,6,True,True,False
INC-2021-1203,2021-02-06T02:24:04,Mannar,WET,Drought,1,LOW,68,0,Rescue Teams|Medical Kits,59,RESOLVED,CITIZEN,MOBILE_APP,TAMIL,RAIN,True,False,False,True,OFFICER-01,9,3,0,5,False,MODERATE,0,True,2,18,5,False,False,False
INC-2020-1204,2020-04-01T17:18:28,Jaffna,WET,Flood,2,MEDIUM,250,0,Rescue Teams|Medical Kits,100,RESOLVED,CITIZEN,MOBILE_APP,SINHALA,RAIN,False,False,False,True,OFFICER-01,7,5,3,41,False,MODERATE,0,True,4,3,2,False,False,False
INC-2021-1205,2021-12-20T08:28:07,Matale,WET,High Winds/Cyclone,4,CRITICAL,572,23,Rescue Teams|Medical Kits,116,RESOLVED,CITIZEN,MOBILE_APP,SINHALA,RAIN,True,True,False,True,OFFICER-01,1,1,5,49,False,MODERATE,0,True,12,5,0,False,True,False
INC-2023-1206,2023-07-29T01:39:25,Kalutara,WET,Flood,2,MEDIUM,50,0,Rescue Teams|Medical Kits,29,RESOLVED,CITIZEN,MOBILE_APP,SINHALA,RAIN,True,False,False,True,OFFICER-01,1,3,2,77,False,MODERATE,0,True,7,8,5,False,False,False
INC-2025-1207,2025-05-15T08:41:46,Colombo,WET,Medical Emergency,1,LOW,0,0,Rescue Teams|Medical Kits,28,RESOLVED,CITIZEN,MOBILE_APP,TAMIL,RAIN,False,False,False,True,OFFICER-01,7,3,1,81,False,MODERATE,0,True,5,10,3,False,False,False
INC-2024-1208,2024-11-17T16:06:44,Kurunegala,WET,Flood,4,CRITICAL,246,10,Rescue Teams|Medical Kits,71,RESOLVED,CITIZEN,MOBILE_APP,TAMIL,RAIN,True,True,False,True,OFFICER-01,4,1,1,94,False,MODERATE,0,True,11,1,6,False,True,False
INC-2021-1209,2021-05-18T14:16:31,Ratnapura,WET,Landslide,4,CRITICAL,2054,147,Rescue Teams|Medical Kits,26,RESOLVED,CITIZEN,MOBILE_APP,TAMIL,RAIN,True,False,False,True,OFFICER-01,0,5,5,12,False,MODERATE,0,True,5,21,1,False,True,False
INC-2021-1210,2021-09-24T09:00:48,Gampaha,WET,Medical Emergency,1,LOW,58,0,Rescue Teams|Medical Kits,61,RESOLVED,CITIZEN,MOBILE_APP,ENGLISH,RAIN,False,False,False,True,OFFICER-01,9,4,0,43,False,MODERATE,0,True,9,0,4,False,False,False
INC-2021-1211,2021-07-29T17:17:39,Monaragala,WET,Building Collapse,3,HIGH,840,59,Rescue Teams|Medical Kits,97,RESOLVED,CITIZEN,MOBILE_APP,TAMIL,RAIN,True,False,False,True,OFFICER-01,7,1,1,73,False,MODERATE,0,True,7,23,3,True,False,True
INC-2024-1212,2024-01-11T20:04:58,Trincomalee,WET,Drought,2,MEDIUM,200,0,Rescue Teams|Medical Kits,86,RESOLVED,CITIZEN,MOBILE_APP,SINHALA,RAIN,True,True,False,True,OFFICER-01,1,3,3,80,False,MODERATE,0,True,1,19,3,False,True,False
INC-2023-1213,2023-03-14T13:24:27,Vavuniya,WET,Landslide,4,CRITICAL,1119,65,Rescue Teams|Medical Kits,115,RESOLVED,CITIZEN,MOBILE_APP,TAMIL,RAIN,True,False,False,True,OFFICER-01,4,0,0,63,False,MODERATE,0,True,3,20,1,False,True,True
INC-2021-1214,2021-12-17T08:48:24,Gampaha,WET,High Winds/Cyclone,1,LOW,91,0,Rescue Teams|Medical Kits,17,RESOLVED,CITIZEN,MOBILE_APP,SINHALA,RAIN,False,False,False,True,OFFICER-01,4,2,3,90,False,MODERATE,0,True,12,10,4,True,False,False
INC-2023-1215,2023-01-16T23:20:45,Kalutara,WET,Medical Emergency,1,LOW,38,0,Rescue Teams|Medical Kits,51,RESOLVED,CITIZEN,MOBILE_APP,SINHALA,RAIN,False,False,False,True,OFFICER-01,8,4,1,66,False,MODERATE,0,True,1,5,0,False,False,False
INC-2025-1216,2025-03-14T01:54:22,Trincomalee,WET,Drought,2,MEDIUM,69,0,Rescue Teams|Medical Kits,22,RESOLVED,CITIZEN,MOBILE_APP,TAMIL,RAIN,True,True,False,True,OFFICER-01,1,4,3,33,False,MODERATE,0,True,3,19,4,False,False,False
INC-2025-1217,2025-07-22T12:30:30,Colombo,WET,Flood,1,LOW,49,0,Rescue Teams|Medical Kits,48,RESOLVED,CITIZEN,MOBILE_APP,SINHALA,RAIN,False,False,False,True,OFFICER-01,5,0,1,26,False,MODERATE,0,True,7,13,1,False,False,False
INC-2024-1218,2024-08-26T17:47:20,Ampara,WET,Landslide,3,HIGH,491,19,Rescue Teams|Medical Kits,22,RESOLVED,CITIZEN,MOBILE_APP,SINHALA,RAIN,False,False,False,True,OFFICER-01,7,0,4,78,False,MODERATE,0,True,8,4,0,True,True,True
INC-2025-1219,2025-12-24T10:15:07,Ampara,WET,Forest Fire,3,HIGH,688,27,Rescue Teams|Medical Kits,24,RESOLVED,CITIZEN,MOBILE_APP,ENGLISH,RAIN,True,True,False,True,OFFICER-01,9,5,4,10,False,MODERATE,0,True,12,11,2,True,False,True
INC-2024-1220,2024-09-09T05:14:48,Nuwara Eliya,WET,Medical Emergency,1,LOW,27,0,Rescue Teams|Medical Kits,107,RESOLVED,CITIZEN,MOBILE_APP,SINHALA,RAIN,False,False,False,True,OFFICER-01,1,0,3,64,False,MODERATE,0,True,9,8,0,True,False,False
INC-2021-1221,2021-11-30T19:29:14,Mullaitivu,WET,Drought,1,LOW,106,0,Rescue Teams|Medical Kits,53,RESOLVED,CITIZEN,MOBILE_APP,SINHALA,RAIN,False,True,False,True,OFFICER-01,0,0,0,99,False,MODERATE,0,True,11,15,1,False,False,False
INC-2021-1222,2021-09-01T11:48:53,Puttalam,WET,Forest Fire,3,HIGH,429,13,Rescue Teams|Medical Kits,102,RESOLVED,CITIZEN,MOBILE_APP,TAMIL,RAIN,True,False,False,True,OFFICER-01,0,4,3,6,False,MODERATE,0,True,9,4,2,True,False,False
INC-2023-1223,2023-04-17T18:06:59,Trincomalee,WET,High Winds/Cyclone,3,HIGH,606,42,Rescue Teams|Medical Kits,104,RESOLVED,CITIZEN,MOBILE_APP,ENGLISH,RAIN,False,False,False,True,OFFICER-01,8,1,0,56,False,MODERATE,0,True,4,0,0,True,False,False
INC-2021-1224,2021-01-01T14:09:45,Vavuniya,WET,Building Collapse,1,LOW,0,0,Rescue Teams|Medical Kits,60,RESOLVED,CITIZEN,MOBILE_APP,SINHALA,RAIN,False,False,False,True,OFFICER-01,5,3,0,30,False,MODERATE,0,True,1,11,4,False,False,False
INC-2021-1225,2021-12-21T21:39:59,Kalutara,WET,High Winds/Cyclone,1,LOW,49,0,Rescue Teams|Medical Kits,67,RESOLVED,CITIZEN,MOBILE_APP,TAMIL,RAIN,False,False,False,True,OFFICER-01,8,4,0,1,False,MODERATE,0,True,12,7,1,False,False,False
INC-2026-1226,2026-02-14T10:10:49,Matara,WET,Flood,3,HIGH,806,61,Rescue Teams|Medical Kits,31,RESOLVED,CITIZEN,MOBILE_APP,ENGLISH,RAIN,False,False,False,True,OFFICER-01,2,2,0,40,False,MODERATE,0,True,2,18,5,True,True,True
INC-2022-1227,2022-12-22T09:05:45,Vavuniya,WET,High Winds/Cyclone,2,MEDIUM,169,0,Rescue Teams|Medical Kits,52,RESOLVED,CITIZEN,MOBILE_APP,SINHALA,RAIN,True,False,False,True,OFFICER-01,9,3,3,84,False,MODERATE,0,True,12,7,3,False,True,True
INC-2021-1228,2021-01-15T05:02:33,Monaragala,WET,Flood,3,HIGH,274,15,Rescue Teams|Medical Kits,41,RESOLVED,CITIZEN,MOBILE_APP,ENGLISH,RAIN,True,False,False,True,OFFICER-01,5,1,3,91,False,MODERATE,0,True,1,2,4,True,True,True
INC-2022-1229,2022-07-29T12:21:28,Anuradhapura,WET,High Winds/Cyclone,2,MEDIUM,75,0,Rescue Teams|Medical Kits,98,RESOLVED,CITIZEN,MOBILE_APP,SINHALA,RAIN,True,True,False,True,OFFICER-01,8,2,2,89,False,MODERATE,0,True,7,9,4,False,False,False
INC-2024-1230,2024-08-09T03:08:23,Kegalle,WET,Flood,4,CRITICAL,1379,125,Rescue Teams|Medical Kits,105,RESOLVED,CITIZEN,MOBILE_APP,TAMIL,RAIN,True,True,False,True,OFFICER-01,7,2,0,26,False,MODERATE,0,True,8,0,4,True,True,False
INC-2021-1231,2021-03-02T01:15:52,Trincomalee,WET,Landslide,2,MEDIUM,242,0,Rescue Teams|Medical Kits,85,RESOLVED,CITIZEN,MOBILE_APP,SINHALA,RAIN,False,True,False,True,OFFICER-01,1,2,5,100,False,MODERATE,0,True,3,23,1,False,True,False
INC-2021-1232,2021-03-17T01:23:49,Colombo,WET,Flood,4,CRITICAL,1013,31,Rescue Teams|Medical Kits,98,RESOLVED,CITIZEN,MOBILE_APP,ENGLISH,RAIN,True,False,False,True,OFFICER-01,1,0,3,4,False,MODERATE,0,True,3,14,2,True,False,True
INC-2022-1233,2022-04-19T18:55:21,Kegalle,WET,High Winds/Cyclone,1,LOW,29,0,Rescue Teams|Medical Kits,120,RESOLVED,CITIZEN,MOBILE_APP,SINHALA,RAIN,True,False,False,True,OFFICER-01,0,2,4,49,False,MODERATE,0,True,4,9,1,False,False,False
INC-2024-1234,2024-03-19T00:31:56,Colombo,WET,Flood,4,CRITICAL,1665,25,Rescue Teams|Medical Kits,20,RESOLVED,CITIZEN,MOBILE_APP,SINHALA,RAIN,True,False,False,True,OFFICER-01,3,3,1,84,False,MODERATE,0,True,3,14,1,True,True,False
INC-2023-1235,2023-09-01T08:01:29,Batticaloa,WET,Flood,1,LOW,62,0,Rescue Teams|Medical Kits,19,RESOLVED,CITIZEN,MOBILE_APP,TAMIL,RAIN,False,False,False,True,OFFICER-01,5,0,4,96,False,MODERATE,0,True,9,9,4,False,False,False
INC-2022-1236,2022-11-10T14:15:11,Kegalle,WET,Forest Fire,2,MEDIUM,128,0,Rescue Teams|Medical Kits,42,RESOLVED,CITIZEN,MOBILE_APP,SINHALA,RAIN,False,False,False,True,OFFICER-01,5,5,4,55,False,MODERATE,0,True,11,18,3,True,False,False
INC-2023-1237,2023-08-21T08:22:41,Jaffna,WET,Medical Emergency,2,MEDIUM,287,0,Rescue Teams|Medical Kits,118,RESOLVED,CITIZEN,MOBILE_APP,SINHALA,RAIN,False,False,False,True,OFFICER-01,8,3,5,86,False,MODERATE,0,True,8,1,0,True,True,False
INC-2022-1238,2022-06-11T23:28:28,Vavuniya,WET,Medical Emergency,3,HIGH,696,29,Rescue Teams|Medical Kits,69,RESOLVED,CITIZEN,MOBILE_APP,TAMIL,RAIN,True,False,False,True,OFFICER-01,9,4,2,20,False,MODERATE,0,True,6,1,5,True,False,False
INC-2023-1239,2023-03-30T15:07:12,Kegalle,WET,Building Collapse,4,CRITICAL,464,31,Rescue Teams|Medical Kits,31,RESOLVED,CITIZEN,MOBILE_APP,SINHALA,RAIN,True,False,False,True,OFFICER-01,4,5,2,10,False,MODERATE,0,True,3,21,3,True,True,False
INC-2022-1240,2022-02-15T12:19:35,Matale,WET,Drought,1,LOW,76,0,Rescue Teams|Medical Kits,88,RESOLVED,CITIZEN,MOBILE_APP,ENGLISH,RAIN,False,False,False,True,OFFICER-01,0,4,2,46,False,MODERATE,0,True,2,10,1,False,False,False
INC-2022-1241,2022-04-14T23:15:17,Kilinochchi,WET,Landslide,2,MEDIUM,209,0,Rescue Teams|Medical Kits,118,RESOLVED,CITIZEN,MOBILE_APP,TAMIL,RAIN,False,True,False,True,OFFICER-01,0,0,2,72,False,MODERATE,0,True,4,20,3,False,False,False
INC-2025-1242,2025-08-14T23:03:55,Puttalam,WET,Forest Fire,2,MEDIUM,380,0,Rescue Teams|Medical Kits,71,RESOLVED,CITIZEN,MOBILE_APP,ENGLISH,RAIN,True,False,False,True,OFFICER-01,0,3,0,59,False,MODERATE,0,True,8,5,3,False,True,False
INC-2020-1243,2020-04-24T23:12:00,Anuradhapura,WET,Drought,1,LOW,55,0,Rescue Teams|Medical Kits,42,RESOLVED,CITIZEN,MOBILE_APP,ENGLISH,RAIN,False,True,False,True,OFFICER-01,0,4,0,35,False,MODERATE,0,True,4,17,4,False,False,True
INC-2025-1244,2025-03-11T05:23:35,Puttalam,WET,Building Collapse,3,HIGH,707,46,Rescue Teams|Medical Kits,38,RESOLVED,CITIZEN,MOBILE_APP,ENGLISH,RAIN,True,False,False,True,OFFICER-01,4,2,3,16,False,MODERATE,0,True,3,1,1,True,True,True
INC-2021-1245,2021-12-07T13:35:00,Badulla,WET,Flood,3,HIGH,869,59,Rescue Teams|Medical Kits,98,RESOLVED,CITIZEN,MOBILE_APP,SINHALA,RAIN,False,False,False,True,OFFICER-01,3,0,5,4,False,MODERATE,0,True,12,3,1,True,False,False
INC-2021-1246,2021-07-26T11:05:07,Monaragala,WET,Forest Fire,3,HIGH,604,12,Rescue Teams|Medical Kits,55,RESOLVED,CITIZEN,MOBILE_APP,SINHALA,RAIN,True,False,False,True,OFFICER-01,8,5,1,7,False,MODERATE,0,True,7,18,0,True,False,True
INC-2026-1247,2026-01-29T00:40:36,Matale,WET,Building Collapse,4,CRITICAL,1089,90,Rescue Teams|Medical Kits,101,RESOLVED,CITIZEN,MOBILE_APP,ENGLISH,RAIN,True,True,False,True,OFFICER-01,8,5,0,76,False,MODERATE,0,True,1,18,3,True,True,True
INC-2021-1248,2021-12-30T04:15:59,Anuradhapura,WET,Landslide,1,LOW,29,0,Rescue Teams|Medical Kits,71,RESOLVED,CITIZEN,MOBILE_APP,SINHALA,RAIN,False,False,False,True,OFFICER-01,8,0,1,26,False,MODERATE,0,True,12,16,3,False,False,False
INC-2022-1249,2022-10-09T04:35:31,Anuradhapura,WET,Forest Fire,3,HIGH,753,12,Rescue Teams|Medical Kits,68,RESOLVED,CITIZEN,MOBILE_APP,SINHALA,RAIN,False,False,False,True,OFFICER-01,10,3,2,18,False,MODERATE,0,True,10,4,6,True,True,False
INC-2020-1250,2020-03-17T17:21:46,Hambantota,WET,High Winds/Cyclone,3,HIGH,494,32,Rescue Teams|Medical Kits,67,RESOLVED,CITIZEN,MOBILE_APP,TAMIL,RAIN,False,False,False,True,OFFICER-01,5,3,2,79,False,MODERATE,0,True,3,10,1,False,False,False
INC-2020-1251,2020-04-06T19:15:52,Hambantota,WET,Drought,1,LOW,90,0,Rescue Teams|Medical Kits,34,RESOLVED,CITIZEN,MOBILE_APP,TAMIL,RAIN,False,False,False,True,OFFICER-01,0,0,4,27,False,MODERATE,0,True,4,9,0,False,False,False
INC-2022-1252,2022-08-30T18:51:28,Trincomalee,WET,High Winds/Cyclone,2,MEDIUM,344,0,Rescue Teams|Medical Kits,80,RESOLVED,CITIZEN,MOBILE_APP,TAMIL,RAIN,True,True,False,True,OFFICER-01,5,1,3,74,False,MODERATE,0,True,8,23,1,False,False,False
INC-2020-1253,2020-04-11T06:47:48,Kilinochchi,WET,Forest Fire,1,LOW,111,0,Rescue Teams|Medical Kits,112,RESOLVED,CITIZEN,MOBILE_APP,TAMIL,RAIN,False,True,False,True,OFFICER-01,1,0,1,72,False,MODERATE,0,True,4,12,5,False,False,False
INC-2024-1254,2024-04-13T07:22:27,Ampara,WET,High Winds/Cyclone,2,MEDIUM,37,0,Rescue Teams|Medical Kits,68,RESOLVED,CITIZEN,MOBILE_APP,TAMIL,RAIN,False,False,False,True,OFFICER-01,1,4,0,77,False,MODERATE,0,True,4,23,5,True,True,False
INC-2024-1255,2024-01-07T11:24:52,Kilinochchi,WET,Drought,2,MEDIUM,63,0,Rescue Teams|Medical Kits,55,RESOLVED,CITIZEN,MOBILE_APP,ENGLISH,RAIN,True,False,False,True,OFFICER-01,3,4,2,31,False,MODERATE,0,True,1,14,6,False,False,True
INC-2022-1256,2022-10-18T04:29:34,Ratnapura,WET,High Winds/Cyclone,2,MEDIUM,146,0,Rescue Teams|Medical Kits,44,RESOLVED,CITIZEN,MOBILE_APP,ENGLISH,RAIN,False,False,False,True,OFFICER-01,5,5,0,88,False,MODERATE,0,True,10,11,1,False,False,False
INC-2022-1257,2022-01-18T21:43:40,Monaragala,WET,Forest Fire,1,LOW,72,0,Rescue Teams|Medical Kits,61,RESOLVED,CITIZEN,MOBILE_APP,SINHALA,RAIN,False,False,False,True,OFFICER-01,5,4,4,9,False,MODERATE,0,True,1,13,1,False,False,False
INC-2023-1258,2023-01-30T14:49:18,Badulla,WET,High Winds/Cyclone,3,HIGH,517,44,Rescue Teams|Medical Kits,115,RESOLVED,CITIZEN,MOBILE_APP,ENGLISH,RAIN,False,True,False,True,OFFICER-01,3,4,1,68,False,MODERATE,0,True,1,14,0,True,True,False
INC-2022-1259,2022-01-31T00:20:34,Matale,WET,Medical Emergency,1,LOW,81,0,Rescue Teams|Medical Kits,89,RESOLVED,CITIZEN,MOBILE_APP,TAMIL,RAIN,False,False,False,True,OFFICER-01,2,4,2,36,False,MODERATE,0,True,1,21,0,False,True,False
INC-2022-1260,2022-11-27T05:26:23,Hambantota,WET,Flood,3,HIGH,664,42,Rescue Teams|Medical Kits,79,RESOLVED,CITIZEN,MOBILE_APP,SINHALA,RAIN,True,False,False,True,OFFICER-01,9,3,5,98,False,MODERATE,0,True,11,0,6,False,True,True
INC-2021-1261,2021-09-07T11:43:15,Mullaitivu,WET,Forest Fire,4,CRITICAL,1046,81,Rescue Teams|Medical Kits,36,RESOLVED,CITIZEN,MOBILE_APP,SINHALA,RAIN,True,False,False,True,OFFICER-01,6,2,4,91,False,MODERATE,0,True,9,18,1,True,True,False
INC-2023-1262,2023-12-30T19:19:15,Jaffna,WET,Landslide,1,LOW,43,0,Rescue Teams|Medical Kits,70,RESOLVED,CITIZEN,MOBILE_APP,SINHALA,RAIN,False,False,False,True,OFFICER-01,2,0,1,65,False,MODERATE,0,True,12,1,5,False,True,False
INC-2024-1263,2024-07-02T12:11:24,Mannar,WET,Medical Emergency,3,HIGH,711,26,Rescue Teams|Medical Kits,31,RESOLVED,CITIZEN,MOBILE_APP,ENGLISH,RAIN,False,False,False,True,OFFICER-01,8,1,5,37,False,MODERATE,0,True,7,23,1,True,True,False
INC-2021-1264,2021-01-04T19:29:36,Puttalam,WET,Forest Fire,2,MEDIUM,184,0,Rescue Teams|Medical Kits,90,RESOLVED,CITIZEN,MOBILE_APP,TAMIL,RAIN,False,True,False,True,OFFICER-01,9,0,5,5,False,MODERATE,0,True,1,10,0,False,True,False
INC-2020-1265,2020-08-17T03:23:17,Nuwara Eliya,WET,Flood,4,CRITICAL,1221,66,Rescue Teams|Medical Kits,67,RESOLVED,CITIZEN,MOBILE_APP,TAMIL,RAIN,True,True,False,True,OFFICER-01,7,5,3,37,False,MODERATE,0,True,8,1,0,True,True,True
INC-2024-1266,2024-01-22T07:36:19,Mannar,WET,Landslide,1,LOW,75,0,Rescue Teams|Medical Kits,107,RESOLVED,CITIZEN,MOBILE_APP,TAMIL,RAIN,False,False,False,True,OFFICER-01,8,0,1,0,False,MODERATE,0,True,1,5,0,False,True,False
INC-2025-1267,2025-01-18T02:32:26,Polonnaruwa,WET,High Winds/Cyclone,3,HIGH,555,29,Rescue Teams|Medical Kits,63,RESOLVED,CITIZEN,MOBILE_APP,ENGLISH,RAIN,True,False,False,True,OFFICER-01,7,1,4,92,False,MODERATE,0,True,1,14,5,True,False,True
INC-2025-1268,2025-01-01T02:29:19,Matara,WET,High Winds/Cyclone,3,HIGH,574,27,Rescue Teams|Medical Kits,53,RESOLVED,CITIZEN,MOBILE_APP,ENGLISH,RAIN,True,False,False,True,OFFICER-01,5,0,4,66,False,MODERATE,0,True,1,7,2,True,True,True
INC-2024-1269,2024-06-19T17:16:35,Anuradhapura,WET,Forest Fire,3,HIGH,862,65,Rescue Teams|Medical Kits,51,RESOLVED,CITIZEN,MOBILE_APP,ENGLISH,RAIN,True,False,False,True,OFFICER-01,6,2,1,18,False,MODERATE,0,True,6,13,2,True,False,True
INC-2020-1270,2020-05-10T06:51:27,Batticaloa,WET,Drought,4,CRITICAL,820,10,Rescue Teams|Medical Kits,41,RESOLVED,CITIZEN,MOBILE_APP,ENGLISH,RAIN,True,True,False,True,OFFICER-01,8,2,4,78,False,MODERATE,0,True,5,5,6,True,False,True
INC-2022-1271,2022-09-03T16:55:54,Gampaha,WET,Flood,3,HIGH,868,53,Rescue Teams|Medical Kits,51,RESOLVED,CITIZEN,MOBILE_APP,ENGLISH,RAIN,False,False,False,True,OFFICER-01,7,3,1,21,False,MODERATE,0,True,9,19,5,False,True,True
INC-2022-1272,2022-06-15T06:32:23,Kegalle,WET,Building Collapse,2,MEDIUM,6,0,Rescue Teams|Medical Kits,44,RESOLVED,CITIZEN,MOBILE_APP,TAMIL,RAIN,False,False,False,True,OFFICER-01,4,1,0,26,False,MODERATE,0,True,6,3,2,True,True,False
INC-2024-1273,2024-09-11T12:17:24,Trincomalee,WET,High Winds/Cyclone,2,MEDIUM,147,0,Rescue Teams|Medical Kits,91,RESOLVED,CITIZEN,MOBILE_APP,SINHALA,RAIN,False,False,False,True,OFFICER-01,8,4,1,0,False,MODERATE,0,True,9,0,2,True,False,True
INC-2024-1274,2024-02-26T07:12:00,Ampara,WET,Flood,3,HIGH,870,66,Rescue Teams|Medical Kits,51,RESOLVED,CITIZEN,MOBILE_APP,TAMIL,RAIN,True,False,False,True,OFFICER-01,6,5,3,66,False,MODERATE,0,True,2,21,0,False,True,False
INC-2021-1275,2021-01-27T00:33:57,Ampara,WET,Flood,3,HIGH,737,29,Rescue Teams|Medical Kits,106,RESOLVED,CITIZEN,MOBILE_APP,TAMIL,RAIN,False,True,False,True,OFFICER-01,1,3,3,63,False,MODERATE,0,True,1,3,2,True,True,False
INC-2022-1276,2022-03-28T06:55:01,Gampaha,WET,Flood,3,HIGH,748,12,Rescue Teams|Medical Kits,108,RESOLVED,CITIZEN,MOBILE_APP,TAMIL,RAIN,True,False,False,True,OFFICER-01,1,2,0,95,False,MODERATE,0,True,3,22,0,False,True,False
INC-2021-1277,2021-11-22T02:27:38,Jaffna,WET,Flood,1,LOW,106,0,Rescue Teams|Medical Kits,79,RESOLVED,CITIZEN,MOBILE_APP,ENGLISH,RAIN,False,False,False,True,OFFICER-01,4,3,5,94,False,MODERATE,0,True,11,5,0,False,True,False
INC-2024-1278,2024-05-12T08:25:43,Kilinochchi,WET,Forest Fire,1,LOW,46,0,Rescue Teams|Medical Kits,103,RESOLVED,CITIZEN,MOBILE_APP,ENGLISH,RAIN,False,False,False,True,OFFICER-01,0,3,0,90,False,MODERATE,0,True,5,22,6,False,False,False
INC-2024-1279,2024-06-07T14:42:25,Matara,WET,High Winds/Cyclone,4,CRITICAL,1034,60,Rescue Teams|Medical Kits,95,RESOLVED,CITIZEN,MOBILE_APP,SINHALA,RAIN,True,False,False,True,OFFICER-01,10,5,0,31,False,MODERATE,0,True,6,4,4,True,True,False
INC-2021-1280,2021-03-01T06:06:54,Polonnaruwa,WET,Forest Fire,3,HIGH,455,39,Rescue Teams|Medical Kits,101,RESOLVED,CITIZEN,MOBILE_APP,SINHALA,RAIN,True,True,False,True,OFFICER-01,4,3,1,62,False,MODERATE,0,True,3,7,0,True,False,False
INC-2021-1281,2021-08-04T07:32:56,Nuwara Eliya,WET,Flood,3,HIGH,583,43,Rescue Teams|Medical Kits,96,RESOLVED,CITIZEN,MOBILE_APP,SINHALA,RAIN,True,False,False,True,OFFICER-01,8,5,5,27,False,MODERATE,0,True,8,6,2,True,False,False
INC-2020-1282,2020-01-10T22:26:19,Ratnapura,WET,Landslide,4,CRITICAL,1596,95,Rescue Teams|Medical Kits,41,RESOLVED,CITIZEN,MOBILE_APP,TAMIL,RAIN,False,True,False,True,OFFICER-01,2,0,3,88,False,MODERATE,0,True,1,19,4,True,True,True
INC-2022-1283,2022-03-28T08:12:19,Vavuniya,WET,Drought,1,LOW,11,0,Rescue Teams|Medical Kits,45,RESOLVED,CITIZEN,MOBILE_APP,TAMIL,RAIN,False,False,False,True,OFFICER-01,5,3,4,84,False,MODERATE,0,True,3,18,0,False,False,False
INC-2021-1284,2021-07-13T10:34:10,Vavuniya,WET,High Winds/Cyclone,4,CRITICAL,1661,97,Rescue Teams|Medical Kits,100,RESOLVED,CITIZEN,MOBILE_APP,ENGLISH,RAIN,True,False,False,True,OFFICER-01,7,5,3,76,False,MODERATE,0,True,7,22,1,True,True,False
INC-2023-1285,2023-01-14T13:23:03,Batticaloa,WET,Drought,2,MEDIUM,179,0,Rescue Teams|Medical Kits,43,RESOLVED,CITIZEN,MOBILE_APP,SINHALA,RAIN,True,False,False,True,OFFICER-01,4,3,3,41,False,MODERATE,0,True,1,3,5,True,True,False
INC-2022-1286,2022-02-07T15:12:07,Monaragala,WET,Flood,3,HIGH,1223,52,Rescue Teams|Medical Kits,55,RESOLVED,CITIZEN,MOBILE_APP,TAMIL,RAIN,True,False,False,True,OFFICER-01,1,2,5,50,False,MODERATE,0,True,2,14,0,True,False,False
INC-2025-1287,2025-12-29T19:05:56,Gampaha,WET,Forest Fire,3,HIGH,548,18,Rescue Teams|Medical Kits,91,RESOLVED,CITIZEN,MOBILE_APP,ENGLISH,RAIN,True,True,False,True,OFFICER-01,10,1,0,37,False,MODERATE,0,True,12,1,0,True,False,True
INC-2022-1288,2022-04-12T09:51:04,Kurunegala,WET,Forest Fire,3,HIGH,655,30,Rescue Teams|Medical Kits,22,RESOLVED,CITIZEN,MOBILE_APP,TAMIL,RAIN,True,True,False,True,OFFICER-01,5,2,5,40,False,MODERATE,0,True,4,0,1,False,True,True
INC-2023-1289,2023-07-01T15:27:47,Ratnapura,WET,Landslide,3,HIGH,667,60,Rescue Teams|Medical Kits,48,RESOLVED,CITIZEN,MOBILE_APP,SINHALA,RAIN,False,False,False,True,OFFICER-01,4,3,5,28,False,MODERATE,0,True,7,12,5,False,True,False
INC-2022-1290,2022-11-21T20:25:23,Badulla,WET,Flood,3,HIGH,452,43,Rescue Teams|Medical Kits,67,RESOLVED,CITIZEN,MOBILE_APP,SINHALA,RAIN,True,False,False,True,OFFICER-01,9,1,4,26,False,MODERATE,0,True,11,14,0,False,False,True
INC-2025-1291,2025-04-26T16:44:28,Gampaha,WET,Building Collapse,4,CRITICAL,1487,81,Rescue Teams|Medical Kits,57,RESOLVED,CITIZEN,MOBILE_APP,SINHALA,RAIN,False,True,False,True,OFFICER-01,9,4,0,92,False,MODERATE,0,True,4,3,5,True,True,False
INC-2020-1292,2020-03-06T14:38:57,Polonnaruwa,WET,Flood,2,MEDIUM,381,0,Rescue Teams|Medical Kits,57,RESOLVED,CITIZEN,MOBILE_APP,ENGLISH,RAIN,False,False,False,True,OFFICER-01,8,0,5,6,False,MODERATE,0,True,3,22,4,False,False,False
INC-2024-1293,2024-05-30T09:16:20,Galle,WET,Drought,3,HIGH,570,10,Rescue Teams|Medical Kits,83,RESOLVED,CITIZEN,MOBILE_APP,ENGLISH,RAIN,True,True,False,True,OFFICER-01,3,2,1,47,False,MODERATE,0,True,5,20,3,True,False,False
INC-2022-1294,2022-10-26T22:35:20,Ratnapura,WET,Drought,3,HIGH,468,42,Rescue Teams|Medical Kits,16,RESOLVED,CITIZEN,MOBILE_APP,SINHALA,RAIN,True,False,False,True,OFFICER-01,0,4,0,64,False,MODERATE,0,True,10,21,2,True,False,False
INC-2023-1295,2023-05-21T08:21:48,Nuwara Eliya,WET,Flood,2,MEDIUM,343,0,Rescue Teams|Medical Kits,53,RESOLVED,CITIZEN,MOBILE_APP,SINHALA,RAIN,False,True,False,True,OFFICER-01,3,5,5,31,False,MODERATE,0,True,5,9,6,False,False,False
INC-2020-1296,2020-04-14T22:40:16,Kegalle,WET,High Winds/Cyclone,2,MEDIUM,129,0,Rescue Teams|Medical Kits,98,RESOLVED,CITIZEN,MOBILE_APP,ENGLISH,RAIN,True,True,False,True,OFFICER-01,2,5,2,10,False,MODERATE,0,True,4,12,1,True,False,False
INC-2020-1297,2020-08-25T18:16:23,Kalutara,WET,Drought,2,MEDIUM,324,0,Rescue Teams|Medical Kits,112,RESOLVED,CITIZEN,MOBILE_APP,TAMIL,RAIN,False,False,False,True,OFFICER-01,6,0,0,95,False,MODERATE,0,True,8,22,1,False,False,False
INC-2024-1298,2024-08-09T23:55:36,Polonnaruwa,WET,Flood,3,HIGH,388,14,Rescue Teams|Medical Kits,90,RESOLVED,CITIZEN,MOBILE_APP,ENGLISH,RAIN,True,True,False,True,OFFICER-01,3,4,2,100,False,MODERATE,0,True,8,5,4,True,True,False
INC-2022-1299,2022-10-02T18:48:53,Ratnapura,WET,High Winds/Cyclone,3,HIGH,456,32,Rescue Teams|Medical Kits,50,RESOLVED,CITIZEN,MOBILE_APP,ENGLISH,RAIN,True,True,False,True,OFFICER-01,3,0,2,83,False,MODERATE,0,True,10,22,6,False,True,False
INC-2024-1300,2024-11-25T04:40:27,Kegalle,WET,Flood,3,HIGH,824,29,Rescue Teams|Medical Kits,43,RESOLVED,CITIZEN,MOBILE_APP,ENGLISH,RAIN,True,False,False,True,OFFICER-01,8,2,3,36,False,MODERATE,0,True,11,19,0,True,True,True
INC-2025-1301,2025-12-23T18:29:29,Batticaloa,WET,Drought,2,MEDIUM,222,0,Rescue Teams|Medical Kits,17,RESOLVED,CITIZEN,MOBILE_APP,ENGLISH,RAIN,False,False,False,True,OFFICER-01,6,2,4,91,False,MODERATE,0,True,12,12,1,False,False,False
INC-2020-1302,2020-12-02T11:45:13,Monaragala,WET,Landslide,2,MEDIUM,5,0,Rescue Teams|Medical Kits,65,RESOLVED,CITIZEN,MOBILE_APP,SINHALA,RAIN,False,True,False,True,OFFICER-01,7,2,3,72,False,MODERATE,0,True,12,0,2,True,False,False
INC-2020-1303,2020-12-04T11:47:06,Polonnaruwa,WET,Flood,4,CRITICAL,1017,57,Rescue Teams|Medical Kits,25,RESOLVED,CITIZEN,MOBILE_APP,SINHALA,RAIN,True,False,False,True,OFFICER-01,8,1,1,62,False,MODERATE,0,True,12,4,4,True,False,False
INC-2025-1304,2025-01-17T15:49:18,Ratnapura,WET,Flood,2,MEDIUM,224,0,Rescue Teams|Medical Kits,93,RESOLVED,CITIZEN,MOBILE_APP,ENGLISH,RAIN,False,False,False,True,OFFICER-01,8,5,4,97,False,MODERATE,0,True,1,12,4,False,False,False
INC-2021-1305,2021-12-23T03:13:08,Gampaha,WET,Forest Fire,1,LOW,57,0,Rescue Teams|Medical Kits,67,RESOLVED,CITIZEN,MOBILE_APP,ENGLISH,RAIN,False,True,False,True,OFFICER-01,5,1,0,41,False,MODERATE,0,True,12,8,3,False,False,False
INC-2025-1306,2025-11-10T15:23:05,Anuradhapura,WET,Landslide,3,HIGH,660,27,Rescue Teams|Medical Kits,49,RESOLVED,CITIZEN,MOBILE_APP,TAMIL,RAIN,True,False,False,True,OFFICER-01,3,4,3,69,False,MODERATE,0,True,11,18,0,True,True,False
INC-2024-1307,2024-04-01T20:56:33,Puttalam,WET,Building Collapse,2,MEDIUM,117,0,Rescue Teams|Medical Kits,56,RESOLVED,CITIZEN,MOBILE_APP,ENGLISH,RAIN,False,False,False,True,OFFICER-01,7,4,4,94,False,MODERATE,0,True,4,7,0,False,True,False
INC-2026-1308,2026-03-27T13:36:36,Kalutara,WET,Medical Emergency,2,MEDIUM,71,0,Rescue Teams|Medical Kits,104,RESOLVED,CITIZEN,MOBILE_APP,SINHALA,RAIN,True,False,False,True,OFFICER-01,6,1,0,20,False,MODERATE,0,True,3,13,4,False,True,False
INC-2024-1309,2024-06-03T09:27:47,Jaffna,WET,Flood,2,MEDIUM,80,0,Rescue Teams|Medical Kits,71,RESOLVED,CITIZEN,MOBILE_APP,SINHALA,RAIN,True,False,False,True,OFFICER-01,0,3,3,21,False,MODERATE,0,True,6,6,0,False,True,False
INC-2025-1310,2025-04-29T10:14:23,Batticaloa,WET,Landslide,3,HIGH,988,28,Rescue Teams|Medical Kits,85,RESOLVED,CITIZEN,MOBILE_APP,ENGLISH,RAIN,False,False,False,True,OFFICER-01,6,0,2,15,False,MODERATE,0,True,4,5,1,False,True,False
INC-2023-1311,2023-09-14T23:41:50,Kurunegala,WET,High Winds/Cyclone,2,MEDIUM,220,0,Rescue Teams|Medical Kits,49,RESOLVED,CITIZEN,MOBILE_APP,TAMIL,RAIN,True,False,False,True,OFFICER-01,5,4,2,72,False,MODERATE,0,True,9,21,3,False,False,False
INC-2025-1312,2025-07-13T03:58:14,Hambantota,WET,Flood,2,MEDIUM,205,0,Rescue Teams|Medical Kits,102,RESOLVED,CITIZEN,MOBILE_APP,SINHALA,RAIN,False,True,False,True,OFFICER-01,9,5,2,66,False,MODERATE,0,True,7,16,6,False,False,False
INC-2025-1313,2025-02-21T04:06:46,Kegalle,WET,Drought,1,LOW,77,0,Rescue Teams|Medical Kits,57,RESOLVED,CITIZEN,MOBILE_APP,TAMIL,RAIN,True,False,False,True,OFFICER-01,2,1,4,91,False,MODERATE,0,True,2,6,4,False,False,False
INC-2024-1314,2024-01-12T06:20:23,Colombo,WET,Drought,2,MEDIUM,239,0,Rescue Teams|Medical Kits,34,RESOLVED,CITIZEN,MOBILE_APP,ENGLISH,RAIN,False,False,False,True,OFFICER-01,1,0,2,89,False,MODERATE,0,True,1,5,4,True,False,False
INC-2021-1315,2021-08-06T02:01:11,Kalutara,WET,Flood,4,CRITICAL,1713,139,Rescue Teams|Medical Kits,57,RESOLVED,CITIZEN,MOBILE_APP,SINHALA,RAIN,True,True,False,True,OFFICER-01,0,4,3,76,False,MODERATE,0,True,8,14,4,True,True,False
INC-2021-1316,2021-05-01T01:58:58,Kalutara,WET,Drought,2,MEDIUM,207,0,Rescue Teams|Medical Kits,43,RESOLVED,CITIZEN,MOBILE_APP,ENGLISH,RAIN,False,False,False,True,OFFICER-01,10,0,1,35,False,MODERATE,0,True,5,17,5,True,True,False
INC-2022-1317,2022-06-01T22:33:41,Batticaloa,WET,Forest Fire,4,CRITICAL,1156,71,Rescue Teams|Medical Kits,108,RESOLVED,CITIZEN,MOBILE_APP,ENGLISH,RAIN,True,True,False,True,OFFICER-01,5,4,3,32,False,MODERATE,0,True,6,3,2,False,True,True
INC-2024-1318,2024-10-09T07:33:55,Puttalam,WET,High Winds/Cyclone,3,HIGH,563,33,Rescue Teams|Medical Kits,90,RESOLVED,CITIZEN,MOBILE_APP,SINHALA,RAIN,True,False,False,True,OFFICER-01,1,5,1,35,False,MODERATE,0,True,10,19,2,False,False,True
INC-2021-1319,2021-07-08T00:53:43,Kegalle,WET,Drought,2,MEDIUM,278,0,Rescue Teams|Medical Kits,117,RESOLVED,CITIZEN,MOBILE_APP,TAMIL,RAIN,True,True,False,True,OFFICER-01,9,5,3,42,False,MODERATE,0,True,7,4,3,True,False,False
INC-2024-1320,2024-11-23T12:00:02,Matale,WET,Medical Emergency,1,LOW,22,0,Rescue Teams|Medical Kits,50,RESOLVED,CITIZEN,MOBILE_APP,TAMIL,RAIN,True,False,False,True,OFFICER-01,9,5,3,26,False,MODERATE,0,True,11,19,5,False,False,False
INC-2021-1321,2021-06-06T06:23:56,Colombo,WET,High Winds/Cyclone,2,MEDIUM,167,0,Rescue Teams|Medical Kits,26,RESOLVED,CITIZEN,MOBILE_APP,TAMIL,RAIN,True,False,False,True,OFFICER-01,2,1,1,60,False,MODERATE,0,True,6,6,6,True,False,False
INC-2020-1322,2020-01-01T18:24:28,Puttalam,WET,Flood,2,MEDIUM,82,0,Rescue Teams|Medical Kits,32,RESOLVED,CITIZEN,MOBILE_APP,TAMIL,RAIN,False,False,False,True,OFFICER-01,7,3,5,60,False,MODERATE,0,True,1,1,2,True,False,True
INC-2022-1323,2022-10-13T05:33:02,Matara,WET,High Winds/Cyclone,4,CRITICAL,594,56,Rescue Teams|Medical Kits,86,RESOLVED,CITIZEN,MOBILE_APP,ENGLISH,RAIN,True,False,False,True,OFFICER-01,6,3,5,60,False,MODERATE,0,True,10,21,3,False,True,False
INC-2023-1324,2023-01-07T22:05:41,Hambantota,WET,Drought,3,HIGH,726,19,Rescue Teams|Medical Kits,25,RESOLVED,CITIZEN,MOBILE_APP,TAMIL,RAIN,False,True,False,True,OFFICER-01,3,1,5,35,False,MODERATE,0,True,1,16,5,False,True,False
INC-2026-1325,2026-01-19T01:55:39,Kalutara,WET,Landslide,3,HIGH,387,9,Rescue Teams|Medical Kits,77,RESOLVED,CITIZEN,MOBILE_APP,TAMIL,RAIN,True,True,False,True,OFFICER-01,4,5,0,71,False,MODERATE,0,True,1,14,0,False,True,True
INC-2023-1326,2023-09-14T18:46:26,Badulla,WET,Flood,4,CRITICAL,1608,119,Rescue Teams|Medical Kits,74,RESOLVED,CITIZEN,MOBILE_APP,TAMIL,RAIN,True,True,False,True,OFFICER-01,5,5,3,27,False,MODERATE,0,True,9,11,3,True,True,True
INC-2025-1327,2025-03-31T20:55:49,Kurunegala,WET,Building Collapse,4,CRITICAL,727,32,Rescue Teams|Medical Kits,63,RESOLVED,CITIZEN,MOBILE_APP,ENGLISH,RAIN,True,False,False,True,OFFICER-01,2,5,0,25,False,MODERATE,0,True,3,21,0,True,True,False
INC-2023-1328,2023-10-05T11:54:58,Kandy,WET,Flood,4,CRITICAL,739,39,Rescue Teams|Medical Kits,54,RESOLVED,CITIZEN,MOBILE_APP,ENGLISH,RAIN,True,False,False,True,OFFICER-01,1,2,2,64,False,MODERATE,0,True,10,18,3,True,True,True
INC-2020-1329,2020-02-10T08:56:25,Polonnaruwa,WET,Flood,3,HIGH,150,14,Rescue Teams|Medical Kits,97,RESOLVED,CITIZEN,MOBILE_APP,ENGLISH,RAIN,True,False,False,True,OFFICER-01,6,0,5,90,False,MODERATE,0,True,2,8,0,False,True,False
INC-2022-1330,2022-02-25T03:52:38,Kegalle,WET,High Winds/Cyclone,2,MEDIUM,219,0,Rescue Teams|Medical Kits,120,RESOLVED,CITIZEN,MOBILE_APP,SINHALA,RAIN,False,False,False,True,OFFICER-01,7,4,5,58,False,MODERATE,0,True,2,18,4,True,True,False
INC-2024-1331,2024-03-03T07:27:15,Hambantota,WET,Drought,2,MEDIUM,322,0,Rescue Teams|Medical Kits,111,RESOLVED,CITIZEN,MOBILE_APP,TAMIL,RAIN,False,False,False,True,OFFICER-01,1,0,2,3,False,MODERATE,0,True,3,20,6,True,True,True
INC-2025-1332,2025-03-19T06:39:51,Kilinochchi,WET,Flood,3,HIGH,692,35,Rescue Teams|Medical Kits,37,RESOLVED,CITIZEN,MOBILE_APP,SINHALA,RAIN,True,False,False,True,OFFICER-01,1,3,0,7,False,MODERATE,0,True,3,23,2,True,True,True
INC-2023-1333,2023-10-09T12:39:37,Polonnaruwa,WET,Flood,4,CRITICAL,90,3,Rescue Teams|Medical Kits,84,RESOLVED,CITIZEN,MOBILE_APP,ENGLISH,RAIN,False,True,False,True,OFFICER-01,3,5,4,94,False,MODERATE,0,True,10,3,0,True,True,False
INC-2020-1334,2020-02-21T19:20:15,Puttalam,WET,Forest Fire,2,MEDIUM,182,0,Rescue Teams|Medical Kits,105,RESOLVED,CITIZEN,MOBILE_APP,SINHALA,RAIN,False,True,False,True,OFFICER-01,9,5,2,66,False,MODERATE,0,True,2,10,4,False,True,False
INC-2020-1335,2020-02-14T00:40:54,Kilinochchi,WET,Drought,2,MEDIUM,374,0,Rescue Teams|Medical Kits,100,RESOLVED,CITIZEN,MOBILE_APP,SINHALA,RAIN,True,False,False,True,OFFICER-01,1,1,4,18,False,MODERATE,0,True,2,21,4,False,True,False
INC-2026-1336,2026-03-14T18:58:43,Matara,WET,Flood,3,HIGH,1080,76,Rescue Teams|Medical Kits,50,RESOLVED,CITIZEN,MOBILE_APP,TAMIL,RAIN,False,False,False,True,OFFICER-01,3,5,4,52,False,MODERATE,0,True,3,1,5,True,True,False
INC-2021-1337,2021-06-21T09:26:41,Mullaitivu,WET,High Winds/Cyclone,2,MEDIUM,192,0,Rescue Teams|Medical Kits,54,RESOLVED,CITIZEN,MOBILE_APP,ENGLISH,RAIN,False,True,False,True,OFFICER-01,8,2,0,43,False,MODERATE,0,True,6,0,0,False,False,True
INC-2023-1338,2023-12-19T14:17:23,Puttalam,WET,Landslide,4,CRITICAL,883,70,Rescue Teams|Medical Kits,74,RESOLVED,CITIZEN,MOBILE_APP,SINHALA,RAIN,False,True,False,True,OFFICER-01,1,0,1,93,False,MODERATE,0,True,12,18,1,False,True,False
INC-2020-1339,2020-09-25T11:46:02,Hambantota,WET,Drought,2,MEDIUM,208,0,Rescue Teams|Medical Kits,17,RESOLVED,CITIZEN,MOBILE_APP,SINHALA,RAIN,True,False,False,True,OFFICER-01,0,1,5,47,False,MODERATE,0,True,9,20,4,False,False,False
INC-2023-1340,2023-12-01T06:07:00,Kalutara,WET,Medical Emergency,1,LOW,36,0,Rescue Teams|Medical Kits,54,RESOLVED,CITIZEN,MOBILE_APP,TAMIL,RAIN,True,False,False,True,OFFICER-01,10,1,5,96,False,MODERATE,0,True,12,7,4,True,False,False
INC-2026-1341,2026-04-12T05:30:21,Matara,WET,Drought,1,LOW,73,0,Rescue Teams|Medical Kits,105,RESOLVED,CITIZEN,MOBILE_APP,ENGLISH,RAIN,False,False,False,True,OFFICER-01,2,2,1,72,False,MODERATE,0,True,4,12,6,False,False,False
INC-2022-1342,2022-09-07T08:26:27,Ratnapura,WET,High Winds/Cyclone,4,CRITICAL,1739,70,Rescue Teams|Medical Kits,40,RESOLVED,CITIZEN,MOBILE_APP,SINHALA,RAIN,True,False,False,True,OFFICER-01,4,2,5,56,False,MODERATE,0,True,9,22,2,True,True,False
INC-2022-1343,2022-04-01T21:54:56,Kalutara,WET,Drought,2,MEDIUM,285,0,Rescue Teams|Medical Kits,61,RESOLVED,CITIZEN,MOBILE_APP,ENGLISH,RAIN,False,False,False,True,OFFICER-01,10,4,3,80,False,MODERATE,0,True,4,18,4,False,True,True
INC-2025-1344,2025-11-04T13:24:20,Ampara,WET,Flood,4,CRITICAL,1305,39,Rescue Teams|Medical Kits,64,RESOLVED,CITIZEN,MOBILE_APP,SINHALA,RAIN,True,True,False,True,OFFICER-01,8,4,1,89,False,MODERATE,0,True,11,3,1,True,True,False
INC-2023-1345,2023-09-09T22:27:15,Anuradhapura,WET,High Winds/Cyclone,1,LOW,60,0,Rescue Teams|Medical Kits,116,RESOLVED,CITIZEN,MOBILE_APP,ENGLISH,RAIN,True,False,False,True,OFFICER-01,3,2,5,64,False,MODERATE,0,True,9,21,5,False,False,False
INC-2024-1346,2024-09-09T19:06:45,Jaffna,WET,Forest Fire,1,LOW,0,0,Rescue Teams|Medical Kits,80,RESOLVED,CITIZEN,MOBILE_APP,SINHALA,RAIN,False,False,False,True,OFFICER-01,4,1,3,33,False,MODERATE,0,True,9,2,0,False,False,False
INC-2020-1347,2020-04-07T16:56:10,Mannar,WET,Drought,3,HIGH,471,5,Rescue Teams|Medical Kits,38,RESOLVED,CITIZEN,MOBILE_APP,ENGLISH,RAIN,True,False,False,True,OFFICER-01,2,3,4,41,False,MODERATE,0,True,4,4,1,True,True,True
INC-2023-1348,2023-03-02T15:24:49,Ampara,WET,Drought,1,LOW,94,0,Rescue Teams|Medical Kits,19,RESOLVED,CITIZEN,MOBILE_APP,ENGLISH,RAIN,False,False,False,True,OFFICER-01,1,5,2,1,False,MODERATE,0,True,3,18,3,True,False,False
INC-2021-1349,2021-05-08T05:17:42,Badulla,WET,Drought,1,LOW,49,0,Rescue Teams|Medical Kits,97,RESOLVED,CITIZEN,MOBILE_APP,SINHALA,RAIN,False,False,False,True,OFFICER-01,2,2,2,20,False,MODERATE,0,True,5,10,5,False,False,False
INC-2023-1350,2023-12-21T10:12:19,Puttalam,WET,High Winds/Cyclone,3,HIGH,872,23,Rescue Teams|Medical Kits,118,RESOLVED,CITIZEN,MOBILE_APP,TAMIL,RAIN,True,False,False,True,OFFICER-01,7,4,4,88,False,MODERATE,0,True,12,14,3,False,False,False
INC-2023-1351,2023-09-13T09:36:01,Jaffna,WET,Drought,1,LOW,27,0,Rescue Teams|Medical Kits,47,RESOLVED,CITIZEN,MOBILE_APP,TAMIL,RAIN,False,False,False,True,OFFICER-01,5,4,2,61,False,MODERATE,0,True,9,7,2,False,False,False
INC-2025-1352,2025-10-09T04:47:26,Polonnaruwa,WET,Drought,2,MEDIUM,189,0,Rescue Teams|Medical Kits,112,RESOLVED,CITIZEN,MOBILE_APP,TAMIL,RAIN,False,True,False,True,OFFICER-01,1,3,3,99,False,MODERATE,0,True,10,7,3,False,True,False
INC-2022-1353,2022-04-16T21:00:36,Ampara,WET,Drought,2,MEDIUM,230,0,Rescue Teams|Medical Kits,35,RESOLVED,CITIZEN,MOBILE_APP,TAMIL,RAIN,True,True,False,True,OFFICER-01,2,2,4,89,False,MODERATE,0,True,4,0,5,False,True,False
INC-2024-1354,2024-06-16T06:38:39,Galle,WET,Building Collapse,3,HIGH,453,31,Rescue Teams|Medical Kits,31,RESOLVED,CITIZEN,MOBILE_APP,TAMIL,RAIN,True,False,False,True,OFFICER-01,5,0,0,39,False,MODERATE,0,True,6,20,6,True,True,True
INC-2021-1355,2021-03-15T12:05:33,Batticaloa,WET,Landslide,4,CRITICAL,1265,71,Rescue Teams|Medical Kits,73,RESOLVED,CITIZEN,MOBILE_APP,SINHALA,RAIN,True,True,False,True,OFFICER-01,10,1,1,22,False,MODERATE,0,True,3,20,0,True,True,True
INC-2022-1356,2022-07-25T01:14:20,Kurunegala,WET,Flood,1,LOW,94,0,Rescue Teams|Medical Kits,41,RESOLVED,CITIZEN,MOBILE_APP,ENGLISH,RAIN,False,False,False,True,OFFICER-01,1,5,1,19,False,MODERATE,0,True,7,7,0,False,False,False
INC-2025-1357,2025-10-28T07:56:41,Kurunegala,WET,High Winds/Cyclone,4,CRITICAL,557,40,Rescue Teams|Medical Kits,76,RESOLVED,CITIZEN,MOBILE_APP,SINHALA,RAIN,True,True,False,True,OFFICER-01,5,0,3,70,False,MODERATE,0,True,10,18,1,True,True,True
INC-2025-1358,2025-11-03T18:30:31,Polonnaruwa,WET,High Winds/Cyclone,2,MEDIUM,239,0,Rescue Teams|Medical Kits,100,RESOLVED,CITIZEN,MOBILE_APP,ENGLISH,RAIN,False,False,False,True,OFFICER-01,7,5,1,97,False,MODERATE,0,True,11,15,0,False,False,False
INC-2020-1359,2020-10-24T17:13:10,Polonnaruwa,WET,Flood,2,MEDIUM,343,0,Rescue Teams|Medical Kits,66,RESOLVED,CITIZEN,MOBILE_APP,ENGLISH,RAIN,False,True,False,True,OFFICER-01,4,5,5,54,False,MODERATE,0,True,10,4,5,False,False,False
INC-2025-1360,2025-01-28T14:59:18,Polonnaruwa,WET,Drought,1,LOW,0,0,Rescue Teams|Medical Kits,77,RESOLVED,CITIZEN,MOBILE_APP,TAMIL,RAIN,True,False,False,True,OFFICER-01,9,0,1,77,False,MODERATE,0,True,1,11,1,False,False,False
INC-2021-1361,2021-07-07T12:34:28,Matale,WET,Landslide,2,MEDIUM,100,0,Rescue Teams|Medical Kits,58,RESOLVED,CITIZEN,MOBILE_APP,TAMIL,RAIN,True,False,False,True,OFFICER-01,0,4,4,96,False,MODERATE,0,True,7,11,2,False,False,False
INC-2023-1362,2023-05-22T02:30:32,Kalutara,WET,High Winds/Cyclone,2,MEDIUM,94,0,Rescue Teams|Medical Kits,78,RESOLVED,CITIZEN,MOBILE_APP,SINHALA,RAIN,False,False,False,True,OFFICER-01,0,1,2,55,False,MODERATE,0,True,5,4,0,False,True,False
INC-2020-1363,2020-10-15T11:25:27,Puttalam,WET,Drought,2,MEDIUM,337,0,Rescue Teams|Medical Kits,69,RESOLVED,CITIZEN,MOBILE_APP,SINHALA,RAIN,False,False,False,True,OFFICER-01,4,2,3,86,False,MODERATE,0,True,10,5,3,False,False,False
INC-2024-1364,2024-02-02T08:00:54,Colombo,WET,Building Collapse,3,HIGH,628,54,Rescue Teams|Medical Kits,37,RESOLVED,CITIZEN,MOBILE_APP,SINHALA,RAIN,True,True,False,True,OFFICER-01,6,5,4,13,False,MODERATE,0,True,2,0,4,True,True,False
INC-2023-1365,2023-12-15T11:08:56,Kalutara,WET,Drought,2,MEDIUM,116,0,Rescue Teams|Medical Kits,27,RESOLVED,CITIZEN,MOBILE_APP,TAMIL,RAIN,False,False,False,True,OFFICER-01,6,0,1,40,False,MODERATE,0,True,12,23,4,True,True,False
INC-2021-1366,2021-02-03T23:30:48,Ampara,WET,Drought,1,LOW,27,0,Rescue Teams|Medical Kits,73,RESOLVED,CITIZEN,MOBILE_APP,SINHALA,RAIN,False,False,False,True,OFFICER-01,7,5,5,51,False,MODERATE,0,True,2,21,2,False,False,False
INC-2023-1367,2023-08-05T12:40:55,Matale,WET,Flood,2,MEDIUM,150,0,Rescue Teams|Medical Kits,48,RESOLVED,CITIZEN,MOBILE_APP,TAMIL,RAIN,True,True,False,True,OFFICER-01,10,0,4,57,False,MODERATE,0,True,8,13,5,True,False,False
INC-2024-1368,2024-04-08T20:25:30,Anuradhapura,WET,High Winds/Cyclone,2,MEDIUM,254,0,Rescue Teams|Medical Kits,57,RESOLVED,CITIZEN,MOBILE_APP,TAMIL,RAIN,False,False,False,True,OFFICER-01,5,0,1,54,False,MODERATE,0,True,4,22,0,False,False,True
INC-2024-1369,2024-07-09T23:17:32,Matale,WET,Drought,1,LOW,80,0,Rescue Teams|Medical Kits,25,RESOLVED,CITIZEN,MOBILE_APP,SINHALA,RAIN,True,True,False,True,OFFICER-01,0,2,5,75,False,MODERATE,0,True,7,21,1,False,False,False
INC-2022-1370,2022-03-12T01:41:12,Galle,WET,Forest Fire,3,HIGH,318,6,Rescue Teams|Medical Kits,73,RESOLVED,CITIZEN,MOBILE_APP,ENGLISH,RAIN,True,False,False,True,OFFICER-01,0,3,2,5,False,MODERATE,0,True,3,5,5,True,True,False
INC-2021-1371,2021-01-12T15:31:57,Mullaitivu,WET,Landslide,3,HIGH,915,85,Rescue Teams|Medical Kits,91,RESOLVED,CITIZEN,MOBILE_APP,TAMIL,RAIN,True,True,False,True,OFFICER-01,5,2,3,43,False,MODERATE,0,True,1,18,1,True,False,True
INC-2025-1372,2025-09-28T03:22:15,Matara,WET,High Winds/Cyclone,4,CRITICAL,1180,92,Rescue Teams|Medical Kits,49,RESOLVED,CITIZEN,MOBILE_APP,SINHALA,RAIN,True,False,False,True,OFFICER-01,4,2,3,2,False,MODERATE,0,True,9,17,6,False,False,True
INC-2023-1373,2023-10-20T01:35:49,Puttalam,WET,Landslide,2,MEDIUM,128,0,Rescue Teams|Medical Kits,91,RESOLVED,CITIZEN,MOBILE_APP,SINHALA,RAIN,True,False,False,True,OFFICER-01,5,5,0,68,False,MODERATE,0,True,10,1,4,False,False,False
INC-2026-1374,2026-04-13T23:59:44,Ratnapura,WET,Flood,3,HIGH,835,78,Rescue Teams|Medical Kits,27,RESOLVED,CITIZEN,MOBILE_APP,SINHALA,RAIN,False,False,False,True,OFFICER-01,2,5,3,55,False,MODERATE,0,True,4,17,0,False,True,False
INC-2022-1375,2022-05-03T10:50:09,Kandy,WET,Landslide,3,HIGH,908,10,Rescue Teams|Medical Kits,46,RESOLVED,CITIZEN,MOBILE_APP,TAMIL,RAIN,True,True,False,True,OFFICER-01,8,4,3,5,False,MODERATE,0,True,5,3,1,True,True,True
INC-2020-1376,2020-08-25T18:56:55,Puttalam,WET,Drought,2,MEDIUM,224,0,Rescue Teams|Medical Kits,92,RESOLVED,CITIZEN,MOBILE_APP,TAMIL,RAIN,True,False,False,True,OFFICER-01,10,0,3,65,False,MODERATE,0,True,8,4,1,False,False,False
INC-2026-1377,2026-03-03T17:40:30,Kalutara,WET,Drought,2,MEDIUM,270,0,Rescue Teams|Medical Kits,110,RESOLVED,CITIZEN,MOBILE_APP,ENGLISH,RAIN,False,False,False,True,OFFICER-01,6,3,0,23,False,MODERATE,0,True,3,20,1,True,False,False
INC-2022-1378,2022-03-09T00:43:15,Monaragala,WET,Drought,4,CRITICAL,1143,96,Rescue Teams|Medical Kits,70,RESOLVED,CITIZEN,MOBILE_APP,SINHALA,RAIN,True,False,False,True,OFFICER-01,3,4,2,38,False,MODERATE,0,True,3,19,2,True,False,False
INC-2025-1379,2025-03-27T13:04:53,Trincomalee,WET,Drought,1,LOW,74,0,Rescue Teams|Medical Kits,103,RESOLVED,CITIZEN,MOBILE_APP,SINHALA,RAIN,False,False,False,True,OFFICER-01,5,4,3,27,False,MODERATE,0,True,3,7,3,False,False,False
INC-2023-1380,2023-09-19T13:01:41,Kegalle,WET,High Winds/Cyclone,2,MEDIUM,127,0,Rescue Teams|Medical Kits,50,RESOLVED,CITIZEN,MOBILE_APP,TAMIL,RAIN,True,False,False,True,OFFICER-01,10,0,4,51,False,MODERATE,0,True,9,5,1,False,False,False
INC-2021-1381,2021-07-17T03:45:21,Monaragala,WET,Flood,3,HIGH,893,21,Rescue Teams|Medical Kits,41,RESOLVED,CITIZEN,MOBILE_APP,SINHALA,RAIN,True,False,False,True,OFFICER-01,6,5,1,35,False,MODERATE,0,True,7,13,5,False,False,False
INC-2022-1382,2022-04-09T16:56:08,Monaragala,WET,High Winds/Cyclone,1,LOW,49,0,Rescue Teams|Medical Kits,55,RESOLVED,CITIZEN,MOBILE_APP,SINHALA,RAIN,False,False,False,True,OFFICER-01,3,1,0,90,False,MODERATE,0,True,4,20,5,True,False,False
INC-2022-1383,2022-10-05T12:35:20,Galle,WET,Landslide,4,CRITICAL,1526,131,Rescue Teams|Medical Kits,106,RESOLVED,CITIZEN,MOBILE_APP,TAMIL,RAIN,True,False,False,True,OFFICER-01,7,4,3,81,False,MODERATE,0,True,10,5,2,True,True,True
INC-2025-1384,2025-01-23T07:37:20,Puttalam,WET,Drought,1,LOW,68,0,Rescue Teams|Medical Kits,86,RESOLVED,CITIZEN,MOBILE_APP,SINHALA,RAIN,False,False,False,True,OFFICER-01,5,2,2,44,False,MODERATE,0,True,1,15,3,False,False,False
INC-2023-1385,2023-10-12T15:36:11,Kalutara,WET,Forest Fire,3,HIGH,621,53,Rescue Teams|Medical Kits,41,RESOLVED,CITIZEN,MOBILE_APP,TAMIL,RAIN,False,False,False,True,OFFICER-01,2,5,3,32,False,MODERATE,0,True,10,1,3,True,True,False
INC-2023-1386,2023-06-05T21:15:07,Gampaha,WET,Forest Fire,1,LOW,30,0,Rescue Teams|Medical Kits,25,RESOLVED,CITIZEN,MOBILE_APP,TAMIL,RAIN,False,False,False,True,OFFICER-01,7,4,2,10,False,MODERATE,0,True,6,18,0,False,False,True
INC-2021-1387,2021-10-06T20:08:20,Trincomalee,WET,Drought,3,HIGH,331,21,Rescue Teams|Medical Kits,52,RESOLVED,CITIZEN,MOBILE_APP,ENGLISH,RAIN,False,True,False,True,OFFICER-01,7,5,3,3,False,MODERATE,0,True,10,22,2,True,True,True
INC-2021-1388,2021-04-29T08:47:00,Badulla,WET,Flood,3,HIGH,536,32,Rescue Teams|Medical Kits,87,RESOLVED,CITIZEN,MOBILE_APP,ENGLISH,RAIN,True,True,False,True,OFFICER-01,6,0,2,71,False,MODERATE,0,True,4,23,3,True,False,False
INC-2026-1389,2026-04-30T16:32:22,Nuwara Eliya,WET,Building Collapse,1,LOW,67,0,Rescue Teams|Medical Kits,83,RESOLVED,CITIZEN,MOBILE_APP,SINHALA,RAIN,True,False,False,True,OFFICER-01,6,4,0,12,False,MODERATE,0,True,4,12,3,False,False,False
INC-2023-1390,2023-05-14T13:14:11,Galle,WET,Building Collapse,3,HIGH,564,10,Rescue Teams|Medical Kits,52,RESOLVED,CITIZEN,MOBILE_APP,SINHALA,RAIN,True,False,False,True,OFFICER-01,2,5,3,70,False,MODERATE,0,True,5,18,6,True,False,False
INC-2023-1391,2023-06-23T05:10:28,Anuradhapura,WET,High Winds/Cyclone,2,MEDIUM,296,0,Rescue Teams|Medical Kits,91,RESOLVED,CITIZEN,MOBILE_APP,ENGLISH,RAIN,False,True,False,True,OFFICER-01,5,2,5,13,False,MODERATE,0,True,6,13,4,True,False,True
INC-2025-1392,2025-08-25T16:55:10,Mullaitivu,WET,Building Collapse,3,HIGH,833,10,Rescue Teams|Medical Kits,55,RESOLVED,CITIZEN,MOBILE_APP,TAMIL,RAIN,True,False,False,True,OFFICER-01,8,4,3,28,False,MODERATE,0,True,8,4,0,True,False,True
INC-2023-1393,2023-06-09T01:53:08,Nuwara Eliya,WET,Forest Fire,1,LOW,69,0,Rescue Teams|Medical Kits,120,RESOLVED,CITIZEN,MOBILE_APP,ENGLISH,RAIN,True,False,False,True,OFFICER-01,2,1,3,36,False,MODERATE,0,True,6,9,4,False,False,False
INC-2020-1394,2020-01-11T08:51:11,Batticaloa,WET,Medical Emergency,1,LOW,41,0,Rescue Teams|Medical Kits,98,RESOLVED,CITIZEN,MOBILE_APP,SINHALA,RAIN,False,True,False,True,OFFICER-01,10,0,3,74,False,MODERATE,0,True,1,14,5,False,False,False
INC-2025-1395,2025-07-22T02:58:55,Badulla,WET,Building Collapse,2,MEDIUM,359,0,Rescue Teams|Medical Kits,39,RESOLVED,CITIZEN,MOBILE_APP,TAMIL,RAIN,False,True,False,True,OFFICER-01,0,4,1,17,False,MODERATE,0,True,7,13,1,False,False,False
INC-2025-1396,2025-03-09T06:58:45,Vavuniya,WET,Drought,2,MEDIUM,346,0,Rescue Teams|Medical Kits,91,RESOLVED,CITIZEN,MOBILE_APP,TAMIL,RAIN,False,False,False,True,OFFICER-01,6,0,2,78,False,MODERATE,0,True,3,2,6,True,True,True
INC-2022-1397,2022-02-15T12:56:01,Hambantota,WET,High Winds/Cyclone,1,LOW,30,0,Rescue Teams|Medical Kits,102,RESOLVED,CITIZEN,MOBILE_APP,SINHALA,RAIN,False,False,False,True,OFFICER-01,5,0,5,76,False,MODERATE,0,True,2,15,1,False,False,False
INC-2025-1398,2025-07-25T06:25:38,Polonnaruwa,WET,Drought,2,MEDIUM,167,0,Rescue Teams|Medical Kits,35,RESOLVED,CITIZEN,MOBILE_APP,ENGLISH,RAIN,True,True,False,True,OFFICER-01,5,5,1,22,False,MODERATE,0,True,7,6,4,False,True,False
INC-2024-1399,2024-01-06T23:27:51,Mannar,WET,Medical Emergency,4,CRITICAL,717,17,Rescue Teams|Medical Kits,31,RESOLVED,CITIZEN,MOBILE_APP,ENGLISH,RAIN,True,True,False,True,OFFICER-01,1,0,1,73,False,MODERATE,0,True,1,23,5,True,True,True
INC-2023-1400,2023-12-03T20:02:33,Kegalle,WET,High Winds/Cyclone,3,HIGH,422,25,Rescue Teams|Medical Kits,45,RESOLVED,CITIZEN,MOBILE_APP,SINHALA,RAIN,True,False,False,True,OFFICER-01,7,4,5,14,False,MODERATE,0,True,12,1,6,False,False,True
INC-2025-1401,2025-02-19T14:00:39,Ampara,WET,Forest Fire,3,HIGH,1173,18,Rescue Teams|Medical Kits,46,RESOLVED,CITIZEN,MOBILE_APP,ENGLISH,RAIN,True,False,False,True,OFFICER-01,1,0,5,4,False,MODERATE,0,True,2,20,2,False,True,False
INC-2025-1402,2025-10-19T23:21:55,Monaragala,WET,Forest Fire,3,HIGH,419,35,Rescue Teams|Medical Kits,64,RESOLVED,CITIZEN,MOBILE_APP,SINHALA,RAIN,False,False,False,True,OFFICER-01,6,2,5,68,False,MODERATE,0,True,10,1,6,True,True,True
INC-2021-1403,2021-01-10T21:04:10,Mannar,WET,High Winds/Cyclone,2,MEDIUM,214,0,Rescue Teams|Medical Kits,83,RESOLVED,CITIZEN,MOBILE_APP,TAMIL,RAIN,True,False,False,True,OFFICER-01,0,3,3,92,False,MODERATE,0,True,1,20,6,False,False,False
INC-2020-1404,2020-07-04T17:59:14,Kurunegala,WET,Forest Fire,2,MEDIUM,247,0,Rescue Teams|Medical Kits,113,RESOLVED,CITIZEN,MOBILE_APP,SINHALA,RAIN,False,False,False,True,OFFICER-01,5,3,5,65,False,MODERATE,0,True,7,23,5,True,True,False
INC-2025-1405,2025-05-09T01:38:14,Mullaitivu,WET,Drought,2,MEDIUM,6,0,Rescue Teams|Medical Kits,28,RESOLVED,CITIZEN,MOBILE_APP,SINHALA,RAIN,False,False,False,True,OFFICER-01,4,4,0,92,False,MODERATE,0,True,5,3,4,True,False,False
INC-2021-1406,2021-06-08T22:05:01,Kandy,WET,Landslide,4,CRITICAL,980,63,Rescue Teams|Medical Kits,46,RESOLVED,CITIZEN,MOBILE_APP,ENGLISH,RAIN,False,True,False,True,OFFICER-01,3,2,0,42,False,MODERATE,0,True,6,20,1,True,True,True
INC-2025-1407,2025-06-17T17:38:31,Mannar,WET,Flood,1,LOW,83,0,Rescue Teams|Medical Kits,77,RESOLVED,CITIZEN,MOBILE_APP,SINHALA,RAIN,True,False,False,True,OFFICER-01,4,2,2,88,False,MODERATE,0,True,6,22,1,False,False,False
INC-2023-1408,2023-10-13T13:09:08,Puttalam,WET,Forest Fire,1,LOW,47,0,Rescue Teams|Medical Kits,48,RESOLVED,CITIZEN,MOBILE_APP,TAMIL,RAIN,False,False,False,True,OFFICER-01,4,4,0,97,False,MODERATE,0,True,10,22,4,False,False,True
INC-2021-1409,2021-03-11T00:43:16,Kalutara,WET,Flood,3,HIGH,545,50,Rescue Teams|Medical Kits,62,RESOLVED,CITIZEN,MOBILE_APP,TAMIL,RAIN,True,True,False,True,OFFICER-01,5,5,2,39,False,MODERATE,0,True,3,21,3,False,True,False
INC-2026-1410,2026-02-02T00:39:06,Hambantota,WET,High Winds/Cyclone,1,LOW,36,0,Rescue Teams|Medical Kits,75,RESOLVED,CITIZEN,MOBILE_APP,TAMIL,RAIN,False,False,False,True,OFFICER-01,7,5,2,19,False,MODERATE,0,True,2,9,0,False,True,False
INC-2026-1411,2026-04-29T16:45:51,Mannar,WET,Landslide,1,LOW,12,0,Rescue Teams|Medical Kits,52,RESOLVED,CITIZEN,MOBILE_APP,ENGLISH,RAIN,False,False,False,True,OFFICER-01,4,5,1,3,False,MODERATE,0,True,4,19,2,False,True,False
INC-2021-1412,2021-10-19T14:39:56,Ampara,WET,Drought,1,LOW,88,0,Rescue Teams|Medical Kits,16,RESOLVED,CITIZEN,MOBILE_APP,ENGLISH,RAIN,True,False,False,True,OFFICER-01,5,5,4,95,False,MODERATE,0,True,10,18,1,False,False,False
INC-2024-1413,2024-05-24T16:44:24,Polonnaruwa,WET,Drought,1,LOW,44,0,Rescue Teams|Medical Kits,59,RESOLVED,CITIZEN,MOBILE_APP,TAMIL,RAIN,False,False,False,True,OFFICER-01,2,4,4,40,False,MODERATE,0,True,5,5,4,False,False,False
INC-2024-1414,2024-06-13T22:51:59,Anuradhapura,WET,Drought,2,MEDIUM,336,0,Rescue Teams|Medical Kits,97,RESOLVED,CITIZEN,MOBILE_APP,SINHALA,RAIN,False,False,False,True,OFFICER-01,8,3,1,61,False,MODERATE,0,True,6,15,3,False,True,True
INC-2023-1415,2023-03-26T05:20:13,Colombo,WET,High Winds/Cyclone,2,MEDIUM,55,0,Rescue Teams|Medical Kits,58,RESOLVED,CITIZEN,MOBILE_APP,SINHALA,RAIN,True,False,False,True,OFFICER-01,4,1,1,19,False,MODERATE,0,True,3,2,6,False,False,False
INC-2022-1416,2022-05-14T16:42:40,Polonnaruwa,WET,High Winds/Cyclone,3,HIGH,688,23,Rescue Teams|Medical Kits,98,RESOLVED,CITIZEN,MOBILE_APP,SINHALA,RAIN,False,False,False,True,OFFICER-01,5,3,3,72,False,MODERATE,0,True,5,3,5,False,False,False
INC-2025-1417,2025-06-07T04:11:40,Colombo,WET,Medical Emergency,1,LOW,41,0,Rescue Teams|Medical Kits,44,RESOLVED,CITIZEN,MOBILE_APP,TAMIL,RAIN,True,False,False,True,OFFICER-01,3,2,5,4,False,MODERATE,0,True,6,16,5,False,False,False
INC-2023-1418,2023-05-23T01:39:32,Badulla,WET,Building Collapse,3,HIGH,322,9,Rescue Teams|Medical Kits,23,RESOLVED,CITIZEN,MOBILE_APP,ENGLISH,RAIN,True,True,False,True,OFFICER-01,8,4,5,68,False,MODERATE,0,True,5,16,1,False,False,False
INC-2020-1419,2020-09-03T20:01:09,Matale,WET,Flood,3,HIGH,488,15,Rescue Teams|Medical Kits,81,RESOLVED,CITIZEN,MOBILE_APP,SINHALA,RAIN,True,False,False,True,OFFICER-01,3,2,5,23,False,MODERATE,0,True,9,18,3,False,True,False
INC-2025-1420,2025-11-12T19:41:14,Mullaitivu,WET,Medical Emergency,1,LOW,36,0,Rescue Teams|Medical Kits,103,RESOLVED,CITIZEN,MOBILE_APP,TAMIL,RAIN,True,False,False,True,OFFICER-01,7,1,0,77,False,MODERATE,0,True,11,7,2,False,False,False
INC-2022-1421,2022-04-05T16:45:02,Kurunegala,WET,Flood,4,CRITICAL,804,59,Rescue Teams|Medical Kits,108,RESOLVED,CITIZEN,MOBILE_APP,SINHALA,RAIN,True,False,False,True,OFFICER-01,2,4,2,7,False,MODERATE,0,True,4,21,1,True,True,True
INC-2021-1422,2021-10-07T09:37:27,Galle,WET,Landslide,4,CRITICAL,1489,115,Rescue Teams|Medical Kits,76,RESOLVED,CITIZEN,MOBILE_APP,ENGLISH,RAIN,True,True,False,True,OFFICER-01,1,4,0,40,False,MODERATE,0,True,10,3,3,True,True,False
INC-2025-1423,2025-05-23T11:26:07,Kalutara,WET,Drought,1,LOW,59,0,Rescue Teams|Medical Kits,71,RESOLVED,CITIZEN,MOBILE_APP,SINHALA,RAIN,True,False,False,True,OFFICER-01,7,1,0,69,False,MODERATE,0,True,5,3,4,False,False,False
INC-2025-1424,2025-01-05T03:03:00,Kandy,WET,Drought,2,MEDIUM,258,0,Rescue Teams|Medical Kits,87,RESOLVED,CITIZEN,MOBILE_APP,SINHALA,RAIN,False,False,False,True,OFFICER-01,9,3,0,92,False,MODERATE,0,True,1,9,6,True,False,False
INC-2023-1425,2023-10-07T05:45:56,Matale,WET,High Winds/Cyclone,1,LOW,59,0,Rescue Teams|Medical Kits,118,RESOLVED,CITIZEN,MOBILE_APP,TAMIL,RAIN,False,False,False,True,OFFICER-01,9,3,0,32,False,MODERATE,0,True,10,18,5,True,False,False
INC-2023-1426,2023-06-19T00:42:40,Vavuniya,WET,Drought,1,LOW,24,0,Rescue Teams|Medical Kits,37,RESOLVED,CITIZEN,MOBILE_APP,ENGLISH,RAIN,False,False,False,True,OFFICER-01,8,3,4,36,False,MODERATE,0,True,6,20,0,False,False,False
INC-2025-1427,2025-06-27T19:32:14,Kurunegala,WET,Drought,1,LOW,40,0,Rescue Teams|Medical Kits,46,RESOLVED,CITIZEN,MOBILE_APP,ENGLISH,RAIN,False,False,False,True,OFFICER-01,4,5,4,64,False,MODERATE,0,True,6,17,4,False,True,False
INC-2022-1428,2022-08-17T10:05:47,Polonnaruwa,WET,Flood,4,CRITICAL,1612,105,Rescue Teams|Medical Kits,77,RESOLVED,CITIZEN,MOBILE_APP,SINHALA,RAIN,True,True,False,True,OFFICER-01,5,4,3,63,False,MODERATE,0,True,8,20,2,True,False,False
INC-2021-1429,2021-05-21T19:55:11,Kalutara,WET,High Winds/Cyclone,3,HIGH,122,6,Rescue Teams|Medical Kits,53,RESOLVED,CITIZEN,MOBILE_APP,SINHALA,RAIN,False,True,False,True,OFFICER-01,7,2,5,87,False,MODERATE,0,True,5,4,4,True,True,False
INC-2024-1430,2024-07-31T08:11:17,Hambantota,WET,Drought,1,LOW,33,0,Rescue Teams|Medical Kits,112,RESOLVED,CITIZEN,MOBILE_APP,SINHALA,RAIN,True,False,False,True,OFFICER-01,3,2,4,39,False,MODERATE,0,True,7,3,2,False,False,False
INC-2022-1431,2022-09-21T06:06:43,Matale,WET,Drought,2,MEDIUM,158,0,Rescue Teams|Medical Kits,102,RESOLVED,CITIZEN,MOBILE_APP,ENGLISH,RAIN,False,False,False,True,OFFICER-01,9,1,4,86,False,MODERATE,0,True,9,3,2,False,False,False
INC-2021-1432,2021-04-25T07:38:10,Hambantota,WET,Flood,3,HIGH,900,20,Rescue Teams|Medical Kits,115,RESOLVED,CITIZEN,MOBILE_APP,SINHALA,RAIN,True,False,False,True,OFFICER-01,2,4,5,20,False,MODERATE,0,True,4,0,6,True,False,False
INC-2022-1433,2022-10-08T20:33:17,Trincomalee,WET,Building Collapse,1,LOW,6,0,Rescue Teams|Medical Kits,91,RESOLVED,CITIZEN,MOBILE_APP,ENGLISH,RAIN,True,False,False,True,OFFICER-01,4,1,2,60,False,MODERATE,0,True,10,20,5,False,False,False
INC-2022-1434,2022-08-01T07:24:28,Anuradhapura,WET,Flood,2,MEDIUM,294,0,Rescue Teams|Medical Kits,108,RESOLVED,CITIZEN,MOBILE_APP,ENGLISH,RAIN,False,False,False,True,OFFICER-01,5,3,2,54,False,MODERATE,0,True,8,10,0,True,False,False
INC-2024-1435,2024-10-16T01:40:43,Ratnapura,WET,Landslide,3,HIGH,383,37,Rescue Teams|Medical Kits,22,RESOLVED,CITIZEN,MOBILE_APP,ENGLISH,RAIN,True,True,False,True,OFFICER-01,5,5,1,58,False,MODERATE,0,True,10,12,2,False,True,True
INC-2022-1436,2022-05-01T22:22:46,Colombo,WET,High Winds/Cyclone,3,HIGH,364,13,Rescue Teams|Medical Kits,99,RESOLVED,CITIZEN,MOBILE_APP,TAMIL,RAIN,True,True,False,True,OFFICER-01,4,2,2,3,False,MODERATE,0,True,5,6,6,True,False,False
INC-2022-1437,2022-09-26T22:33:42,Badulla,WET,Forest Fire,1,LOW,23,0,Rescue Teams|Medical Kits,86,RESOLVED,CITIZEN,MOBILE_APP,TAMIL,RAIN,False,False,False,True,OFFICER-01,3,1,4,64,False,MODERATE,0,True,9,10,0,False,False,True
INC-2023-1438,2023-09-29T08:28:09,Kegalle,WET,Landslide,1,LOW,52,0,Rescue Teams|Medical Kits,35,RESOLVED,CITIZEN,MOBILE_APP,ENGLISH,RAIN,False,False,False,True,OFFICER-01,7,5,4,60,False,MODERATE,0,True,9,7,4,False,False,False
INC-2020-1439,2020-05-22T22:00:17,Batticaloa,WET,Landslide,3,HIGH,185,15,Rescue Teams|Medical Kits,77,RESOLVED,CITIZEN,MOBILE_APP,SINHALA,RAIN,False,False,False,True,OFFICER-01,4,4,4,48,False,MODERATE,0,True,5,5,4,False,True,False
INC-2020-1440,2020-07-03T06:58:59,Gampaha,WET,High Winds/Cyclone,3,HIGH,630,61,Rescue Teams|Medical Kits,83,RESOLVED,CITIZEN,MOBILE_APP,ENGLISH,RAIN,True,False,False,True,OFFICER-01,7,2,0,60,False,MODERATE,0,True,7,22,4,True,True,False
INC-2021-1441,2021-02-21T04:59:42,Mullaitivu,WET,Flood,4,CRITICAL,1376,129,Rescue Teams|Medical Kits,67,RESOLVED,CITIZEN,MOBILE_APP,SINHALA,RAIN,False,True,False,True,OFFICER-01,2,4,2,73,False,MODERATE,0,True,2,5,6,True,True,True
INC-2021-1442,2021-09-13T08:39:22,Batticaloa,WET,Flood,1,LOW,34,0,Rescue Teams|Medical Kits,56,RESOLVED,CITIZEN,MOBILE_APP,TAMIL,RAIN,True,False,False,True,OFFICER-01,8,5,2,71,False,MODERATE,0,True,9,7,0,False,False,False
INC-2024-1443,2024-07-07T20:16:43,Batticaloa,WET,Landslide,4,CRITICAL,1661,62,Rescue Teams|Medical Kits,113,RESOLVED,CITIZEN,MOBILE_APP,SINHALA,RAIN,True,False,False,True,OFFICER-01,5,2,3,95,False,MODERATE,0,True,7,20,6,False,True,False
INC-2021-1444,2021-10-29T09:36:17,Kalutara,WET,Landslide,3,HIGH,832,44,Rescue Teams|Medical Kits,61,RESOLVED,CITIZEN,MOBILE_APP,ENGLISH,RAIN,True,False,False,True,OFFICER-01,3,5,5,33,False,MODERATE,0,True,10,14,4,True,False,True
INC-2022-1445,2022-03-04T08:51:21,Vavuniya,WET,Forest Fire,1,LOW,83,0,Rescue Teams|Medical Kits,32,RESOLVED,CITIZEN,MOBILE_APP,SINHALA,RAIN,False,False,False,True,OFFICER-01,10,3,3,50,False,MODERATE,0,True,3,0,4,False,False,False
INC-2024-1446,2024-02-20T01:26:45,Batticaloa,WET,Forest Fire,3,HIGH,682,15,Rescue Teams|Medical Kits,80,RESOLVED,CITIZEN,MOBILE_APP,ENGLISH,RAIN,False,True,False,True,OFFICER-01,0,4,3,4,False,MODERATE,0,True,2,1,1,True,True,True
INC-2024-1447,2024-04-15T12:44:19,Mullaitivu,WET,Landslide,3,HIGH,553,7,Rescue Teams|Medical Kits,77,RESOLVED,CITIZEN,MOBILE_APP,ENGLISH,RAIN,True,False,False,True,OFFICER-01,9,2,5,8,False,MODERATE,0,True,4,2,0,True,False,False
INC-2026-1448,2026-03-31T19:21:14,Kalutara,WET,Drought,2,MEDIUM,201,0,Rescue Teams|Medical Kits,114,RESOLVED,CITIZEN,MOBILE_APP,SINHALA,RAIN,False,False,False,True,OFFICER-01,8,1,4,11,False,MODERATE,0,True,3,17,1,False,True,False
INC-2024-1449,2024-11-18T02:58:03,Mannar,WET,High Winds/Cyclone,3,HIGH,775,74,Rescue Teams|Medical Kits,111,RESOLVED,CITIZEN,MOBILE_APP,SINHALA,RAIN,False,True,False,True,OFFICER-01,10,3,2,59,False,MODERATE,0,True,11,21,0,False,True,False
INC-2023-1450,2023-11-03T02:30:56,Kilinochchi,WET,Building Collapse,3,HIGH,410,11,Rescue Teams|Medical Kits,98,RESOLVED,CITIZEN,MOBILE_APP,ENGLISH,RAIN,True,False,False,True,OFFICER-01,1,1,5,73,False,MODERATE,0,True,11,4,4,True,True,True
INC-2022-1451,2022-11-21T18:02:56,Monaragala,WET,Drought,2,MEDIUM,38,0,Rescue Teams|Medical Kits,109,RESOLVED,CITIZEN,MOBILE_APP,ENGLISH,RAIN,False,True,False,True,OFFICER-01,0,3,4,37,False,MODERATE,0,True,11,22,0,True,True,False
INC-2020-1452,2020-01-20T17:47:06,Polonnaruwa,WET,Flood,4,CRITICAL,1338,96,Rescue Teams|Medical Kits,43,RESOLVED,CITIZEN,MOBILE_APP,ENGLISH,RAIN,True,False,False,True,OFFICER-01,6,1,2,28,False,MODERATE,0,True,1,18,0,False,True,False
INC-2024-1453,2024-12-20T14:16:06,Monaragala,WET,Landslide,3,HIGH,693,15,Rescue Teams|Medical Kits,98,RESOLVED,CITIZEN,MOBILE_APP,TAMIL,RAIN,True,False,False,True,OFFICER-01,3,4,2,91,False,MODERATE,0,True,12,1,4,True,False,True
INC-2024-1454,2024-11-27T05:30:25,Kalutara,WET,High Winds/Cyclone,4,CRITICAL,982,52,Rescue Teams|Medical Kits,54,RESOLVED,CITIZEN,MOBILE_APP,SINHALA,RAIN,True,False,False,True,OFFICER-01,1,0,4,77,False,MODERATE,0,True,11,21,2,True,True,False
INC-2020-1455,2020-05-02T13:47:52,Matale,WET,Landslide,1,LOW,102,0,Rescue Teams|Medical Kits,23,RESOLVED,CITIZEN,MOBILE_APP,ENGLISH,RAIN,True,False,False,True,OFFICER-01,5,1,5,26,False,MODERATE,0,True,5,11,5,False,True,False
INC-2021-1456,2021-09-18T15:56:55,Kurunegala,WET,Drought,1,LOW,71,0,Rescue Teams|Medical Kits,44,RESOLVED,CITIZEN,MOBILE_APP,SINHALA,RAIN,False,False,False,True,OFFICER-01,5,0,1,56,False,MODERATE,0,True,9,8,5,False,False,False
INC-2021-1457,2021-01-17T11:45:15,Polonnaruwa,WET,Flood,1,LOW,35,0,Rescue Teams|Medical Kits,109,RESOLVED,CITIZEN,MOBILE_APP,SINHALA,RAIN,False,False,False,True,OFFICER-01,6,0,3,56,False,MODERATE,0,True,1,23,6,False,False,False
INC-2023-1458,2023-05-25T04:53:03,Galle,WET,High Winds/Cyclone,3,HIGH,824,65,Rescue Teams|Medical Kits,119,RESOLVED,CITIZEN,MOBILE_APP,SINHALA,RAIN,True,False,False,True,OFFICER-01,1,1,4,74,False,MODERATE,0,True,5,18,3,True,True,False
INC-2026-1459,2026-03-01T00:00:11,Trincomalee,WET,Landslide,1,LOW,70,0,Rescue Teams|Medical Kits,30,RESOLVED,CITIZEN,MOBILE_APP,ENGLISH,RAIN,False,False,False,True,OFFICER-01,9,2,5,40,False,MODERATE,0,True,3,6,6,False,False,False
INC-2023-1460,2023-07-13T18:10:38,Galle,WET,Building Collapse,3,HIGH,789,46,Rescue Teams|Medical Kits,61,RESOLVED,CITIZEN,MOBILE_APP,ENGLISH,RAIN,False,False,False,True,OFFICER-01,4,4,0,58,False,MODERATE,0,True,7,16,3,False,False,False
INC-2020-1461,2020-02-20T03:53:35,Colombo,WET,Forest Fire,3,HIGH,1041,101,Rescue Teams|Medical Kits,27,RESOLVED,CITIZEN,MOBILE_APP,ENGLISH,RAIN,True,False,False,True,OFFICER-01,5,2,0,55,False,MODERATE,0,True,2,0,3,True,True,True
INC-2025-1462,2025-07-18T16:46:50,Matara,WET,Building Collapse,4,CRITICAL,1231,99,Rescue Teams|Medical Kits,98,RESOLVED,CITIZEN,MOBILE_APP,TAMIL,RAIN,True,True,False,True,OFFICER-01,6,3,0,35,False,MODERATE,0,True,7,2,4,True,True,True
INC-2026-1463,2026-03-16T21:05:22,Badulla,WET,Flood,4,CRITICAL,885,23,Rescue Teams|Medical Kits,46,RESOLVED,CITIZEN,MOBILE_APP,SINHALA,RAIN,False,False,False,True,OFFICER-01,9,0,1,66,False,MODERATE,0,True,3,20,0,True,True,False
INC-2021-1464,2021-04-28T22:10:54,Kalutara,WET,Landslide,3,HIGH,404,34,Rescue Teams|Medical Kits,22,RESOLVED,CITIZEN,MOBILE_APP,TAMIL,RAIN,True,False,False,True,OFFICER-01,3,5,5,37,False,MODERATE,0,True,4,18,2,True,False,False
INC-2023-1465,2023-02-28T20:15:42,Anuradhapura,WET,High Winds/Cyclone,4,CRITICAL,1026,74,Rescue Teams|Medical Kits,37,RESOLVED,CITIZEN,MOBILE_APP,SINHALA,RAIN,False,True,False,True,OFFICER-01,8,1,5,85,False,MODERATE,0,True,2,0,1,True,True,False
INC-2021-1466,2021-07-18T06:10:22,Kandy,WET,Medical Emergency,4,CRITICAL,2074,147,Rescue Teams|Medical Kits,18,RESOLVED,CITIZEN,MOBILE_APP,ENGLISH,RAIN,True,False,False,True,OFFICER-01,3,2,3,80,False,MODERATE,0,True,7,20,6,False,True,False
INC-2023-1467,2023-03-05T10:37:29,Kegalle,WET,High Winds/Cyclone,1,LOW,56,0,Rescue Teams|Medical Kits,115,RESOLVED,CITIZEN,MOBILE_APP,SINHALA,RAIN,False,False,False,True,OFFICER-01,5,0,3,4,False,MODERATE,0,True,3,0,6,False,False,False
INC-2026-1468,2026-04-02T09:54:22,Vavuniya,WET,Medical Emergency,4,CRITICAL,1195,68,Rescue Teams|Medical Kits,84,RESOLVED,CITIZEN,MOBILE_APP,ENGLISH,RAIN,True,True,False,True,OFFICER-01,9,5,4,21,False,MODERATE,0,True,4,18,3,True,True,False
INC-2021-1469,2021-05-06T10:12:08,Galle,WET,Flood,2,MEDIUM,159,0,Rescue Teams|Medical Kits,26,RESOLVED,CITIZEN,MOBILE_APP,ENGLISH,RAIN,False,False,False,True,OFFICER-01,1,0,3,59,False,MODERATE,0,True,5,7,3,False,False,False
INC-2023-1470,2023-07-13T14:22:20,Batticaloa,WET,Drought,1,LOW,18,0,Rescue Teams|Medical Kits,118,RESOLVED,CITIZEN,MOBILE_APP,TAMIL,RAIN,False,False,False,True,OFFICER-01,0,2,3,60,False,MODERATE,0,True,7,19,3,False,False,False
INC-2022-1471,2022-03-09T00:59:26,Matara,WET,Drought,2,MEDIUM,181,0,Rescue Teams|Medical Kits,61,RESOLVED,CITIZEN,MOBILE_APP,TAMIL,RAIN,False,False,False,True,OFFICER-01,10,5,0,61,False,MODERATE,0,True,3,17,2,True,False,False
INC-2024-1472,2024-03-11T01:57:30,Trincomalee,WET,Forest Fire,3,HIGH,582,22,Rescue Teams|Medical Kits,31,RESOLVED,CITIZEN,MOBILE_APP,SINHALA,RAIN,True,True,False,True,OFFICER-01,8,1,1,28,False,MODERATE,0,True,3,6,0,False,True,False
INC-2025-1473,2025-08-10T02:15:18,Gampaha,WET,Flood,4,CRITICAL,987,13,Rescue Teams|Medical Kits,51,RESOLVED,CITIZEN,MOBILE_APP,TAMIL,RAIN,True,True,False,True,OFFICER-01,1,1,1,32,False,MODERATE,0,True,8,0,6,True,True,True
INC-2021-1474,2021-07-27T14:46:07,Jaffna,WET,High Winds/Cyclone,2,MEDIUM,161,0,Rescue Teams|Medical Kits,105,RESOLVED,CITIZEN,MOBILE_APP,ENGLISH,RAIN,True,False,False,True,OFFICER-01,10,4,4,66,False,MODERATE,0,True,7,10,1,False,False,False
INC-2024-1475,2024-11-28T04:41:54,Kegalle,WET,Forest Fire,1,LOW,74,0,Rescue Teams|Medical Kits,56,RESOLVED,CITIZEN,MOBILE_APP,ENGLISH,RAIN,False,False,False,True,OFFICER-01,5,5,1,74,False,MODERATE,0,True,11,4,3,False,False,False
INC-2026-1476,2026-04-06T22:44:00,Gampaha,WET,Forest Fire,1,LOW,0,0,Rescue Teams|Medical Kits,95,RESOLVED,CITIZEN,MOBILE_APP,SINHALA,RAIN,False,False,False,True,OFFICER-01,3,1,0,18,False,MODERATE,0,True,4,12,0,False,False,False
INC-2025-1477,2025-05-25T17:29:29,Colombo,WET,High Winds/Cyclone,3,HIGH,776,48,Rescue Teams|Medical Kits,65,RESOLVED,CITIZEN,MOBILE_APP,ENGLISH,RAIN,True,False,False,True,OFFICER-01,0,4,3,61,False,MODERATE,0,True,5,5,6,False,True,False
INC-2022-1478,2022-12-04T11:10:28,Kalutara,WET,Forest Fire,3,HIGH,805,11,Rescue Teams|Medical Kits,66,RESOLVED,CITIZEN,MOBILE_APP,ENGLISH,RAIN,True,False,False,True,OFFICER-01,3,3,4,33,False,MODERATE,0,True,12,18,6,True,False,False
INC-2024-1479,2024-08-22T23:43:13,Monaragala,WET,Landslide,1,LOW,7,0,Rescue Teams|Medical Kits,98,RESOLVED,CITIZEN,MOBILE_APP,TAMIL,RAIN,False,True,False,True,OFFICER-01,5,2,1,32,False,MODERATE,0,True,8,8,3,False,False,False
INC-2022-1480,2022-11-25T09:32:04,Ampara,WET,Landslide,3,HIGH,982,86,Rescue Teams|Medical Kits,73,RESOLVED,CITIZEN,MOBILE_APP,TAMIL,RAIN,True,False,False,True,OFFICER-01,1,5,2,97,False,MODERATE,0,True,11,17,4,False,False,False
INC-2024-1481,2024-05-31T16:52:57,Matara,WET,High Winds/Cyclone,3,HIGH,434,8,Rescue Teams|Medical Kits,97,RESOLVED,CITIZEN,MOBILE_APP,SINHALA,RAIN,True,False,False,True,OFFICER-01,8,1,0,29,False,MODERATE,0,True,5,0,4,True,True,False
INC-2023-1482,2023-11-22T04:42:33,Batticaloa,WET,Flood,4,CRITICAL,1002,30,Rescue Teams|Medical Kits,52,RESOLVED,CITIZEN,MOBILE_APP,SINHALA,RAIN,True,True,False,True,OFFICER-01,5,2,3,55,False,MODERATE,0,True,11,5,2,False,True,False
INC-2024-1483,2024-09-15T00:55:45,Matale,WET,Flood,4,CRITICAL,1222,44,Rescue Teams|Medical Kits,38,RESOLVED,CITIZEN,MOBILE_APP,ENGLISH,RAIN,True,True,False,True,OFFICER-01,8,1,1,87,False,MODERATE,0,True,9,16,6,False,True,False
INC-2021-1484,2021-11-20T06:51:49,Batticaloa,WET,Flood,3,HIGH,575,48,Rescue Teams|Medical Kits,60,RESOLVED,CITIZEN,MOBILE_APP,TAMIL,RAIN,True,False,False,True,OFFICER-01,9,1,4,67,False,MODERATE,0,True,11,5,5,False,False,False
INC-2024-1485,2024-06-19T06:12:35,Colombo,WET,Landslide,4,CRITICAL,1234,101,Rescue Teams|Medical Kits,44,RESOLVED,CITIZEN,MOBILE_APP,TAMIL,RAIN,True,False,False,True,OFFICER-01,8,1,2,20,False,MODERATE,0,True,6,17,2,True,True,True
INC-2020-1486,2020-11-07T02:50:08,Kilinochchi,WET,Flood,2,MEDIUM,198,0,Rescue Teams|Medical Kits,94,RESOLVED,CITIZEN,MOBILE_APP,SINHALA,RAIN,True,False,False,True,OFFICER-01,2,4,4,54,False,MODERATE,0,True,11,20,5,False,False,False
INC-2021-1487,2021-09-20T04:50:09,Kegalle,WET,Flood,2,MEDIUM,242,0,Rescue Teams|Medical Kits,52,RESOLVED,CITIZEN,MOBILE_APP,ENGLISH,RAIN,False,False,False,True,OFFICER-01,8,3,3,59,False,MODERATE,0,True,9,12,0,True,False,False
INC-2022-1488,2022-09-27T04:11:26,Matara,WET,Forest Fire,1,LOW,73,0,Rescue Teams|Medical Kits,15,RESOLVED,CITIZEN,MOBILE_APP,SINHALA,RAIN,False,False,False,True,OFFICER-01,4,5,4,85,False,MODERATE,0,True,9,9,1,False,False,False
INC-2022-1489,2022-08-26T02:58:44,Kalutara,WET,Drought,4,CRITICAL,1551,69,Rescue Teams|Medical Kits,23,RESOLVED,CITIZEN,MOBILE_APP,SINHALA,RAIN,True,False,False,True,OFFICER-01,6,1,1,61,False,MODERATE,0,True,8,3,4,True,True,True
INC-2021-1490,2021-05-12T21:19:35,Matale,WET,Building Collapse,2,MEDIUM,235,0,Rescue Teams|Medical Kits,65,RESOLVED,CITIZEN,MOBILE_APP,SINHALA,RAIN,False,False,False,True,OFFICER-01,10,3,3,75,False,MODERATE,0,True,5,7,2,False,True,False
INC-2021-1491,2021-08-23T18:48:33,Galle,WET,Flood,4,CRITICAL,654,18,Rescue Teams|Medical Kits,50,RESOLVED,CITIZEN,MOBILE_APP,SINHALA,RAIN,True,False,False,True,OFFICER-01,6,0,5,94,False,MODERATE,0,True,8,21,0,False,True,False
INC-2024-1492,2024-12-25T10:05:13,Kilinochchi,WET,Flood,2,MEDIUM,107,0,Rescue Teams|Medical Kits,33,RESOLVED,CITIZEN,MOBILE_APP,TAMIL,RAIN,False,False,False,True,OFFICER-01,4,2,0,81,False,MODERATE,0,True,12,14,2,False,True,False
INC-2020-1493,2020-12-30T09:55:34,Trincomalee,WET,Drought,1,LOW,61,0,Rescue Teams|Medical Kits,113,RESOLVED,CITIZEN,MOBILE_APP,TAMIL,RAIN,False,False,False,True,OFFICER-01,9,3,1,84,False,MODERATE,0,True,12,3,2,False,False,False
INC-2023-1494,2023-09-23T15:55:41,Kurunegala,WET,Medical Emergency,1,LOW,46,0,Rescue Teams|Medical Kits,110,RESOLVED,CITIZEN,MOBILE_APP,TAMIL,RAIN,False,False,False,True,OFFICER-01,7,1,0,96,False,MODERATE,0,True,9,17,5,False,False,False
INC-2026-1495,2026-02-14T23:35:58,Puttalam,WET,Medical Emergency,1,LOW,57,0,Rescue Teams|Medical Kits,63,RESOLVED,CITIZEN,MOBILE_APP,ENGLISH,RAIN,False,False,False,True,OFFICER-01,1,5,3,54,False,MODERATE,0,True,2,1,5,False,False,False
INC-2024-1496,2024-12-22T11:09:50,Hambantota,WET,Forest Fire,2,MEDIUM,316,0,Rescue Teams|Medical Kits,116,RESOLVED,CITIZEN,MOBILE_APP,ENGLISH,RAIN,False,False,False,True,OFFICER-01,4,1,4,13,False,MODERATE,0,True,12,22,6,True,False,False
INC-2020-1497,2020-10-02T04:28:40,Matale,WET,High Winds/Cyclone,3,HIGH,388,11,Rescue Teams|Medical Kits,61,RESOLVED,CITIZEN,MOBILE_APP,SINHALA,RAIN,True,True,False,True,OFFICER-01,10,3,5,55,False,MODERATE,0,True,10,3,4,False,True,False
INC-2023-1498,2023-08-03T02:18:05,Gampaha,WET,High Winds/Cyclone,2,MEDIUM,226,0,Rescue Teams|Medical Kits,107,RESOLVED,CITIZEN,MOBILE_APP,TAMIL,RAIN,True,True,False,True,OFFICER-01,4,2,5,65,False,MODERATE,0,True,8,8,3,False,False,False
INC-2022-1499,2022-10-18T15:19:02,Badulla,WET,High Winds/Cyclone,2,MEDIUM,140,0,Rescue Teams|Medical Kits,60,RESOLVED,CITIZEN,MOBILE_APP,SINHALA,RAIN,False,False,False,True,OFFICER-01,0,0,5,62,False,MODERATE,0,True,10,8,1,True,False,False
INC-2022-1500,2022-01-24T04:19:14,Ampara,WET,Drought,2,MEDIUM,113,0,Rescue Teams|Medical Kits,70,RESOLVED,CITIZEN,MOBILE_APP,TAMIL,RAIN,True,False,False,True,OFFICER-01,4,0,5,62,False,MODERATE,0,True,1,18,0,True,False,False
INC-2024-1501,2024-10-07T22:38:30,Vavuniya,WET,Medical Emergency,1,LOW,41,0,Rescue Teams|Medical Kits,92,RESOLVED,CITIZEN,MOBILE_APP,TAMIL,RAIN,False,False,False,True,OFFICER-01,10,3,0,77,False,MODERATE,0,True,10,12,0,False,False,False
INC-2020-1502,2020-11-30T21:58:38,Polonnaruwa,WET,High Winds/Cyclone,3,HIGH,630,61,Rescue Teams|Medical Kits,88,RESOLVED,CITIZEN,MOBILE_APP,SINHALA,RAIN,True,False,False,True,OFFICER-01,1,1,2,74,False,MODERATE,0,True,11,19,0,True,True,False
INC-2025-1503,2025-09-20T17:23:29,Mannar,WET,Medical Emergency,2,MEDIUM,218,0,Rescue Teams|Medical Kits,119,RESOLVED,CITIZEN,MOBILE_APP,ENGLISH,RAIN,False,False,False,True,OFFICER-01,0,2,5,100,False,MODERATE,0,True,9,13,5,False,True,False
INC-2023-1504,2023-09-29T19:03:09,Ampara,WET,Landslide,4,CRITICAL,859,23,Rescue Teams|Medical Kits,19,RESOLVED,CITIZEN,MOBILE_APP,ENGLISH,RAIN,True,False,False,True,OFFICER-01,10,5,3,85,False,MODERATE,0,True,9,2,4,True,False,True
INC-2020-1505,2020-03-20T15:53:58,Galle,WET,Flood,3,HIGH,379,9,Rescue Teams|Medical Kits,57,RESOLVED,CITIZEN,MOBILE_APP,SINHALA,RAIN,True,False,False,True,OFFICER-01,4,3,0,93,False,MODERATE,0,True,3,4,4,False,True,False
INC-2023-1506,2023-11-19T16:17:28,Ampara,WET,Flood,4,CRITICAL,1492,43,Rescue Teams|Medical Kits,59,RESOLVED,CITIZEN,MOBILE_APP,ENGLISH,RAIN,True,True,False,True,OFFICER-01,3,2,3,100,False,MODERATE,0,True,11,4,6,False,True,False
INC-2020-1507,2020-05-28T12:09:36,Hambantota,WET,Landslide,4,CRITICAL,1169,59,Rescue Teams|Medical Kits,48,RESOLVED,CITIZEN,MOBILE_APP,SINHALA,RAIN,True,True,False,True,OFFICER-01,3,4,4,82,False,MODERATE,0,True,5,4,3,True,True,True
INC-2022-1508,2022-09-27T01:11:52,Trincomalee,WET,High Winds/Cyclone,3,HIGH,907,58,Rescue Teams|Medical Kits,78,RESOLVED,CITIZEN,MOBILE_APP,SINHALA,RAIN,True,False,False,True,OFFICER-01,5,2,4,68,False,MODERATE,0,True,9,20,1,False,True,True
INC-2026-1509,2026-04-17T15:54:34,Ratnapura,WET,Drought,1,LOW,109,0,Rescue Teams|Medical Kits,27,RESOLVED,CITIZEN,MOBILE_APP,TAMIL,RAIN,True,False,False,True,OFFICER-01,1,5,3,40,False,MODERATE,0,True,4,9,4,False,False,False
INC-2025-1510,2025-04-15T20:44:52,Nuwara Eliya,WET,High Winds/Cyclone,2,MEDIUM,275,0,Rescue Teams|Medical Kits,40,RESOLVED,CITIZEN,MOBILE_APP,ENGLISH,RAIN,False,True,False,True,OFFICER-01,7,2,2,56,False,MODERATE,0,True,4,12,1,False,False,False
INC-2023-1511,2023-01-28T00:39:02,Matale,WET,Drought,1,LOW,66,0,Rescue Teams|Medical Kits,56,RESOLVED,CITIZEN,MOBILE_APP,SINHALA,RAIN,False,False,False,True,OFFICER-01,1,1,4,39,False,MODERATE,0,True,1,5,5,False,False,False
INC-2024-1512,2024-04-21T10:59:18,Monaragala,WET,Landslide,4,CRITICAL,1683,130,Rescue Teams|Medical Kits,83,RESOLVED,CITIZEN,MOBILE_APP,SINHALA,RAIN,True,True,False,True,OFFICER-01,6,4,5,9,False,MODERATE,0,True,4,2,6,True,True,True
INC-2021-1513,2021-09-09T02:09:06,Kalutara,WET,Flood,1,LOW,31,0,Rescue Teams|Medical Kits,99,RESOLVED,CITIZEN,MOBILE_APP,ENGLISH,RAIN,False,False,False,True,OFFICER-01,4,1,5,43,False,MODERATE,0,True,9,19,3,False,False,False
INC-2024-1514,2024-07-13T10:31:00,Anuradhapura,WET,Drought,1,LOW,67,0,Rescue Teams|Medical Kits,28,RESOLVED,CITIZEN,MOBILE_APP,TAMIL,RAIN,True,False,False,True,OFFICER-01,4,4,4,10,False,MODERATE,0,True,7,12,5,True,False,False
INC-2022-1515,2022-10-03T02:59:03,Ratnapura,WET,Drought,2,MEDIUM,136,0,Rescue Teams|Medical Kits,46,RESOLVED,CITIZEN,MOBILE_APP,TAMIL,RAIN,False,True,False,True,OFFICER-01,2,5,2,3,False,MODERATE,0,True,10,1,0,True,False,False
INC-2024-1516,2024-03-16T08:03:54,Galle,WET,High Winds/Cyclone,3,HIGH,825,78,Rescue Teams|Medical Kits,46,RESOLVED,CITIZEN,MOBILE_APP,SINHALA,RAIN,True,False,False,True,OFFICER-01,7,5,1,18,False,MODERATE,0,True,3,21,5,True,True,False
INC-2020-1517,2020-02-08T13:58:46,Kurunegala,WET,Landslide,2,MEDIUM,111,0,Rescue Teams|Medical Kits,93,RESOLVED,CITIZEN,MOBILE_APP,ENGLISH,RAIN,False,False,False,True,OFFICER-01,7,3,4,70,False,MODERATE,0,True,2,0,5,False,False,True
INC-2024-1518,2024-10-30T23:32:24,Kandy,WET,Drought,2,MEDIUM,55,0,Rescue Teams|Medical Kits,89,RESOLVED,CITIZEN,MOBILE_APP,ENGLISH,RAIN,False,False,False,True,OFFICER-01,10,4,3,95,False,MODERATE,0,True,10,16,2,False,False,False
INC-2022-1519,2022-03-23T10:16:39,Nuwara Eliya,WET,Building Collapse,3,HIGH,535,6,Rescue Teams|Medical Kits,70,RESOLVED,CITIZEN,MOBILE_APP,ENGLISH,RAIN,True,True,False,True,OFFICER-01,5,1,2,69,False,MODERATE,0,True,3,22,2,False,True,False
INC-2023-1520,2023-01-14T09:22:49,Gampaha,WET,High Winds/Cyclone,3,HIGH,327,10,Rescue Teams|Medical Kits,120,RESOLVED,CITIZEN,MOBILE_APP,TAMIL,RAIN,False,False,False,True,OFFICER-01,3,4,4,16,False,MODERATE,0,True,1,23,5,True,True,True
INC-2020-1521,2020-10-27T04:36:51,Trincomalee,WET,High Winds/Cyclone,2,MEDIUM,252,0,Rescue Teams|Medical Kits,55,RESOLVED,CITIZEN,MOBILE_APP,SINHALA,RAIN,False,False,False,True,OFFICER-01,9,1,5,44,False,MODERATE,0,True,10,17,1,False,False,False
INC-2026-1522,2026-02-07T09:29:22,Nuwara Eliya,WET,Building Collapse,3,HIGH,601,54,Rescue Teams|Medical Kits,74,RESOLVED,CITIZEN,MOBILE_APP,ENGLISH,RAIN,True,False,False,True,OFFICER-01,9,0,3,79,False,MODERATE,0,True,2,21,5,True,True,False
INC-2023-1523,2023-09-22T10:01:29,Nuwara Eliya,WET,Drought,2,MEDIUM,0,0,Rescue Teams|Medical Kits,36,RESOLVED,CITIZEN,MOBILE_APP,SINHALA,RAIN,False,False,False,True,OFFICER-01,8,3,4,83,False,MODERATE,0,True,9,2,4,True,False,False
INC-2020-1524,2020-06-27T18:55:22,Kilinochchi,WET,Landslide,3,HIGH,603,33,Rescue Teams|Medical Kits,33,RESOLVED,CITIZEN,MOBILE_APP,SINHALA,RAIN,True,False,False,True,OFFICER-01,10,2,0,92,False,MODERATE,0,True,6,5,5,False,False,False
INC-2022-1525,2022-05-07T18:47:26,Anuradhapura,WET,Medical Emergency,3,HIGH,148,7,Rescue Teams|Medical Kits,18,RESOLVED,CITIZEN,MOBILE_APP,TAMIL,RAIN,True,False,False,True,OFFICER-01,9,3,3,90,False,MODERATE,0,True,5,5,5,True,True,False
INC-2021-1526,2021-02-18T07:48:09,Polonnaruwa,WET,Drought,1,LOW,62,0,Rescue Teams|Medical Kits,54,RESOLVED,CITIZEN,MOBILE_APP,TAMIL,RAIN,False,False,False,True,OFFICER-01,10,2,2,29,False,MODERATE,0,True,2,14,3,False,False,False
INC-2024-1527,2024-11-05T11:38:41,Trincomalee,WET,Medical Emergency,1,LOW,93,0,Rescue Teams|Medical Kits,113,RESOLVED,CITIZEN,MOBILE_APP,TAMIL,RAIN,False,False,False,True,OFFICER-01,10,4,2,0,False,MODERATE,0,True,11,4,1,True,False,False
INC-2025-1528,2025-03-08T22:39:21,Gampaha,WET,Forest Fire,1,LOW,0,0,Rescue Teams|Medical Kits,90,RESOLVED,CITIZEN,MOBILE_APP,SINHALA,RAIN,True,False,False,True,OFFICER-01,1,4,0,67,False,MODERATE,0,True,3,11,5,True,False,False
INC-2023-1529,2023-07-09T08:33:38,Nuwara Eliya,WET,Drought,4,CRITICAL,772,62,Rescue Teams|Medical Kits,91,RESOLVED,CITIZEN,MOBILE_APP,SINHALA,RAIN,True,True,False,True,OFFICER-01,2,0,5,63,False,MODERATE,0,True,7,21,6,True,True,False
INC-2026-1530,2026-03-13T21:21:30,Gampaha,WET,Flood,4,CRITICAL,1338,41,Rescue Teams|Medical Kits,88,RESOLVED,CITIZEN,MOBILE_APP,TAMIL,RAIN,True,False,False,True,OFFICER-01,10,3,3,48,False,MODERATE,0,True,3,12,4,True,True,False
INC-2025-1531,2025-12-03T16:28:13,Nuwara Eliya,WET,Landslide,1,LOW,56,0,Rescue Teams|Medical Kits,38,RESOLVED,CITIZEN,MOBILE_APP,SINHALA,RAIN,False,True,False,True,OFFICER-01,4,2,1,90,False,MODERATE,0,True,12,10,2,False,False,False
INC-2023-1532,2023-08-30T02:02:01,Vavuniya,WET,Landslide,4,CRITICAL,1133,33,Rescue Teams|Medical Kits,48,RESOLVED,CITIZEN,MOBILE_APP,ENGLISH,RAIN,True,False,False,True,OFFICER-01,3,1,2,82,False,MODERATE,0,True,8,5,2,True,True,True
INC-2025-1533,2025-05-20T16:26:51,Gampaha,WET,Landslide,4,CRITICAL,1086,53,Rescue Teams|Medical Kits,82,RESOLVED,CITIZEN,MOBILE_APP,ENGLISH,RAIN,True,False,False,True,OFFICER-01,0,4,0,71,False,MODERATE,0,True,5,3,1,False,True,True
INC-2020-1534,2020-07-02T18:15:37,Kilinochchi,WET,Drought,2,MEDIUM,319,0,Rescue Teams|Medical Kits,15,RESOLVED,CITIZEN,MOBILE_APP,TAMIL,RAIN,True,False,False,True,OFFICER-01,0,0,2,49,False,MODERATE,0,True,7,5,3,True,True,True
INC-2022-1535,2022-08-09T12:41:27,Colombo,WET,Medical Emergency,3,HIGH,903,27,Rescue Teams|Medical Kits,62,RESOLVED,CITIZEN,MOBILE_APP,SINHALA,RAIN,True,True,False,True,OFFICER-01,2,1,5,79,False,MODERATE,0,True,8,18,1,True,False,True
INC-2024-1536,2024-03-27T20:35:08,Hambantota,WET,Drought,2,MEDIUM,314,0,Rescue Teams|Medical Kits,27,RESOLVED,CITIZEN,MOBILE_APP,TAMIL,RAIN,False,True,False,True,OFFICER-01,2,4,2,73,False,MODERATE,0,True,3,11,2,False,True,True
INC-2021-1537,2021-07-03T16:43:45,Monaragala,WET,High Winds/Cyclone,2,MEDIUM,361,0,Rescue Teams|Medical Kits,79,RESOLVED,CITIZEN,MOBILE_APP,SINHALA,RAIN,False,False,False,True,OFFICER-01,7,0,4,4,False,MODERATE,0,True,7,5,5,False,False,False
INC-2024-1538,2024-07-28T05:36:15,Mullaitivu,WET,High Winds/Cyclone,4,CRITICAL,891,24,Rescue Teams|Medical Kits,118,RESOLVED,CITIZEN,MOBILE_APP,ENGLISH,RAIN,True,False,False,True,OFFICER-01,4,0,2,87,False,MODERATE,0,True,7,3,6,True,True,False
INC-2021-1539,2021-07-14T12:50:54,Ampara,WET,Drought,1,LOW,66,0,Rescue Teams|Medical Kits,78,RESOLVED,CITIZEN,MOBILE_APP,SINHALA,RAIN,False,False,False,True,OFFICER-01,9,1,4,43,False,MODERATE,0,True,7,3,2,False,False,False
INC-2023-1540,2023-11-13T14:26:07,Kilinochchi,WET,Drought,2,MEDIUM,186,0,Rescue Teams|Medical Kits,115,RESOLVED,CITIZEN,MOBILE_APP,ENGLISH,RAIN,False,False,False,True,OFFICER-01,1,5,4,8,False,MODERATE,0,True,11,12,0,False,False,False
INC-2022-1541,2022-11-17T04:45:11,Ratnapura,WET,Drought,2,MEDIUM,167,0,Rescue Teams|Medical Kits,119,RESOLVED,CITIZEN,MOBILE_APP,ENGLISH,RAIN,True,False,False,True,OFFICER-01,3,3,0,45,False,MODERATE,0,True,11,7,3,True,True,False
INC-2020-1542,2020-07-01T03:20:08,Mannar,WET,Medical Emergency,3,HIGH,771,32,Rescue Teams|Medical Kits,105,RESOLVED,CITIZEN,MOBILE_APP,TAMIL,RAIN,True,False,False,True,OFFICER-01,1,4,0,84,False,MODERATE,0,True,7,21,2,False,False,False
INC-2025-1543,2025-07-27T09:44:06,Puttalam,WET,Medical Emergency,2,MEDIUM,220,0,Rescue Teams|Medical Kits,88,RESOLVED,CITIZEN,MOBILE_APP,TAMIL,RAIN,True,False,False,True,OFFICER-01,8,4,3,96,False,MODERATE,0,True,7,18,6,False,True,False
INC-2024-1544,2024-08-24T13:07:44,Mullaitivu,WET,Landslide,2,MEDIUM,244,0,Rescue Teams|Medical Kits,32,RESOLVED,CITIZEN,MOBILE_APP,ENGLISH,RAIN,True,True,False,True,OFFICER-01,3,2,5,54,False,MODERATE,0,True,8,10,5,False,False,False
INC-2023-1545,2023-06-09T22:10:35,Badulla,WET,Drought,1,LOW,16,0,Rescue Teams|Medical Kits,18,RESOLVED,CITIZEN,MOBILE_APP,ENGLISH,RAIN,False,False,False,True,OFFICER-01,1,2,4,61,False,MODERATE,0,True,6,15,4,False,False,False
INC-2025-1546,2025-03-09T03:47:08,Polonnaruwa,WET,Drought,1,LOW,91,0,Rescue Teams|Medical Kits,113,RESOLVED,CITIZEN,MOBILE_APP,TAMIL,RAIN,False,False,False,True,OFFICER-01,0,4,0,24,False,MODERATE,0,True,3,9,6,False,False,False
INC-2020-1547,2020-10-04T02:18:07,Hambantota,WET,Drought,3,HIGH,593,20,Rescue Teams|Medical Kits,84,RESOLVED,CITIZEN,MOBILE_APP,SINHALA,RAIN,True,False,False,True,OFFICER-01,10,2,5,6,False,MODERATE,0,True,10,3,6,True,True,False
INC-2024-1548,2024-07-17T23:42:32,Colombo,WET,Building Collapse,3,HIGH,781,25,Rescue Teams|Medical Kits,39,RESOLVED,CITIZEN,MOBILE_APP,ENGLISH,RAIN,True,False,False,True,OFFICER-01,8,0,5,55,False,MODERATE,0,True,7,12,2,False,False,False
INC-2026-1549,2026-04-13T13:32:25,Kurunegala,WET,Forest Fire,3,HIGH,948,44,Rescue Teams|Medical Kits,62,RESOLVED,CITIZEN,MOBILE_APP,TAMIL,RAIN,False,False,False,True,OFFICER-01,0,1,0,58,False,MODERATE,0,True,4,2,0,True,False,True
INC-2021-1550,2021-07-30T23:11:51,Ratnapura,WET,Forest Fire,1,LOW,69,0,Rescue Teams|Medical Kits,106,RESOLVED,CITIZEN,MOBILE_APP,SINHALA,RAIN,True,True,False,True,OFFICER-01,7,1,4,81,False,MODERATE,0,True,7,2,4,False,False,False
INC-2025-1551,2025-03-19T13:51:51,Colombo,WET,Medical Emergency,3,HIGH,728,9,Rescue Teams|Medical Kits,103,RESOLVED,CITIZEN,MOBILE_APP,SINHALA,RAIN,True,False,False,True,OFFICER-01,4,0,1,84,False,MODERATE,0,True,3,6,2,False,True,False
INC-2022-1552,2022-10-24T14:33:32,Matale,WET,Building Collapse,4,CRITICAL,1258,115,Rescue Teams|Medical Kits,62,RESOLVED,CITIZEN,MOBILE_APP,ENGLISH,RAIN,True,True,False,True,OFFICER-01,0,1,1,76,False,MODERATE,0,True,10,21,0,True,True,False
INC-2022-1553,2022-02-03T20:00:04,Vavuniya,WET,Forest Fire,1,LOW,36,0,Rescue Teams|Medical Kits,102,RESOLVED,CITIZEN,MOBILE_APP,TAMIL,RAIN,False,False,False,True,OFFICER-01,10,2,1,83,False,MODERATE,0,True,2,13,3,False,False,False
INC-2026-1554,2026-04-07T15:22:46,Kegalle,WET,Drought,2,MEDIUM,186,0,Rescue Teams|Medical Kits,68,RESOLVED,CITIZEN,MOBILE_APP,ENGLISH,RAIN,False,False,False,True,OFFICER-01,6,2,1,99,False,MODERATE,0,True,4,0,1,False,False,False
INC-2024-1555,2024-02-25T20:03:36,Matara,WET,Flood,3,HIGH,449,6,Rescue Teams|Medical Kits,65,RESOLVED,CITIZEN,MOBILE_APP,SINHALA,RAIN,False,False,False,True,OFFICER-01,7,1,5,88,False,MODERATE,0,True,2,22,6,True,False,False
INC-2021-1556,2021-11-23T18:11:26,Kalutara,WET,High Winds/Cyclone,2,MEDIUM,352,0,Rescue Teams|Medical Kits,35,RESOLVED,CITIZEN,MOBILE_APP,ENGLISH,RAIN,True,False,False,True,OFFICER-01,1,1,4,41,False,MODERATE,0,True,11,3,1,False,False,False
INC-2021-1557,2021-06-03T23:46:04,Mannar,WET,Flood,4,CRITICAL,1447,52,Rescue Teams|Medical Kits,106,RESOLVED,CITIZEN,MOBILE_APP,TAMIL,RAIN,True,True,False,True,OFFICER-01,6,2,4,36,False,MODERATE,0,True,6,4,3,True,True,False
INC-2022-1558,2022-06-03T13:07:49,Ampara,WET,Flood,4,CRITICAL,1049,93,Rescue Teams|Medical Kits,65,RESOLVED,CITIZEN,MOBILE_APP,SINHALA,RAIN,True,False,False,True,OFFICER-01,1,4,3,25,False,MODERATE,0,True,6,19,4,True,True,False
INC-2021-1559,2021-01-29T22:23:00,Trincomalee,WET,Building Collapse,2,MEDIUM,205,0,Rescue Teams|Medical Kits,76,RESOLVED,CITIZEN,MOBILE_APP,SINHALA,RAIN,False,False,False,True,OFFICER-01,1,1,0,49,False,MODERATE,0,True,1,15,4,False,True,False
INC-2021-1560,2021-07-27T03:42:04,Kalutara,WET,High Winds/Cyclone,2,MEDIUM,277,0,Rescue Teams|Medical Kits,45,RESOLVED,CITIZEN,MOBILE_APP,ENGLISH,RAIN,False,True,False,True,OFFICER-01,9,2,3,94,False,MODERATE,0,True,7,2,1,False,False,False
INC-2021-1561,2021-03-19T12:51:38,Monaragala,WET,Drought,2,MEDIUM,315,0,Rescue Teams|Medical Kits,99,RESOLVED,CITIZEN,MOBILE_APP,TAMIL,RAIN,False,False,False,True,OFFICER-01,3,1,5,40,False,MODERATE,0,True,3,1,4,False,False,False
INC-2020-1562,2020-05-15T22:49:30,Puttalam,WET,Medical Emergency,4,CRITICAL,1131,107,Rescue Teams|Medical Kits,47,RESOLVED,CITIZEN,MOBILE_APP,SINHALA,RAIN,True,True,False,True,OFFICER-01,5,3,1,82,False,MODERATE,0,True,5,10,4,False,True,False
INC-2020-1563,2020-06-24T07:35:18,Kandy,WET,Flood,4,CRITICAL,1471,17,Rescue Teams|Medical Kits,79,RESOLVED,CITIZEN,MOBILE_APP,SINHALA,RAIN,True,False,False,True,OFFICER-01,3,1,5,24,False,MODERATE,0,True,6,9,2,True,True,False
INC-2022-1564,2022-11-09T13:40:17,Kilinochchi,WET,Forest Fire,1,LOW,28,0,Rescue Teams|Medical Kits,71,RESOLVED,CITIZEN,MOBILE_APP,SINHALA,RAIN,False,False,False,True,OFFICER-01,3,4,4,36,False,MODERATE,0,True,11,0,2,False,False,False
INC-2024-1565,2024-09-26T01:58:44,Hambantota,WET,Landslide,1,LOW,87,0,Rescue Teams|Medical Kits,22,RESOLVED,CITIZEN,MOBILE_APP,SINHALA,RAIN,False,False,False,True,OFFICER-01,10,0,3,66,False,MODERATE,0,True,9,10,3,False,False,False
INC-2024-1566,2024-07-17T22:20:23,Colombo,WET,High Winds/Cyclone,2,MEDIUM,318,0,Rescue Teams|Medical Kits,107,RESOLVED,CITIZEN,MOBILE_APP,ENGLISH,RAIN,False,True,False,True,OFFICER-01,5,0,1,13,False,MODERATE,0,True,7,5,2,True,False,True
INC-2025-1567,2025-10-27T02:20:40,Galle,WET,Landslide,3,HIGH,697,47,Rescue Teams|Medical Kits,22,RESOLVED,CITIZEN,MOBILE_APP,ENGLISH,RAIN,False,False,False,True,OFFICER-01,9,0,1,97,False,MODERATE,0,True,10,18,0,False,True,False
INC-2025-1568,2025-05-06T00:26:39,Gampaha,WET,Drought,2,MEDIUM,276,0,Rescue Teams|Medical Kits,17,RESOLVED,CITIZEN,MOBILE_APP,TAMIL,RAIN,True,False,False,True,OFFICER-01,7,4,5,49,False,MODERATE,0,True,5,2,1,False,False,False
INC-2022-1569,2022-05-27T14:22:26,Kilinochchi,WET,High Winds/Cyclone,1,LOW,57,0,Rescue Teams|Medical Kits,110,RESOLVED,CITIZEN,MOBILE_APP,SINHALA,RAIN,False,False,False,True,OFFICER-01,10,3,4,32,False,MODERATE,0,True,5,14,4,False,False,False
INC-2022-1570,2022-12-08T07:58:10,Matale,WET,Landslide,4,CRITICAL,940,89,Rescue Teams|Medical Kits,34,RESOLVED,CITIZEN,MOBILE_APP,ENGLISH,RAIN,True,True,False,True,OFFICER-01,8,2,1,18,False,MODERATE,0,True,12,1,3,True,False,True
INC-2022-1571,2022-06-10T06:05:36,Mullaitivu,WET,Forest Fire,1,LOW,33,0,Rescue Teams|Medical Kits,47,RESOLVED,CITIZEN,MOBILE_APP,SINHALA,RAIN,False,False,False,True,OFFICER-01,5,5,0,55,False,MODERATE,0,True,6,12,4,False,False,False
INC-2022-1572,2022-07-20T15:00:28,Matara,WET,Flood,1,LOW,9,0,Rescue Teams|Medical Kits,105,RESOLVED,CITIZEN,MOBILE_APP,TAMIL,RAIN,False,True,False,True,OFFICER-01,3,3,1,80,False,MODERATE,0,True,7,13,2,False,False,False
INC-2023-1573,2023-01-01T13:12:58,Galle,WET,Landslide,3,HIGH,531,8,Rescue Teams|Medical Kits,73,RESOLVED,CITIZEN,MOBILE_APP,TAMIL,RAIN,False,True,False,True,OFFICER-01,7,3,3,59,False,MODERATE,0,True,1,0,6,True,False,False
INC-2023-1574,2023-02-03T13:01:04,Kandy,WET,High Winds/Cyclone,3,HIGH,624,59,Rescue Teams|Medical Kits,107,RESOLVED,CITIZEN,MOBILE_APP,TAMIL,RAIN,True,False,False,True,OFFICER-01,3,1,1,91,False,MODERATE,0,True,2,4,4,False,True,False
INC-2021-1575,2021-08-16T07:23:16,Ampara,WET,Drought,1,LOW,37,0,Rescue Teams|Medical Kits,99,RESOLVED,CITIZEN,MOBILE_APP,TAMIL,RAIN,False,False,False,True,OFFICER-01,5,3,4,97,False,MODERATE,0,True,8,23,0,False,False,False
INC-2023-1576,2023-06-22T06:12:04,Anuradhapura,WET,High Winds/Cyclone,2,MEDIUM,34,0,Rescue Teams|Medical Kits,65,RESOLVED,CITIZEN,MOBILE_APP,SINHALA,RAIN,False,False,False,True,OFFICER-01,7,0,4,83,False,MODERATE,0,True,6,6,3,False,False,False
INC-2023-1577,2023-11-06T07:24:35,Hambantota,WET,Forest Fire,3,HIGH,692,29,Rescue Teams|Medical Kits,67,RESOLVED,CITIZEN,MOBILE_APP,SINHALA,RAIN,True,False,False,True,OFFICER-01,3,1,2,70,False,MODERATE,0,True,11,3,0,True,False,False
INC-2021-1578,2021-05-01T21:50:29,Monaragala,WET,Medical Emergency,3,HIGH,533,51,Rescue Teams|Medical Kits,38,RESOLVED,CITIZEN,MOBILE_APP,ENGLISH,RAIN,False,False,False,True,OFFICER-01,0,5,1,49,False,MODERATE,0,True,5,0,5,False,False,False
INC-2024-1579,2024-10-28T19:52:53,Monaragala,WET,Flood,3,HIGH,586,44,Rescue Teams|Medical Kits,102,RESOLVED,CITIZEN,MOBILE_APP,TAMIL,RAIN,False,True,False,True,OFFICER-01,2,5,3,73,False,MODERATE,0,True,10,5,0,True,True,False
INC-2021-1580,2021-09-06T13:45:51,Matara,WET,Drought,2,MEDIUM,173,0,Rescue Teams|Medical Kits,46,RESOLVED,CITIZEN,MOBILE_APP,TAMIL,RAIN,False,False,False,True,OFFICER-01,2,3,2,78,False,MODERATE,0,True,9,14,0,True,False,False
INC-2025-1581,2025-03-17T10:15:12,Trincomalee,WET,High Winds/Cyclone,2,MEDIUM,102,0,Rescue Teams|Medical Kits,101,RESOLVED,CITIZEN,MOBILE_APP,SINHALA,RAIN,True,False,False,True,OFFICER-01,1,0,0,1,False,MODERATE,0,True,3,1,0,True,False,False
INC-2020-1582,2020-06-12T21:31:37,Puttalam,WET,Medical Emergency,1,LOW,54,0,Rescue Teams|Medical Kits,60,RESOLVED,CITIZEN,MOBILE_APP,SINHALA,RAIN,False,False,False,True,OFFICER-01,2,1,2,8,False,MODERATE,0,True,6,10,4,False,False,True
INC-2023-1583,2023-02-01T14:46:21,Vavuniya,WET,Medical Emergency,2,MEDIUM,177,0,Rescue Teams|Medical Kits,72,RESOLVED,CITIZEN,MOBILE_APP,ENGLISH,RAIN,False,False,False,True,OFFICER-01,5,5,1,37,False,MODERATE,0,True,2,18,2,False,False,False
INC-2022-1584,2022-07-31T03:14:56,Gampaha,WET,Drought,3,HIGH,656,14,Rescue Teams|Medical Kits,35,RESOLVED,CITIZEN,MOBILE_APP,ENGLISH,RAIN,True,False,False,True,OFFICER-01,1,4,4,52,False,MODERATE,0,True,7,20,6,False,True,True
INC-2021-1585,2021-05-06T18:14:37,Puttalam,WET,Landslide,4,CRITICAL,752,72,Rescue Teams|Medical Kits,50,RESOLVED,CITIZEN,MOBILE_APP,TAMIL,RAIN,True,True,False,True,OFFICER-01,3,0,5,18,False,MODERATE,0,True,5,5,3,True,True,True
INC-2023-1586,2023-10-14T06:26:18,Galle,WET,High Winds/Cyclone,2,MEDIUM,264,0,Rescue Teams|Medical Kits,63,RESOLVED,CITIZEN,MOBILE_APP,ENGLISH,RAIN,True,False,False,True,OFFICER-01,6,3,1,98,False,MODERATE,0,True,10,4,5,True,True,False
INC-2020-1587,2020-03-02T23:53:13,Puttalam,WET,Building Collapse,4,CRITICAL,1450,93,Rescue Teams|Medical Kits,71,RESOLVED,CITIZEN,MOBILE_APP,TAMIL,RAIN,False,False,False,True,OFFICER-01,9,1,3,2,False,MODERATE,0,True,3,11,0,True,True,True
INC-2024-1588,2024-03-07T20:48:27,Kilinochchi,WET,Drought,2,MEDIUM,195,0,Rescue Teams|Medical Kits,25,RESOLVED,CITIZEN,MOBILE_APP,ENGLISH,RAIN,False,False,False,True,OFFICER-01,1,1,1,79,False,MODERATE,0,True,3,10,3,True,False,False
INC-2022-1589,2022-07-21T09:24:58,Kilinochchi,WET,Drought,2,MEDIUM,101,0,Rescue Teams|Medical Kits,29,RESOLVED,CITIZEN,MOBILE_APP,TAMIL,RAIN,False,True,False,True,OFFICER-01,3,5,2,37,False,MODERATE,0,True,7,4,3,False,True,False
INC-2026-1590,2026-01-19T06:26:18,Batticaloa,WET,High Winds/Cyclone,3,HIGH,570,26,Rescue Teams|Medical Kits,92,RESOLVED,CITIZEN,MOBILE_APP,ENGLISH,RAIN,False,True,False,True,OFFICER-01,0,4,4,53,False,MODERATE,0,True,1,11,0,True,True,True
INC-2021-1591,2021-06-09T06:02:20,Anuradhapura,WET,Forest Fire,2,MEDIUM,83,0,Rescue Teams|Medical Kits,80,RESOLVED,CITIZEN,MOBILE_APP,ENGLISH,RAIN,True,False,False,True,OFFICER-01,8,0,3,40,False,MODERATE,0,True,6,6,2,False,False,False
INC-2021-1592,2021-06-02T11:37:05,Colombo,WET,Flood,4,CRITICAL,1057,67,Rescue Teams|Medical Kits,48,RESOLVED,CITIZEN,MOBILE_APP,ENGLISH,RAIN,True,True,False,True,OFFICER-01,6,2,0,34,False,MODERATE,0,True,6,22,2,False,True,True
INC-2025-1593,2025-08-02T06:36:28,Kegalle,WET,Flood,3,HIGH,527,41,Rescue Teams|Medical Kits,19,RESOLVED,CITIZEN,MOBILE_APP,SINHALA,RAIN,True,False,False,True,OFFICER-01,9,0,5,73,False,MODERATE,0,True,8,2,5,False,True,False
INC-2020-1594,2020-02-29T16:33:45,Hambantota,WET,Flood,3,HIGH,659,61,Rescue Teams|Medical Kits,63,RESOLVED,CITIZEN,MOBILE_APP,ENGLISH,RAIN,True,True,False,True,OFFICER-01,0,5,5,34,False,MODERATE,0,True,2,1,5,False,True,False
INC-2025-1595,2025-12-05T01:21:23,Polonnaruwa,WET,Drought,2,MEDIUM,169,0,Rescue Teams|Medical Kits,115,RESOLVED,CITIZEN,MOBILE_APP,ENGLISH,RAIN,False,False,False,True,OFFICER-01,6,5,2,16,False,MODERATE,0,True,12,16,4,False,False,False
INC-2022-1596,2022-12-11T17:27:29,Monaragala,WET,Landslide,4,CRITICAL,1747,93,Rescue Teams|Medical Kits,51,RESOLVED,CITIZEN,MOBILE_APP,ENGLISH,RAIN,True,True,False,True,OFFICER-01,1,3,5,10,False,MODERATE,0,True,12,1,6,True,True,False
INC-2025-1597,2025-08-31T21:09:24,Puttalam,WET,Forest Fire,2,MEDIUM,198,0,Rescue Teams|Medical Kits,17,RESOLVED,CITIZEN,MOBILE_APP,SINHALA,RAIN,True,True,False,True,OFFICER-01,1,1,0,22,False,MODERATE,0,True,8,3,6,False,False,False
INC-2023-1598,2023-03-06T01:50:56,Colombo,WET,Landslide,4,CRITICAL,1240,62,Rescue Teams|Medical Kits,114,RESOLVED,CITIZEN,MOBILE_APP,SINHALA,RAIN,True,False,False,True,OFFICER-01,1,0,5,1,False,MODERATE,0,True,3,21,0,True,True,False
INC-2026-1599,2026-04-07T05:40:59,Batticaloa,WET,Forest Fire,4,CRITICAL,1118,23,Rescue Teams|Medical Kits,24,RESOLVED,CITIZEN,MOBILE_APP,SINHALA,RAIN,True,False,False,True,OFFICER-01,9,5,3,80,False,MODERATE,0,True,4,3,1,True,True,False
INC-2022-1600,2022-10-25T01:44:23,Trincomalee,WET,Flood,4,CRITICAL,1592,69,Rescue Teams|Medical Kits,22,RESOLVED,CITIZEN,MOBILE_APP,TAMIL,RAIN,True,True,False,True,OFFICER-01,2,1,5,10,False,MODERATE,0,True,10,3,1,True,True,True
INC-2021-1601,2021-07-30T13:27:39,Kalutara,WET,High Winds/Cyclone,2,MEDIUM,218,0,Rescue Teams|Medical Kits,15,RESOLVED,CITIZEN,MOBILE_APP,ENGLISH,RAIN,False,False,False,True,OFFICER-01,10,1,1,6,False,MODERATE,0,True,7,2,4,False,False,False
INC-2026-1602,2026-02-05T13:50:33,Colombo,WET,Flood,4,CRITICAL,1843,122,Rescue Teams|Medical Kits,39,RESOLVED,CITIZEN,MOBILE_APP,ENGLISH,RAIN,True,True,False,True,OFFICER-01,3,5,3,77,False,MODERATE,0,True,2,2,3,True,True,False
INC-2026-1603,2026-01-03T07:36:19,Kalutara,WET,Flood,4,CRITICAL,1188,43,Rescue Teams|Medical Kits,90,RESOLVED,CITIZEN,MOBILE_APP,SINHALA,RAIN,True,False,False,True,OFFICER-01,7,1,4,0,False,MODERATE,0,True,1,21,5,True,False,False
INC-2020-1604,2020-09-04T04:17:48,Hambantota,WET,Building Collapse,2,MEDIUM,239,0,Rescue Teams|Medical Kits,33,RESOLVED,CITIZEN,MOBILE_APP,TAMIL,RAIN,False,False,False,True,OFFICER-01,9,1,5,15,False,MODERATE,0,True,9,8,4,False,False,False
INC-2025-1605,2025-12-23T17:38:37,Matale,WET,Flood,2,MEDIUM,180,0,Rescue Teams|Medical Kits,56,RESOLVED,CITIZEN,MOBILE_APP,SINHALA,RAIN,True,False,False,True,OFFICER-01,2,3,5,75,False,MODERATE,0,True,12,5,1,True,False,True
INC-2022-1606,2022-07-10T21:00:32,Vavuniya,WET,Drought,2,MEDIUM,289,0,Rescue Teams|Medical Kits,51,RESOLVED,CITIZEN,MOBILE_APP,SINHALA,RAIN,True,False,False,True,OFFICER-01,6,2,2,94,False,MODERATE,0,True,7,20,6,True,False,False
INC-2022-1607,2022-01-18T01:09:50,Trincomalee,WET,Flood,2,MEDIUM,181,0,Rescue Teams|Medical Kits,47,RESOLVED,CITIZEN,MOBILE_APP,ENGLISH,RAIN,False,False,False,True,OFFICER-01,2,0,0,8,False,MODERATE,0,True,1,21,1,False,True,True
INC-2024-1608,2024-03-14T13:34:18,Hambantota,WET,Drought,4,CRITICAL,1154,56,Rescue Teams|Medical Kits,111,RESOLVED,CITIZEN,MOBILE_APP,ENGLISH,RAIN,True,True,False,True,OFFICER-01,1,5,5,57,False,MODERATE,0,True,3,19,3,False,True,True
INC-2020-1609,2020-02-07T06:42:21,Matale,WET,Landslide,4,CRITICAL,841,50,Rescue Teams|Medical Kits,90,RESOLVED,CITIZEN,MOBILE_APP,ENGLISH,RAIN,True,False,False,True,OFFICER-01,10,4,5,8,False,MODERATE,0,True,2,23,4,True,False,False
INC-2024-1610,2024-11-03T10:42:45,Matara,WET,Forest Fire,3,HIGH,714,38,Rescue Teams|Medical Kits,60,RESOLVED,CITIZEN,MOBILE_APP,TAMIL,RAIN,True,True,False,True,OFFICER-01,7,2,3,38,False,MODERATE,0,True,11,14,6,True,True,False
INC-2024-1611,2024-02-28T13:00:14,Puttalam,WET,Drought,1,LOW,45,0,Rescue Teams|Medical Kits,39,RESOLVED,CITIZEN,MOBILE_APP,SINHALA,RAIN,False,False,False,True,OFFICER-01,9,1,0,88,False,MODERATE,0,True,2,23,2,False,False,False
INC-2023-1612,2023-01-01T09:45:20,Badulla,WET,Drought,1,LOW,59,0,Rescue Teams|Medical Kits,56,RESOLVED,CITIZEN,MOBILE_APP,ENGLISH,RAIN,False,False,False,True,OFFICER-01,7,3,3,19,False,MODERATE,0,True,1,14,6,False,False,False
INC-2021-1613,2021-03-17T10:28:04,Jaffna,WET,High Winds/Cyclone,2,MEDIUM,84,0,Rescue Teams|Medical Kits,18,RESOLVED,CITIZEN,MOBILE_APP,SINHALA,RAIN,False,False,False,True,OFFICER-01,5,3,5,19,False,MODERATE,0,True,3,13,2,False,True,False
INC-2023-1614,2023-05-25T22:47:00,Anuradhapura,WET,Flood,1,LOW,88,0,Rescue Teams|Medical Kits,37,RESOLVED,CITIZEN,MOBILE_APP,SINHALA,RAIN,False,True,False,True,OFFICER-01,9,1,1,12,False,MODERATE,0,True,5,21,3,False,False,False
INC-2020-1615,2020-02-20T22:04:46,Polonnaruwa,WET,Drought,2,MEDIUM,273,0,Rescue Teams|Medical Kits,58,RESOLVED,CITIZEN,MOBILE_APP,SINHALA,RAIN,True,True,False,True,OFFICER-01,0,3,3,20,False,MODERATE,0,True,2,8,3,False,False,False
INC-2022-1616,2022-08-01T00:15:00,Batticaloa,WET,Forest Fire,4,CRITICAL,1751,149,Rescue Teams|Medical Kits,44,RESOLVED,CITIZEN,MOBILE_APP,SINHALA,RAIN,True,True,False,True,OFFICER-01,7,4,5,63,False,MODERATE,0,True,8,22,0,True,True,False
INC-2023-1617,2023-09-06T20:06:03,Kegalle,WET,Forest Fire,3,HIGH,969,88,Rescue Teams|Medical Kits,100,RESOLVED,CITIZEN,MOBILE_APP,SINHALA,RAIN,False,True,False,True,OFFICER-01,5,0,0,41,False,MODERATE,0,True,9,15,2,False,True,False
INC-2026-1618,2026-01-02T12:58:22,Kegalle,WET,Flood,3,HIGH,708,37,Rescue Teams|Medical Kits,81,RESOLVED,CITIZEN,MOBILE_APP,ENGLISH,RAIN,True,False,False,True,OFFICER-01,3,3,3,1,False,MODERATE,0,True,1,7,4,False,False,True
INC-2022-1619,2022-08-14T22:43:00,Polonnaruwa,WET,Flood,4,CRITICAL,323,26,Rescue Teams|Medical Kits,102,RESOLVED,CITIZEN,MOBILE_APP,TAMIL,RAIN,True,False,False,True,OFFICER-01,6,4,0,76,False,MODERATE,0,True,8,9,6,True,False,True
INC-2021-1620,2021-02-06T02:51:25,Kegalle,WET,Flood,4,CRITICAL,631,54,Rescue Teams|Medical Kits,118,RESOLVED,CITIZEN,MOBILE_APP,TAMIL,RAIN,True,False,False,True,OFFICER-01,2,2,4,60,False,MODERATE,0,True,2,23,5,True,False,False
INC-2020-1621,2020-07-15T02:56:27,Colombo,WET,Drought,2,MEDIUM,47,0,Rescue Teams|Medical Kits,46,RESOLVED,CITIZEN,MOBILE_APP,SINHALA,RAIN,False,False,False,True,OFFICER-01,5,5,1,40,False,MODERATE,0,True,7,13,2,False,True,True
INC-2025-1622,2025-05-23T08:52:45,Nuwara Eliya,WET,High Winds/Cyclone,2,MEDIUM,146,0,Rescue Teams|Medical Kits,58,RESOLVED,CITIZEN,MOBILE_APP,TAMIL,RAIN,False,True,False,True,OFFICER-01,5,5,1,16,False,MODERATE,0,True,5,17,4,False,True,False
INC-2022-1623,2022-09-26T21:35:21,Mullaitivu,WET,Drought,2,MEDIUM,175,0,Rescue Teams|Medical Kits,105,RESOLVED,CITIZEN,MOBILE_APP,TAMIL,RAIN,False,True,False,True,OFFICER-01,9,1,1,62,False,MODERATE,0,True,9,7,0,False,False,False
INC-2024-1624,2024-10-16T02:32:40,Nuwara Eliya,WET,Forest Fire,2,MEDIUM,152,0,Rescue Teams|Medical Kits,80,RESOLVED,CITIZEN,MOBILE_APP,SINHALA,RAIN,False,True,False,True,OFFICER-01,6,1,4,41,False,MODERATE,0,True,10,10,2,True,False,False
INC-2020-1625,2020-09-09T14:44:21,Trincomalee,WET,Drought,1,LOW,91,0,Rescue Teams|Medical Kits,108,RESOLVED,CITIZEN,MOBILE_APP,ENGLISH,RAIN,False,True,False,True,OFFICER-01,1,3,3,99,False,MODERATE,0,True,9,19,2,False,False,False
INC-2021-1626,2021-08-23T04:40:23,Matale,WET,Landslide,2,MEDIUM,319,0,Rescue Teams|Medical Kits,61,RESOLVED,CITIZEN,MOBILE_APP,SINHALA,RAIN,False,False,False,True,OFFICER-01,7,1,1,81,False,MODERATE,0,True,8,4,0,True,False,False
INC-2020-1627,2020-01-10T11:39:55,Puttalam,WET,Drought,2,MEDIUM,90,0,Rescue Teams|Medical Kits,76,RESOLVED,CITIZEN,MOBILE_APP,TAMIL,RAIN,True,False,False,True,OFFICER-01,2,2,2,62,False,MODERATE,0,True,1,19,4,False,False,False
INC-2022-1628,2022-09-03T02:05:05,Vavuniya,WET,Medical Emergency,1,LOW,51,0,Rescue Teams|Medical Kits,120,RESOLVED,CITIZEN,MOBILE_APP,TAMIL,RAIN,False,False,False,True,OFFICER-01,3,4,4,15,False,MODERATE,0,True,9,6,5,False,False,False
INC-2022-1629,2022-07-07T10:59:35,Nuwara Eliya,WET,High Winds/Cyclone,3,HIGH,580,22,Rescue Teams|Medical Kits,82,RESOLVED,CITIZEN,MOBILE_APP,TAMIL,RAIN,False,True,False,True,OFFICER-01,4,1,3,54,False,MODERATE,0,True,7,6,3,True,False,True
INC-2025-1630,2025-12-16T19:57:33,Colombo,WET,Landslide,2,MEDIUM,161,0,Rescue Teams|Medical Kits,33,RESOLVED,CITIZEN,MOBILE_APP,ENGLISH,RAIN,True,False,False,True,OFFICER-01,0,0,5,82,False,MODERATE,0,True,12,6,1,True,False,False
INC-2023-1631,2023-08-02T07:35:37,Kalutara,WET,Drought,1,LOW,47,0,Rescue Teams|Medical Kits,72,RESOLVED,CITIZEN,MOBILE_APP,TAMIL,RAIN,False,False,False,True,OFFICER-01,6,4,1,76,False,MODERATE,0,True,8,4,2,False,False,False
INC-2023-1632,2023-10-11T21:25:29,Matale,WET,Drought,1,LOW,98,0,Rescue Teams|Medical Kits,73,RESOLVED,CITIZEN,MOBILE_APP,ENGLISH,RAIN,False,False,False,True,OFFICER-01,3,5,4,58,False,MODERATE,0,True,10,8,2,False,False,False
INC-2022-1633,2022-06-03T17:27:07,Kalutara,WET,Flood,3,HIGH,102,4,Rescue Teams|Medical Kits,30,RESOLVED,CITIZEN,MOBILE_APP,SINHALA,RAIN,False,False,False,True,OFFICER-01,5,4,3,47,False,MODERATE,0,True,6,18,4,True,False,True
INC-2021-1634,2021-03-16T09:51:28,Hambantota,WET,High Winds/Cyclone,3,HIGH,508,13,Rescue Teams|Medical Kits,18,RESOLVED,CITIZEN,MOBILE_APP,TAMIL,RAIN,True,True,False,True,OFFICER-01,6,5,2,50,False,MODERATE,0,True,3,2,1,False,True,False
INC-2021-1635,2021-07-07T00:31:30,Hambantota,WET,High Winds/Cyclone,4,CRITICAL,1298,86,Rescue Teams|Medical Kits,97,RESOLVED,CITIZEN,MOBILE_APP,ENGLISH,RAIN,False,False,False,True,OFFICER-01,5,4,4,5,False,MODERATE,0,True,7,1,2,True,True,False
INC-2024-1636,2024-05-08T19:44:30,Colombo,WET,High Winds/Cyclone,3,HIGH,777,9,Rescue Teams|Medical Kits,78,RESOLVED,CITIZEN,MOBILE_APP,SINHALA,RAIN,False,False,False,True,OFFICER-01,1,1,1,13,False,MODERATE,0,True,5,4,2,True,True,False
INC-2024-1637,2024-06-12T05:20:44,Kalutara,WET,Drought,4,CRITICAL,839,48,Rescue Teams|Medical Kits,111,RESOLVED,CITIZEN,MOBILE_APP,ENGLISH,RAIN,True,False,False,True,OFFICER-01,5,2,0,52,False,MODERATE,0,True,6,2,2,True,True,True
INC-2022-1638,2022-12-03T10:40:00,Matale,WET,Flood,1,LOW,37,0,Rescue Teams|Medical Kits,84,RESOLVED,CITIZEN,MOBILE_APP,SINHALA,RAIN,False,False,False,True,OFFICER-01,8,3,5,50,False,MODERATE,0,True,12,12,5,False,False,False
INC-2025-1639,2025-11-28T00:07:52,Matara,WET,Drought,1,LOW,48,0,Rescue Teams|Medical Kits,119,RESOLVED,CITIZEN,MOBILE_APP,SINHALA,RAIN,True,False,False,True,OFFICER-01,7,1,0,97,False,MODERATE,0,True,11,2,4,False,False,False
INC-2022-1640,2022-03-21T03:16:44,Galle,WET,Flood,3,HIGH,730,68,Rescue Teams|Medical Kits,86,RESOLVED,CITIZEN,MOBILE_APP,SINHALA,RAIN,True,False,False,True,OFFICER-01,0,5,5,28,False,MODERATE,0,True,3,4,0,False,True,False
INC-2024-1641,2024-01-27T05:57:16,Gampaha,WET,Flood,2,MEDIUM,198,0,Rescue Teams|Medical Kits,34,RESOLVED,CITIZEN,MOBILE_APP,SINHALA,RAIN,True,False,False,True,OFFICER-01,8,2,2,49,False,MODERATE,0,True,1,7,5,True,False,False
INC-2025-1642,2025-05-24T19:07:03,Kilinochchi,WET,Drought,1,LOW,16,0,Rescue Teams|Medical Kits,112,RESOLVED,CITIZEN,MOBILE_APP,ENGLISH,RAIN,False,False,False,True,OFFICER-01,7,0,5,91,False,MODERATE,0,True,5,16,5,False,False,False
INC-2025-1643,2025-12-05T21:23:18,Ratnapura,WET,Flood,3,HIGH,438,9,Rescue Teams|Medical Kits,90,RESOLVED,CITIZEN,MOBILE_APP,SINHALA,RAIN,True,False,False,True,OFFICER-01,3,1,4,62,False,MODERATE,0,True,12,21,4,True,False,True
INC-2020-1644,2020-01-23T05:19:11,Hambantota,WET,Flood,4,CRITICAL,1870,144,Rescue Teams|Medical Kits,80,RESOLVED,CITIZEN,MOBILE_APP,SINHALA,RAIN,True,False,False,True,OFFICER-01,6,1,1,68,False,MODERATE,0,True,1,23,3,True,True,False
INC-2020-1645,2020-01-23T20:03:04,Mannar,WET,High Winds/Cyclone,3,HIGH,413,30,Rescue Teams|Medical Kits,49,RESOLVED,CITIZEN,MOBILE_APP,TAMIL,RAIN,True,False,False,True,OFFICER-01,5,4,3,20,False,MODERATE,0,True,1,9,3,True,False,False
INC-2021-1646,2021-09-18T07:20:07,Matale,WET,High Winds/Cyclone,1,LOW,70,0,Rescue Teams|Medical Kits,40,RESOLVED,CITIZEN,MOBILE_APP,ENGLISH,RAIN,False,False,False,True,OFFICER-01,4,3,0,83,False,MODERATE,0,True,9,10,5,False,False,False
INC-2022-1647,2022-06-05T15:36:15,Monaragala,WET,Flood,1,LOW,37,0,Rescue Teams|Medical Kits,98,RESOLVED,CITIZEN,MOBILE_APP,TAMIL,RAIN,True,True,False,True,OFFICER-01,8,3,1,23,False,MODERATE,0,True,6,19,6,False,False,False
INC-2020-1648,2020-12-16T03:02:09,Colombo,WET,High Winds/Cyclone,4,CRITICAL,1359,116,Rescue Teams|Medical Kits,41,RESOLVED,CITIZEN,MOBILE_APP,SINHALA,RAIN,True,False,False,True,OFFICER-01,9,5,5,38,False,MODERATE,0,True,12,23,2,True,True,False
INC-2025-1649,2025-11-12T23:28:27,Kilinochchi,WET,Landslide,2,MEDIUM,202,0,Rescue Teams|Medical Kits,119,RESOLVED,CITIZEN,MOBILE_APP,ENGLISH,RAIN,False,True,False,True,OFFICER-01,5,3,0,82,False,MODERATE,0,True,11,18,2,False,True,False
INC-2025-1650,2025-04-29T06:42:53,Ratnapura,WET,Drought,2,MEDIUM,289,0,Rescue Teams|Medical Kits,42,RESOLVED,CITIZEN,MOBILE_APP,TAMIL,RAIN,False,False,False,True,OFFICER-01,0,2,0,27,False,MODERATE,0,True,4,8,1,True,True,True
INC-2021-1651,2021-07-16T02:18:32,Ampara,WET,Flood,4,CRITICAL,896,32,Rescue Teams|Medical Kits,64,RESOLVED,CITIZEN,MOBILE_APP,TAMIL,RAIN,False,True,False,True,OFFICER-01,5,3,3,77,False,MODERATE,0,True,7,23,4,True,True,False
INC-2021-1652,2021-05-28T10:28:34,Mannar,WET,Landslide,4,CRITICAL,915,56,Rescue Teams|Medical Kits,51,RESOLVED,CITIZEN,MOBILE_APP,TAMIL,RAIN,True,False,False,True,OFFICER-01,3,0,4,13,False,MODERATE,0,True,5,19,4,True,True,False
INC-2020-1653,2020-01-01T20:11:15,Colombo,WET,High Winds/Cyclone,2,MEDIUM,392,0,Rescue Teams|Medical Kits,50,RESOLVED,CITIZEN,MOBILE_APP,SINHALA,RAIN,False,True,False,True,OFFICER-01,4,3,3,93,False,MODERATE,0,True,1,0,2,False,True,False
INC-2024-1654,2024-10-31T01:25:11,Hambantota,WET,Flood,2,MEDIUM,104,0,Rescue Teams|Medical Kits,42,RESOLVED,CITIZEN,MOBILE_APP,TAMIL,RAIN,False,False,False,True,OFFICER-01,3,3,5,47,False,MODERATE,0,True,10,11,3,False,True,False
INC-2020-1655,2020-08-24T10:23:24,Matara,WET,Landslide,4,CRITICAL,1014,12,Rescue Teams|Medical Kits,113,RESOLVED,CITIZEN,MOBILE_APP,SINHALA,RAIN,True,False,False,True,OFFICER-01,1,2,1,33,False,MODERATE,0,True,8,22,0,False,True,False
INC-2023-1656,2023-11-20T14:59:40,Mannar,WET,Forest Fire,3,HIGH,380,21,Rescue Teams|Medical Kits,30,RESOLVED,CITIZEN,MOBILE_APP,TAMIL,RAIN,True,False,False,True,OFFICER-01,10,0,3,22,False,MODERATE,0,True,11,21,0,False,True,True
INC-2020-1657,2020-02-14T13:34:09,Galle,WET,Flood,2,MEDIUM,55,0,Rescue Teams|Medical Kits,73,RESOLVED,CITIZEN,MOBILE_APP,TAMIL,RAIN,False,False,False,True,OFFICER-01,8,2,2,2,False,MODERATE,0,True,2,7,4,False,False,False
INC-2025-1658,2025-12-23T18:17:14,Ampara,WET,Drought,1,LOW,60,0,Rescue Teams|Medical Kits,103,RESOLVED,CITIZEN,MOBILE_APP,SINHALA,RAIN,False,False,False,True,OFFICER-01,3,0,3,86,False,MODERATE,0,True,12,23,1,False,False,False
INC-2023-1659,2023-03-18T14:50:59,Colombo,WET,Landslide,4,CRITICAL,1756,32,Rescue Teams|Medical Kits,67,RESOLVED,CITIZEN,MOBILE_APP,SINHALA,RAIN,True,False,False,True,OFFICER-01,0,4,0,84,False,MODERATE,0,True,3,14,5,True,True,False
INC-2020-1660,2020-07-14T18:23:02,Matale,WET,Medical Emergency,1,LOW,43,0,Rescue Teams|Medical Kits,51,RESOLVED,CITIZEN,MOBILE_APP,TAMIL,RAIN,True,True,False,True,OFFICER-01,7,1,2,3,False,MODERATE,0,True,7,22,1,False,False,False
INC-2025-1661,2025-09-16T11:28:23,Matara,WET,Forest Fire,4,CRITICAL,1443,117,Rescue Teams|Medical Kits,103,RESOLVED,CITIZEN,MOBILE_APP,ENGLISH,RAIN,True,False,False,True,OFFICER-01,0,5,0,72,False,MODERATE,0,True,9,21,1,True,True,False
INC-2023-1662,2023-09-14T13:38:18,Batticaloa,WET,Building Collapse,2,MEDIUM,166,0,Rescue Teams|Medical Kits,116,RESOLVED,CITIZEN,MOBILE_APP,SINHALA,RAIN,False,False,False,True,OFFICER-01,0,2,2,11,False,MODERATE,0,True,9,15,3,True,False,False
INC-2025-1663,2025-02-01T01:46:17,Anuradhapura,WET,Drought,1,LOW,38,0,Rescue Teams|Medical Kits,84,RESOLVED,CITIZEN,MOBILE_APP,SINHALA,RAIN,True,True,False,True,OFFICER-01,5,5,2,92,False,MODERATE,0,True,2,15,5,False,False,False
INC-2024-1664,2024-09-07T23:19:55,Batticaloa,WET,Landslide,1,LOW,59,0,Rescue Teams|Medical Kits,96,RESOLVED,CITIZEN,MOBILE_APP,ENGLISH,RAIN,False,False,False,True,OFFICER-01,6,1,4,51,False,MODERATE,0,True,9,23,5,False,False,False
INC-2023-1665,2023-03-02T02:31:34,Kegalle,WET,Flood,4,CRITICAL,1070,79,Rescue Teams|Medical Kits,33,RESOLVED,CITIZEN,MOBILE_APP,TAMIL,RAIN,True,False,False,True,OFFICER-01,7,5,4,52,False,MODERATE,0,True,3,22,3,True,True,True
INC-2023-1666,2023-01-24T12:03:58,Jaffna,WET,Flood,3,HIGH,867,13,Rescue Teams|Medical Kits,32,RESOLVED,CITIZEN,MOBILE_APP,ENGLISH,RAIN,True,True,False,True,OFFICER-01,5,5,3,57,False,MODERATE,0,True,1,8,1,True,True,False
INC-2024-1667,2024-08-02T06:32:43,Vavuniya,WET,Flood,4,CRITICAL,1199,19,Rescue Teams|Medical Kits,58,RESOLVED,CITIZEN,MOBILE_APP,TAMIL,RAIN,True,True,False,True,OFFICER-01,10,1,4,43,False,MODERATE,0,True,8,18,4,True,False,False
INC-2024-1668,2024-08-05T09:03:17,Mullaitivu,WET,Medical Emergency,1,LOW,17,0,Rescue Teams|Medical Kits,117,RESOLVED,CITIZEN,MOBILE_APP,TAMIL,RAIN,False,False,False,True,OFFICER-01,2,1,5,50,False,MODERATE,0,True,8,5,0,False,False,False
INC-2020-1669,2020-09-10T23:13:44,Ampara,WET,Forest Fire,3,HIGH,576,53,Rescue Teams|Medical Kits,84,RESOLVED,CITIZEN,MOBILE_APP,SINHALA,RAIN,True,True,False,True,OFFICER-01,8,0,4,0,False,MODERATE,0,True,9,16,3,False,False,True
INC-2022-1670,2022-03-02T09:05:17,Batticaloa,WET,High Winds/Cyclone,2,MEDIUM,351,0,Rescue Teams|Medical Kits,109,RESOLVED,CITIZEN,MOBILE_APP,SINHALA,RAIN,False,False,False,True,OFFICER-01,10,5,2,62,False,MODERATE,0,True,3,5,2,False,True,False
INC-2020-1671,2020-12-29T06:17:15,Hambantota,WET,Forest Fire,3,HIGH,493,25,Rescue Teams|Medical Kits,85,RESOLVED,CITIZEN,MOBILE_APP,ENGLISH,RAIN,True,False,False,True,OFFICER-01,8,5,3,28,False,MODERATE,0,True,12,23,1,True,False,True
INC-2024-1672,2024-11-27T17:41:14,Hambantota,WET,Landslide,4,CRITICAL,1455,38,Rescue Teams|Medical Kits,43,RESOLVED,CITIZEN,MOBILE_APP,TAMIL,RAIN,True,False,False,True,OFFICER-01,10,3,1,88,False,MODERATE,0,True,11,19,2,True,True,True
INC-2021-1673,2021-08-08T02:59:13,Monaragala,WET,Forest Fire,4,CRITICAL,1044,97,Rescue Teams|Medical Kits,117,RESOLVED,CITIZEN,MOBILE_APP,SINHALA,RAIN,True,False,False,True,OFFICER-01,7,1,0,88,False,MODERATE,0,True,8,16,6,True,True,True
INC-2022-1674,2022-08-10T10:28:01,Ratnapura,WET,High Winds/Cyclone,2,MEDIUM,335,0,Rescue Teams|Medical Kits,120,RESOLVED,CITIZEN,MOBILE_APP,SINHALA,RAIN,False,False,False,True,OFFICER-01,8,5,0,24,False,MODERATE,0,True,8,9,2,True,False,False
INC-2020-1675,2020-03-14T00:42:21,Colombo,WET,Flood,2,MEDIUM,210,0,Rescue Teams|Medical Kits,41,RESOLVED,CITIZEN,MOBILE_APP,SINHALA,RAIN,False,False,False,True,OFFICER-01,10,0,0,32,False,MODERATE,0,True,3,3,5,False,False,False
INC-2023-1676,2023-11-07T04:15:15,Galle,WET,Drought,2,MEDIUM,175,0,Rescue Teams|Medical Kits,99,RESOLVED,CITIZEN,MOBILE_APP,ENGLISH,RAIN,False,False,False,True,OFFICER-01,0,5,4,38,False,MODERATE,0,True,11,11,1,False,False,False
INC-2022-1677,2022-12-02T04:34:44,Kandy,WET,Flood,4,CRITICAL,408,18,Rescue Teams|Medical Kits,94,RESOLVED,CITIZEN,MOBILE_APP,TAMIL,RAIN,True,True,False,True,OFFICER-01,7,5,4,75,False,MODERATE,0,True,12,0,4,True,True,True
INC-2020-1678,2020-05-10T02:25:02,Kilinochchi,WET,Drought,1,LOW,110,0,Rescue Teams|Medical Kits,78,RESOLVED,CITIZEN,MOBILE_APP,ENGLISH,RAIN,False,False,False,True,OFFICER-01,5,0,2,89,False,MODERATE,0,True,5,1,6,False,False,False
INC-2024-1679,2024-01-11T09:59:17,Polonnaruwa,WET,High Winds/Cyclone,2,MEDIUM,24,0,Rescue Teams|Medical Kits,69,RESOLVED,CITIZEN,MOBILE_APP,TAMIL,RAIN,True,True,False,True,OFFICER-01,9,4,2,87,False,MODERATE,0,True,1,3,3,False,True,False
INC-2024-1680,2024-03-03T08:02:54,Matale,WET,Landslide,3,HIGH,549,13,Rescue Teams|Medical Kits,112,RESOLVED,CITIZEN,MOBILE_APP,SINHALA,RAIN,True,True,False,True,OFFICER-01,7,2,4,11,False,MODERATE,0,True,3,1,6,True,False,False
INC-2020-1681,2020-09-14T18:17:42,Matara,WET,Forest Fire,3,HIGH,523,30,Rescue Teams|Medical Kits,27,RESOLVED,CITIZEN,MOBILE_APP,ENGLISH,RAIN,False,True,False,True,OFFICER-01,6,5,2,30,False,MODERATE,0,True,9,20,0,False,True,True
INC-2025-1682,2025-02-18T08:19:45,Matale,WET,Flood,3,HIGH,748,29,Rescue Teams|Medical Kits,85,RESOLVED,CITIZEN,MOBILE_APP,TAMIL,RAIN,False,False,False,True,OFFICER-01,7,1,4,52,False,MODERATE,0,True,2,9,1,False,True,False
INC-2020-1683,2020-10-22T00:15:57,Colombo,WET,Flood,3,HIGH,707,61,Rescue Teams|Medical Kits,114,RESOLVED,CITIZEN,MOBILE_APP,SINHALA,RAIN,True,False,False,True,OFFICER-01,8,3,0,64,False,MODERATE,0,True,10,4,3,True,True,False
INC-2021-1684,2021-07-17T01:43:56,Monaragala,WET,Landslide,2,MEDIUM,75,0,Rescue Teams|Medical Kits,64,RESOLVED,CITIZEN,MOBILE_APP,TAMIL,RAIN,False,False,False,True,OFFICER-01,10,5,0,32,False,MODERATE,0,True,7,18,5,True,False,False
INC-2024-1685,2024-12-24T14:03:14,Galle,WET,Forest Fire,1,LOW,0,0,Rescue Teams|Medical Kits,37,RESOLVED,CITIZEN,MOBILE_APP,ENGLISH,RAIN,False,False,False,True,OFFICER-01,4,1,0,37,False,MODERATE,0,True,12,15,1,False,False,False
INC-2025-1686,2025-02-10T14:46:54,Hambantota,WET,Flood,4,CRITICAL,996,42,Rescue Teams|Medical Kits,24,RESOLVED,CITIZEN,MOBILE_APP,SINHALA,RAIN,True,True,False,True,OFFICER-01,7,3,1,0,False,MODERATE,0,True,2,4,0,False,True,True
INC-2023-1687,2023-04-18T07:27:18,Trincomalee,WET,High Winds/Cyclone,4,CRITICAL,1135,39,Rescue Teams|Medical Kits,113,RESOLVED,CITIZEN,MOBILE_APP,ENGLISH,RAIN,True,True,False,True,OFFICER-01,0,2,1,28,False,MODERATE,0,True,4,20,1,True,False,False
INC-2022-1688,2022-11-22T13:29:15,Mullaitivu,WET,Drought,3,HIGH,839,41,Rescue Teams|Medical Kits,44,RESOLVED,CITIZEN,MOBILE_APP,TAMIL,RAIN,True,False,False,True,OFFICER-01,7,5,0,12,False,MODERATE,0,True,11,15,1,False,False,False
INC-2021-1689,2021-05-25T21:02:03,Matara,WET,Landslide,1,LOW,55,0,Rescue Teams|Medical Kits,87,RESOLVED,CITIZEN,MOBILE_APP,SINHALA,RAIN,False,False,False,True,OFFICER-01,7,3,2,89,False,MODERATE,0,True,5,19,1,False,False,False
INC-2023-1690,2023-08-28T21:08:42,Colombo,WET,Forest Fire,1,LOW,19,0,Rescue Teams|Medical Kits,62,RESOLVED,CITIZEN,MOBILE_APP,TAMIL,RAIN,False,False,False,True,OFFICER-01,8,0,3,60,False,MODERATE,0,True,8,22,0,False,False,False
INC-2020-1691,2020-04-14T04:41:23,Kegalle,WET,Drought,1,LOW,0,0,Rescue Teams|Medical Kits,69,RESOLVED,CITIZEN,MOBILE_APP,SINHALA,RAIN,True,False,False,True,OFFICER-01,1,0,2,85,False,MODERATE,0,True,4,22,1,False,False,False
INC-2023-1692,2023-01-16T03:45:51,Kegalle,WET,Drought,3,HIGH,396,11,Rescue Teams|Medical Kits,32,RESOLVED,CITIZEN,MOBILE_APP,SINHALA,RAIN,True,True,False,True,OFFICER-01,0,1,0,73,False,MODERATE,0,True,1,21,0,False,True,False
INC-2021-1693,2021-08-03T08:07:31,Kilinochchi,WET,Flood,2,MEDIUM,179,0,Rescue Teams|Medical Kits,84,RESOLVED,CITIZEN,MOBILE_APP,ENGLISH,RAIN,False,False,False,True,OFFICER-01,8,2,3,8,False,MODERATE,0,True,8,21,1,False,False,False
INC-2025-1694,2025-07-31T22:29:37,Hambantota,WET,Drought,2,MEDIUM,159,0,Rescue Teams|Medical Kits,86,RESOLVED,CITIZEN,MOBILE_APP,SINHALA,RAIN,True,True,False,True,OFFICER-01,3,1,1,38,False,MODERATE,0,True,7,3,3,False,False,False
INC-2021-1695,2021-02-17T21:13:01,Jaffna,WET,High Winds/Cyclone,2,MEDIUM,217,0,Rescue Teams|Medical Kits,62,RESOLVED,CITIZEN,MOBILE_APP,SINHALA,RAIN,False,False,False,True,OFFICER-01,8,0,0,67,False,MODERATE,0,True,2,0,2,False,True,False
INC-2025-1696,2025-08-30T21:56:15,Kegalle,WET,Drought,2,MEDIUM,184,0,Rescue Teams|Medical Kits,53,RESOLVED,CITIZEN,MOBILE_APP,SINHALA,RAIN,False,False,False,True,OFFICER-01,5,1,3,27,False,MODERATE,0,True,8,0,5,False,False,False
INC-2021-1697,2021-08-09T04:01:55,Badulla,WET,Landslide,4,CRITICAL,684,35,Rescue Teams|Medical Kits,27,RESOLVED,CITIZEN,MOBILE_APP,SINHALA,RAIN,True,False,False,True,OFFICER-01,6,4,5,80,False,MODERATE,0,True,8,21,0,True,False,False
INC-2024-1698,2024-08-09T01:55:14,Kalutara,WET,Landslide,1,LOW,40,0,Rescue Teams|Medical Kits,80,RESOLVED,CITIZEN,MOBILE_APP,SINHALA,RAIN,False,False,False,True,OFFICER-01,1,3,4,9,False,MODERATE,0,True,8,4,4,False,False,False
INC-2024-1699,2024-10-24T23:45:22,Kalutara,WET,High Winds/Cyclone,3,HIGH,672,43,Rescue Teams|Medical Kits,95,RESOLVED,CITIZEN,MOBILE_APP,ENGLISH,RAIN,True,False,False,True,OFFICER-01,3,2,3,7,False,MODERATE,0,True,10,0,3,True,False,False
INC-2023-1700,2023-09-03T18:38:19,Gampaha,WET,Forest Fire,2,MEDIUM,207,0,Rescue Teams|Medical Kits,18,RESOLVED,CITIZEN,MOBILE_APP,SINHALA,RAIN,True,False,False,True,OFFICER-01,10,5,2,50,False,MODERATE,0,True,9,12,6,True,True,False
INC-2023-1701,2023-10-29T13:37:55,Vavuniya,WET,Forest Fire,2,MEDIUM,257,0,Rescue Teams|Medical Kits,110,RESOLVED,CITIZEN,MOBILE_APP,SINHALA,RAIN,True,False,False,True,OFFICER-01,7,4,4,52,False,MODERATE,0,True,10,7,6,False,False,False
INC-2025-1702,2025-06-30T04:18:18,Mullaitivu,WET,High Winds/Cyclone,3,HIGH,878,28,Rescue Teams|Medical Kits,91,RESOLVED,CITIZEN,MOBILE_APP,TAMIL,RAIN,True,False,False,True,OFFICER-01,4,3,0,55,False,MODERATE,0,True,6,21,0,False,True,True
INC-2025-1703,2025-02-06T13:57:14,Colombo,WET,Flood,3,HIGH,502,22,Rescue Teams|Medical Kits,105,RESOLVED,CITIZEN,MOBILE_APP,SINHALA,RAIN,True,False,False,True,OFFICER-01,10,0,2,35,False,MODERATE,0,True,2,19,3,True,True,True
INC-2023-1704,2023-05-06T20:08:19,Kegalle,WET,Drought,2,MEDIUM,0,0,Rescue Teams|Medical Kits,53,RESOLVED,CITIZEN,MOBILE_APP,TAMIL,RAIN,True,False,False,True,OFFICER-01,9,2,2,60,False,MODERATE,0,True,5,10,5,False,False,False
INC-2024-1705,2024-05-07T23:43:38,Nuwara Eliya,WET,Drought,1,LOW,84,0,Rescue Teams|Medical Kits,90,RESOLVED,CITIZEN,MOBILE_APP,TAMIL,RAIN,False,False,False,True,OFFICER-01,8,5,4,76,False,MODERATE,0,True,5,22,1,False,False,False
INC-2025-1706,2025-08-15T16:23:25,Batticaloa,WET,Flood,3,HIGH,285,18,Rescue Teams|Medical Kits,26,RESOLVED,CITIZEN,MOBILE_APP,TAMIL,RAIN,False,True,False,True,OFFICER-01,7,2,4,66,False,MODERATE,0,True,8,23,4,False,False,False
INC-2025-1707,2025-03-29T23:37:44,Polonnaruwa,WET,Flood,4,CRITICAL,810,59,Rescue Teams|Medical Kits,49,RESOLVED,CITIZEN,MOBILE_APP,ENGLISH,RAIN,True,False,False,True,OFFICER-01,9,4,1,40,False,MODERATE,0,True,3,8,5,True,True,True
INC-2022-1708,2022-10-04T03:26:44,Kilinochchi,WET,Landslide,4,CRITICAL,1184,74,Rescue Teams|Medical Kits,54,RESOLVED,CITIZEN,MOBILE_APP,SINHALA,RAIN,True,False,False,True,OFFICER-01,5,4,5,52,False,MODERATE,0,True,10,11,1,True,True,True
INC-2022-1709,2022-05-15T08:06:57,Matara,WET,Landslide,3,HIGH,500,10,Rescue Teams|Medical Kits,39,RESOLVED,CITIZEN,MOBILE_APP,TAMIL,RAIN,False,True,False,True,OFFICER-01,2,5,2,24,False,MODERATE,0,True,5,21,6,True,False,False
INC-2025-1710,2025-11-04T18:08:28,Badulla,WET,Drought,4,CRITICAL,450,13,Rescue Teams|Medical Kits,56,RESOLVED,CITIZEN,MOBILE_APP,SINHALA,RAIN,True,True,False,True,OFFICER-01,7,4,4,22,False,MODERATE,0,True,11,2,1,True,False,False
INC-2020-1711,2020-12-30T03:52:04,Jaffna,WET,High Winds/Cyclone,2,MEDIUM,218,0,Rescue Teams|Medical Kits,96,RESOLVED,CITIZEN,MOBILE_APP,SINHALA,RAIN,False,False,False,True,OFFICER-01,3,4,5,43,False,MODERATE,0,True,12,9,2,False,False,False
INC-2021-1712,2021-07-22T19:16:21,Mullaitivu,WET,Forest Fire,2,MEDIUM,440,0,Rescue Teams|Medical Kits,46,RESOLVED,CITIZEN,MOBILE_APP,ENGLISH,RAIN,False,True,False,True,OFFICER-01,7,5,2,72,False,MODERATE,0,True,7,11,3,False,True,True
INC-2023-1713,2023-11-27T07:25:40,Kurunegala,WET,Flood,4,CRITICAL,1172,76,Rescue Teams|Medical Kits,24,RESOLVED,CITIZEN,MOBILE_APP,ENGLISH,RAIN,True,False,False,True,OFFICER-01,1,3,4,50,False,MODERATE,0,True,11,3,0,True,True,False
INC-2020-1714,2020-01-11T03:36:38,Colombo,WET,High Winds/Cyclone,4,CRITICAL,637,57,Rescue Teams|Medical Kits,78,RESOLVED,CITIZEN,MOBILE_APP,ENGLISH,RAIN,False,True,False,True,OFFICER-01,8,4,2,65,False,MODERATE,0,True,1,8,5,True,True,False
INC-2024-1715,2024-10-29T00:24:36,Badulla,WET,Drought,1,LOW,83,0,Rescue Teams|Medical Kits,69,RESOLVED,CITIZEN,MOBILE_APP,TAMIL,RAIN,False,False,False,True,OFFICER-01,7,4,0,60,False,MODERATE,0,True,10,1,1,False,False,False
INC-2023-1716,2023-09-20T05:55:27,Polonnaruwa,WET,Drought,2,MEDIUM,267,0,Rescue Teams|Medical Kits,38,RESOLVED,CITIZEN,MOBILE_APP,SINHALA,RAIN,False,False,False,True,OFFICER-01,5,0,0,8,False,MODERATE,0,True,9,4,2,False,False,False
INC-2022-1717,2022-05-11T17:09:50,Gampaha,WET,Drought,3,HIGH,531,49,Rescue Teams|Medical Kits,115,RESOLVED,CITIZEN,MOBILE_APP,SINHALA,RAIN,False,False,False,True,OFFICER-01,10,3,1,5,False,MODERATE,0,True,5,20,2,True,True,False
INC-2025-1718,2025-08-13T11:18:32,Ampara,WET,Flood,2,MEDIUM,222,0,Rescue Teams|Medical Kits,58,RESOLVED,CITIZEN,MOBILE_APP,TAMIL,RAIN,True,False,False,True,OFFICER-01,4,2,3,30,False,MODERATE,0,True,8,3,2,False,False,False
INC-2021-1719,2021-12-17T02:27:21,Ratnapura,WET,High Winds/Cyclone,2,MEDIUM,262,0,Rescue Teams|Medical Kits,111,RESOLVED,CITIZEN,MOBILE_APP,ENGLISH,RAIN,False,False,False,True,OFFICER-01,8,2,1,19,False,MODERATE,0,True,12,18,4,False,False,False
INC-2020-1720,2020-03-12T07:34:44,Kurunegala,WET,Flood,4,CRITICAL,1793,19,Rescue Teams|Medical Kits,36,RESOLVED,CITIZEN,MOBILE_APP,ENGLISH,RAIN,True,True,False,True,OFFICER-01,3,4,4,2,False,MODERATE,0,True,3,21,3,True,True,True
INC-2021-1721,2021-05-13T07:58:35,Gampaha,WET,High Winds/Cyclone,3,HIGH,223,4,Rescue Teams|Medical Kits,118,RESOLVED,CITIZEN,MOBILE_APP,ENGLISH,RAIN,False,False,False,True,OFFICER-01,1,0,1,52,False,MODERATE,0,True,5,22,3,True,False,False
INC-2021-1722,2021-11-17T12:58:39,Galle,WET,Landslide,4,CRITICAL,590,20,Rescue Teams|Medical Kits,43,RESOLVED,CITIZEN,MOBILE_APP,ENGLISH,RAIN,True,False,False,True,OFFICER-01,1,0,1,85,False,MODERATE,0,True,11,5,2,True,True,False
INC-2022-1723,2022-08-16T10:59:51,Kegalle,WET,Forest Fire,3,HIGH,717,51,Rescue Teams|Medical Kits,72,RESOLVED,CITIZEN,MOBILE_APP,SINHALA,RAIN,True,False,False,True,OFFICER-01,3,0,0,52,False,MODERATE,0,True,8,0,1,False,False,False
INC-2026-1724,2026-01-22T10:15:33,Kegalle,WET,Flood,3,HIGH,601,58,Rescue Teams|Medical Kits,93,RESOLVED,CITIZEN,MOBILE_APP,ENGLISH,RAIN,True,False,False,True,OFFICER-01,0,4,2,26,False,MODERATE,0,True,1,0,3,True,True,False
INC-2025-1725,2025-09-22T21:43:08,Kegalle,WET,High Winds/Cyclone,4,CRITICAL,1303,84,Rescue Teams|Medical Kits,58,RESOLVED,CITIZEN,MOBILE_APP,ENGLISH,RAIN,True,False,False,True,OFFICER-01,0,3,4,78,False,MODERATE,0,True,9,2,0,True,True,False
INC-2023-1726,2023-04-20T03:58:12,Monaragala,WET,High Winds/Cyclone,2,MEDIUM,93,0,Rescue Teams|Medical Kits,33,RESOLVED,CITIZEN,MOBILE_APP,TAMIL,RAIN,False,False,False,True,OFFICER-01,1,4,5,87,False,MODERATE,0,True,4,11,3,False,False,True
INC-2023-1727,2023-03-19T08:41:20,Hambantota,WET,High Winds/Cyclone,2,MEDIUM,200,0,Rescue Teams|Medical Kits,42,RESOLVED,CITIZEN,MOBILE_APP,ENGLISH,RAIN,False,True,False,True,OFFICER-01,5,3,2,31,False,MODERATE,0,True,3,6,6,False,False,False
INC-2026-1728,2026-01-30T05:19:37,Hambantota,WET,Flood,3,HIGH,324,8,Rescue Teams|Medical Kits,75,RESOLVED,CITIZEN,MOBILE_APP,SINHALA,RAIN,True,False,False,True,OFFICER-01,10,4,1,82,False,MODERATE,0,True,1,3,4,False,True,False
INC-2025-1729,2025-12-07T07:24:11,Colombo,WET,High Winds/Cyclone,3,HIGH,784,18,Rescue Teams|Medical Kits,64,RESOLVED,CITIZEN,MOBILE_APP,TAMIL,RAIN,True,True,False,True,OFFICER-01,5,2,3,2,False,MODERATE,0,True,12,0,6,True,True,False
INC-2024-1730,2024-03-05T08:26:32,Badulla,WET,Forest Fire,1,LOW,62,0,Rescue Teams|Medical Kits,26,RESOLVED,CITIZEN,MOBILE_APP,ENGLISH,RAIN,False,False,False,True,OFFICER-01,4,2,1,34,False,MODERATE,0,True,3,13,1,False,False,False
INC-2023-1731,2023-02-12T23:17:08,Kegalle,WET,Drought,2,MEDIUM,92,0,Rescue Teams|Medical Kits,43,RESOLVED,CITIZEN,MOBILE_APP,TAMIL,RAIN,False,False,False,True,OFFICER-01,10,4,4,67,False,MODERATE,0,True,2,5,6,True,False,True
INC-2021-1732,2021-08-31T01:21:40,Gampaha,WET,Building Collapse,1,LOW,60,0,Rescue Teams|Medical Kits,21,RESOLVED,CITIZEN,MOBILE_APP,SINHALA,RAIN,False,False,False,True,OFFICER-01,1,5,1,11,False,MODERATE,0,True,8,11,1,False,False,False
INC-2025-1733,2025-03-27T03:16:29,Nuwara Eliya,WET,Flood,3,HIGH,629,32,Rescue Teams|Medical Kits,82,RESOLVED,CITIZEN,MOBILE_APP,ENGLISH,RAIN,True,False,False,True,OFFICER-01,7,1,2,18,False,MODERATE,0,True,3,19,3,True,True,False
INC-2023-1734,2023-09-16T06:35:43,Kegalle,WET,Forest Fire,2,MEDIUM,169,0,Rescue Teams|Medical Kits,44,RESOLVED,CITIZEN,MOBILE_APP,ENGLISH,RAIN,True,False,False,True,OFFICER-01,4,1,4,8,False,MODERATE,0,True,9,5,5,False,False,False
INC-2021-1735,2021-12-21T05:25:35,Mullaitivu,WET,High Winds/Cyclone,3,HIGH,679,39,Rescue Teams|Medical Kits,98,RESOLVED,CITIZEN,MOBILE_APP,TAMIL,RAIN,True,False,False,True,OFFICER-01,2,2,4,60,False,MODERATE,0,True,12,3,1,False,True,False
INC-2023-1736,2023-08-08T00:51:07,Hambantota,WET,Landslide,2,MEDIUM,216,0,Rescue Teams|Medical Kits,92,RESOLVED,CITIZEN,MOBILE_APP,TAMIL,RAIN,True,False,False,True,OFFICER-01,1,0,0,34,False,MODERATE,0,True,8,6,1,False,False,False
INC-2021-1737,2021-07-09T07:07:09,Batticaloa,WET,Landslide,1,LOW,74,0,Rescue Teams|Medical Kits,85,RESOLVED,CITIZEN,MOBILE_APP,ENGLISH,RAIN,False,False,False,True,OFFICER-01,2,1,4,23,False,MODERATE,0,True,7,14,4,False,False,False
INC-2022-1738,2022-02-02T04:44:01,Colombo,WET,Drought,1,LOW,60,0,Rescue Teams|Medical Kits,113,RESOLVED,CITIZEN,MOBILE_APP,ENGLISH,RAIN,False,False,False,True,OFFICER-01,8,0,4,64,False,MODERATE,0,True,2,5,2,False,False,False
INC-2020-1739,2020-06-25T15:02:55,Polonnaruwa,WET,Landslide,1,LOW,46,0,Rescue Teams|Medical Kits,75,RESOLVED,CITIZEN,MOBILE_APP,SINHALA,RAIN,False,False,False,True,OFFICER-01,2,1,4,47,False,MODERATE,0,True,6,1,3,False,False,False
INC-2024-1740,2024-11-17T22:26:19,Batticaloa,WET,Landslide,3,HIGH,363,34,Rescue Teams|Medical Kits,37,RESOLVED,CITIZEN,MOBILE_APP,TAMIL,RAIN,True,False,False,True,OFFICER-01,1,5,1,20,False,MODERATE,0,True,11,1,6,True,False,False
INC-2025-1741,2025-06-11T20:00:31,Polonnaruwa,WET,Flood,3,HIGH,185,3,Rescue Teams|Medical Kits,32,RESOLVED,CITIZEN,MOBILE_APP,SINHALA,RAIN,True,True,False,True,OFFICER-01,4,3,4,62,False,MODERATE,0,True,6,0,2,False,False,False
INC-2025-1742,2025-10-05T23:57:22,Matale,WET,Drought,2,MEDIUM,179,0,Rescue Teams|Medical Kits,107,RESOLVED,CITIZEN,MOBILE_APP,ENGLISH,RAIN,True,False,False,True,OFFICER-01,8,3,5,66,False,MODERATE,0,True,10,17,6,False,False,False
INC-2023-1743,2023-01-04T15:20:33,Vavuniya,WET,Drought,2,MEDIUM,229,0,Rescue Teams|Medical Kits,66,RESOLVED,CITIZEN,MOBILE_APP,ENGLISH,RAIN,True,False,False,True,OFFICER-01,8,3,1,64,False,MODERATE,0,True,1,23,2,False,True,False
INC-2024-1744,2024-04-01T14:19:24,Matara,WET,Medical Emergency,1,LOW,61,0,Rescue Teams|Medical Kits,24,RESOLVED,CITIZEN,MOBILE_APP,TAMIL,RAIN,False,False,False,True,OFFICER-01,5,2,0,77,False,MODERATE,0,True,4,6,0,False,False,False
INC-2023-1745,2023-07-05T07:44:33,Kandy,WET,Flood,4,CRITICAL,792,28,Rescue Teams|Medical Kits,55,RESOLVED,CITIZEN,MOBILE_APP,ENGLISH,RAIN,True,True,False,True,OFFICER-01,3,0,1,55,False,MODERATE,0,True,7,0,2,True,True,False
INC-2025-1746,2025-06-06T14:33:22,Matale,WET,Flood,2,MEDIUM,118,0,Rescue Teams|Medical Kits,116,RESOLVED,CITIZEN,MOBILE_APP,TAMIL,RAIN,True,False,False,True,OFFICER-01,2,5,2,50,False,MODERATE,0,True,6,18,4,False,True,False
INC-2022-1747,2022-01-29T14:37:43,Matara,WET,Flood,2,MEDIUM,156,0,Rescue Teams|Medical Kits,71,RESOLVED,CITIZEN,MOBILE_APP,ENGLISH,RAIN,False,False,False,True,OFFICER-01,7,3,3,91,False,MODERATE,0,True,1,7,5,True,True,False
INC-2023-1748,2023-12-16T08:10:36,Anuradhapura,WET,Forest Fire,2,MEDIUM,176,0,Rescue Teams|Medical Kits,31,RESOLVED,CITIZEN,MOBILE_APP,ENGLISH,RAIN,True,False,False,True,OFFICER-01,0,1,1,81,False,MODERATE,0,True,12,14,5,True,True,False
INC-2020-1749,2020-11-10T16:20:43,Matara,WET,Flood,4,CRITICAL,972,76,Rescue Teams|Medical Kits,64,RESOLVED,CITIZEN,MOBILE_APP,TAMIL,RAIN,True,True,False,True,OFFICER-01,6,0,4,37,False,MODERATE,0,True,11,1,1,True,False,False
INC-2023-1750,2023-01-07T05:53:43,Batticaloa,WET,Landslide,4,CRITICAL,1436,141,Rescue Teams|Medical Kits,76,RESOLVED,CITIZEN,MOBILE_APP,SINHALA,RAIN,True,False,False,True,OFFICER-01,5,2,1,39,False,MODERATE,0,True,1,18,5,True,True,False
INC-2024-1751,2024-04-23T07:35:58,Hambantota,WET,Flood,1,LOW,59,0,Rescue Teams|Medical Kits,33,RESOLVED,CITIZEN,MOBILE_APP,TAMIL,RAIN,False,False,False,True,OFFICER-01,8,2,0,3,False,MODERATE,0,True,4,3,1,False,False,False
INC-2024-1752,2024-05-01T23:34:25,Kandy,WET,High Winds/Cyclone,2,MEDIUM,211,0,Rescue Teams|Medical Kits,18,RESOLVED,CITIZEN,MOBILE_APP,ENGLISH,RAIN,False,False,False,True,OFFICER-01,6,2,4,58,False,MODERATE,0,True,5,11,2,False,False,False
INC-2022-1753,2022-12-13T20:39:30,Vavuniya,WET,Drought,1,LOW,106,0,Rescue Teams|Medical Kits,21,RESOLVED,CITIZEN,MOBILE_APP,TAMIL,RAIN,True,False,False,True,OFFICER-01,9,0,3,97,False,MODERATE,0,True,12,11,1,False,False,True
INC-2024-1754,2024-02-23T15:53:21,Ratnapura,WET,Landslide,4,CRITICAL,655,45,Rescue Teams|Medical Kits,114,RESOLVED,CITIZEN,MOBILE_APP,TAMIL,RAIN,True,True,False,True,OFFICER-01,9,4,0,19,False,MODERATE,0,True,2,4,4,True,True,True
INC-2023-1755,2023-03-20T04:07:47,Puttalam,WET,Forest Fire,1,LOW,45,0,Rescue Teams|Medical Kits,108,RESOLVED,CITIZEN,MOBILE_APP,TAMIL,RAIN,True,False,False,True,OFFICER-01,10,2,1,18,False,MODERATE,0,True,3,14,0,False,False,False
INC-2021-1756,2021-09-01T23:44:33,Kalutara,WET,High Winds/Cyclone,2,MEDIUM,166,0,Rescue Teams|Medical Kits,65,RESOLVED,CITIZEN,MOBILE_APP,SINHALA,RAIN,True,True,False,True,OFFICER-01,0,0,2,1,False,MODERATE,0,True,9,8,2,False,False,False
INC-2021-1757,2021-02-17T00:52:32,Kandy,WET,Drought,2,MEDIUM,155,0,Rescue Teams|Medical Kits,68,RESOLVED,CITIZEN,MOBILE_APP,SINHALA,RAIN,False,False,False,True,OFFICER-01,6,4,4,32,False,MODERATE,0,True,2,6,2,False,False,False
INC-2021-1758,2021-10-16T08:39:58,Colombo,WET,Flood,4,CRITICAL,1091,73,Rescue Teams|Medical Kits,48,RESOLVED,CITIZEN,MOBILE_APP,TAMIL,RAIN,True,True,False,True,OFFICER-01,7,0,1,59,False,MODERATE,0,True,10,1,5,True,True,False
INC-2021-1759,2021-05-29T12:19:26,Kilinochchi,WET,Drought,1,LOW,56,0,Rescue Teams|Medical Kits,100,RESOLVED,CITIZEN,MOBILE_APP,ENGLISH,RAIN,False,False,False,True,OFFICER-01,5,4,5,47,False,MODERATE,0,True,5,2,5,False,False,False
INC-2023-1760,2023-12-27T21:40:44,Kegalle,WET,High Winds/Cyclone,1,LOW,79,0,Rescue Teams|Medical Kits,119,RESOLVED,CITIZEN,MOBILE_APP,TAMIL,RAIN,False,False,False,True,OFFICER-01,5,5,5,41,False,MODERATE,0,True,12,17,2,True,False,False
INC-2024-1761,2024-06-24T10:16:52,Kalutara,WET,High Winds/Cyclone,3,HIGH,256,19,Rescue Teams|Medical Kits,90,RESOLVED,CITIZEN,MOBILE_APP,TAMIL,RAIN,True,False,False,True,OFFICER-01,10,2,4,99,False,MODERATE,0,True,6,22,0,True,True,False
INC-2022-1762,2022-02-01T02:38:08,Galle,WET,Flood,4,CRITICAL,1618,120,Rescue Teams|Medical Kits,49,RESOLVED,CITIZEN,MOBILE_APP,ENGLISH,RAIN,True,True,False,True,OFFICER-01,8,2,3,92,False,MODERATE,0,True,2,15,1,True,True,False
INC-2023-1763,2023-06-11T09:17:49,Colombo,WET,Drought,3,HIGH,662,39,Rescue Teams|Medical Kits,28,RESOLVED,CITIZEN,MOBILE_APP,SINHALA,RAIN,True,False,False,True,OFFICER-01,8,1,1,31,False,MODERATE,0,True,6,22,6,True,True,False
INC-2023-1764,2023-12-13T16:15:53,Kilinochchi,WET,Medical Emergency,3,HIGH,771,39,Rescue Teams|Medical Kits,84,RESOLVED,CITIZEN,MOBILE_APP,TAMIL,RAIN,True,True,False,True,OFFICER-01,5,3,5,51,False,MODERATE,0,True,12,22,2,True,True,False
INC-2023-1765,2023-07-26T16:38:33,Ampara,WET,Drought,1,LOW,76,0,Rescue Teams|Medical Kits,46,RESOLVED,CITIZEN,MOBILE_APP,SINHALA,RAIN,False,False,False,True,OFFICER-01,9,3,5,8,False,MODERATE,0,True,7,2,2,False,True,False
INC-2022-1766,2022-09-02T10:19:50,Gampaha,WET,Drought,1,LOW,56,0,Rescue Teams|Medical Kits,34,RESOLVED,CITIZEN,MOBILE_APP,ENGLISH,RAIN,False,False,False,True,OFFICER-01,7,0,2,47,False,MODERATE,0,True,9,13,4,False,True,False
INC-2021-1767,2021-01-02T07:35:59,Hambantota,WET,Landslide,3,HIGH,678,28,Rescue Teams|Medical Kits,65,RESOLVED,CITIZEN,MOBILE_APP,TAMIL,RAIN,False,False,False,True,OFFICER-01,3,3,3,30,False,MODERATE,0,True,1,1,5,False,True,False
INC-2022-1768,2022-06-09T00:34:19,Galle,WET,High Winds/Cyclone,4,CRITICAL,786,45,Rescue Teams|Medical Kits,35,RESOLVED,CITIZEN,MOBILE_APP,TAMIL,RAIN,False,False,False,True,OFFICER-01,5,4,3,10,False,MODERATE,0,True,6,23,3,True,True,True
INC-2020-1769,2020-11-08T17:44:29,Gampaha,WET,High Winds/Cyclone,4,CRITICAL,834,65,Rescue Teams|Medical Kits,34,RESOLVED,CITIZEN,MOBILE_APP,TAMIL,RAIN,True,False,False,True,OFFICER-01,6,3,0,89,False,MODERATE,0,True,11,0,6,True,True,False
INC-2025-1770,2025-07-06T04:07:38,Matara,WET,Building Collapse,2,MEDIUM,270,0,Rescue Teams|Medical Kits,75,RESOLVED,CITIZEN,MOBILE_APP,SINHALA,RAIN,False,False,False,True,OFFICER-01,0,1,2,46,False,MODERATE,0,True,7,0,6,False,True,False
INC-2025-1771,2025-10-09T18:30:07,Monaragala,WET,Forest Fire,3,HIGH,705,53,Rescue Teams|Medical Kits,100,RESOLVED,CITIZEN,MOBILE_APP,TAMIL,RAIN,True,True,False,True,OFFICER-01,1,0,1,39,False,MODERATE,0,True,10,23,3,True,True,True
INC-2022-1772,2022-10-22T17:09:08,Galle,WET,Flood,2,MEDIUM,224,0,Rescue Teams|Medical Kits,25,RESOLVED,CITIZEN,MOBILE_APP,SINHALA,RAIN,True,False,False,True,OFFICER-01,9,0,1,21,False,MODERATE,0,True,10,18,5,False,True,False
INC-2023-1773,2023-04-29T08:56:39,Batticaloa,WET,Landslide,4,CRITICAL,1677,27,Rescue Teams|Medical Kits,90,RESOLVED,CITIZEN,MOBILE_APP,ENGLISH,RAIN,True,True,False,True,OFFICER-01,9,4,0,78,False,MODERATE,0,True,4,22,5,False,True,True
INC-2022-1774,2022-06-02T17:44:44,Matara,WET,Flood,2,MEDIUM,330,0,Rescue Teams|Medical Kits,48,RESOLVED,CITIZEN,MOBILE_APP,SINHALA,RAIN,True,False,False,True,OFFICER-01,10,5,4,12,False,MODERATE,0,True,6,19,3,True,False,False
INC-2024-1775,2024-03-22T07:25:26,Vavuniya,WET,Drought,1,LOW,80,0,Rescue Teams|Medical Kits,19,RESOLVED,CITIZEN,MOBILE_APP,ENGLISH,RAIN,False,False,False,True,OFFICER-01,5,5,1,88,False,MODERATE,0,True,3,9,4,False,False,False
INC-2024-1776,2024-01-08T12:06:24,Monaragala,WET,Drought,2,MEDIUM,121,0,Rescue Teams|Medical Kits,54,RESOLVED,CITIZEN,MOBILE_APP,ENGLISH,RAIN,True,False,False,True,OFFICER-01,10,5,3,53,False,MODERATE,0,True,1,16,0,False,False,False
INC-2021-1777,2021-12-31T12:11:49,Trincomalee,WET,High Winds/Cyclone,4,CRITICAL,914,21,Rescue Teams|Medical Kits,56,RESOLVED,CITIZEN,MOBILE_APP,SINHALA,RAIN,True,False,False,True,OFFICER-01,3,3,1,90,False,MODERATE,0,True,12,21,4,True,False,False
INC-2021-1778,2021-04-27T05:58:24,Gampaha,WET,Flood,1,LOW,103,0,Rescue Teams|Medical Kits,30,RESOLVED,CITIZEN,MOBILE_APP,SINHALA,RAIN,False,False,False,True,OFFICER-01,1,3,1,19,False,MODERATE,0,True,4,18,1,False,False,False
INC-2026-1779,2026-02-23T13:37:03,Gampaha,WET,High Winds/Cyclone,3,HIGH,764,18,Rescue Teams|Medical Kits,55,RESOLVED,CITIZEN,MOBILE_APP,TAMIL,RAIN,True,False,False,True,OFFICER-01,3,5,3,55,False,MODERATE,0,True,2,5,0,True,False,False
INC-2023-1780,2023-06-27T10:54:37,Galle,WET,Medical Emergency,1,LOW,78,0,Rescue Teams|Medical Kits,100,RESOLVED,CITIZEN,MOBILE_APP,TAMIL,RAIN,True,False,False,True,OFFICER-01,9,2,5,26,False,MODERATE,0,True,6,21,1,False,False,False
INC-2024-1781,2024-01-10T06:27:28,Mullaitivu,WET,Flood,1,LOW,53,0,Rescue Teams|Medical Kits,65,RESOLVED,CITIZEN,MOBILE_APP,SINHALA,RAIN,False,True,False,True,OFFICER-01,5,0,0,4,False,MODERATE,0,True,1,5,2,False,True,False
INC-2022-1782,2022-02-22T12:02:59,Polonnaruwa,WET,Drought,1,LOW,43,0,Rescue Teams|Medical Kits,74,RESOLVED,CITIZEN,MOBILE_APP,TAMIL,RAIN,False,False,False,True,OFFICER-01,6,5,2,57,False,MODERATE,0,True,2,15,1,False,False,False
INC-2021-1783,2021-02-16T21:59:05,Puttalam,WET,Forest Fire,1,LOW,0,0,Rescue Teams|Medical Kits,69,RESOLVED,CITIZEN,MOBILE_APP,TAMIL,RAIN,False,False,False,True,OFFICER-01,5,4,5,23,False,MODERATE,0,True,2,22,1,False,False,False
INC-2020-1784,2020-01-24T02:40:10,Hambantota,WET,Building Collapse,2,MEDIUM,263,0,Rescue Teams|Medical Kits,26,RESOLVED,CITIZEN,MOBILE_APP,ENGLISH,RAIN,False,False,False,True,OFFICER-01,5,1,0,17,False,MODERATE,0,True,1,13,4,False,False,False
INC-2022-1785,2022-01-15T17:26:24,Trincomalee,WET,High Winds/Cyclone,1,LOW,76,0,Rescue Teams|Medical Kits,40,RESOLVED,CITIZEN,MOBILE_APP,TAMIL,RAIN,False,False,False,True,OFFICER-01,2,3,0,98,False,MODERATE,0,True,1,8,5,False,False,False
INC-2020-1786,2020-01-29T15:52:34,Badulla,WET,High Winds/Cyclone,3,HIGH,956,14,Rescue Teams|Medical Kits,62,RESOLVED,CITIZEN,MOBILE_APP,ENGLISH,RAIN,False,True,False,True,OFFICER-01,0,0,3,98,False,MODERATE,0,True,1,3,2,True,True,True
INC-2024-1787,2024-04-05T19:00:05,Kandy,WET,Landslide,2,MEDIUM,298,0,Rescue Teams|Medical Kits,102,RESOLVED,CITIZEN,MOBILE_APP,TAMIL,RAIN,True,False,False,True,OFFICER-01,8,2,4,50,False,MODERATE,0,True,4,10,4,True,False,False
INC-2024-1788,2024-06-30T17:21:02,Ampara,WET,High Winds/Cyclone,1,LOW,63,0,Rescue Teams|Medical Kits,40,RESOLVED,CITIZEN,MOBILE_APP,ENGLISH,RAIN,False,False,False,True,OFFICER-01,0,3,5,75,False,MODERATE,0,True,6,19,6,False,False,False
INC-2024-1789,2024-08-26T20:27:41,Matara,WET,Building Collapse,4,CRITICAL,1439,74,Rescue Teams|Medical Kits,20,RESOLVED,CITIZEN,MOBILE_APP,ENGLISH,RAIN,True,True,False,True,OFFICER-01,5,0,3,75,False,MODERATE,0,True,8,1,0,True,True,True
INC-2025-1790,2025-05-02T03:41:40,Kalutara,WET,Drought,2,MEDIUM,217,0,Rescue Teams|Medical Kits,74,RESOLVED,CITIZEN,MOBILE_APP,TAMIL,RAIN,False,True,False,True,OFFICER-01,9,1,2,75,False,MODERATE,0,True,5,13,4,False,False,False
INC-2021-1791,2021-11-23T12:35:40,Ratnapura,WET,Flood,4,CRITICAL,1469,74,Rescue Teams|Medical Kits,19,RESOLVED,CITIZEN,MOBILE_APP,SINHALA,RAIN,True,True,False,True,OFFICER-01,10,4,2,50,False,MODERATE,0,True,11,20,1,True,True,True
INC-2022-1792,2022-04-04T11:07:00,Colombo,WET,Drought,1,LOW,59,0,Rescue Teams|Medical Kits,43,RESOLVED,CITIZEN,MOBILE_APP,ENGLISH,RAIN,False,False,False,True,OFFICER-01,3,3,0,55,False,MODERATE,0,True,4,1,0,False,False,False
INC-2020-1793,2020-05-28T09:31:25,Kalutara,WET,Forest Fire,2,MEDIUM,256,0,Rescue Teams|Medical Kits,83,RESOLVED,CITIZEN,MOBILE_APP,TAMIL,RAIN,False,False,False,True,OFFICER-01,6,0,4,93,False,MODERATE,0,True,5,8,3,False,False,False
INC-2025-1794,2025-06-11T11:19:26,Batticaloa,WET,High Winds/Cyclone,3,HIGH,578,22,Rescue Teams|Medical Kits,21,RESOLVED,CITIZEN,MOBILE_APP,ENGLISH,RAIN,True,False,False,True,OFFICER-01,9,1,4,84,False,MODERATE,0,True,6,4,2,True,False,False
INC-2024-1795,2024-09-12T02:53:29,Kurunegala,WET,High Winds/Cyclone,2,MEDIUM,450,0,Rescue Teams|Medical Kits,64,RESOLVED,CITIZEN,MOBILE_APP,TAMIL,RAIN,True,False,False,True,OFFICER-01,5,1,4,83,False,MODERATE,0,True,9,7,3,True,True,True
INC-2021-1796,2021-09-14T04:15:01,Colombo,WET,Forest Fire,1,LOW,35,0,Rescue Teams|Medical Kits,57,RESOLVED,CITIZEN,MOBILE_APP,TAMIL,RAIN,True,False,False,True,OFFICER-01,3,3,0,12,False,MODERATE,0,True,9,2,1,False,False,False
INC-2021-1797,2021-02-07T12:21:59,Jaffna,WET,High Winds/Cyclone,2,MEDIUM,216,0,Rescue Teams|Medical Kits,99,RESOLVED,CITIZEN,MOBILE_APP,ENGLISH,RAIN,True,False,False,True,OFFICER-01,10,2,3,20,False,MODERATE,0,True,2,5,6,False,True,False
INC-2023-1798,2023-08-17T22:22:17,Kalutara,WET,Flood,4,CRITICAL,740,35,Rescue Teams|Medical Kits,112,RESOLVED,CITIZEN,MOBILE_APP,ENGLISH,RAIN,True,True,False,True,OFFICER-01,4,4,5,70,False,MODERATE,0,True,8,19,3,True,True,True
INC-2025-1799,2025-06-08T08:58:45,Kalutara,WET,Flood,2,MEDIUM,301,0,Rescue Teams|Medical Kits,30,RESOLVED,CITIZEN,MOBILE_APP,SINHALA,RAIN,False,False,False,True,OFFICER-01,3,0,2,22,False,MODERATE,0,True,6,4,6,True,True,False
INC-2020-1800,2020-12-18T05:32:11,Nuwara Eliya,WET,Flood,4,CRITICAL,681,60,Rescue Teams|Medical Kits,113,RESOLVED,CITIZEN,MOBILE_APP,TAMIL,RAIN,True,False,False,True,OFFICER-01,7,4,0,61,False,MODERATE,0,True,12,16,4,True,True,True
INC-2025-1801,2025-09-06T09:34:08,Badulla,WET,High Winds/Cyclone,3,HIGH,606,49,Rescue Teams|Medical Kits,115,RESOLVED,CITIZEN,MOBILE_APP,SINHALA,RAIN,True,False,False,True,OFFICER-01,5,1,3,24,False,MODERATE,0,True,9,23,5,False,True,False
INC-2024-1802,2024-08-21T04:50:48,Jaffna,WET,High Winds/Cyclone,3,HIGH,429,19,Rescue Teams|Medical Kits,117,RESOLVED,CITIZEN,MOBILE_APP,SINHALA,RAIN,True,False,False,True,OFFICER-01,1,1,1,43,False,MODERATE,0,True,8,3,2,True,True,False
INC-2021-1803,2021-05-13T03:48:14,Trincomalee,WET,Medical Emergency,1,LOW,95,0,Rescue Teams|Medical Kits,39,RESOLVED,CITIZEN,MOBILE_APP,ENGLISH,RAIN,False,False,False,True,OFFICER-01,10,2,0,43,False,MODERATE,0,True,5,17,3,False,False,False
INC-2023-1804,2023-04-24T10:41:13,Matale,WET,Drought,1,LOW,53,0,Rescue Teams|Medical Kits,114,RESOLVED,CITIZEN,MOBILE_APP,ENGLISH,RAIN,False,False,False,True,OFFICER-01,3,1,1,79,False,MODERATE,0,True,4,16,0,True,False,False
INC-2025-1805,2025-06-03T14:38:33,Nuwara Eliya,WET,High Winds/Cyclone,2,MEDIUM,350,0,Rescue Teams|Medical Kits,104,RESOLVED,CITIZEN,MOBILE_APP,SINHALA,RAIN,False,False,False,True,OFFICER-01,3,5,3,71,False,MODERATE,0,True,6,23,1,False,False,False
INC-2023-1806,2023-11-23T12:00:28,Polonnaruwa,WET,Drought,1,LOW,83,0,Rescue Teams|Medical Kits,40,RESOLVED,CITIZEN,MOBILE_APP,SINHALA,RAIN,False,False,False,True,OFFICER-01,0,3,1,0,False,MODERATE,0,True,11,11,3,True,False,False
INC-2024-1807,2024-11-08T20:19:11,Anuradhapura,WET,Flood,1,LOW,57,0,Rescue Teams|Medical Kits,62,RESOLVED,CITIZEN,MOBILE_APP,TAMIL,RAIN,True,False,False,True,OFFICER-01,5,3,5,0,False,MODERATE,0,True,11,21,4,False,False,False
INC-2022-1808,2022-09-06T04:47:28,Monaragala,WET,Flood,1,LOW,113,0,Rescue Teams|Medical Kits,91,RESOLVED,CITIZEN,MOBILE_APP,TAMIL,RAIN,False,False,False,True,OFFICER-01,8,0,4,17,False,MODERATE,0,True,9,3,1,True,False,False
INC-2024-1809,2024-01-10T21:29:07,Nuwara Eliya,WET,Drought,2,MEDIUM,227,0,Rescue Teams|Medical Kits,107,RESOLVED,CITIZEN,MOBILE_APP,ENGLISH,RAIN,False,False,False,True,OFFICER-01,1,4,0,100,False,MODERATE,0,True,1,17,2,False,False,False
INC-2025-1810,2025-06-05T10:42:54,Puttalam,WET,Landslide,2,MEDIUM,303,0,Rescue Teams|Medical Kits,120,RESOLVED,CITIZEN,MOBILE_APP,ENGLISH,RAIN,False,False,False,True,OFFICER-01,4,0,0,7,False,MODERATE,0,True,6,17,3,True,False,False
INC-2022-1811,2022-07-21T16:54:57,Badulla,WET,Building Collapse,4,CRITICAL,1806,87,Rescue Teams|Medical Kits,48,RESOLVED,CITIZEN,MOBILE_APP,ENGLISH,RAIN,True,False,False,True,OFFICER-01,2,2,2,52,False,MODERATE,0,True,7,22,3,False,True,False
INC-2020-1812,2020-08-19T03:27:38,Trincomalee,WET,Drought,2,MEDIUM,49,0,Rescue Teams|Medical Kits,54,RESOLVED,CITIZEN,MOBILE_APP,TAMIL,RAIN,True,False,False,True,OFFICER-01,4,3,0,3,False,MODERATE,0,True,8,15,2,False,False,False
INC-2022-1813,2022-06-04T22:42:50,Puttalam,WET,Drought,1,LOW,89,0,Rescue Teams|Medical Kits,32,RESOLVED,CITIZEN,MOBILE_APP,TAMIL,RAIN,False,False,False,True,OFFICER-01,9,4,0,46,False,MODERATE,0,True,6,2,5,False,False,False
INC-2020-1814,2020-12-18T05:47:31,Gampaha,WET,Flood,4,CRITICAL,1120,87,Rescue Teams|Medical Kits,55,RESOLVED,CITIZEN,MOBILE_APP,SINHALA,RAIN,True,True,False,True,OFFICER-01,2,4,1,74,False,MODERATE,0,True,12,23,4,True,True,False
INC-2020-1815,2020-09-01T22:39:07,Ratnapura,WET,Flood,1,LOW,23,0,Rescue Teams|Medical Kits,112,RESOLVED,CITIZEN,MOBILE_APP,TAMIL,RAIN,False,False,False,True,OFFICER-01,8,0,5,70,False,MODERATE,0,True,9,9,1,False,True,False
INC-2024-1816,2024-11-28T19:13:18,Mannar,WET,Drought,2,MEDIUM,89,0,Rescue Teams|Medical Kits,99,RESOLVED,CITIZEN,MOBILE_APP,ENGLISH,RAIN,False,False,False,True,OFFICER-01,1,3,0,39,False,MODERATE,0,True,11,17,3,True,False,False
INC-2023-1817,2023-07-29T10:13:56,Gampaha,WET,Landslide,3,HIGH,504,27,Rescue Teams|Medical Kits,21,RESOLVED,CITIZEN,MOBILE_APP,SINHALA,RAIN,True,True,False,True,OFFICER-01,1,0,4,0,False,MODERATE,0,True,7,5,5,True,False,False
INC-2020-1818,2020-11-27T21:43:28,Nuwara Eliya,WET,Flood,2,MEDIUM,251,0,Rescue Teams|Medical Kits,66,RESOLVED,CITIZEN,MOBILE_APP,TAMIL,RAIN,False,False,False,True,OFFICER-01,1,2,1,75,False,MODERATE,0,True,11,11,4,False,False,False
INC-2024-1819,2024-10-09T13:23:38,Ratnapura,WET,Flood,2,MEDIUM,252,0,Rescue Teams|Medical Kits,38,RESOLVED,CITIZEN,MOBILE_APP,TAMIL,RAIN,True,False,False,True,OFFICER-01,9,5,0,80,False,MODERATE,0,True,10,5,2,True,False,False
INC-2020-1820,2020-02-22T08:05:27,Nuwara Eliya,WET,Landslide,2,MEDIUM,123,0,Rescue Teams|Medical Kits,31,RESOLVED,CITIZEN,MOBILE_APP,SINHALA,RAIN,False,False,False,True,OFFICER-01,10,4,1,52,False,MODERATE,0,True,2,22,5,True,False,True
INC-2020-1821,2020-01-17T10:11:21,Monaragala,WET,Forest Fire,3,HIGH,608,26,Rescue Teams|Medical Kits,116,RESOLVED,CITIZEN,MOBILE_APP,TAMIL,RAIN,True,True,False,True,OFFICER-01,3,3,4,30,False,MODERATE,0,True,1,18,4,True,False,False
INC-2020-1822,2020-07-03T11:04:19,Kegalle,WET,High Winds/Cyclone,3,HIGH,778,56,Rescue Teams|Medical Kits,39,RESOLVED,CITIZEN,MOBILE_APP,TAMIL,RAIN,True,False,False,True,OFFICER-01,4,2,1,51,False,MODERATE,0,True,7,0,4,True,False,False
INC-2025-1823,2025-01-09T11:00:49,Ratnapura,WET,Landslide,4,CRITICAL,1053,90,Rescue Teams|Medical Kits,46,RESOLVED,CITIZEN,MOBILE_APP,TAMIL,RAIN,True,False,False,True,OFFICER-01,1,5,3,32,False,MODERATE,0,True,1,8,3,True,True,False
INC-2025-1824,2025-07-07T07:33:23,Vavuniya,WET,Drought,2,MEDIUM,160,0,Rescue Teams|Medical Kits,66,RESOLVED,CITIZEN,MOBILE_APP,TAMIL,RAIN,False,False,False,True,OFFICER-01,3,5,2,88,False,MODERATE,0,True,7,3,0,False,False,False
INC-2021-1825,2021-02-02T06:36:58,Ampara,WET,Drought,1,LOW,53,0,Rescue Teams|Medical Kits,89,RESOLVED,CITIZEN,MOBILE_APP,SINHALA,RAIN,False,True,False,True,OFFICER-01,10,1,1,91,False,MODERATE,0,True,2,20,1,True,False,False
INC-2020-1826,2020-05-04T21:59:28,Ratnapura,WET,Building Collapse,2,MEDIUM,231,0,Rescue Teams|Medical Kits,20,RESOLVED,CITIZEN,MOBILE_APP,TAMIL,RAIN,True,False,False,True,OFFICER-01,1,5,3,17,False,MODERATE,0,True,5,23,0,False,False,True
INC-2021-1827,2021-11-08T17:22:28,Kegalle,WET,Building Collapse,1,LOW,53,0,Rescue Teams|Medical Kits,15,RESOLVED,CITIZEN,MOBILE_APP,TAMIL,RAIN,False,False,False,True,OFFICER-01,3,5,0,89,False,MODERATE,0,True,11,18,0,False,False,False
INC-2020-1828,2020-02-12T18:00:51,Ratnapura,WET,Flood,4,CRITICAL,1091,65,Rescue Teams|Medical Kits,33,RESOLVED,CITIZEN,MOBILE_APP,SINHALA,RAIN,True,False,False,True,OFFICER-01,10,0,2,41,False,MODERATE,0,True,2,1,2,False,True,False
INC-2023-1829,2023-07-01T07:50:20,Polonnaruwa,WET,High Winds/Cyclone,2,MEDIUM,201,0,Rescue Teams|Medical Kits,50,RESOLVED,CITIZEN,MOBILE_APP,ENGLISH,RAIN,False,False,False,True,OFFICER-01,10,1,5,18,False,MODERATE,0,True,7,21,5,False,False,True
INC-2021-1830,2021-10-04T10:44:37,Kandy,WET,Flood,4,CRITICAL,1354,48,Rescue Teams|Medical Kits,99,RESOLVED,CITIZEN,MOBILE_APP,SINHALA,RAIN,True,True,False,True,OFFICER-01,7,3,2,55,False,MODERATE,0,True,10,21,0,True,False,True
INC-2020-1831,2020-06-01T00:44:27,Galle,WET,Landslide,4,CRITICAL,1689,44,Rescue Teams|Medical Kits,22,RESOLVED,CITIZEN,MOBILE_APP,SINHALA,RAIN,True,False,False,True,OFFICER-01,7,4,2,26,False,MODERATE,0,True,6,5,0,False,True,False
INC-2023-1832,2023-07-08T09:39:44,Galle,WET,Medical Emergency,1,LOW,0,0,Rescue Teams|Medical Kits,51,RESOLVED,CITIZEN,MOBILE_APP,ENGLISH,RAIN,False,False,False,True,OFFICER-01,2,3,0,60,False,MODERATE,0,True,7,4,5,False,False,False
INC-2024-1833,2024-07-03T09:16:06,Colombo,WET,Landslide,4,CRITICAL,890,64,Rescue Teams|Medical Kits,97,RESOLVED,CITIZEN,MOBILE_APP,SINHALA,RAIN,True,False,False,True,OFFICER-01,7,1,5,35,False,MODERATE,0,True,7,9,2,True,True,True
INC-2024-1834,2024-01-21T11:24:39,Polonnaruwa,WET,Drought,1,LOW,34,0,Rescue Teams|Medical Kits,43,RESOLVED,CITIZEN,MOBILE_APP,ENGLISH,RAIN,False,False,False,True,OFFICER-01,2,0,1,82,False,MODERATE,0,True,1,15,6,False,False,False
INC-2024-1835,2024-02-18T15:31:17,Kandy,WET,Building Collapse,4,CRITICAL,1019,45,Rescue Teams|Medical Kits,80,RESOLVED,CITIZEN,MOBILE_APP,TAMIL,RAIN,True,True,False,True,OFFICER-01,2,0,2,92,False,MODERATE,0,True,2,17,6,True,True,False
INC-2023-1836,2023-02-26T03:23:35,Trincomalee,WET,Landslide,2,MEDIUM,0,0,Rescue Teams|Medical Kits,49,RESOLVED,CITIZEN,MOBILE_APP,TAMIL,RAIN,False,False,False,True,OFFICER-01,8,2,5,51,False,MODERATE,0,True,2,3,6,True,True,False
INC-2020-1837,2020-03-04T01:38:43,Kalutara,WET,Drought,2,MEDIUM,186,0,Rescue Teams|Medical Kits,45,RESOLVED,CITIZEN,MOBILE_APP,ENGLISH,RAIN,False,False,False,True,OFFICER-01,4,1,5,71,False,MODERATE,0,True,3,3,2,False,False,False
INC-2025-1838,2025-03-21T08:53:36,Puttalam,WET,Medical Emergency,4,CRITICAL,855,10,Rescue Teams|Medical Kits,95,RESOLVED,CITIZEN,MOBILE_APP,ENGLISH,RAIN,True,False,False,True,OFFICER-01,8,0,1,2,False,MODERATE,0,True,3,20,4,True,True,False
INC-2022-1839,2022-10-14T02:58:26,Matale,WET,Forest Fire,1,LOW,57,0,Rescue Teams|Medical Kits,68,RESOLVED,CITIZEN,MOBILE_APP,TAMIL,RAIN,False,False,False,True,OFFICER-01,5,0,3,24,False,MODERATE,0,True,10,17,4,False,False,False
INC-2021-1840,2021-08-05T03:27:33,Gampaha,WET,Landslide,3,HIGH,351,5,Rescue Teams|Medical Kits,47,RESOLVED,CITIZEN,MOBILE_APP,TAMIL,RAIN,True,False,False,True,OFFICER-01,4,4,1,80,False,MODERATE,0,True,8,13,3,False,False,True
INC-2023-1841,2023-06-02T19:50:17,Monaragala,WET,Building Collapse,3,HIGH,445,14,Rescue Teams|Medical Kits,87,RESOLVED,CITIZEN,MOBILE_APP,ENGLISH,RAIN,True,False,False,True,OFFICER-01,1,3,3,79,False,MODERATE,0,True,6,18,4,False,False,False
INC-2021-1842,2021-09-01T18:51:28,Ratnapura,WET,Drought,2,MEDIUM,177,0,Rescue Teams|Medical Kits,60,RESOLVED,CITIZEN,MOBILE_APP,ENGLISH,RAIN,True,True,False,True,OFFICER-01,3,4,2,63,False,MODERATE,0,True,9,10,2,False,True,True
INC-2021-1843,2021-12-08T01:25:19,Badulla,WET,Building Collapse,1,LOW,44,0,Rescue Teams|Medical Kits,103,RESOLVED,CITIZEN,MOBILE_APP,SINHALA,RAIN,False,False,False,True,OFFICER-01,1,4,1,29,False,MODERATE,0,True,12,0,2,False,False,False
INC-2023-1844,2023-06-30T02:38:37,Mullaitivu,WET,Flood,3,HIGH,570,41,Rescue Teams|Medical Kits,83,RESOLVED,CITIZEN,MOBILE_APP,TAMIL,RAIN,True,True,False,True,OFFICER-01,1,0,5,70,False,MODERATE,0,True,6,0,4,True,True,True
INC-2023-1845,2023-10-03T00:18:32,Mannar,WET,Flood,2,MEDIUM,0,0,Rescue Teams|Medical Kits,42,RESOLVED,CITIZEN,MOBILE_APP,SINHALA,RAIN,True,False,False,True,OFFICER-01,5,0,0,32,False,MODERATE,0,True,10,23,1,True,False,False
INC-2020-1846,2020-02-06T08:15:10,Ampara,WET,Drought,1,LOW,86,0,Rescue Teams|Medical Kits,97,RESOLVED,CITIZEN,MOBILE_APP,TAMIL,RAIN,False,False,False,True,OFFICER-01,7,1,0,43,False,MODERATE,0,True,2,8,3,False,True,True
INC-2022-1847,2022-01-05T10:20:24,Polonnaruwa,WET,Flood,3,HIGH,587,50,Rescue Teams|Medical Kits,116,RESOLVED,CITIZEN,MOBILE_APP,TAMIL,RAIN,True,False,False,True,OFFICER-01,8,5,5,97,False,MODERATE,0,True,1,8,2,True,False,False
INC-2022-1848,2022-01-19T09:55:16,Gampaha,WET,Drought,2,MEDIUM,192,0,Rescue Teams|Medical Kits,84,RESOLVED,CITIZEN,MOBILE_APP,SINHALA,RAIN,True,True,False,True,OFFICER-01,10,5,5,0,False,MODERATE,0,True,1,8,2,False,False,False
INC-2024-1849,2024-02-29T23:27:09,Kandy,WET,Forest Fire,1,LOW,50,0,Rescue Teams|Medical Kits,27,RESOLVED,CITIZEN,MOBILE_APP,SINHALA,RAIN,False,False,False,True,OFFICER-01,8,4,1,73,False,MODERATE,0,True,2,10,3,True,False,False
INC-2022-1850,2022-05-12T16:34:22,Colombo,WET,Drought,1,LOW,55,0,Rescue Teams|Medical Kits,60,RESOLVED,CITIZEN,MOBILE_APP,ENGLISH,RAIN,False,False,False,True,OFFICER-01,8,5,1,3,False,MODERATE,0,True,5,11,3,False,False,False
INC-2026-1851,2026-04-14T16:25:47,Gampaha,WET,High Winds/Cyclone,3,HIGH,602,23,Rescue Teams|Medical Kits,100,RESOLVED,CITIZEN,MOBILE_APP,ENGLISH,RAIN,True,True,False,True,OFFICER-01,3,1,1,29,False,MODERATE,0,True,4,18,1,True,False,True
INC-2026-1852,2026-04-10T06:07:18,Gampaha,WET,Forest Fire,1,LOW,49,0,Rescue Teams|Medical Kits,120,RESOLVED,CITIZEN,MOBILE_APP,SINHALA,RAIN,False,False,False,True,OFFICER-01,3,1,2,58,False,MODERATE,0,True,4,6,4,False,False,False
INC-2020-1853,2020-07-09T09:00:24,Monaragala,WET,Flood,3,HIGH,650,9,Rescue Teams|Medical Kits,19,RESOLVED,CITIZEN,MOBILE_APP,SINHALA,RAIN,True,True,False,True,OFFICER-01,3,2,5,96,False,MODERATE,0,True,7,20,3,True,False,True
INC-2022-1854,2022-07-19T19:19:15,Ampara,WET,Landslide,4,CRITICAL,1271,92,Rescue Teams|Medical Kits,23,RESOLVED,CITIZEN,MOBILE_APP,SINHALA,RAIN,True,False,False,True,OFFICER-01,7,3,0,21,False,MODERATE,0,True,7,5,1,True,True,False
INC-2023-1855,2023-03-09T15:24:07,Gampaha,WET,Drought,2,MEDIUM,165,0,Rescue Teams|Medical Kits,68,RESOLVED,CITIZEN,MOBILE_APP,SINHALA,RAIN,True,False,False,True,OFFICER-01,1,1,1,9,False,MODERATE,0,True,3,21,3,False,False,False
INC-2021-1856,2021-04-22T15:39:46,Badulla,WET,Flood,2,MEDIUM,177,0,Rescue Teams|Medical Kits,104,RESOLVED,CITIZEN,MOBILE_APP,SINHALA,RAIN,True,False,False,True,OFFICER-01,4,5,4,91,False,MODERATE,0,True,4,7,3,False,False,False
INC-2024-1857,2024-09-20T07:36:01,Kilinochchi,WET,Drought,1,LOW,12,0,Rescue Teams|Medical Kits,89,RESOLVED,CITIZEN,MOBILE_APP,ENGLISH,RAIN,False,False,False,True,OFFICER-01,7,1,4,68,False,MODERATE,0,True,9,18,4,True,False,True
INC-2025-1858,2025-08-14T03:41:20,Anuradhapura,WET,Building Collapse,3,HIGH,402,38,Rescue Teams|Medical Kits,37,RESOLVED,CITIZEN,MOBILE_APP,TAMIL,RAIN,True,False,False,True,OFFICER-01,7,2,2,33,False,MODERATE,0,True,8,0,3,True,False,False
INC-2025-1859,2025-02-26T15:36:40,Kandy,WET,Medical Emergency,2,MEDIUM,150,0,Rescue Teams|Medical Kits,40,RESOLVED,CITIZEN,MOBILE_APP,ENGLISH,RAIN,True,False,False,True,OFFICER-01,4,3,4,59,False,MODERATE,0,True,2,0,2,False,False,False
INC-2020-1860,2020-10-09T19:17:48,Ampara,WET,Flood,2,MEDIUM,104,0,Rescue Teams|Medical Kits,31,RESOLVED,CITIZEN,MOBILE_APP,SINHALA,RAIN,False,False,False,True,OFFICER-01,3,5,5,68,False,MODERATE,0,True,10,22,4,False,False,True
INC-2020-1861,2020-12-17T14:11:08,Anuradhapura,WET,Landslide,3,HIGH,332,19,Rescue Teams|Medical Kits,89,RESOLVED,CITIZEN,MOBILE_APP,TAMIL,RAIN,True,False,False,True,OFFICER-01,2,0,4,23,False,MODERATE,0,True,12,4,3,False,True,True
INC-2024-1862,2024-08-01T16:38:41,Mullaitivu,WET,High Winds/Cyclone,3,HIGH,722,54,Rescue Teams|Medical Kits,21,RESOLVED,CITIZEN,MOBILE_APP,TAMIL,RAIN,True,False,False,True,OFFICER-01,9,4,0,30,False,MODERATE,0,True,8,7,3,True,True,True
INC-2024-1863,2024-08-01T14:58:04,Batticaloa,WET,Flood,2,MEDIUM,129,0,Rescue Teams|Medical Kits,83,RESOLVED,CITIZEN,MOBILE_APP,SINHALA,RAIN,False,False,False,True,OFFICER-01,4,2,2,70,False,MODERATE,0,True,8,16,3,False,False,False
INC-2021-1864,2021-02-27T02:18:46,Hambantota,WET,Flood,1,LOW,42,0,Rescue Teams|Medical Kits,41,RESOLVED,CITIZEN,MOBILE_APP,SINHALA,RAIN,False,False,False,True,OFFICER-01,3,5,5,11,False,MODERATE,0,True,2,15,5,False,False,False
INC-2024-1865,2024-05-28T05:31:44,Matara,WET,High Winds/Cyclone,2,MEDIUM,160,0,Rescue Teams|Medical Kits,69,RESOLVED,CITIZEN,MOBILE_APP,TAMIL,RAIN,True,False,False,True,OFFICER-01,10,4,0,94,False,MODERATE,0,True,5,2,1,False,True,False
INC-2022-1866,2022-09-26T22:18:35,Kegalle,WET,High Winds/Cyclone,3,HIGH,223,11,Rescue Teams|Medical Kits,18,RESOLVED,CITIZEN,MOBILE_APP,SINHALA,RAIN,True,False,False,True,OFFICER-01,0,0,5,88,False,MODERATE,0,True,9,23,0,True,False,False
INC-2020-1867,2020-03-16T05:01:12,Vavuniya,WET,Drought,4,CRITICAL,1035,57,Rescue Teams|Medical Kits,56,RESOLVED,CITIZEN,MOBILE_APP,SINHALA,RAIN,True,True,False,True,OFFICER-01,10,4,0,10,False,MODERATE,0,True,3,19,0,True,False,True
INC-2025-1868,2025-11-07T09:44:51,Galle,WET,Building Collapse,3,HIGH,629,26,Rescue Teams|Medical Kits,71,RESOLVED,CITIZEN,MOBILE_APP,TAMIL,RAIN,False,False,False,True,OFFICER-01,10,2,0,100,False,MODERATE,0,True,11,19,4,False,False,False
INC-2025-1869,2025-05-13T23:17:21,Trincomalee,WET,High Winds/Cyclone,3,HIGH,819,74,Rescue Teams|Medical Kits,34,RESOLVED,CITIZEN,MOBILE_APP,ENGLISH,RAIN,True,False,False,True,OFFICER-01,5,3,5,14,False,MODERATE,0,True,5,5,1,True,True,False
INC-2024-1870,2024-04-14T22:27:43,Badulla,WET,High Winds/Cyclone,3,HIGH,365,36,Rescue Teams|Medical Kits,35,RESOLVED,CITIZEN,MOBILE_APP,SINHALA,RAIN,True,False,False,True,OFFICER-01,8,1,4,85,False,MODERATE,0,True,4,22,6,False,True,False
INC-2024-1871,2024-11-25T18:22:52,Batticaloa,WET,Drought,1,LOW,38,0,Rescue Teams|Medical Kits,81,RESOLVED,CITIZEN,MOBILE_APP,SINHALA,RAIN,False,False,False,True,OFFICER-01,2,1,2,64,False,MODERATE,0,True,11,15,0,False,False,False
INC-2025-1872,2025-04-15T09:57:12,Gampaha,WET,Drought,1,LOW,71,0,Rescue Teams|Medical Kits,20,RESOLVED,CITIZEN,MOBILE_APP,TAMIL,RAIN,False,False,False,True,OFFICER-01,6,3,0,5,False,MODERATE,0,True,4,15,1,False,False,False
INC-2025-1873,2025-02-04T16:27:32,Gampaha,WET,Flood,1,LOW,36,0,Rescue Teams|Medical Kits,46,RESOLVED,CITIZEN,MOBILE_APP,ENGLISH,RAIN,True,False,False,True,OFFICER-01,5,5,2,11,False,MODERATE,0,True,2,8,1,False,False,False
INC-2023-1874,2023-01-28T00:54:48,Nuwara Eliya,WET,Flood,3,HIGH,722,35,Rescue Teams|Medical Kits,66,RESOLVED,CITIZEN,MOBILE_APP,ENGLISH,RAIN,False,False,False,True,OFFICER-01,9,0,1,52,False,MODERATE,0,True,1,4,5,False,True,True
INC-2021-1875,2021-04-08T18:36:20,Trincomalee,WET,Landslide,4,CRITICAL,460,14,Rescue Teams|Medical Kits,62,RESOLVED,CITIZEN,MOBILE_APP,TAMIL,RAIN,True,True,False,True,OFFICER-01,0,2,2,21,False,MODERATE,0,True,4,23,3,True,True,True
INC-2024-1876,2024-11-27T03:12:12,Polonnaruwa,WET,Forest Fire,1,LOW,34,0,Rescue Teams|Medical Kits,106,RESOLVED,CITIZEN,MOBILE_APP,SINHALA,RAIN,False,True,False,True,OFFICER-01,10,3,0,52,False,MODERATE,0,True,11,17,2,False,False,False
INC-2021-1877,2021-10-07T23:22:44,Ratnapura,WET,Drought,1,LOW,35,0,Rescue Teams|Medical Kits,86,RESOLVED,CITIZEN,MOBILE_APP,ENGLISH,RAIN,False,False,False,True,OFFICER-01,9,2,0,98,False,MODERATE,0,True,10,19,3,False,False,False
INC-2025-1878,2025-04-23T22:29:58,Matale,WET,High Winds/Cyclone,1,LOW,0,0,Rescue Teams|Medical Kits,38,RESOLVED,CITIZEN,MOBILE_APP,SINHALA,RAIN,False,False,False,True,OFFICER-01,1,0,2,6,False,MODERATE,0,True,4,16,2,False,True,False
INC-2021-1879,2021-01-15T07:35:06,Mullaitivu,WET,Flood,3,HIGH,583,49,Rescue Teams|Medical Kits,30,RESOLVED,CITIZEN,MOBILE_APP,TAMIL,RAIN,True,False,False,True,OFFICER-01,8,5,0,33,False,MODERATE,0,True,1,2,4,False,False,False
INC-2025-1880,2025-04-27T14:30:24,Jaffna,WET,Landslide,2,MEDIUM,283,0,Rescue Teams|Medical Kits,37,RESOLVED,CITIZEN,MOBILE_APP,TAMIL,RAIN,False,False,False,True,OFFICER-01,7,3,1,66,False,MODERATE,0,True,4,20,6,False,False,False
INC-2021-1881,2021-08-25T06:57:58,Ratnapura,WET,High Winds/Cyclone,3,HIGH,428,17,Rescue Teams|Medical Kits,97,RESOLVED,CITIZEN,MOBILE_APP,SINHALA,RAIN,True,False,False,True,OFFICER-01,6,2,1,19,False,MODERATE,0,True,8,16,2,True,True,False
INC-2025-1882,2025-09-21T22:30:06,Kalutara,WET,Flood,2,MEDIUM,81,0,Rescue Teams|Medical Kits,94,RESOLVED,CITIZEN,MOBILE_APP,TAMIL,RAIN,False,False,False,True,OFFICER-01,4,5,1,66,False,MODERATE,0,True,9,12,6,False,False,False
INC-2024-1883,2024-11-10T08:11:42,Mullaitivu,WET,High Winds/Cyclone,2,MEDIUM,218,0,Rescue Teams|Medical Kits,54,RESOLVED,CITIZEN,MOBILE_APP,ENGLISH,RAIN,True,False,False,True,OFFICER-01,4,1,0,31,False,MODERATE,0,True,11,23,6,False,False,False
INC-2023-1884,2023-07-28T06:32:06,Matale,WET,High Winds/Cyclone,2,MEDIUM,229,0,Rescue Teams|Medical Kits,107,RESOLVED,CITIZEN,MOBILE_APP,TAMIL,RAIN,True,False,False,True,OFFICER-01,8,3,1,13,False,MODERATE,0,True,7,11,4,False,False,False
INC-2022-1885,2022-08-19T20:19:58,Jaffna,WET,Flood,3,HIGH,839,35,Rescue Teams|Medical Kits,20,RESOLVED,CITIZEN,MOBILE_APP,ENGLISH,RAIN,True,True,False,True,OFFICER-01,4,5,3,20,False,MODERATE,0,True,8,1,4,False,True,False
INC-2023-1886,2023-01-06T22:33:54,Jaffna,WET,Landslide,3,HIGH,542,27,Rescue Teams|Medical Kits,20,RESOLVED,CITIZEN,MOBILE_APP,SINHALA,RAIN,False,False,False,True,OFFICER-01,6,1,5,86,False,MODERATE,0,True,1,22,4,True,True,False
INC-2023-1887,2023-02-20T14:11:05,Puttalam,WET,Drought,2,MEDIUM,231,0,Rescue Teams|Medical Kits,52,RESOLVED,CITIZEN,MOBILE_APP,SINHALA,RAIN,True,False,False,True,OFFICER-01,0,5,0,60,False,MODERATE,0,True,2,5,0,False,True,True
INC-2023-1888,2023-03-18T03:22:28,Matara,WET,High Winds/Cyclone,4,CRITICAL,753,13,Rescue Teams|Medical Kits,80,RESOLVED,CITIZEN,MOBILE_APP,TAMIL,RAIN,True,True,False,True,OFFICER-01,8,4,0,98,False,MODERATE,0,True,3,9,5,False,True,True
INC-2021-1889,2021-12-02T17:49:08,Jaffna,WET,Landslide,1,LOW,108,0,Rescue Teams|Medical Kits,86,RESOLVED,CITIZEN,MOBILE_APP,TAMIL,RAIN,False,False,False,True,OFFICER-01,8,4,1,35,False,MODERATE,0,True,12,7,3,False,False,False
INC-2022-1890,2022-10-27T02:15:05,Jaffna,WET,Building Collapse,2,MEDIUM,233,0,Rescue Teams|Medical Kits,93,RESOLVED,CITIZEN,MOBILE_APP,TAMIL,RAIN,False,False,False,True,OFFICER-01,0,5,5,43,False,MODERATE,0,True,10,14,3,False,False,True
INC-2020-1891,2020-04-26T15:15:30,Kurunegala,WET,High Winds/Cyclone,2,MEDIUM,343,0,Rescue Teams|Medical Kits,52,RESOLVED,CITIZEN,MOBILE_APP,SINHALA,RAIN,True,False,False,True,OFFICER-01,3,1,1,97,False,MODERATE,0,True,4,1,6,True,True,True
INC-2023-1892,2023-01-08T03:27:02,Kalutara,WET,Landslide,4,CRITICAL,845,80,Rescue Teams|Medical Kits,55,RESOLVED,CITIZEN,MOBILE_APP,TAMIL,RAIN,False,False,False,True,OFFICER-01,1,3,5,28,False,MODERATE,0,True,1,3,6,True,True,False
INC-2021-1893,2021-03-15T08:44:48,Galle,WET,Flood,2,MEDIUM,285,0,Rescue Teams|Medical Kits,91,RESOLVED,CITIZEN,MOBILE_APP,ENGLISH,RAIN,True,False,False,True,OFFICER-01,8,3,5,100,False,MODERATE,0,True,3,22,0,False,False,False
INC-2021-1894,2021-01-19T13:36:58,Batticaloa,WET,Flood,2,MEDIUM,291,0,Rescue Teams|Medical Kits,45,RESOLVED,CITIZEN,MOBILE_APP,TAMIL,RAIN,True,False,False,True,OFFICER-01,1,5,5,25,False,MODERATE,0,True,1,6,1,True,True,False
INC-2024-1895,2024-03-10T09:30:21,Galle,WET,Landslide,4,CRITICAL,1641,74,Rescue Teams|Medical Kits,43,RESOLVED,CITIZEN,MOBILE_APP,SINHALA,RAIN,True,True,False,True,OFFICER-01,6,0,5,9,False,MODERATE,0,True,3,23,6,True,True,False
INC-2020-1896,2020-09-17T13:26:56,Matale,WET,High Winds/Cyclone,2,MEDIUM,217,0,Rescue Teams|Medical Kits,78,RESOLVED,CITIZEN,MOBILE_APP,ENGLISH,RAIN,True,False,False,True,OFFICER-01,6,0,3,64,False,MODERATE,0,True,9,16,3,True,False,False
INC-2023-1897,2023-06-19T02:50:45,Matale,WET,Drought,2,MEDIUM,148,0,Rescue Teams|Medical Kits,16,RESOLVED,CITIZEN,MOBILE_APP,SINHALA,RAIN,False,False,False,True,OFFICER-01,2,1,0,3,False,MODERATE,0,True,6,16,0,True,False,False
INC-2024-1898,2024-12-25T22:03:33,Galle,WET,Drought,2,MEDIUM,287,0,Rescue Teams|Medical Kits,29,RESOLVED,CITIZEN,MOBILE_APP,TAMIL,RAIN,False,False,False,True,OFFICER-01,2,4,4,1,False,MODERATE,0,True,12,13,2,False,False,True
INC-2022-1899,2022-01-29T06:43:42,Monaragala,WET,Landslide,3,HIGH,704,12,Rescue Teams|Medical Kits,104,RESOLVED,CITIZEN,MOBILE_APP,ENGLISH,RAIN,False,True,False,True,OFFICER-01,4,5,2,76,False,MODERATE,0,True,1,20,5,False,True,True
INC-2021-1900,2021-01-06T21:32:57,Jaffna,WET,Medical Emergency,2,MEDIUM,0,0,Rescue Teams|Medical Kits,94,RESOLVED,CITIZEN,MOBILE_APP,TAMIL,RAIN,False,True,False,True,OFFICER-01,3,3,2,78,False,MODERATE,0,True,1,0,2,False,False,False
INC-2022-1901,2022-12-10T08:09:46,Kalutara,WET,Flood,3,HIGH,313,29,Rescue Teams|Medical Kits,92,RESOLVED,CITIZEN,MOBILE_APP,SINHALA,RAIN,True,False,False,True,OFFICER-01,1,4,5,98,False,MODERATE,0,True,12,22,5,False,False,True
INC-2024-1902,2024-11-21T13:12:39,Matara,WET,Drought,3,HIGH,215,15,Rescue Teams|Medical Kits,44,RESOLVED,CITIZEN,MOBILE_APP,ENGLISH,RAIN,True,False,False,True,OFFICER-01,8,3,2,3,False,MODERATE,0,True,11,7,3,False,True,False
INC-2024-1903,2024-12-27T08:51:59,Kalutara,WET,Building Collapse,3,HIGH,727,22,Rescue Teams|Medical Kits,36,RESOLVED,CITIZEN,MOBILE_APP,TAMIL,RAIN,True,True,False,True,OFFICER-01,2,1,4,77,False,MODERATE,0,True,12,21,4,False,True,True
INC-2024-1904,2024-04-20T15:06:11,Gampaha,WET,Flood,4,CRITICAL,916,29,Rescue Teams|Medical Kits,57,RESOLVED,CITIZEN,MOBILE_APP,ENGLISH,RAIN,True,False,False,True,OFFICER-01,6,0,0,32,False,MODERATE,0,True,4,22,5,False,True,False
INC-2020-1905,2020-04-23T08:21:34,Nuwara Eliya,WET,Forest Fire,3,HIGH,496,15,Rescue Teams|Medical Kits,31,RESOLVED,CITIZEN,MOBILE_APP,TAMIL,RAIN,True,False,False,True,OFFICER-01,8,3,5,5,False,MODERATE,0,True,4,9,3,True,True,False
INC-2023-1906,2023-02-13T17:16:18,Mullaitivu,WET,Flood,1,LOW,33,0,Rescue Teams|Medical Kits,45,RESOLVED,CITIZEN,MOBILE_APP,ENGLISH,RAIN,False,False,False,True,OFFICER-01,6,3,3,95,False,MODERATE,0,True,2,10,0,False,False,False
INC-2020-1907,2020-05-24T00:43:58,Trincomalee,WET,High Winds/Cyclone,2,MEDIUM,367,0,Rescue Teams|Medical Kits,110,RESOLVED,CITIZEN,MOBILE_APP,SINHALA,RAIN,True,False,False,True,OFFICER-01,6,0,0,24,False,MODERATE,0,True,5,3,6,True,True,False
INC-2020-1908,2020-06-21T01:59:17,Trincomalee,WET,Forest Fire,2,MEDIUM,192,0,Rescue Teams|Medical Kits,64,RESOLVED,CITIZEN,MOBILE_APP,ENGLISH,RAIN,True,False,False,True,OFFICER-01,9,0,0,49,False,MODERATE,0,True,6,11,6,False,False,False
INC-2021-1909,2021-04-23T10:27:43,Kilinochchi,WET,Drought,1,LOW,32,0,Rescue Teams|Medical Kits,110,RESOLVED,CITIZEN,MOBILE_APP,SINHALA,RAIN,False,False,False,True,OFFICER-01,1,1,1,32,False,MODERATE,0,True,4,10,4,False,False,False
INC-2022-1910,2022-11-24T00:00:39,Anuradhapura,WET,Flood,1,LOW,49,0,Rescue Teams|Medical Kits,80,RESOLVED,CITIZEN,MOBILE_APP,TAMIL,RAIN,False,False,False,True,OFFICER-01,2,3,4,13,False,MODERATE,0,True,11,13,3,False,False,False
INC-2024-1911,2024-02-17T01:00:44,Polonnaruwa,WET,Landslide,4,CRITICAL,1822,136,Rescue Teams|Medical Kits,97,RESOLVED,CITIZEN,MOBILE_APP,SINHALA,RAIN,True,False,False,True,OFFICER-01,9,1,4,33,False,MODERATE,0,True,2,17,5,True,True,False
INC-2022-1912,2022-06-21T05:51:16,Jaffna,WET,Building Collapse,1,LOW,77,0,Rescue Teams|Medical Kits,45,RESOLVED,CITIZEN,MOBILE_APP,ENGLISH,RAIN,False,False,False,True,OFFICER-01,8,0,4,57,False,MODERATE,0,True,6,3,1,False,False,False
INC-2021-1913,2021-08-25T22:50:51,Puttalam,WET,Drought,1,LOW,61,0,Rescue Teams|Medical Kits,100,RESOLVED,CITIZEN,MOBILE_APP,TAMIL,RAIN,False,False,False,True,OFFICER-01,8,1,3,5,False,MODERATE,0,True,8,15,2,False,True,False
INC-2021-1914,2021-10-20T12:56:20,Ratnapura,WET,High Winds/Cyclone,1,LOW,52,0,Rescue Teams|Medical Kits,107,RESOLVED,CITIZEN,MOBILE_APP,SINHALA,RAIN,False,False,False,True,OFFICER-01,0,0,5,47,False,MODERATE,0,True,10,19,2,False,False,False
INC-2023-1915,2023-11-03T20:48:24,Monaragala,WET,Flood,4,CRITICAL,503,49,Rescue Teams|Medical Kits,79,RESOLVED,CITIZEN,MOBILE_APP,ENGLISH,RAIN,True,False,False,True,OFFICER-01,9,4,5,8,False,MODERATE,0,True,11,18,4,True,True,True
INC-2022-1916,2022-06-17T23:28:13,Matara,WET,Flood,3,HIGH,508,43,Rescue Teams|Medical Kits,106,RESOLVED,CITIZEN,MOBILE_APP,ENGLISH,RAIN,True,False,False,True,OFFICER-01,4,4,1,51,False,MODERATE,0,True,6,0,4,False,True,False
INC-2025-1917,2025-01-31T10:57:15,Mannar,WET,High Winds/Cyclone,1,LOW,51,0,Rescue Teams|Medical Kits,68,RESOLVED,CITIZEN,MOBILE_APP,TAMIL,RAIN,False,False,False,True,OFFICER-01,9,3,5,37,False,MODERATE,0,True,1,20,4,False,False,False
INC-2024-1918,2024-09-13T04:11:32,Badulla,WET,High Winds/Cyclone,3,HIGH,844,14,Rescue Teams|Medical Kits,108,RESOLVED,CITIZEN,MOBILE_APP,TAMIL,RAIN,False,False,False,True,OFFICER-01,10,3,0,66,False,MODERATE,0,True,9,23,4,True,False,True
INC-2022-1919,2022-07-07T05:37:12,Matara,WET,Drought,2,MEDIUM,189,0,Rescue Teams|Medical Kits,89,RESOLVED,CITIZEN,MOBILE_APP,ENGLISH,RAIN,True,True,False,True,OFFICER-01,10,4,1,18,False,MODERATE,0,True,7,11,3,False,False,False
INC-2022-1920,2022-10-23T08:57:54,Puttalam,WET,Flood,4,CRITICAL,1285,104,Rescue Teams|Medical Kits,54,RESOLVED,CITIZEN,MOBILE_APP,TAMIL,RAIN,True,False,False,True,OFFICER-01,9,1,1,24,False,MODERATE,0,True,10,16,6,True,True,True
INC-2020-1921,2020-12-02T15:31:29,Kalutara,WET,High Winds/Cyclone,4,CRITICAL,753,28,Rescue Teams|Medical Kits,52,RESOLVED,CITIZEN,MOBILE_APP,SINHALA,RAIN,True,True,False,True,OFFICER-01,6,3,4,71,False,MODERATE,0,True,12,7,2,True,True,False
INC-2020-1922,2020-06-19T04:08:06,Badulla,WET,High Winds/Cyclone,2,MEDIUM,172,0,Rescue Teams|Medical Kits,86,RESOLVED,CITIZEN,MOBILE_APP,ENGLISH,RAIN,True,False,False,True,OFFICER-01,2,3,5,15,False,MODERATE,0,True,6,0,4,False,True,False
INC-2023-1923,2023-11-21T09:55:23,Nuwara Eliya,WET,Building Collapse,4,CRITICAL,980,90,Rescue Teams|Medical Kits,97,RESOLVED,CITIZEN,MOBILE_APP,ENGLISH,RAIN,True,True,False,True,OFFICER-01,2,5,1,39,False,MODERATE,0,True,11,18,1,False,True,False
INC-2024-1924,2024-10-11T00:22:45,Jaffna,WET,Landslide,2,MEDIUM,140,0,Rescue Teams|Medical Kits,43,RESOLVED,CITIZEN,MOBILE_APP,ENGLISH,RAIN,False,True,False,True,OFFICER-01,10,5,4,46,False,MODERATE,0,True,10,19,4,False,True,True
INC-2025-1925,2025-07-13T01:38:58,Matara,WET,Building Collapse,3,HIGH,854,14,Rescue Teams|Medical Kits,99,RESOLVED,CITIZEN,MOBILE_APP,TAMIL,RAIN,True,True,False,True,OFFICER-01,0,2,0,44,False,MODERATE,0,True,7,20,6,False,False,False
INC-2023-1926,2023-06-19T23:19:39,Kilinochchi,WET,Landslide,1,LOW,88,0,Rescue Teams|Medical Kits,103,RESOLVED,CITIZEN,MOBILE_APP,TAMIL,RAIN,False,False,False,True,OFFICER-01,9,3,2,3,False,MODERATE,0,True,6,4,0,False,False,False
INC-2024-1927,2024-09-02T11:12:42,Matara,WET,Drought,1,LOW,79,0,Rescue Teams|Medical Kits,84,RESOLVED,CITIZEN,MOBILE_APP,TAMIL,RAIN,True,False,False,True,OFFICER-01,2,3,5,34,False,MODERATE,0,True,9,11,0,True,False,False
INC-2020-1928,2020-10-17T11:40:15,Batticaloa,WET,Drought,2,MEDIUM,146,0,Rescue Teams|Medical Kits,59,RESOLVED,CITIZEN,MOBILE_APP,ENGLISH,RAIN,False,False,False,True,OFFICER-01,10,0,1,1,False,MODERATE,0,True,10,12,5,False,True,False
INC-2024-1929,2024-10-11T10:24:04,Nuwara Eliya,WET,Forest Fire,2,MEDIUM,128,0,Rescue Teams|Medical Kits,101,RESOLVED,CITIZEN,MOBILE_APP,TAMIL,RAIN,False,False,False,True,OFFICER-01,2,1,4,40,False,MODERATE,0,True,10,3,4,False,False,False
INC-2024-1930,2024-11-10T14:39:07,Puttalam,WET,Building Collapse,1,LOW,67,0,Rescue Teams|Medical Kits,47,RESOLVED,CITIZEN,MOBILE_APP,SINHALA,RAIN,False,False,False,True,OFFICER-01,4,3,4,19,False,MODERATE,0,True,11,3,6,False,False,False
INC-2022-1931,2022-01-17T12:29:45,Polonnaruwa,WET,High Winds/Cyclone,3,HIGH,332,10,Rescue Teams|Medical Kits,49,RESOLVED,CITIZEN,MOBILE_APP,TAMIL,RAIN,True,True,False,True,OFFICER-01,0,0,1,61,False,MODERATE,0,True,1,16,0,False,True,False
INC-2021-1932,2021-11-26T02:52:02,Colombo,WET,Flood,2,MEDIUM,111,0,Rescue Teams|Medical Kits,70,RESOLVED,CITIZEN,MOBILE_APP,TAMIL,RAIN,True,False,False,True,OFFICER-01,6,3,0,7,False,MODERATE,0,True,11,16,4,False,False,False
INC-2020-1933,2020-12-28T20:02:31,Ampara,WET,High Winds/Cyclone,4,CRITICAL,1233,100,Rescue Teams|Medical Kits,40,RESOLVED,CITIZEN,MOBILE_APP,SINHALA,RAIN,False,False,False,True,OFFICER-01,1,5,1,78,False,MODERATE,0,True,12,2,0,False,True,False
INC-2022-1934,2022-11-06T07:33:10,Ampara,WET,Forest Fire,3,HIGH,694,7,Rescue Teams|Medical Kits,21,RESOLVED,CITIZEN,MOBILE_APP,SINHALA,RAIN,True,False,False,True,OFFICER-01,6,4,0,78,False,MODERATE,0,True,11,0,6,True,True,True
INC-2025-1935,2025-07-07T03:38:53,Kegalle,WET,Flood,1,LOW,22,0,Rescue Teams|Medical Kits,92,RESOLVED,CITIZEN,MOBILE_APP,SINHALA,RAIN,False,False,False,True,OFFICER-01,5,0,3,52,False,MODERATE,0,True,7,20,0,False,False,False
INC-2021-1936,2021-07-04T12:11:04,Vavuniya,WET,Landslide,4,CRITICAL,986,31,Rescue Teams|Medical Kits,71,RESOLVED,CITIZEN,MOBILE_APP,TAMIL,RAIN,True,True,False,True,OFFICER-01,6,5,1,6,False,MODERATE,0,True,7,3,6,True,False,True
INC-2026-1937,2026-03-17T22:59:03,Anuradhapura,WET,Landslide,2,MEDIUM,119,0,Rescue Teams|Medical Kits,49,RESOLVED,CITIZEN,MOBILE_APP,SINHALA,RAIN,True,False,False,True,OFFICER-01,7,3,3,76,False,MODERATE,0,True,3,8,1,False,True,False
INC-2022-1938,2022-05-24T14:13:57,Polonnaruwa,WET,Flood,2,MEDIUM,198,0,Rescue Teams|Medical Kits,72,RESOLVED,CITIZEN,MOBILE_APP,SINHALA,RAIN,False,False,False,True,OFFICER-01,6,3,5,16,False,MODERATE,0,True,5,22,1,False,False,False
INC-2025-1939,2025-01-26T16:14:47,Matara,WET,Drought,2,MEDIUM,369,0,Rescue Teams|Medical Kits,117,RESOLVED,CITIZEN,MOBILE_APP,SINHALA,RAIN,True,False,False,True,OFFICER-01,7,5,5,60,False,MODERATE,0,True,1,17,6,True,True,False
INC-2023-1940,2023-04-09T12:23:53,Mannar,WET,Building Collapse,4,CRITICAL,1096,68,Rescue Teams|Medical Kits,104,RESOLVED,CITIZEN,MOBILE_APP,TAMIL,RAIN,True,False,False,True,OFFICER-01,1,2,0,50,False,MODERATE,0,True,4,3,6,True,True,True
INC-2024-1941,2024-06-15T22:53:16,Kilinochchi,WET,Drought,1,LOW,70,0,Rescue Teams|Medical Kits,39,RESOLVED,CITIZEN,MOBILE_APP,SINHALA,RAIN,True,False,False,True,OFFICER-01,3,3,1,11,False,MODERATE,0,True,6,2,5,False,False,False
INC-2021-1942,2021-02-16T04:16:08,Jaffna,WET,Landslide,3,HIGH,520,17,Rescue Teams|Medical Kits,36,RESOLVED,CITIZEN,MOBILE_APP,SINHALA,RAIN,True,True,False,True,OFFICER-01,5,3,0,59,False,MODERATE,0,True,2,22,1,False,False,False
INC-2024-1943,2024-08-19T06:41:16,Kalutara,WET,Drought,2,MEDIUM,124,0,Rescue Teams|Medical Kits,36,RESOLVED,CITIZEN,MOBILE_APP,TAMIL,RAIN,False,False,False,True,OFFICER-01,1,0,4,20,False,MODERATE,0,True,8,6,0,False,False,False
INC-2020-1944,2020-01-02T10:37:52,Ratnapura,WET,Flood,3,HIGH,1046,54,Rescue Teams|Medical Kits,45,RESOLVED,CITIZEN,MOBILE_APP,TAMIL,RAIN,True,False,False,True,OFFICER-01,10,2,1,59,False,MODERATE,0,True,1,0,3,True,False,False
INC-2024-1945,2024-03-20T05:39:22,Batticaloa,WET,High Winds/Cyclone,1,LOW,27,0,Rescue Teams|Medical Kits,63,RESOLVED,CITIZEN,MOBILE_APP,SINHALA,RAIN,False,False,False,True,OFFICER-01,3,1,3,9,False,MODERATE,0,True,3,11,2,False,True,False
INC-2025-1946,2025-09-06T00:27:15,Puttalam,WET,Landslide,3,HIGH,658,47,Rescue Teams|Medical Kits,21,RESOLVED,CITIZEN,MOBILE_APP,TAMIL,RAIN,True,False,False,True,OFFICER-01,2,4,2,6,False,MODERATE,0,True,9,3,5,False,True,False
INC-2021-1947,2021-03-13T14:37:17,Vavuniya,WET,Flood,4,CRITICAL,812,45,Rescue Teams|Medical Kits,119,RESOLVED,CITIZEN,MOBILE_APP,SINHALA,RAIN,False,True,False,True,OFFICER-01,6,2,2,6,False,MODERATE,0,True,3,1,5,True,False,False
INC-2022-1948,2022-01-04T19:16:40,Kegalle,WET,High Winds/Cyclone,3,HIGH,649,14,Rescue Teams|Medical Kits,65,RESOLVED,CITIZEN,MOBILE_APP,ENGLISH,RAIN,True,False,False,True,OFFICER-01,8,0,1,59,False,MODERATE,0,True,1,3,1,True,False,True
INC-2026-1949,2026-04-20T22:44:07,Trincomalee,WET,Landslide,4,CRITICAL,1577,40,Rescue Teams|Medical Kits,38,RESOLVED,CITIZEN,MOBILE_APP,SINHALA,RAIN,True,False,False,True,OFFICER-01,0,1,5,11,False,MODERATE,0,True,4,20,0,False,True,False
INC-2024-1950,2024-03-07T06:30:47,Ampara,WET,Drought,1,LOW,55,0,Rescue Teams|Medical Kits,28,RESOLVED,CITIZEN,MOBILE_APP,TAMIL,RAIN,True,False,False,True,OFFICER-01,3,2,4,53,False,MODERATE,0,True,3,5,3,False,False,False
INC-2021-1951,2021-06-17T04:53:10,Anuradhapura,WET,Landslide,3,HIGH,665,47,Rescue Teams|Medical Kits,115,RESOLVED,CITIZEN,MOBILE_APP,TAMIL,RAIN,True,False,False,True,OFFICER-01,10,4,3,29,False,MODERATE,0,True,6,1,3,True,False,False
INC-2023-1952,2023-08-16T14:23:26,Ratnapura,WET,Medical Emergency,1,LOW,85,0,Rescue Teams|Medical Kits,46,RESOLVED,CITIZEN,MOBILE_APP,SINHALA,RAIN,False,False,False,True,OFFICER-01,8,1,4,87,False,MODERATE,0,True,8,17,2,False,False,False
INC-2022-1953,2022-09-16T08:43:45,Ratnapura,WET,Landslide,3,HIGH,588,58,Rescue Teams|Medical Kits,111,RESOLVED,CITIZEN,MOBILE_APP,ENGLISH,RAIN,True,False,False,True,OFFICER-01,0,3,5,75,False,MODERATE,0,True,9,18,4,True,True,False
INC-2024-1954,2024-08-19T00:11:48,Monaragala,WET,Landslide,4,CRITICAL,1168,53,Rescue Teams|Medical Kits,30,RESOLVED,CITIZEN,MOBILE_APP,ENGLISH,RAIN,True,False,False,True,OFFICER-01,7,5,0,51,False,MODERATE,0,True,8,4,0,True,False,False
INC-2024-1955,2024-03-22T11:04:08,Ratnapura,WET,Medical Emergency,1,LOW,10,0,Rescue Teams|Medical Kits,114,RESOLVED,CITIZEN,MOBILE_APP,SINHALA,RAIN,False,False,False,True,OFFICER-01,0,2,0,48,False,MODERATE,0,True,3,16,4,False,True,False
INC-2024-1956,2024-08-06T15:35:51,Kalutara,WET,High Winds/Cyclone,3,HIGH,861,50,Rescue Teams|Medical Kits,38,RESOLVED,CITIZEN,MOBILE_APP,SINHALA,RAIN,False,False,False,True,OFFICER-01,10,2,2,86,False,MODERATE,0,True,8,20,1,False,False,False
INC-2021-1957,2021-05-09T16:05:29,Gampaha,WET,Landslide,3,HIGH,673,13,Rescue Teams|Medical Kits,61,RESOLVED,CITIZEN,MOBILE_APP,SINHALA,RAIN,False,True,False,True,OFFICER-01,5,4,3,13,False,MODERATE,0,True,5,4,6,True,True,True
INC-2025-1958,2025-11-03T15:36:17,Kegalle,WET,Drought,2,MEDIUM,224,0,Rescue Teams|Medical Kits,108,RESOLVED,CITIZEN,MOBILE_APP,SINHALA,RAIN,False,False,False,True,OFFICER-01,8,5,1,9,False,MODERATE,0,True,11,4,0,True,False,False
INC-2024-1959,2024-11-07T20:22:54,Gampaha,WET,Landslide,4,CRITICAL,1265,58,Rescue Teams|Medical Kits,111,RESOLVED,CITIZEN,MOBILE_APP,TAMIL,RAIN,True,True,False,True,OFFICER-01,0,4,4,68,False,MODERATE,0,True,11,1,3,False,True,False
INC-2025-1960,2025-10-19T11:18:56,Kegalle,WET,Drought,1,LOW,27,0,Rescue Teams|Medical Kits,92,RESOLVED,CITIZEN,MOBILE_APP,TAMIL,RAIN,False,True,False,True,OFFICER-01,4,4,0,20,False,MODERATE,0,True,10,19,6,True,False,False
INC-2021-1961,2021-01-29T04:25:01,Gampaha,WET,Medical Emergency,1,LOW,93,0,Rescue Teams|Medical Kits,92,RESOLVED,CITIZEN,MOBILE_APP,TAMIL,RAIN,False,False,False,True,OFFICER-01,3,5,4,55,False,MODERATE,0,True,1,1,4,False,False,False
INC-2026-1962,2026-02-12T10:36:51,Anuradhapura,WET,Landslide,4,CRITICAL,531,12,Rescue Teams|Medical Kits,52,RESOLVED,CITIZEN,MOBILE_APP,TAMIL,RAIN,True,True,False,True,OFFICER-01,2,2,4,43,False,MODERATE,0,True,2,16,3,True,False,True
INC-2026-1963,2026-04-03T21:14:27,Vavuniya,WET,Drought,1,LOW,32,0,Rescue Teams|Medical Kits,23,RESOLVED,CITIZEN,MOBILE_APP,TAMIL,RAIN,False,False,False,True,OFFICER-01,1,2,2,57,False,MODERATE,0,True,4,20,4,False,False,False
INC-2025-1964,2025-04-29T02:51:10,Batticaloa,WET,Drought,1,LOW,74,0,Rescue Teams|Medical Kits,103,RESOLVED,CITIZEN,MOBILE_APP,TAMIL,RAIN,True,True,False,True,OFFICER-01,7,0,2,22,False,MODERATE,0,True,4,1,1,True,False,False
INC-2021-1965,2021-12-31T23:49:01,Kilinochchi,WET,Landslide,3,HIGH,540,6,Rescue Teams|Medical Kits,76,RESOLVED,CITIZEN,MOBILE_APP,SINHALA,RAIN,True,False,False,True,OFFICER-01,8,5,1,3,False,MODERATE,0,True,12,0,4,True,True,False
INC-2025-1966,2025-03-27T13:11:09,Monaragala,WET,Landslide,2,MEDIUM,245,0,Rescue Teams|Medical Kits,93,RESOLVED,CITIZEN,MOBILE_APP,SINHALA,RAIN,True,False,False,True,OFFICER-01,10,5,3,63,False,MODERATE,0,True,3,2,3,True,True,False
INC-2025-1967,2025-03-11T13:06:12,Batticaloa,WET,Drought,2,MEDIUM,82,0,Rescue Teams|Medical Kits,34,RESOLVED,CITIZEN,MOBILE_APP,TAMIL,RAIN,False,False,False,True,OFFICER-01,9,3,4,63,False,MODERATE,0,True,3,17,1,True,False,False
INC-2026-1968,2026-02-10T10:12:22,Vavuniya,WET,Forest Fire,3,HIGH,912,48,Rescue Teams|Medical Kits,55,RESOLVED,CITIZEN,MOBILE_APP,TAMIL,RAIN,False,False,False,True,OFFICER-01,9,1,3,95,False,MODERATE,0,True,2,20,1,False,False,False
INC-2020-1969,2020-04-28T14:54:05,Batticaloa,WET,Drought,3,HIGH,698,28,Rescue Teams|Medical Kits,82,RESOLVED,CITIZEN,MOBILE_APP,SINHALA,RAIN,False,True,False,True,OFFICER-01,6,5,1,87,False,MODERATE,0,True,4,4,1,False,True,False
INC-2025-1970,2025-04-26T10:18:09,Ratnapura,WET,Drought,1,LOW,59,0,Rescue Teams|Medical Kits,49,RESOLVED,CITIZEN,MOBILE_APP,SINHALA,RAIN,False,False,False,True,OFFICER-01,10,2,3,48,False,MODERATE,0,True,4,22,5,False,False,False
INC-2026-1971,2026-03-10T20:23:41,Vavuniya,WET,Drought,2,MEDIUM,267,0,Rescue Teams|Medical Kits,87,RESOLVED,CITIZEN,MOBILE_APP,SINHALA,RAIN,True,False,False,True,OFFICER-01,0,5,0,21,False,MODERATE,0,True,3,14,1,False,True,False
INC-2022-1972,2022-05-18T16:16:11,Batticaloa,WET,Flood,2,MEDIUM,12,0,Rescue Teams|Medical Kits,58,RESOLVED,CITIZEN,MOBILE_APP,ENGLISH,RAIN,False,False,False,True,OFFICER-01,4,2,1,67,False,MODERATE,0,True,5,23,2,True,True,False
INC-2023-1973,2023-05-06T13:07:51,Monaragala,WET,Drought,2,MEDIUM,188,0,Rescue Teams|Medical Kits,32,RESOLVED,CITIZEN,MOBILE_APP,ENGLISH,RAIN,False,False,False,True,OFFICER-01,9,2,1,81,False,MODERATE,0,True,5,6,5,False,False,False
INC-2022-1974,2022-02-05T05:40:39,Badulla,WET,Flood,3,HIGH,697,26,Rescue Teams|Medical Kits,109,RESOLVED,CITIZEN,MOBILE_APP,TAMIL,RAIN,False,False,False,True,OFFICER-01,4,3,1,24,False,MODERATE,0,True,2,2,5,False,False,False
INC-2024-1975,2024-08-23T22:17:16,Ampara,WET,Medical Emergency,2,MEDIUM,129,0,Rescue Teams|Medical Kits,66,RESOLVED,CITIZEN,MOBILE_APP,SINHALA,RAIN,False,False,False,True,OFFICER-01,4,0,5,87,False,MODERATE,0,True,8,10,4,False,True,False
INC-2022-1976,2022-10-15T16:33:17,Kalutara,WET,High Winds/Cyclone,4,CRITICAL,1590,24,Rescue Teams|Medical Kits,76,RESOLVED,CITIZEN,MOBILE_APP,SINHALA,RAIN,True,True,False,True,OFFICER-01,5,3,1,73,False,MODERATE,0,True,10,5,5,True,True,True
INC-2021-1977,2021-06-17T22:36:02,Polonnaruwa,WET,Medical Emergency,2,MEDIUM,83,0,Rescue Teams|Medical Kits,103,RESOLVED,CITIZEN,MOBILE_APP,SINHALA,RAIN,False,False,False,True,OFFICER-01,5,4,4,100,False,MODERATE,0,True,6,7,3,False,False,False
INC-2025-1978,2025-11-02T16:29:17,Anuradhapura,WET,Flood,2,MEDIUM,347,0,Rescue Teams|Medical Kits,28,RESOLVED,CITIZEN,MOBILE_APP,TAMIL,RAIN,True,False,False,True,OFFICER-01,6,2,2,3,False,MODERATE,0,True,11,16,6,True,True,False
INC-2025-1979,2025-06-29T11:53:29,Kurunegala,WET,Flood,3,HIGH,355,14,Rescue Teams|Medical Kits,86,RESOLVED,CITIZEN,MOBILE_APP,ENGLISH,RAIN,False,True,False,True,OFFICER-01,0,4,2,96,False,MODERATE,0,True,6,0,6,True,True,False
INC-2024-1980,2024-02-24T10:38:47,Batticaloa,WET,Flood,3,HIGH,104,3,Rescue Teams|Medical Kits,43,RESOLVED,CITIZEN,MOBILE_APP,SINHALA,RAIN,False,False,False,True,OFFICER-01,3,2,5,79,False,MODERATE,0,True,2,8,5,True,True,False
INC-2021-1981,2021-01-07T18:11:29,Vavuniya,WET,Forest Fire,4,CRITICAL,1156,103,Rescue Teams|Medical Kits,24,RESOLVED,CITIZEN,MOBILE_APP,SINHALA,RAIN,True,False,False,True,OFFICER-01,7,4,3,21,False,MODERATE,0,True,1,18,3,True,True,False
INC-2020-1982,2020-05-25T16:21:35,Kalutara,WET,High Winds/Cyclone,4,CRITICAL,1154,18,Rescue Teams|Medical Kits,89,RESOLVED,CITIZEN,MOBILE_APP,SINHALA,RAIN,True,False,False,True,OFFICER-01,4,0,0,46,False,MODERATE,0,True,5,10,0,True,True,True
INC-2021-1983,2021-10-15T00:35:38,Kandy,WET,Flood,4,CRITICAL,0,0,Rescue Teams|Medical Kits,73,RESOLVED,CITIZEN,MOBILE_APP,SINHALA,RAIN,True,False,False,True,OFFICER-01,5,2,1,13,False,MODERATE,0,True,10,22,4,True,True,False
INC-2021-1984,2021-11-03T22:33:30,Nuwara Eliya,WET,Landslide,3,HIGH,510,16,Rescue Teams|Medical Kits,119,RESOLVED,CITIZEN,MOBILE_APP,ENGLISH,RAIN,False,False,False,True,OFFICER-01,7,5,4,12,False,MODERATE,0,True,11,21,2,False,True,False
INC-2022-1985,2022-01-09T21:39:50,Badulla,WET,Drought,2,MEDIUM,171,0,Rescue Teams|Medical Kits,20,RESOLVED,CITIZEN,MOBILE_APP,SINHALA,RAIN,False,False,False,True,OFFICER-01,9,2,1,89,False,MODERATE,0,True,1,10,6,False,False,False
INC-2025-1986,2025-06-21T16:49:20,Batticaloa,WET,Flood,4,CRITICAL,953,79,Rescue Teams|Medical Kits,19,RESOLVED,CITIZEN,MOBILE_APP,ENGLISH,RAIN,False,True,False,True,OFFICER-01,2,3,3,78,False,MODERATE,0,True,6,19,5,True,True,True
INC-2024-1987,2024-07-02T04:54:55,Galle,WET,High Winds/Cyclone,2,MEDIUM,245,0,Rescue Teams|Medical Kits,75,RESOLVED,CITIZEN,MOBILE_APP,TAMIL,RAIN,False,False,False,True,OFFICER-01,0,4,5,16,False,MODERATE,0,True,7,16,1,False,False,False
INC-2024-1988,2024-01-25T03:17:39,Colombo,WET,Drought,1,LOW,32,0,Rescue Teams|Medical Kits,45,RESOLVED,CITIZEN,MOBILE_APP,TAMIL,RAIN,False,False,False,True,OFFICER-01,8,4,2,51,False,MODERATE,0,True,1,4,3,False,False,False
INC-2021-1989,2021-05-20T18:27:59,Matara,WET,Medical Emergency,1,LOW,69,0,Rescue Teams|Medical Kits,118,RESOLVED,CITIZEN,MOBILE_APP,ENGLISH,RAIN,False,False,False,True,OFFICER-01,6,0,2,98,False,MODERATE,0,True,5,17,3,True,False,False
INC-2024-1990,2024-12-18T01:55:07,Trincomalee,WET,Drought,2,MEDIUM,161,0,Rescue Teams|Medical Kits,83,RESOLVED,CITIZEN,MOBILE_APP,ENGLISH,RAIN,False,False,False,True,OFFICER-01,4,2,1,17,False,MODERATE,0,True,12,14,2,False,False,False
INC-2024-1991,2024-03-10T19:15:33,Monaragala,WET,Landslide,4,CRITICAL,2285,64,Rescue Teams|Medical Kits,100,RESOLVED,CITIZEN,MOBILE_APP,ENGLISH,RAIN,True,True,False,True,OFFICER-01,8,5,2,93,False,MODERATE,0,True,3,23,6,True,True,True
INC-2025-1992,2025-01-01T20:24:34,Badulla,WET,Building Collapse,1,LOW,95,0,Rescue Teams|Medical Kits,115,RESOLVED,CITIZEN,MOBILE_APP,TAMIL,RAIN,False,False,False,True,OFFICER-01,9,2,1,64,False,MODERATE,0,True,1,10,2,False,False,False
INC-2021-1993,2021-02-04T11:14:42,Matara,WET,Landslide,4,CRITICAL,674,9,Rescue Teams|Medical Kits,25,RESOLVED,CITIZEN,MOBILE_APP,TAMIL,RAIN,True,False,False,True,OFFICER-01,6,2,0,17,False,MODERATE,0,True,2,19,3,False,True,False
INC-2020-1994,2020-01-20T10:35:48,Mullaitivu,WET,Flood,3,HIGH,607,51,Rescue Teams|Medical Kits,62,RESOLVED,CITIZEN,MOBILE_APP,TAMIL,RAIN,False,False,False,True,OFFICER-01,3,4,5,29,False,MODERATE,0,True,1,22,0,False,True,False
INC-2020-1995,2020-08-14T00:29:46,Jaffna,WET,Flood,3,HIGH,642,48,Rescue Teams|Medical Kits,117,RESOLVED,CITIZEN,MOBILE_APP,ENGLISH,RAIN,True,True,False,True,OFFICER-01,5,0,1,0,False,MODERATE,0,True,8,3,4,True,False,False
INC-2022-1996,2022-10-03T13:26:44,Kandy,WET,Flood,3,HIGH,580,27,Rescue Teams|Medical Kits,96,RESOLVED,CITIZEN,MOBILE_APP,TAMIL,RAIN,True,False,False,True,OFFICER-01,6,4,5,23,False,MODERATE,0,True,10,21,0,True,False,False
INC-2025-1997,2025-10-19T21:13:42,Galle,WET,Drought,1,LOW,36,0,Rescue Teams|Medical Kits,81,RESOLVED,CITIZEN,MOBILE_APP,TAMIL,RAIN,True,False,False,True,OFFICER-01,9,3,3,75,False,MODERATE,0,True,10,9,6,False,False,False
INC-2025-1998,2025-04-10T03:44:13,Matale,WET,Landslide,4,CRITICAL,774,55,Rescue Teams|Medical Kits,103,RESOLVED,CITIZEN,MOBILE_APP,SINHALA,RAIN,True,False,False,True,OFFICER-01,6,3,5,100,False,MODERATE,0,True,4,1,3,True,True,False
INC-2023-1999,2023-10-02T08:06:08,Monaragala,WET,Flood,4,CRITICAL,912,75,Rescue Teams|Medical Kits,34,RESOLVED,CITIZEN,MOBILE_APP,TAMIL,RAIN,True,True,False,True,OFFICER-01,0,1,2,65,False,MODERATE,0,True,10,13,0,True,True,False
INC-2026-2000,2026-04-14T05:04:39,Mannar,WET,Flood,2,MEDIUM,278,0,Rescue Teams|Medical Kits,51,RESOLVED,CITIZEN,MOBILE_APP,SINHALA,RAIN,True,False,False,True,OFFICER-01,1,4,1,22,False,MODERATE,0,True,4,11,1,False,True,False
