Incident_ID,Timestamp,District,Province,Zone,Latitude,Longitude,Incident_Type,Severity_Level,Priority_Label,Affected_Population,Displaced_Population,Casualties,Missing_Persons,Required_Resources,Response_Time_Mins,Status,Reported_By,Report_Channel,Report_Language,Weather_Condition,Has_Photo_Evidence,Has_Video_Evidence,Offline_Submission,Is_Verified,Verified_By,Volunteers_Dispatched,Tasks_Created,Tasks_Completed,Relief_Tokens_Issued,Psych_Support_Needed,Damage_Category,Estimated_Loss_LKR,Is_Monsoon_Season,Month,Hour_Of_Day,Day_Of_Week
INC-2020-0009,2020-01-02T18:38:37.000Z,Matale,Central,HILL,7.546582,80.53356,Building Collapse,2,MEDIUM,2961,0,0,0,Rescue Teams|Search Dogs|Excavators,121,RESOLVED,VOLUNTEER,MOBILE_APP,SINHALA,FOG,False,True,False,False,,1,1,1,0,False,AGRICULTURAL,7057310,False,1,18,3
INC-2020-1169,2020-01-02T23:06:57.000Z,Kandy,Central,HILL,7.303897,80.716061,Drought,1,LOW,3260,0,0,0,Water Tankers|Medical Kits|Dry Rations|Livestock Feed,291,RESOLVED,VOLUNTEER,MOBILE_APP,SINHALA,SUNNY,False,False,False,False,,0,0,0,0,False,AGRICULTURAL,0,False,1,23,3
INC-2020-0602,2020-01-04T03:02:53.000Z,Kandy,Central,HILL,7.174253,80.532816,Landslide,2,MEDIUM,6274,0,0,0,Dry Rations,113,RESOLVED,CITIZEN,WEB_DASHBOARD,TAMIL,OVERCAST,False,False,False,False,,0,0,0,0,False,INFRASTRUCTURE,2150169,False,1,3,5
INC-2020-1080,2020-01-04T09:49:32.000Z,Batticaloa,Eastern,EAST_NORTH,7.63436,81.740346,Flood,1,LOW,622,0,0,0,Rescue Teams|Water Pumps,528,RESOLVED,CITIZEN,PHONE_CALL,TAMIL,OVERCAST,True,False,False,False,,0,0,0,0,False,AGRICULTURAL,0,False,1,9,5
INC-2020-0250,2020-01-04T17:29:37.000Z,Gampaha,Western,WET,7.154974,80.029846,High Winds/Cyclone,1,LOW,2648,0,0,0,Dry Rations|Rescue Teams|Medical Kits|Emergency Shelters,309,RESOLVED,CITIZEN,MOBILE_APP,ENGLISH,RAINY,False,False,False,False,,0,0,0,0,False,NONE,0,False,1,17,5
INC-2020-0172,2020-01-05T13:01:02.000Z,NuwaraEliya,Central,HILL,6.875255,80.821425,Flood,2,MEDIUM,115,0,0,0,Boats|Rescue Teams|Water Pumps,33,RESOLVED,DMC_OFFICER,MOBILE_APP,SINHALA,OVERCAST,False,False,False,True,GRAMA_NILADHARI,1,2,2,0,False,MIXED,8596067,False,1,13,6
INC-2020-1395,2020-01-05T15:31:28.000Z,Ampara,Eastern,EAST_NORTH,7.257663,81.596204,Flood,2,MEDIUM,2810,0,1,2,Boats|Rescue Teams,83,RESOLVED,DMC_OFFICER,MOBILE_APP,SINHALA,PARTLY_CLOUDY,False,True,False,True,GRAMA_NILADHARI,0,0,0,0,False,AGRICULTURAL,1095410,False,1,15,6
INC-2020-1144,2020-01-05T16:25:26.000Z,Anuradhapura,NorthCentral,DRY,8.426582,80.280943,Flood,1,LOW,189,0,0,0,Dry Rations|Tarpaulins|Medical Kits,111,CLOSED,DMC_OFFICER,MOBILE_APP,TAMIL,FOG,False,False,False,True,DMC_OFFICER,0,0,0,0,True,MIXED,0,False,1,16,6
INC-2020-0314,2020-01-05T21:52:54.000Z,Jaffna,Northern,EAST_NORTH,9.639466,80.159347,Flood,2,MEDIUM,1339,0,0,0,Water Pumps|Medical Kits,56,RESOLVED,VOLUNTEER,MOBILE_APP,TAMIL,RAINY,True,False,False,True,VOLUNTEER,2,2,0,0,False,NONE,0,False,1,21,6
INC-2020-0508,2020-01-06T05:09:27.000Z,Trincomalee,Eastern,EAST_NORTH,8.577018,81.056957,Flash Flood,3,HIGH,7748,4018,0,0,Water Pumps|Medical Kits|Rescue Teams|Boats,71,RESOLVED,CITIZEN,PHONE_CALL,SINHALA,RAINY,False,False,False,True,LOCAL_AUTHORITY,6,2,1,669,False,AGRICULTURAL,225346,False,1,5,0
INC-2020-0528,2020-01-07T22:36:06.000Z,Kilinochchi,Northern,EAST_NORTH,9.370653,80.265239,Flood,1,LOW,601,0,0,0,Tarpaulins|Water Pumps|Boats,953,CLOSED,VOLUNTEER,MOBILE_APP,TAMIL,STORMY,False,False,True,True,LOCAL_AUTHORITY,0,0,0,0,False,INFRASTRUCTURE,0,False,1,22,1
INC-2020-0213,2020-01-09T12:09:36.000Z,Monaragala,Uva,DRY,6.635601,81.233129,Building Collapse,2,MEDIUM,287,0,0,0,Search Dogs|Excavators|Rescue Teams|Medical Kits,98,RESOLVED,CITIZEN,PHONE_CALL,SINHALA,SUNNY,True,False,False,False,,2,2,1,0,False,AGRICULTURAL,932965,False,1,12,3
INC-2020-0933,2020-01-10T13:13:18.000Z,Kilinochchi,Northern,EAST_NORTH,9.404036,80.317528,Forest Fire,1,LOW,315,0,0,0,Helicopters|Fire Trucks|Medical Kits,204,RESOLVED,CITIZEN,MOBILE_APP,ENGLISH,FOG,True,True,False,False,,0,0,0,0,False,NONE,0,False,1,13,4
INC-2020-1354,2020-01-11T17:10:37.000Z,Jaffna,Northern,EAST_NORTH,9.608452,80.047608,Forest Fire,1,LOW,383,0,0,0,Rescue Teams,201,RESOLVED,DMC_OFFICER,MOBILE_APP,SINHALA,OVERCAST,True,False,False,False,,0,0,0,0,False,RESIDENTIAL,0,False,1,17,5
INC-2020-1164,2020-01-12T22:52:15.000Z,Anuradhapura,NorthCentral,DRY,8.338116,80.322797,Flash Flood,3,HIGH,3033,671,0,0,Medical Kits|Dry Rations|Water Pumps|Rescue Teams,76,RESOLVED,CITIZEN,FIELD_REPORT,SINHALA,OVERCAST,True,False,False,True,DMC_OFFICER,2,2,1,111,False,INFRASTRUCTURE,1807401,False,1,22,6
INC-2020-0577,2020-01-13T22:00:35.000Z,Trincomalee,Eastern,EAST_NORTH,8.524367,81.004659,High Winds/Cyclone,2,MEDIUM,1893,0,0,0,Dry Rations|Medical Kits,67,RESOLVED,DMC_OFFICER,MOBILE_APP,SINHALA,PARTLY_CLOUDY,False,False,False,False,,1,2,0,0,False,NONE,0,False,1,22,0
INC-2020-1480,2020-01-14T17:26:34.000Z,Kurunegala,NorthWestern,DRY,7.540135,80.176177,High Winds/Cyclone,2,MEDIUM,1196,0,0,0,Medical Kits,167,CLOSED,MEDIA,MOBILE_APP,TAMIL,SUNNY,False,True,False,True,LOCAL_AUTHORITY,1,1,1,0,False,MIXED,3192879,False,1,17,1
INC-2020-0923,2020-01-16T10:43:09.000Z,Puttalam,NorthWestern,DRY,8.093314,80.184861,Drought,2,MEDIUM,570,0,0,0,Livestock Feed|Dry Rations,109,CLOSED,CITIZEN,MOBILE_APP,TAMIL,FOG,True,True,False,True,GRAMA_NILADHARI,3,3,1,0,False,RESIDENTIAL,205876,False,1,10,3
INC-2020-1463,2020-01-19T01:29:26.000Z,Puttalam,NorthWestern,DRY,8.031438,80.188278,Flood,1,LOW,203,0,0,0,Dry Rations|Medical Kits|Tarpaulins|Boats,90,RESOLVED,DMC_OFFICER,MOBILE_APP,TAMIL,PARTLY_CLOUDY,False,False,False,False,,0,0,0,0,False,MIXED,0,False,1,1,6
INC-2020-1052,2020-01-19T03:47:12.000Z,Ampara,Eastern,EAST_NORTH,7.49216,81.728656,Forest Fire,2,MEDIUM,2338,0,0,0,Fire Trucks|Medical Kits,83,RESOLVED,DMC_OFFICER,PHONE_CALL,TAMIL,STORMY,False,False,True,True,DMC_OFFICER,0,0,0,0,False,AGRICULTURAL,3098384,False,1,3,6
INC-2020-0707,2020-01-22T09:15:25.000Z,Hambantota,Southern,DRY,6.204607,81.121904,Flash Flood,2,MEDIUM,3853,0,0,0,Water Pumps|Boats|Rescue Teams|Medical Kits,46,CLOSED,DMC_OFFICER,SMS,SINHALA,STORMY,False,False,False,False,,0,0,0,0,False,RESIDENTIAL,2585461,False,1,9,2
INC-2020-1451,2020-01-24T13:56:47.000Z,Polonnaruwa,NorthCentral,DRY,7.818033,81.028566,Drought,2,MEDIUM,1788,0,0,0,Water Tankers,45,RESOLVED,CITIZEN,PHONE_CALL,SINHALA,RAINY,False,False,False,True,LOCAL_AUTHORITY,0,0,0,0,False,RESIDENTIAL,425228,False,1,13,4
INC-2020-1435,2020-01-24T22:43:32.000Z,NuwaraEliya,Central,HILL,6.8337,80.750451,Flood,2,MEDIUM,1479,0,0,0,Boats,142,RESOLVED,CITIZEN,WEB_DASHBOARD,TAMIL,OVERCAST,False,False,False,False,,1,1,0,0,False,NONE,0,False,1,22,4
INC-2020-0132,2020-01-29T09:38:13.000Z,NuwaraEliya,Central,HILL,6.891202,80.618135,Landslide,2,MEDIUM,16340,0,0,0,Ambulances|Search Dogs|Excavators|Dry Rations,86,RESOLVED,VOLUNTEER,MOBILE_APP,ENGLISH,STORMY,True,True,False,False,,2,1,1,0,False,AGRICULTURAL,70663,False,1,9,2
INC-2020-0500,2020-01-30T12:51:43.000Z,Ratnapura,Sabaragamuwa,WET,6.502168,80.474734,Landslide,1,LOW,134,0,1,0,Excavators,65,RESOLVED,DMC_OFFICER,MOBILE_APP,TAMIL,RAINY,False,False,False,False,,0,0,0,0,False,MIXED,0,False,1,12,3
INC-2020-0451,2020-01-30T18:13:58.000Z,Badulla,Uva,HILL,6.923949,81.26858,High Winds/Cyclone,2,MEDIUM,1487,0,0,0,Generators|Rescue Teams|Dry Rations|Medical Kits,138,RESOLVED,CITIZEN,FIELD_REPORT,SINHALA,PARTLY_CLOUDY,False,False,False,True,LOCAL_AUTHORITY,2,2,0,0,False,RESIDENTIAL,2286367,False,1,18,3
INC-2020-1318,2020-01-31T13:59:12.000Z,Trincomalee,Eastern,EAST_NORTH,8.486878,81.014901,Flash Flood,2,MEDIUM,1527,0,1,0,Water Pumps|Rescue Teams|Medical Kits|Boats,168,IN_PROGRESS,CITIZEN,PHONE_CALL,TAMIL,RAINY,False,False,False,True,DMC_OFFICER,0,0,0,0,False,RESIDENTIAL,21996796,False,1,13,4
INC-2020-1069,2020-02-02T20:34:46.000Z,Matara,Southern,WET,5.925304,80.724982,Flash Flood,3,HIGH,33132,10604,0,0,Boats,40,RESOLVED,LOCAL_AUTHORITY,SMS,SINHALA,OVERCAST,False,False,False,False,,6,7,4,2120,True,INFRASTRUCTURE,4301080,False,2,20,6
INC-2020-0237,2020-02-04T15:25:11.000Z,Monaragala,Uva,DRY,6.822028,81.236971,High Winds/Cyclone,1,LOW,342,0,0,0,Medical Kits,512,RESOLVED,CITIZEN,MOBILE_APP,SINHALA,RAINY,True,False,False,False,,0,0,0,0,False,INFRASTRUCTURE,0,False,2,15,1
INC-2020-0116,2020-02-05T12:42:36.000Z,Ampara,Eastern,EAST_NORTH,7.243821,81.594521,Flood,2,MEDIUM,465,0,0,0,Medical Kits,292,RESOLVED,CITIZEN,MOBILE_APP,ENGLISH,PARTLY_CLOUDY,True,False,False,False,,2,3,0,0,False,INFRASTRUCTURE,17784120,False,2,12,2
INC-2020-0496,2020-02-08T07:56:32.000Z,Trincomalee,Eastern,EAST_NORTH,8.613483,81.115304,Flood,2,MEDIUM,1932,0,3,1,Water Pumps,157,CLOSED,MEDIA,MOBILE_APP,SINHALA,FOG,False,True,False,False,,3,3,3,0,False,RESIDENTIAL,263778,False,2,7,5
INC-2020-1317,2020-02-08T09:25:38.000Z,Polonnaruwa,NorthCentral,DRY,7.898824,81.157558,Earthquake,2,MEDIUM,1254,0,0,0,Ambulances,72,CLOSED,DMC_OFFICER,MOBILE_APP,ENGLISH,RAINY,False,False,False,True,VOLUNTEER,1,1,0,0,False,MIXED,697054,False,2,9,5
INC-2020-0422,2020-02-11T08:03:46.000Z,Batticaloa,Eastern,EAST_NORTH,7.743136,81.707542,Flood,2,MEDIUM,970,0,0,0,Dry Rations|Water Pumps|Tarpaulins|Medical Kits,160,RESOLVED,CITIZEN,MOBILE_APP,ENGLISH,PARTLY_CLOUDY,False,False,False,True,GRAMA_NILADHARI,1,1,0,0,False,AGRICULTURAL,1075662,False,2,8,1
INC-2020-0901,2020-02-12T18:35:16.000Z,Badulla,Uva,HILL,7.02879,81.019589,Landslide,1,LOW,1313,0,0,0,Medical Kits|Ambulances|Rescue Teams|Search Dogs,261,RESOLVED,CITIZEN,MOBILE_APP,SINHALA,RAINY,False,False,False,True,LOCAL_AUTHORITY,0,0,0,0,False,AGRICULTURAL,0,False,2,18,2
INC-2020-0571,2020-02-14T01:50:34.000Z,Monaragala,Uva,DRY,6.783464,81.244246,Landslide,1,LOW,439,0,0,0,Excavators|Search Dogs|Medical Kits,42,RESOLVED,DMC_OFFICER,MOBILE_APP,ENGLISH,OVERCAST,True,False,False,True,LOCAL_AUTHORITY,0,0,0,0,False,NONE,0,False,2,1,4
INC-2020-0348,2020-02-14T15:08:50.000Z,Galle,Southern,WET,5.914987,80.192201,Flood,2,MEDIUM,1608,0,0,0,Medical Kits,155,RESOLVED,VOLUNTEER,MOBILE_APP,ENGLISH,STORMY,False,True,False,True,VOLUNTEER,0,0,0,0,False,MIXED,3519848,False,2,15,4
INC-2020-0276,2020-02-15T17:57:51.000Z,Monaragala,Uva,DRY,6.736765,81.293473,Building Collapse,1,LOW,737,0,0,0,Rescue Teams|Medical Kits|Ambulances|Excavators,66,RESOLVED,VOLUNTEER,MOBILE_APP,SINHALA,SUNNY,False,False,True,False,,0,0,0,0,False,MIXED,0,False,2,17,5
INC-2020-0050,2020-02-17T16:23:59.000Z,Polonnaruwa,NorthCentral,DRY,7.963991,81.196434,Drought,2,MEDIUM,9462,0,0,0,Water Tankers|Dry Rations,63,RESOLVED,CITIZEN,FIELD_REPORT,TAMIL,OVERCAST,False,False,False,True,DMC_OFFICER,3,3,3,0,False,RESIDENTIAL,757465,False,2,16,0
INC-2020-1248,2020-02-18T01:32:50.000Z,Gampaha,Western,WET,7.045727,79.929472,Flash Flood,2,MEDIUM,386,0,0,0,Boats|Water Pumps|Rescue Teams,58,RESOLVED,SENSOR,MOBILE_APP,ENGLISH,RAINY,False,False,False,False,,3,2,0,0,False,NONE,0,False,2,1,1
INC-2020-0573,2020-02-20T07:18:31.000Z,Kurunegala,NorthWestern,DRY,7.49209,80.427621,Drought,1,LOW,146,0,0,0,Livestock Feed,118,RESOLVED,VOLUNTEER,PHONE_CALL,ENGLISH,PARTLY_CLOUDY,False,False,False,False,,0,0,0,0,False,INFRASTRUCTURE,0,False,2,7,3
INC-2020-1427,2020-02-20T09:44:12.000Z,Kandy,Central,HILL,7.191037,80.639179,Drought,2,MEDIUM,5933,0,0,0,Dry Rations,117,IN_PROGRESS,VOLUNTEER,PHONE_CALL,TAMIL,STORMY,False,False,True,True,VOLUNTEER,3,3,2,0,False,MIXED,926976,False,2,9,3
INC-2020-1044,2020-02-20T13:44:05.000Z,Kegalle,Sabaragamuwa,WET,7.238393,80.313821,Flash Flood,2,MEDIUM,617,0,2,0,Boats,41,RESOLVED,DMC_OFFICER,WEB_DASHBOARD,ENGLISH,PARTLY_CLOUDY,False,False,False,False,,3,4,0,0,True,RESIDENTIAL,853208,False,2,13,3
INC-2020-1319,2020-02-21T19:57:02.000Z,Kilinochchi,Northern,EAST_NORTH,9.443458,80.348712,Flood,1,LOW,448,0,0,0,Tarpaulins|Water Pumps,326,RESOLVED,VOLUNTEER,SMS,SINHALA,FOG,True,False,False,True,LOCAL_AUTHORITY,0,0,0,0,False,AGRICULTURAL,0,False,2,19,4
INC-2020-0902,2020-02-23T06:28:53.000Z,Mullaitivu,Northern,EAST_NORTH,9.293566,80.615374,Medical Emergency,1,LOW,495,0,0,0,Ambulances|Medical Kits,272,RESOLVED,CITIZEN,MOBILE_APP,TAMIL,RAINY,True,False,False,False,,0,0,0,0,False,MIXED,0,False,2,6,6
INC-2020-1279,2020-02-25T21:23:28.000Z,Kalutara,Western,WET,6.479838,80.044677,Flood,1,LOW,9764,0,0,0,Dry Rations|Tarpaulins,192,CLOSED,LOCAL_AUTHORITY,MOBILE_APP,TAMIL,PARTLY_CLOUDY,False,False,False,True,LOCAL_AUTHORITY,0,0,0,0,False,AGRICULTURAL,0,False,2,21,1
INC-2020-1219,2020-02-26T11:07:47.000Z,Anuradhapura,NorthCentral,DRY,8.250761,80.517312,Forest Fire,1,LOW,46,0,0,0,Medical Kits|Helicopters|Rescue Teams|Fire Trucks,265,RESOLVED,VOLUNTEER,SMS,ENGLISH,OVERCAST,True,False,False,False,,0,0,0,0,False,INFRASTRUCTURE,0,False,2,11,2
INC-2020-0299,2020-02-27T01:55:56.000Z,Ampara,Eastern,EAST_NORTH,7.240765,81.750092,Medical Emergency,1,LOW,7906,0,0,0,Rescue Teams|Ambulances,331,RESOLVED,LOCAL_AUTHORITY,FIELD_REPORT,SINHALA,OVERCAST,False,False,False,True,DMC_OFFICER,0,0,0,0,False,INFRASTRUCTURE,0,False,2,1,3
INC-2020-1004,2020-02-28T23:17:46.000Z,Vavuniya,Northern,EAST_NORTH,8.720895,80.427669,Medical Emergency,3,HIGH,7778,3690,3,0,Rescue Teams|Blood Supplies|Ambulances,80,IN_PROGRESS,VOLUNTEER,WEB_DASHBOARD,SINHALA,SUNNY,False,False,False,True,GRAMA_NILADHARI,5,1,0,738,False,NONE,0,False,2,23,4
INC-2020-0210,2020-02-29T10:02:37.000Z,Ampara,Eastern,EAST_NORTH,7.152482,81.793631,Building Collapse,4,CRITICAL,13506,1676,3,0,Excavators|Rescue Teams,24,IN_PROGRESS,CITIZEN,MOBILE_APP,TAMIL,RAINY,False,False,False,True,GRAMA_NILADHARI,1,1,0,558,False,MIXED,2197117,False,2,10,5
INC-2020-0903,2020-03-04T01:38:43.000Z,Hambantota,Southern,DRY,6.032136,81.269633,Coastal Erosion,3,HIGH,1359,267,1,0,Boats|Emergency Shelters|Rescue Teams,66,RESOLVED,CITIZEN,FIELD_REPORT,SINHALA,STORMY,False,True,False,True,LOCAL_AUTHORITY,6,1,1,89,False,MIXED,1573276,False,3,1,2
INC-2020-0885,2020-03-05T06:49:31.000Z,Vavuniya,Northern,EAST_NORTH,8.819305,80.350707,Coastal Erosion,3,HIGH,6589,2466,5,0,Emergency Shelters|Boats|Rescue Teams,51,ASSIGNED,CITIZEN,MOBILE_APP,SINHALA,RAINY,True,True,True,False,,5,5,5,822,True,AGRICULTURAL,247716,False,3,6,3
INC-2020-1145,2020-03-05T15:40:22.000Z,Jaffna,Northern,EAST_NORTH,9.503097,80.074838,Drought,1,LOW,154,0,0,0,Medical Kits|Water Tankers|Dry Rations|Livestock Feed,119,RESOLVED,DMC_OFFICER,MOBILE_APP,ENGLISH,FOG,True,False,False,True,LOCAL_AUTHORITY,0,0,0,0,False,AGRICULTURAL,0,False,3,15,3
INC-2020-0393,2020-03-10T02:04:10.000Z,Ampara,Eastern,EAST_NORTH,7.251095,81.65612,Flood,2,MEDIUM,5952,0,0,0,Medical Kits,147,RESOLVED,MEDIA,MOBILE_APP,SINHALA,STORMY,False,False,False,False,,2,1,1,0,False,MIXED,1393182,False,3,2,1
INC-2020-1010,2020-03-10T15:14:46.000Z,Anuradhapura,NorthCentral,DRY,8.315001,80.450384,Flood,1,LOW,1188,0,0,0,Tarpaulins|Water Pumps|Boats,91,RESOLVED,CITIZEN,PHONE_CALL,ENGLISH,RAINY,False,False,False,False,,0,0,0,0,False,AGRICULTURAL,0,False,3,15,1
INC-2020-0320,2020-03-10T20:14:58.000Z,Batticaloa,Eastern,EAST_NORTH,7.693643,81.767641,Earthquake,3,HIGH,2293,466,0,0,Rescue Teams|Emergency Shelters|Medical Kits,51,RESOLVED,LOCAL_AUTHORITY,MOBILE_APP,TAMIL,RAINY,True,False,True,True,DMC_OFFICER,2,1,0,93,False,INFRASTRUCTURE,586392,False,3,20,1
INC-2020-0147,2020-03-11T04:04:04.000Z,Kalutara,Western,WET,6.594391,80.103142,Flash Flood,2,MEDIUM,350,0,0,0,Rescue Teams|Dry Rations,268,RESOLVED,CITIZEN,WEB_DASHBOARD,SINHALA,OVERCAST,False,False,False,False,,1,1,1,0,False,NONE,0,False,3,4,2
INC-2020-0989,2020-03-11T23:07:00.000Z,Batticaloa,Eastern,EAST_NORTH,7.792874,81.550244,Earthquake,2,MEDIUM,1426,0,0,0,Emergency Shelters|Search Dogs|Ambulances,139,RESOLVED,VOLUNTEER,PHONE_CALL,SINHALA,FOG,False,False,False,True,VOLUNTEER,0,0,0,0,False,MIXED,121664,False,3,23,2
INC-2020-0269,2020-03-12T18:32:32.000Z,Galle,Southern,WET,5.975494,80.323163,Medical Emergency,1,LOW,815,0,3,0,Medical Kits,166,RESOLVED,CITIZEN,MOBILE_APP,SINHALA,SUNNY,True,True,False,False,,0,0,0,0,True,MIXED,0,False,3,18,3
INC-2020-0726,2020-03-12T21:19:03.000Z,Anuradhapura,NorthCentral,DRY,8.270932,80.522426,Forest Fire,2,MEDIUM,395,0,1,0,Water Tankers,54,RESOLVED,SENSOR,SMS,SINHALA,PARTLY_CLOUDY,False,False,False,False,,2,3,3,0,False,INFRASTRUCTURE,348008,False,3,21,3
INC-2020-1339,2020-03-13T09:46:57.000Z,Badulla,Uva,HILL,6.90169,81.206568,Flood,2,MEDIUM,1697,0,0,0,Dry Rations|Water Pumps|Medical Kits|Tarpaulins,40,RESOLVED,CITIZEN,WEB_DASHBOARD,ENGLISH,STORMY,False,False,False,True,LOCAL_AUTHORITY,0,0,0,0,True,NONE,0,False,3,9,4
INC-2020-0436,2020-03-13T18:27:07.000Z,Mannar,Northern,EAST_NORTH,9.037001,79.872402,Flood,2,MEDIUM,2441,0,1,0,Tarpaulins|Medical Kits|Boats,277,RESOLVED,CITIZEN,MOBILE_APP,ENGLISH,FOG,False,False,False,True,GRAMA_NILADHARI,3,3,0,0,False,AGRICULTURAL,43930,False,3,18,4
INC-2020-0694,2020-03-14T02:32:59.000Z,Vavuniya,Northern,EAST_NORTH,8.653618,80.407066,Forest Fire,2,MEDIUM,2165,0,0,0,Medical Kits,185,RESOLVED,LOCAL_AUTHORITY,MOBILE_APP,SINHALA,STORMY,False,False,False,True,LOCAL_AUTHORITY,1,1,0,0,False,AGRICULTURAL,472540,False,3,2,5
INC-2020-1498,2020-03-17T08:25:46.000Z,Hambantota,Southern,DRY,6.196422,81.263729,Flash Flood,3,HIGH,1429,204,0,0,Water Pumps|Dry Rations,20,RESOLVED,CITIZEN,FIELD_REPORT,SINHALA,OVERCAST,True,False,False,True,GRAMA_NILADHARI,4,4,3,34,False,INFRASTRUCTURE,282450,False,3,8,1
INC-2020-0664,2020-03-18T08:04:20.000Z,Matale,Central,HILL,7.469635,80.610946,High Winds/Cyclone,1,LOW,39,0,0,0,Dry Rations,130,RESOLVED,CITIZEN,FIELD_REPORT,SINHALA,STORMY,False,False,True,True,LOCAL_AUTHORITY,0,0,0,0,False,RESIDENTIAL,0,False,3,8,2
INC-2020-1348,2020-03-20T07:54:38.000Z,Kurunegala,NorthWestern,DRY,7.529746,80.196758,Flood,1,LOW,1608,0,0,0,Rescue Teams|Water Pumps,310,RESOLVED,CITIZEN,MOBILE_APP,TAMIL,PARTLY_CLOUDY,True,False,False,False,,0,0,0,0,False,INFRASTRUCTURE,0,False,3,7,4
INC-2020-1399,2020-03-22T18:59:40.000Z,Kalutara,Western,WET,6.657494,80.137844,Flood,1,LOW,445,0,0,0,Boats|Rescue Teams|Dry Rations,239,RESOLVED,VOLUNTEER,WEB_DASHBOARD,SINHALA,RAINY,False,False,False,False,,0,0,0,0,False,INFRASTRUCTURE,0,False,3,18,6
INC-2020-0627,2020-03-22T21:04:59.000Z,Hambantota,Southern,DRY,6.243409,81.160256,Landslide,1,LOW,610,0,0,0,Ambulances|Excavators|Search Dogs|Dry Rations,167,RESOLVED,CITIZEN,MOBILE_APP,SINHALA,PARTLY_CLOUDY,True,True,False,False,,0,0,0,0,False,RESIDENTIAL,0,False,3,21,6
INC-2020-1382,2020-03-23T11:55:39.000Z,Vavuniya,Northern,EAST_NORTH,8.746536,80.574623,Building Collapse,2,MEDIUM,60,0,0,0,Ambulances|Excavators|Medical Kits|Rescue Teams,102,RESOLVED,VOLUNTEER,MOBILE_APP,SINHALA,PARTLY_CLOUDY,True,False,False,False,,3,2,0,0,False,NONE,0,False,3,11,0
INC-2020-0423,2020-03-24T07:29:37.000Z,Trincomalee,Eastern,EAST_NORTH,8.594587,81.194922,Flood,1,LOW,763,0,0,0,Tarpaulins|Water Pumps|Rescue Teams|Boats,398,RESOLVED,CITIZEN,MOBILE_APP,SINHALA,RAINY,True,False,True,True,VOLUNTEER,0,0,0,0,False,MIXED,0,False,3,7,1
INC-2020-1397,2020-03-24T13:56:31.000Z,Mullaitivu,Northern,EAST_NORTH,9.163387,80.733059,Flash Flood,2,MEDIUM,12522,0,0,0,Boats|Water Pumps|Rescue Teams,55,CLOSED,SENSOR,SMS,SINHALA,STORMY,False,False,False,False,,3,1,0,0,False,AGRICULTURAL,3378171,False,3,13,1
INC-2020-0768,2020-03-26T21:59:54.000Z,Puttalam,NorthWestern,DRY,8.027231,79.949934,Flood,2,MEDIUM,470,0,0,0,Rescue Teams,42,RESOLVED,CITIZEN,FIELD_REPORT,TAMIL,STORMY,False,False,False,True,VOLUNTEER,2,3,1,0,False,AGRICULTURAL,204448,False,3,21,3
INC-2020-0592,2020-03-31T23:53:07.000Z,Batticaloa,Eastern,EAST_NORTH,7.847637,81.54162,Flood,1,LOW,283,0,0,0,Tarpaulins|Medical Kits|Rescue Teams,433,RESOLVED,CITIZEN,MOBILE_APP,SINHALA,STORMY,True,False,False,False,,0,0,0,0,False,RESIDENTIAL,0,False,3,23,1
INC-2020-0137,2020-04-02T01:02:57.000Z,Hambantota,Southern,DRY,6.235064,81.135165,Medical Emergency,2,MEDIUM,1199,0,0,0,Rescue Teams|Blood Supplies,65,CLOSED,MEDIA,FIELD_REPORT,ENGLISH,OVERCAST,False,False,False,True,DMC_OFFICER,1,1,0,0,False,MIXED,5805574,False,4,1,3
INC-2020-0388,2020-04-02T08:20:46.000Z,Monaragala,Uva,DRY,6.627291,81.403432,Flash Flood,2,MEDIUM,409,0,4,0,Water Pumps|Medical Kits,37,RESOLVED,DMC_OFFICER,SMS,ENGLISH,FOG,False,False,True,False,,3,4,1,0,False,MIXED,22049243,False,4,8,3
INC-2020-0944,2020-04-04T19:45:38.000Z,Kalutara,Western,WET,6.452174,79.964772,High Winds/Cyclone,2,MEDIUM,735,0,0,0,Medical Kits|Emergency Shelters,82,RESOLVED,MEDIA,MOBILE_APP,SINHALA,PARTLY_CLOUDY,False,False,False,False,,1,1,1,0,False,INFRASTRUCTURE,52940,False,4,19,5
INC-2020-0123,2020-04-10T02:17:48.000Z,Hambantota,Southern,DRY,6.125772,81.229816,Drought,1,LOW,3394,0,0,0,Dry Rations,54,RESOLVED,DMC_OFFICER,MOBILE_APP,ENGLISH,PARTLY_CLOUDY,True,True,False,False,,0,0,0,0,True,RESIDENTIAL,0,False,4,2,4
INC-2020-1260,2020-04-10T14:34:20.000Z,Vavuniya,Northern,EAST_NORTH,8.881999,80.550664,Flash Flood,2,MEDIUM,109,0,0,0,Rescue Teams,181,RESOLVED,CITIZEN,MOBILE_APP,TAMIL,FOG,False,True,False,False,,0,0,0,0,False,INFRASTRUCTURE,473516,False,4,14,4
INC-2020-0056,2020-04-13T15:50:22.000Z,Mullaitivu,Northern,EAST_NORTH,9.319708,80.52704,Flood,1,LOW,296,0,0,0,Dry Rations|Medical Kits|Rescue Teams,115,RESOLVED,DMC_OFFICER,WEB_DASHBOARD,SINHALA,PARTLY_CLOUDY,False,False,False,False,,0,0,0,0,False,AGRICULTURAL,0,False,4,15,0
INC-2020-0661,2020-04-14T22:40:16.000Z,Mannar,Northern,EAST_NORTH,8.849457,80.035216,Flood,2,MEDIUM,428,0,0,0,Rescue Teams|Dry Rations|Boats|Medical Kits,89,RESOLVED,CITIZEN,FIELD_REPORT,ENGLISH,PARTLY_CLOUDY,False,False,False,True,VOLUNTEER,0,0,0,0,False,MIXED,193121,False,4,22,1
INC-2020-0779,2020-04-20T21:37:33.000Z,Jaffna,Northern,EAST_NORTH,9.532803,80.045729,High Winds/Cyclone,1,LOW,251,0,0,0,Emergency Shelters|Rescue Teams|Dry Rations|Generators,80,RESOLVED,DMC_OFFICER,FIELD_REPORT,ENGLISH,PARTLY_CLOUDY,False,False,False,False,,0,0,0,0,True,NONE,0,False,4,21,0
INC-2020-0346,2020-04-20T21:51:27.000Z,Badulla,Uva,HILL,6.977884,81.14677,Flash Flood,3,HIGH,1298,166,1,0,Dry Rations,40,RESOLVED,DMC_OFFICER,PHONE_CALL,ENGLISH,PARTLY_CLOUDY,False,False,False,False,,1,1,1,55,False,AGRICULTURAL,1203408,False,4,21,0
INC-2020-0682,2020-04-24T02:52:06.000Z,Ampara,Eastern,EAST_NORTH,7.334089,81.562282,High Winds/Cyclone,1,LOW,729,0,0,0,Generators|Dry Rations,198,RESOLVED,CITIZEN,MOBILE_APP,ENGLISH,RAINY,False,False,False,False,,0,0,0,0,False,INFRASTRUCTURE,0,False,4,2,4
INC-2020-0992,2020-04-25T00:38:13.000Z,Kilinochchi,Northern,EAST_NORTH,9.257733,80.314085,High Winds/Cyclone,1,LOW,158,0,0,0,Medical Kits|Rescue Teams,557,RESOLVED,VOLUNTEER,MOBILE_APP,TAMIL,SUNNY,True,False,False,False,,0,0,0,0,False,INFRASTRUCTURE,0,False,4,0,5
INC-2020-1128,2020-04-25T20:43:11.000Z,Vavuniya,Northern,EAST_NORTH,8.612873,80.383441,Drought,2,MEDIUM,32403,0,0,0,Medical Kits|Dry Rations|Water Tankers|Livestock Feed,101,RESOLVED,VOLUNTEER,MOBILE_APP,SINHALA,FOG,True,True,True,False,,2,1,0,0,False,AGRICULTURAL,494323,False,4,20,5
INC-2020-1122,2020-04-26T22:16:23.000Z,Mannar,Northern,EAST_NORTH,8.954448,79.88172,Drought,1,LOW,4007,0,0,0,Dry Rations|Livestock Feed|Medical Kits|Water Tankers,396,RESOLVED,CITIZEN,WEB_DASHBOARD,ENGLISH,RAINY,False,False,False,False,,0,0,0,0,False,AGRICULTURAL,0,False,4,22,6
INC-2020-0471,2020-04-28T22:28:01.000Z,Jaffna,Northern,EAST_NORTH,9.600127,80.135021,High Winds/Cyclone,2,MEDIUM,2347,0,0,0,Dry Rations|Medical Kits|Rescue Teams,281,RESOLVED,CITIZEN,SMS,SINHALA,SUNNY,False,False,False,False,,2,1,1,0,False,INFRASTRUCTURE,8085837,False,4,22,1
INC-2020-0494,2020-04-30T15:08:34.000Z,Batticaloa,Eastern,EAST_NORTH,7.637343,81.779639,Flood,2,MEDIUM,5136,0,0,0,Rescue Teams|Medical Kits,208,IN_PROGRESS,CITIZEN,PHONE_CALL,SINHALA,RAINY,False,False,False,False,,2,3,0,0,False,MIXED,2699875,False,4,15,3
INC-2020-0517,2020-05-01T14:43:33.000Z,Colombo,Western,WET,6.866121,79.90625,Flash Flood,3,HIGH,2256,1292,2,3,Boats,27,PENDING,CITIZEN,WEB_DASHBOARD,TAMIL,PARTLY_CLOUDY,False,False,False,True,GRAMA_NILADHARI,4,3,0,258,False,MIXED,755049,True,5,14,4
INC-2020-0247,2020-05-01T18:16:56.000Z,Ratnapura,Sabaragamuwa,WET,6.54406,80.349902,Landslide,2,MEDIUM,3946,0,0,0,Dry Rations|Search Dogs,73,RESOLVED,VOLUNTEER,PHONE_CALL,SINHALA,RAINY,False,True,False,False,,2,1,0,0,False,MIXED,451646,True,5,18,4
INC-2020-1262,2020-05-02T05:13:43.000Z,Ampara,Eastern,EAST_NORTH,7.3741,81.876545,Building Collapse,2,MEDIUM,325,0,0,0,Ambulances|Search Dogs|Excavators,175,RESOLVED,VOLUNTEER,MOBILE_APP,ENGLISH,STORMY,False,True,False,True,VOLUNTEER,0,0,0,0,False,MIXED,44088,True,5,5,5
INC-2020-0814,2020-05-02T08:29:43.000Z,Hambantota,Southern,DRY,6.016758,81.215181,Flash Flood,2,MEDIUM,1594,0,0,0,Water Pumps|Boats,109,CLOSED,VOLUNTEER,MOBILE_APP,TAMIL,FOG,True,True,False,False,,0,0,0,0,False,INFRASTRUCTURE,4963441,True,5,8,5
INC-2020-0960,2020-05-02T12:28:23.000Z,Jaffna,Northern,EAST_NORTH,9.660278,80.136372,Building Collapse,2,MEDIUM,244,0,0,0,Medical Kits|Rescue Teams,53,RESOLVED,VOLUNTEER,MOBILE_APP,TAMIL,PARTLY_CLOUDY,False,False,False,False,,2,1,0,0,False,NONE,0,True,5,12,5
INC-2020-0214,2020-05-02T13:11:47.000Z,Anuradhapura,NorthCentral,DRY,8.244086,80.470707,Flood,1,LOW,59,0,0,0,Tarpaulins|Boats|Water Pumps|Medical Kits,266,RESOLVED,CITIZEN,MOBILE_APP,TAMIL,PARTLY_CLOUDY,True,False,False,False,,0,0,0,0,False,INFRASTRUCTURE,0,True,5,13,5
INC-2020-1425,2020-05-02T21:28:19.000Z,Polonnaruwa,NorthCentral,DRY,7.857752,81.286432,Flood,3,HIGH,20512,2817,0,0,Dry Rations|Water Pumps,55,ASSIGNED,CITIZEN,WEB_DASHBOARD,SINHALA,PARTLY_CLOUDY,False,False,False,True,GRAMA_NILADHARI,4,3,1,939,False,NONE,0,True,5,21,5
INC-2020-0836,2020-05-03T16:55:59.000Z,Matale,Central,HILL,7.432902,80.546439,Building Collapse,2,MEDIUM,935,0,1,0,Search Dogs,200,RESOLVED,CITIZEN,MOBILE_APP,TAMIL,SUNNY,True,False,False,False,,1,2,0,0,False,AGRICULTURAL,176880,True,5,16,6
INC-2020-0020,2020-05-03T22:46:38.000Z,Kegalle,Sabaragamuwa,WET,7.163023,80.274859,Flood,2,MEDIUM,4401,0,0,0,Dry Rations,38,RESOLVED,VOLUNTEER,WEB_DASHBOARD,SINHALA,RAINY,False,False,False,True,VOLUNTEER,1,1,1,0,True,INFRASTRUCTURE,1437574,True,5,22,6
INC-2020-1349,2020-05-04T00:30:41.000Z,Kalutara,Western,WET,6.568201,79.940011,Earthquake,2,MEDIUM,1113,0,0,0,Rescue Teams|Excavators,134,CLOSED,CITIZEN,WEB_DASHBOARD,ENGLISH,SUNNY,False,False,False,False,,1,2,0,0,False,AGRICULTURAL,60022,True,5,0,0
INC-2020-0230,2020-05-04T02:11:11.000Z,Hambantota,Southern,DRY,6.096789,81.015257,Flood,2,MEDIUM,2145,0,0,0,Medical Kits|Water Pumps|Dry Rations,49,RESOLVED,VOLUNTEER,MOBILE_APP,TAMIL,RAINY,False,False,False,False,,1,2,2,0,False,RESIDENTIAL,588008,True,5,2,0
INC-2020-0359,2020-05-04T10:59:29.000Z,Monaragala,Uva,DRY,6.893391,81.351265,Flood,1,LOW,408,0,0,0,Water Pumps|Medical Kits|Tarpaulins|Dry Rations,275,RESOLVED,VOLUNTEER,WEB_DASHBOARD,ENGLISH,STORMY,False,False,False,True,LOCAL_AUTHORITY,0,0,0,0,False,AGRICULTURAL,0,True,5,10,0
INC-2020-0441,2020-05-05T03:39:15.000Z,Galle,Southern,WET,5.935323,80.191477,Flood,3,HIGH,20167,3862,0,0,Dry Rations|Tarpaulins|Medical Kits,30,RESOLVED,CITIZEN,PHONE_CALL,TAMIL,OVERCAST,True,False,False,False,,5,3,1,643,True,NONE,0,True,5,3,1
INC-2020-0874,2020-05-05T14:40:01.000Z,Kalutara,Western,WET,6.429991,80.198895,Building Collapse,2,MEDIUM,787,0,2,0,Excavators,56,RESOLVED,CITIZEN,MOBILE_APP,SINHALA,OVERCAST,False,True,False,True,LOCAL_AUTHORITY,0,0,0,0,False,INFRASTRUCTURE,1852857,True,5,14,1
INC-2020-0367,2020-05-07T20:28:28.000Z,Anuradhapura,NorthCentral,DRY,8.32981,80.376355,Medical Emergency,2,MEDIUM,2499,0,0,0,Medical Kits|Ambulances|Rescue Teams,53,RESOLVED,CITIZEN,MOBILE_APP,ENGLISH,SUNNY,False,True,False,False,,2,1,0,0,False,MIXED,11100437,True,5,20,3
INC-2020-1290,2020-05-08T19:39:48.000Z,Badulla,Uva,HILL,6.940283,81.059358,Flood,1,LOW,3550,0,0,0,Tarpaulins|Dry Rations|Boats|Water Pumps,162,RESOLVED,CITIZEN,MOBILE_APP,ENGLISH,PARTLY_CLOUDY,False,False,False,False,,0,0,0,0,False,INFRASTRUCTURE,0,True,5,19,4
INC-2020-0194,2020-05-12T14:08:44.000Z,Gampaha,Western,WET,7.197656,79.987079,High Winds/Cyclone,1,LOW,798,0,0,0,Medical Kits|Dry Rations,169,RESOLVED,VOLUNTEER,MOBILE_APP,TAMIL,STORMY,False,False,True,False,,0,0,0,0,False,INFRASTRUCTURE,0,True,5,14,1
INC-2020-1192,2020-05-12T17:10:22.000Z,Polonnaruwa,NorthCentral,DRY,7.824399,81.040689,High Winds/Cyclone,2,MEDIUM,108,0,0,0,Generators|Emergency Shelters,53,RESOLVED,CITIZEN,WEB_DASHBOARD,SINHALA,RAINY,False,False,False,False,,1,2,1,0,False,MIXED,3439988,True,5,17,1
INC-2020-0550,2020-05-14T16:10:27.000Z,Colombo,Western,WET,6.867807,79.903048,Flood,2,MEDIUM,1757,0,0,0,Tarpaulins|Medical Kits,96,RESOLVED,CITIZEN,MOBILE_APP,SINHALA,RAINY,False,False,False,True,GRAMA_NILADHARI,2,2,2,0,False,INFRASTRUCTURE,663140,True,5,16,3
INC-2020-0455,2020-05-15T00:57:38.000Z,Gampaha,Western,WET,7.04491,79.955587,Flood,2,MEDIUM,515,0,0,0,Water Pumps|Medical Kits|Dry Rations|Boats,36,RESOLVED,DMC_OFFICER,MOBILE_APP,SINHALA,STORMY,True,False,False,False,,1,2,0,0,False,AGRICULTURAL,812609,True,5,0,4
INC-2020-0049,2020-05-15T14:34:42.000Z,Polonnaruwa,NorthCentral,DRY,7.989191,81.274029,Medical Emergency,1,LOW,1269,0,0,0,Blood Supplies|Rescue Teams|Ambulances|Medical Kits,122,IN_PROGRESS,VOLUNTEER,WEB_DASHBOARD,ENGLISH,RAINY,True,False,False,True,LOCAL_AUTHORITY,0,0,0,0,False,MIXED,0,True,5,14,4
INC-2020-1070,2020-05-16T03:53:40.000Z,Gampaha,Western,WET,7.098463,80.052997,Flood,2,MEDIUM,2237,0,0,0,Rescue Teams|Medical Kits,71,RESOLVED,CITIZEN,MOBILE_APP,SINHALA,STORMY,True,False,False,False,,0,0,0,0,False,RESIDENTIAL,12369467,True,5,3,5
INC-2020-0464,2020-05-16T09:46:50.000Z,Jaffna,Northern,EAST_NORTH,9.559737,80.05682,High Winds/Cyclone,2,MEDIUM,4327,0,0,0,Dry Rations|Emergency Shelters,104,RESOLVED,CITIZEN,MOBILE_APP,SINHALA,SUNNY,False,True,True,False,,0,0,0,0,True,AGRICULTURAL,528474,True,5,9,5
INC-2020-1014,2020-05-16T18:27:28.000Z,Polonnaruwa,NorthCentral,DRY,8.020739,81.074433,Flash Flood,2,MEDIUM,1999,0,0,0,Medical Kits|Rescue Teams|Water Pumps|Dry Rations,88,RESOLVED,LOCAL_AUTHORITY,FIELD_REPORT,SINHALA,FOG,False,False,False,False,,3,2,1,0,False,NONE,0,True,5,18,5
INC-2020-0999,2020-05-17T02:05:38.000Z,Kurunegala,NorthWestern,DRY,7.630747,80.418904,Flood,2,MEDIUM,3673,0,0,0,Boats,123,RESOLVED,CITIZEN,MOBILE_APP,ENGLISH,OVERCAST,False,False,False,True,LOCAL_AUTHORITY,3,3,0,0,False,MIXED,41654,True,5,2,6
INC-2020-0192,2020-05-18T14:52:44.000Z,Polonnaruwa,NorthCentral,DRY,7.890497,81.080569,Flash Flood,4,CRITICAL,1561,482,7,0,Rescue Teams,11,IN_PROGRESS,DMC_OFFICER,MOBILE_APP,SINHALA,STORMY,False,True,False,True,VOLUNTEER,1,2,2,80,False,AGRICULTURAL,7903353,True,5,14,0
INC-2020-0776,2020-05-19T01:18:28.000Z,Kegalle,Sabaragamuwa,WET,7.279625,80.386529,Landslide,2,MEDIUM,1293,0,0,0,Search Dogs|Dry Rations|Medical Kits,62,RESOLVED,VOLUNTEER,MOBILE_APP,TAMIL,RAINY,False,False,False,False,,3,4,3,0,False,AGRICULTURAL,1352862,True,5,1,1
INC-2020-0735,2020-05-20T22:59:40.000Z,Matara,Southern,WET,5.874699,80.625832,Flood,1,LOW,152,0,0,0,Water Pumps|Rescue Teams,267,RESOLVED,CITIZEN,SMS,SINHALA,FOG,False,True,False,True,DMC_OFFICER,0,0,0,0,False,MIXED,0,True,5,22,2
INC-2020-0560,2020-05-21T22:11:36.000Z,Ratnapura,Sabaragamuwa,WET,6.527963,80.392581,Landslide,2,MEDIUM,684,0,0,0,Medical Kits|Search Dogs|Rescue Teams,66,RESOLVED,SENSOR,MOBILE_APP,SINHALA,RAINY,True,False,False,False,,2,2,2,0,False,NONE,0,True,5,22,3
INC-2020-0972,2020-05-22T06:30:42.000Z,NuwaraEliya,Central,HILL,6.990546,80.644906,Medical Emergency,2,MEDIUM,15728,0,2,0,Rescue Teams,51,IN_PROGRESS,CITIZEN,SMS,ENGLISH,OVERCAST,False,True,False,True,GRAMA_NILADHARI,3,1,0,0,False,RESIDENTIAL,2665374,True,5,6,4
INC-2020-1449,2020-05-23T04:43:47.000Z,Trincomalee,Eastern,EAST_NORTH,8.441946,81.130525,Flash Flood,3,HIGH,2158,655,2,0,Dry Rations|Boats,45,RESOLVED,CITIZEN,MOBILE_APP,TAMIL,FOG,True,False,False,True,VOLUNTEER,1,2,0,163,False,INFRASTRUCTURE,383667,True,5,4,5
INC-2020-1306,2020-05-24T02:26:39.000Z,Monaragala,Uva,DRY,6.839631,81.246823,Flash Flood,3,HIGH,69,20,9,1,Boats|Water Pumps|Dry Rations,22,RESOLVED,DMC_OFFICER,MOBILE_APP,ENGLISH,PARTLY_CLOUDY,True,False,False,False,,2,2,0,5,False,MIXED,1014363,True,5,2,6
INC-2020-0536,2020-05-27T18:03:43.000Z,Colombo,Western,WET,6.850054,79.916043,Flash Flood,2,MEDIUM,195,0,0,0,Rescue Teams|Medical Kits|Dry Rations,64,RESOLVED,SENSOR,WEB_DASHBOARD,SINHALA,OVERCAST,False,False,False,True,DMC_OFFICER,2,1,0,0,False,NONE,0,True,5,18,2
INC-2020-1424,2020-05-27T18:22:43.000Z,Matara,Southern,WET,5.996847,80.76908,Flash Flood,2,MEDIUM,815,0,0,0,Rescue Teams,66,RESOLVED,CITIZEN,MOBILE_APP,SINHALA,RAINY,False,False,False,True,GRAMA_NILADHARI,0,0,0,0,False,NONE,0,True,5,18,2
INC-2020-0086,2020-05-28T08:27:24.000Z,Kilinochchi,Northern,EAST_NORTH,9.386843,80.218842,Building Collapse,2,MEDIUM,33,0,1,0,Ambulances|Excavators|Rescue Teams|Medical Kits,46,RESOLVED,DMC_OFFICER,MOBILE_APP,SINHALA,RAINY,True,True,False,False,,1,1,1,0,False,NONE,0,True,5,8,3
INC-2020-0954,2020-05-28T11:09:17.000Z,Monaragala,Uva,DRY,6.804107,81.491924,Flood,2,MEDIUM,9695,0,2,1,Medical Kits,30,RESOLVED,CITIZEN,MOBILE_APP,ENGLISH,OVERCAST,False,False,False,True,GRAMA_NILADHARI,3,4,4,0,False,AGRICULTURAL,9312505,True,5,11,3
INC-2020-0856,2020-05-29T01:32:17.000Z,Kurunegala,NorthWestern,DRY,7.426992,80.46634,Flash Flood,2,MEDIUM,1851,0,0,0,Dry Rations,103,RESOLVED,CITIZEN,MOBILE_APP,TAMIL,PARTLY_CLOUDY,True,True,False,True,DMC_OFFICER,1,2,1,0,False,AGRICULTURAL,448479,True,5,1,4
INC-2020-1071,2020-05-29T13:54:51.000Z,Vavuniya,Northern,EAST_NORTH,8.887218,80.486612,Flood,2,MEDIUM,3817,0,2,2,Tarpaulins|Boats|Rescue Teams,53,RESOLVED,SENSOR,SMS,TAMIL,OVERCAST,False,True,False,False,,1,2,0,0,False,INFRASTRUCTURE,691617,True,5,13,4
INC-2020-0197,2020-06-02T03:24:05.000Z,Kurunegala,NorthWestern,DRY,7.67625,80.458813,Medical Emergency,2,MEDIUM,530,0,0,0,Rescue Teams,45,RESOLVED,SENSOR,WEB_DASHBOARD,SINHALA,FOG,False,False,False,False,,0,0,0,0,False,AGRICULTURAL,935950,True,6,3,1
INC-2020-1123,2020-06-02T22:22:12.000Z,Badulla,Uva,HILL,6.978069,81.215705,Flash Flood,3,HIGH,3718,910,0,0,Medical Kits|Dry Rations,17,RESOLVED,VOLUNTEER,WEB_DASHBOARD,ENGLISH,OVERCAST,False,False,False,True,VOLUNTEER,2,2,2,182,False,INFRASTRUCTURE,10915813,True,6,22,1
INC-2020-0190,2020-06-03T05:05:13.000Z,Matara,Southern,WET,5.964899,80.596379,Flood,1,LOW,910,0,0,0,Dry Rations,293,RESOLVED,CITIZEN,SMS,ENGLISH,STORMY,True,False,False,True,GRAMA_NILADHARI,0,0,0,0,True,AGRICULTURAL,0,True,6,5,2
INC-2020-0643,2020-06-08T19:00:39.000Z,Kurunegala,NorthWestern,DRY,7.597759,80.308134,Flood,1,LOW,727,0,0,0,Dry Rations|Rescue Teams|Tarpaulins,84,CLOSED,DMC_OFFICER,SMS,SINHALA,OVERCAST,False,False,False,True,DMC_OFFICER,0,0,0,0,False,RESIDENTIAL,0,True,6,19,0
INC-2020-0046,2020-06-09T08:27:11.000Z,Vavuniya,Northern,EAST_NORTH,8.764766,80.578302,Forest Fire,1,LOW,373,0,0,0,Medical Kits|Fire Trucks|Water Tankers|Rescue Teams,242,RESOLVED,CITIZEN,SMS,SINHALA,SUNNY,False,True,False,True,GRAMA_NILADHARI,0,0,0,0,False,RESIDENTIAL,0,True,6,8,1
INC-2020-0894,2020-06-10T17:23:16.000Z,Jaffna,Northern,EAST_NORTH,9.783409,80.000802,Earthquake,2,MEDIUM,591,0,3,2,Search Dogs|Excavators|Medical Kits|Rescue Teams,221,RESOLVED,CITIZEN,WEB_DASHBOARD,SINHALA,RAINY,False,False,False,False,,0,0,0,0,False,AGRICULTURAL,3616805,True,6,17,2
INC-2020-0337,2020-06-12T04:24:49.000Z,NuwaraEliya,Central,HILL,6.860273,80.823845,Landslide,1,LOW,355,0,1,1,Search Dogs|Ambulances,163,RESOLVED,DMC_OFFICER,MOBILE_APP,ENGLISH,STORMY,True,False,True,False,,0,0,0,0,False,INFRASTRUCTURE,0,True,6,4,4
INC-2020-1183,2020-06-12T14:29:10.000Z,Kalutara,Western,WET,6.572535,80.137089,Flood,2,MEDIUM,1401,0,0,0,Boats,112,RESOLVED,SENSOR,WEB_DASHBOARD,SINHALA,RAINY,False,False,False,True,VOLUNTEER,2,1,0,0,False,NONE,0,True,6,14,4
INC-2020-0762,2020-06-14T06:59:16.000Z,Badulla,Uva,HILL,6.931361,81.177319,Forest Fire,2,MEDIUM,1639,0,0,0,Helicopters,406,RESOLVED,VOLUNTEER,MOBILE_APP,ENGLISH,PARTLY_CLOUDY,True,False,False,True,VOLUNTEER,0,0,0,0,False,RESIDENTIAL,15633,True,6,6,6
INC-2020-1001,2020-06-16T09:48:49.000Z,Kandy,Central,HILL,7.168757,80.523912,Landslide,3,HIGH,11481,1290,0,0,Medical Kits,21,RESOLVED,DMC_OFFICER,MOBILE_APP,ENGLISH,FOG,True,False,False,True,VOLUNTEER,2,3,1,215,True,NONE,0,True,6,9,1
INC-2020-0631,2020-06-16T18:20:52.000Z,Kurunegala,NorthWestern,DRY,7.52325,80.480225,Flood,1,LOW,1063,0,0,0,Dry Rations|Boats|Rescue Teams|Water Pumps,375,RESOLVED,CITIZEN,MOBILE_APP,TAMIL,PARTLY_CLOUDY,True,False,False,True,VOLUNTEER,0,0,0,0,True,AGRICULTURAL,0,True,6,18,1
INC-2020-0354,2020-06-16T20:35:26.000Z,Anuradhapura,NorthCentral,DRY,8.214026,80.373869,Flood,2,MEDIUM,2623,0,0,0,Water Pumps|Medical Kits|Boats,81,RESOLVED,CITIZEN,WEB_DASHBOARD,SINHALA,OVERCAST,True,False,False,True,GRAMA_NILADHARI,0,0,0,0,False,MIXED,382817,True,6,20,1
INC-2020-1304,2020-06-17T17:09:43.000Z,Gampaha,Western,WET,7.156562,80.038748,Medical Emergency,2,MEDIUM,1513,0,0,0,Blood Supplies,58,RESOLVED,MEDIA,MOBILE_APP,ENGLISH,RAINY,True,False,False,True,LOCAL_AUTHORITY,2,3,1,0,False,INFRASTRUCTURE,1242440,True,6,17,2
INC-2020-0457,2020-06-18T02:48:29.000Z,Kandy,Central,HILL,7.255903,80.571023,Landslide,2,MEDIUM,978,0,0,0,Dry Rations,336,RESOLVED,MEDIA,SMS,ENGLISH,FOG,False,False,False,True,GRAMA_NILADHARI,0,0,0,0,False,RESIDENTIAL,655664,True,6,2,3
INC-2020-0310,2020-06-20T01:51:53.000Z,Hambantota,Southern,DRY,6.011016,81.256149,Flood,1,LOW,39,0,0,0,Dry Rations|Boats|Water Pumps,134,RESOLVED,CITIZEN,MOBILE_APP,ENGLISH,STORMY,False,True,False,False,,0,0,0,0,False,NONE,0,True,6,1,5
INC-2020-1378,2020-06-21T19:59:07.000Z,Kalutara,Western,WET,6.565657,80.142976,Earthquake,2,MEDIUM,2638,0,0,0,Ambulances|Medical Kits|Emergency Shelters|Search Dogs,29,RESOLVED,VOLUNTEER,PHONE_CALL,SINHALA,FOG,False,False,False,False,,0,0,0,0,False,NONE,0,True,6,19,6
INC-2020-0548,2020-06-22T14:22:47.000Z,Batticaloa,Eastern,EAST_NORTH,7.680237,81.663084,Flood,2,MEDIUM,3502,0,0,0,Boats,111,RESOLVED,SENSOR,WEB_DASHBOARD,TAMIL,STORMY,False,False,False,True,VOLUNTEER,0,0,0,0,False,MIXED,304417,True,6,14,0
INC-2020-0371,2020-06-23T03:12:46.000Z,Kandy,Central,HILL,7.208319,80.544384,Flood,2,MEDIUM,1719,0,0,0,Dry Rations|Medical Kits|Tarpaulins|Boats,104,RESOLVED,VOLUNTEER,MOBILE_APP,SINHALA,FOG,True,False,False,True,LOCAL_AUTHORITY,3,4,2,0,False,MIXED,610791,True,6,3,1
INC-2020-1175,2020-06-24T02:15:11.000Z,Mullaitivu,Northern,EAST_NORTH,9.138318,80.55545,High Winds/Cyclone,3,HIGH,1585,770,2,1,Rescue Teams,62,ASSIGNED,CITIZEN,FIELD_REPORT,SINHALA,RAINY,False,False,False,True,LOCAL_AUTHORITY,8,3,3,192,False,NONE,0,True,6,2,2
INC-2020-1278,2020-06-27T02:50:19.000Z,Batticaloa,Eastern,EAST_NORTH,7.700063,81.651037,Flood,1,LOW,351,0,0,0,Tarpaulins|Water Pumps|Rescue Teams,169,RESOLVED,SENSOR,WEB_DASHBOARD,ENGLISH,PARTLY_CLOUDY,False,False,False,True,LOCAL_AUTHORITY,0,0,0,0,False,AGRICULTURAL,0,True,6,2,5
INC-2020-0166,2020-06-28T21:46:49.000Z,Galle,Southern,WET,6.177388,80.134796,High Winds/Cyclone,1,LOW,1570,0,0,0,Dry Rations,121,RESOLVED,CITIZEN,MOBILE_APP,SINHALA,OVERCAST,False,True,True,True,GRAMA_NILADHARI,0,0,0,0,False,INFRASTRUCTURE,0,True,6,21,6
INC-2020-1452,2020-06-29T14:50:49.000Z,Ampara,Eastern,EAST_NORTH,7.173523,81.732707,Flash Flood,3,HIGH,1786,494,0,0,Water Pumps|Boats|Rescue Teams,70,RESOLVED,DMC_OFFICER,WEB_DASHBOARD,ENGLISH,OVERCAST,False,False,False,True,LOCAL_AUTHORITY,2,3,2,98,True,MIXED,7897977,True,6,14,0
INC-2020-0747,2020-07-02T23:55:45.000Z,Batticaloa,Eastern,EAST_NORTH,7.642091,81.64428,Flood,2,MEDIUM,136,0,0,0,Rescue Teams|Medical Kits,170,RESOLVED,CITIZEN,SMS,ENGLISH,STORMY,False,False,False,False,,0,0,0,0,False,INFRASTRUCTURE,8464675,True,7,23,3
INC-2020-0183,2020-07-04T00:48:52.000Z,Kandy,Central,HILL,7.275983,80.775167,High Winds/Cyclone,1,LOW,365,0,0,0,Medical Kits,148,CLOSED,VOLUNTEER,WEB_DASHBOARD,SINHALA,STORMY,False,False,False,True,GRAMA_NILADHARI,0,0,0,0,False,INFRASTRUCTURE,0,True,7,0,5
INC-2020-0996,2020-07-06T08:57:45.000Z,Batticaloa,Eastern,EAST_NORTH,7.785827,81.632934,Flash Flood,3,HIGH,4237,976,0,0,Water Pumps,57,RESOLVED,CITIZEN,MOBILE_APP,ENGLISH,PARTLY_CLOUDY,False,False,False,False,,2,2,1,244,False,RESIDENTIAL,1927063,True,7,8,0
INC-2020-0617,2020-07-14T00:09:19.000Z,NuwaraEliya,Central,HILL,6.830281,80.79678,Flood,2,MEDIUM,14709,0,0,0,Medical Kits|Rescue Teams|Dry Rations,71,RESOLVED,CITIZEN,SMS,ENGLISH,STORMY,False,False,True,False,,3,4,3,0,False,AGRICULTURAL,562471,True,7,0,1
INC-2020-1056,2020-07-15T21:09:34.000Z,Batticaloa,Eastern,EAST_NORTH,7.665867,81.711238,Flood,1,LOW,761,0,0,0,Medical Kits|Dry Rations|Boats,336,RESOLVED,CITIZEN,WEB_DASHBOARD,ENGLISH,PARTLY_CLOUDY,False,False,False,True,VOLUNTEER,0,0,0,0,False,NONE,0,True,7,21,2
INC-2020-1072,2020-07-19T02:43:04.000Z,Gampaha,Western,WET,7.122686,79.918759,Flash Flood,3,HIGH,8333,2449,2,1,Medical Kits|Rescue Teams,128,PENDING,CITIZEN,MOBILE_APP,ENGLISH,OVERCAST,True,False,False,True,DMC_OFFICER,3,1,1,816,True,MIXED,373168,True,7,2,6
INC-2020-0801,2020-07-19T20:54:08.000Z,Colombo,Western,WET,6.940269,79.85604,Flash Flood,3,HIGH,4882,1267,5,0,Boats|Water Pumps|Dry Rations|Medical Kits,20,RESOLVED,VOLUNTEER,FIELD_REPORT,ENGLISH,PARTLY_CLOUDY,False,False,False,True,GRAMA_NILADHARI,5,6,6,253,False,MIXED,514037,True,7,20,6
INC-2020-0454,2020-07-21T02:25:45.000Z,Ampara,Eastern,EAST_NORTH,7.442192,81.852401,Flood,3,HIGH,2030,481,1,0,Rescue Teams|Boats|Dry Rations,44,RESOLVED,VOLUNTEER,MOBILE_APP,TAMIL,OVERCAST,False,True,False,True,GRAMA_NILADHARI,6,4,3,80,False,NONE,0,True,7,2,1
INC-2020-0324,2020-07-22T01:58:56.000Z,Trincomalee,Eastern,EAST_NORTH,8.505432,81.138373,Flash Flood,1,LOW,858,0,0,0,Medical Kits|Dry Rations,225,RESOLVED,VOLUNTEER,WEB_DASHBOARD,ENGLISH,FOG,True,False,False,False,,0,0,0,0,False,RESIDENTIAL,0,True,7,1,2
INC-2020-0078,2020-07-23T18:44:39.000Z,Puttalam,NorthWestern,DRY,8.023185,79.954626,Flash Flood,2,MEDIUM,348,0,0,0,Dry Rations|Rescue Teams|Water Pumps,81,RESOLVED,SENSOR,MOBILE_APP,ENGLISH,RAINY,False,False,False,False,,3,2,2,0,False,RESIDENTIAL,5470291,True,7,18,3
INC-2020-1081,2020-07-28T19:02:28.000Z,Galle,Southern,WET,6.173116,80.335703,Forest Fire,2,MEDIUM,2480,0,0,0,Fire Trucks|Rescue Teams|Medical Kits|Water Tankers,15,RESOLVED,DMC_OFFICER,MOBILE_APP,SINHALA,FOG,False,False,False,True,GRAMA_NILADHARI,2,3,3,0,False,MIXED,660554,True,7,19,1
INC-2020-0725,2020-07-30T06:44:19.000Z,Ampara,Eastern,EAST_NORTH,7.379701,81.795623,Flood,1,LOW,69,0,0,0,Medical Kits|Rescue Teams|Water Pumps,179,RESOLVED,CITIZEN,MOBILE_APP,SINHALA,RAINY,True,False,False,False,,0,0,0,0,False,NONE,0,True,7,6,3
INC-2020-1137,2020-07-30T14:00:22.000Z,Galle,Southern,WET,6.139866,80.34285,Flood,2,MEDIUM,1421,0,0,0,Boats,95,RESOLVED,CITIZEN,SMS,ENGLISH,RAINY,True,False,False,True,DMC_OFFICER,0,0,0,0,False,MIXED,2766902,True,7,14,3
INC-2020-1180,2020-07-31T06:06:46.000Z,Kalutara,Western,WET,6.452226,80.062992,Flood,1,LOW,765,0,0,0,Boats|Dry Rations,391,RESOLVED,VOLUNTEER,MOBILE_APP,SINHALA,RAINY,True,False,True,True,LOCAL_AUTHORITY,0,0,0,0,False,MIXED,0,True,7,6,4
INC-2020-0161,2020-07-31T13:08:20.000Z,Badulla,Uva,HILL,6.802542,81.195006,Flash Flood,2,MEDIUM,1969,0,0,0,Medical Kits|Rescue Teams|Dry Rations|Boats,61,CLOSED,CITIZEN,MOBILE_APP,TAMIL,RAINY,False,False,False,False,,1,1,1,0,False,MIXED,346836,True,7,13,4
INC-2020-0591,2020-08-03T18:52:27.000Z,Vavuniya,Northern,EAST_NORTH,8.848955,80.424524,Flood,2,MEDIUM,1475,0,0,0,Dry Rations|Tarpaulins|Water Pumps,145,RESOLVED,CITIZEN,MOBILE_APP,SINHALA,PARTLY_CLOUDY,False,False,False,True,LOCAL_AUTHORITY,3,1,1,0,False,RESIDENTIAL,2893418,True,8,18,0
INC-2020-0689,2020-08-10T15:07:05.000Z,Ampara,Eastern,EAST_NORTH,7.367951,81.88809,Flood,2,MEDIUM,400,0,0,0,Rescue Teams,376,CLOSED,CITIZEN,MOBILE_APP,ENGLISH,OVERCAST,True,False,False,False,,0,0,0,0,False,MIXED,3161121,True,8,15,0
INC-2020-1058,2020-08-13T05:05:46.000Z,Vavuniya,Northern,EAST_NORTH,8.880188,80.577259,Flood,1,LOW,2421,0,0,0,Boats|Medical Kits|Tarpaulins,437,RESOLVED,CITIZEN,PHONE_CALL,SINHALA,OVERCAST,False,False,False,False,,0,0,0,0,False,NONE,0,True,8,5,3
INC-2020-0937,2020-08-13T19:22:10.000Z,Hambantota,Southern,DRY,6.223548,81.029984,Flood,2,MEDIUM,753,0,0,0,Rescue Teams|Dry Rations,46,CLOSED,SENSOR,MOBILE_APP,ENGLISH,OVERCAST,True,False,False,True,GRAMA_NILADHARI,3,4,3,0,False,AGRICULTURAL,1538731,True,8,19,3
INC-2020-1114,2020-08-13T22:30:21.000Z,Ratnapura,Sabaragamuwa,WET,6.781035,80.497906,Landslide,1,LOW,825,0,0,0,Excavators|Search Dogs|Medical Kits,87,RESOLVED,CITIZEN,MOBILE_APP,SINHALA,OVERCAST,False,False,False,True,GRAMA_NILADHARI,0,0,0,0,False,RESIDENTIAL,0,True,8,22,3
INC-2020-0410,2020-08-14T23:25:18.000Z,NuwaraEliya,Central,HILL,6.866573,80.670452,Flash Flood,2,MEDIUM,507,0,2,5,Dry Rations|Boats|Water Pumps,112,RESOLVED,MEDIA,PHONE_CALL,SINHALA,RAINY,False,False,False,True,GRAMA_NILADHARI,1,2,0,0,False,INFRASTRUCTURE,107462,True,8,23,4
INC-2020-0911,2020-08-15T11:09:32.000Z,Kilinochchi,Northern,EAST_NORTH,9.232532,80.268777,Flood,1,LOW,980,0,0,0,Dry Rations|Water Pumps,364,RESOLVED,CITIZEN,MOBILE_APP,TAMIL,STORMY,False,False,False,False,,0,0,0,0,False,NONE,0,True,8,11,5
INC-2020-0555,2020-08-17T04:42:42.000Z,Hambantota,Southern,DRY,6.178178,81.047452,Coastal Erosion,1,LOW,523,0,0,0,Emergency Shelters|Rescue Teams,149,RESOLVED,DMC_OFFICER,WEB_DASHBOARD,ENGLISH,STORMY,True,False,False,True,VOLUNTEER,0,0,0,0,False,AGRICULTURAL,0,True,8,4,0
INC-2020-0724,2020-08-17T21:00:07.000Z,Jaffna,Northern,EAST_NORTH,9.624133,80.030355,Flash Flood,2,MEDIUM,5645,0,1,0,Dry Rations|Medical Kits,205,RESOLVED,DMC_OFFICER,MOBILE_APP,SINHALA,RAINY,False,False,False,False,,2,3,2,0,False,AGRICULTURAL,6847679,True,8,21,0
INC-2020-1283,2020-08-20T14:47:59.000Z,Galle,Southern,WET,6.128077,80.272476,Earthquake,2,MEDIUM,14478,0,0,0,Medical Kits|Rescue Teams,75,RESOLVED,LOCAL_AUTHORITY,SMS,SINHALA,PARTLY_CLOUDY,True,False,False,True,VOLUNTEER,3,1,0,0,False,RESIDENTIAL,4956448,True,8,14,3
INC-2020-0177,2020-08-20T23:26:59.000Z,Matale,Central,HILL,7.670749,80.633029,Landslide,1,LOW,25,0,1,1,Excavators|Medical Kits,131,RESOLVED,SENSOR,PHONE_CALL,TAMIL,OVERCAST,False,False,False,True,LOCAL_AUTHORITY,0,0,0,0,False,MIXED,0,True,8,23,3
INC-2020-1149,2020-08-24T02:48:21.000Z,Mullaitivu,Northern,EAST_NORTH,9.177763,80.654312,Flood,2,MEDIUM,1552,0,0,0,Boats|Rescue Teams|Water Pumps,135,RESOLVED,DMC_OFFICER,MOBILE_APP,ENGLISH,RAINY,True,False,False,True,VOLUNTEER,1,1,0,0,False,AGRICULTURAL,550177,True,8,2,0
INC-2020-0260,2020-08-24T05:07:11.000Z,Matale,Central,HILL,7.453546,80.594162,Medical Emergency,1,LOW,704,0,0,0,Rescue Teams|Ambulances,140,CLOSED,VOLUNTEER,MOBILE_APP,TAMIL,SUNNY,False,False,False,True,VOLUNTEER,0,0,0,0,False,AGRICULTURAL,0,True,8,5,0
INC-2020-0074,2020-08-25T07:15:32.000Z,Mannar,Northern,EAST_NORTH,8.845611,79.952986,Flash Flood,1,LOW,808,0,0,0,Medical Kits|Rescue Teams|Boats,169,RESOLVED,DMC_OFFICER,FIELD_REPORT,SINHALA,FOG,False,False,False,False,,0,0,0,0,False,MIXED,0,True,8,7,1
INC-2020-0395,2020-08-26T04:18:09.000Z,Ampara,Eastern,EAST_NORTH,7.220739,81.821651,High Winds/Cyclone,1,LOW,439,0,0,0,Medical Kits|Dry Rations|Rescue Teams|Emergency Shelters,170,RESOLVED,MEDIA,PHONE_CALL,ENGLISH,PARTLY_CLOUDY,False,False,False,True,GRAMA_NILADHARI,0,0,0,0,False,NONE,0,True,8,4,2
INC-2020-0136,2020-08-27T00:52:30.000Z,Badulla,Uva,HILL,6.970009,81.254833,Landslide,2,MEDIUM,963,0,7,0,Search Dogs|Rescue Teams|Excavators,130,RESOLVED,DMC_OFFICER,SMS,SINHALA,FOG,False,False,False,False,,2,3,3,0,False,INFRASTRUCTURE,4813574,True,8,0,3
INC-2020-0690,2020-08-28T01:38:28.000Z,Matale,Central,HILL,7.441424,80.556391,High Winds/Cyclone,3,HIGH,12658,2401,0,0,Dry Rations|Generators,61,RESOLVED,VOLUNTEER,MOBILE_APP,SINHALA,FOG,True,True,False,True,LOCAL_AUTHORITY,1,2,1,400,False,RESIDENTIAL,735674,True,8,1,4
INC-2020-1051,2020-08-28T21:22:53.000Z,Kegalle,Sabaragamuwa,WET,7.369038,80.207012,Flash Flood,2,MEDIUM,2160,0,0,0,Rescue Teams|Boats,46,CLOSED,VOLUNTEER,MOBILE_APP,ENGLISH,PARTLY_CLOUDY,True,False,False,True,VOLUNTEER,3,1,1,0,False,NONE,0,True,8,21,4
INC-2020-1095,2020-08-28T22:25:20.000Z,Kilinochchi,Northern,EAST_NORTH,9.454502,80.358701,Flash Flood,3,HIGH,1420,464,2,0,Boats|Medical Kits|Water Pumps|Rescue Teams,32,RESOLVED,SENSOR,SMS,ENGLISH,RAINY,False,False,False,True,DMC_OFFICER,8,6,6,92,False,INFRASTRUCTURE,453989,True,8,22,4
INC-2020-1193,2020-09-02T00:40:02.000Z,Batticaloa,Eastern,EAST_NORTH,7.704604,81.716187,Flood,1,LOW,2364,0,0,0,Water Pumps|Rescue Teams|Tarpaulins|Medical Kits,190,RESOLVED,CITIZEN,WEB_DASHBOARD,ENGLISH,PARTLY_CLOUDY,False,False,False,False,,0,0,0,0,False,MIXED,0,True,9,0,2
INC-2020-1327,2020-09-02T14:40:21.000Z,Kalutara,Western,WET,6.642328,79.996288,Medical Emergency,2,MEDIUM,596,0,0,0,Rescue Teams|Medical Kits|Blood Supplies|Ambulances,32,RESOLVED,DMC_OFFICER,FIELD_REPORT,ENGLISH,FOG,False,False,True,True,LOCAL_AUTHORITY,0,0,0,0,False,RESIDENTIAL,354325,True,9,14,2
INC-2020-0303,2020-09-03T22:07:02.000Z,Galle,Southern,WET,6.042981,80.250697,Flash Flood,3,HIGH,9222,4345,0,0,Medical Kits|Rescue Teams|Water Pumps|Dry Rations,33,RESOLVED,CITIZEN,MOBILE_APP,SINHALA,RAINY,True,False,False,False,,5,4,1,1086,False,RESIDENTIAL,430651,True,9,22,3
INC-2020-0015,2020-09-05T21:32:37.000Z,Jaffna,Northern,EAST_NORTH,9.520556,80.013592,Flash Flood,1,LOW,860,0,0,0,Water Pumps|Boats,330,CLOSED,CITIZEN,MOBILE_APP,SINHALA,OVERCAST,False,False,True,True,DMC_OFFICER,0,0,0,0,False,AGRICULTURAL,0,True,9,21,5
INC-2020-0916,2020-09-06T00:55:48.000Z,Polonnaruwa,NorthCentral,DRY,7.928737,81.04939,Medical Emergency,2,MEDIUM,1783,0,0,0,Rescue Teams|Ambulances|Blood Supplies,93,RESOLVED,MEDIA,MOBILE_APP,TAMIL,FOG,False,False,False,False,,0,0,0,0,False,AGRICULTURAL,13642610,True,9,0,6
INC-2020-1240,2020-09-06T02:47:46.000Z,Batticaloa,Eastern,EAST_NORTH,7.682807,81.781508,Landslide,3,HIGH,12276,6657,0,0,Medical Kits|Search Dogs,83,IN_PROGRESS,CITIZEN,WEB_DASHBOARD,SINHALA,OVERCAST,False,False,False,True,LOCAL_AUTHORITY,7,1,0,1109,False,AGRICULTURAL,4000247,True,9,2,6
INC-2020-0829,2020-09-10T23:13:44.000Z,Matale,Central,HILL,7.664217,80.797151,Landslide,2,MEDIUM,3496,0,0,0,Dry Rations,93,RESOLVED,DMC_OFFICER,WEB_DASHBOARD,ENGLISH,FOG,True,False,False,True,VOLUNTEER,2,2,0,0,False,INFRASTRUCTURE,1027275,True,9,23,3
INC-2020-0852,2020-09-11T18:08:58.000Z,Kegalle,Sabaragamuwa,WET,7.23324,80.245116,High Winds/Cyclone,1,LOW,229,0,0,0,Medical Kits|Generators|Rescue Teams|Emergency Shelters,130,RESOLVED,CITIZEN,FIELD_REPORT,SINHALA,OVERCAST,False,False,False,True,GRAMA_NILADHARI,0,0,0,0,False,NONE,0,True,9,18,4
INC-2020-1430,2020-09-13T00:16:34.000Z,Kurunegala,NorthWestern,DRY,7.465338,80.12056,Flash Flood,2,MEDIUM,441,0,0,0,Rescue Teams|Water Pumps|Boats|Dry Rations,118,RESOLVED,DMC_OFFICER,MOBILE_APP,SINHALA,PARTLY_CLOUDY,False,False,False,True,LOCAL_AUTHORITY,2,1,0,0,False,INFRASTRUCTURE,17633088,True,9,0,6
INC-2020-0990,2020-09-13T18:40:05.000Z,Kurunegala,NorthWestern,DRY,7.578045,80.137172,High Winds/Cyclone,2,MEDIUM,19987,0,0,0,Emergency Shelters,39,RESOLVED,SENSOR,SMS,TAMIL,OVERCAST,False,False,True,True,LOCAL_AUTHORITY,3,4,1,0,False,NONE,0,True,9,18,6
INC-2020-0492,2020-09-15T14:17:29.000Z,NuwaraEliya,Central,HILL,6.984306,80.778555,Flood,2,MEDIUM,4121,0,0,0,Water Pumps|Rescue Teams,36,RESOLVED,SENSOR,MOBILE_APP,SINHALA,RAINY,True,False,False,False,,0,0,0,0,False,MIXED,3532129,True,9,14,1
INC-2020-0679,2020-09-17T21:09:37.000Z,Anuradhapura,NorthCentral,DRY,8.343412,80.475487,Building Collapse,3,HIGH,34864,6667,1,0,Search Dogs|Excavators|Ambulances|Rescue Teams,50,RESOLVED,CITIZEN,MOBILE_APP,ENGLISH,OVERCAST,True,False,False,True,LOCAL_AUTHORITY,2,1,0,2222,True,NONE,0,True,9,21,3
INC-2020-1403,2020-09-18T22:26:24.000Z,Jaffna,Northern,EAST_NORTH,9.781496,80.050034,Flood,1,LOW,77,0,0,0,Medical Kits|Water Pumps|Tarpaulins|Boats,286,RESOLVED,CITIZEN,MOBILE_APP,TAMIL,RAINY,False,True,False,True,LOCAL_AUTHORITY,0,0,0,0,False,NONE,0,True,9,22,4
INC-2020-0173,2020-09-20T18:46:59.000Z,Monaragala,Uva,DRY,6.802171,81.391165,High Winds/Cyclone,2,MEDIUM,3107,0,0,0,Rescue Teams|Medical Kits|Emergency Shelters|Generators,27,RESOLVED,CITIZEN,PHONE_CALL,SINHALA,OVERCAST,False,False,False,False,,2,2,1,0,False,RESIDENTIAL,568669,True,9,18,6
INC-2020-1203,2020-09-21T01:30:04.000Z,Kurunegala,NorthWestern,DRY,7.617248,80.24244,Flood,1,LOW,147,0,0,0,Rescue Teams|Boats|Dry Rations|Tarpaulins,236,RESOLVED,CITIZEN,WEB_DASHBOARD,ENGLISH,STORMY,True,False,False,False,,0,0,0,0,False,NONE,0,True,9,1,0
INC-2020-1476,2020-09-21T16:02:12.000Z,Matale,Central,HILL,7.541007,80.749481,Flood,2,MEDIUM,185,0,0,0,Dry Rations|Water Pumps|Rescue Teams|Tarpaulins,181,RESOLVED,VOLUNTEER,MOBILE_APP,ENGLISH,FOG,True,False,True,True,GRAMA_NILADHARI,2,3,1,0,False,INFRASTRUCTURE,152626,True,9,16,0
INC-2020-0636,2020-09-22T18:05:27.000Z,Badulla,Uva,HILL,7.031402,81.088747,Medical Emergency,1,LOW,2493,0,0,0,Ambulances|Rescue Teams|Medical Kits|Blood Supplies,230,RESOLVED,CITIZEN,FIELD_REPORT,SINHALA,RAINY,False,False,False,True,DMC_OFFICER,0,0,0,0,False,INFRASTRUCTURE,0,True,9,18,1
INC-2020-0971,2020-09-24T05:22:59.000Z,Mannar,Northern,EAST_NORTH,8.884074,79.892274,Medical Emergency,3,HIGH,22750,3382,0,0,Rescue Teams|Medical Kits|Ambulances,58,RESOLVED,SENSOR,PHONE_CALL,SINHALA,RAINY,False,False,False,True,VOLUNTEER,7,8,8,563,False,INFRASTRUCTURE,1880060,True,9,5,3
INC-2020-0035,2020-09-26T06:03:14.000Z,Anuradhapura,NorthCentral,DRY,8.280321,80.500191,Flood,1,LOW,443,0,0,0,Dry Rations|Boats|Medical Kits|Rescue Teams,310,RESOLVED,DMC_OFFICER,SMS,SINHALA,PARTLY_CLOUDY,False,False,False,False,,0,0,0,0,False,INFRASTRUCTURE,0,True,9,6,5
INC-2020-0834,2020-09-26T18:24:41.000Z,Gampaha,Western,WET,7.108747,79.916593,Building Collapse,1,LOW,104,0,0,0,Medical Kits,439,RESOLVED,CITIZEN,WEB_DASHBOARD,TAMIL,FOG,False,False,False,True,LOCAL_AUTHORITY,0,0,0,0,False,MIXED,0,True,9,18,5
INC-2020-1108,2020-09-27T15:12:50.000Z,Gampaha,Western,WET,7.194399,79.993908,Flash Flood,2,MEDIUM,2057,0,0,0,Boats,54,RESOLVED,CITIZEN,MOBILE_APP,ENGLISH,FOG,True,False,False,True,GRAMA_NILADHARI,1,1,1,0,True,RESIDENTIAL,447902,True,9,15,6
INC-2020-0364,2020-09-28T06:12:44.000Z,Vavuniya,Northern,EAST_NORTH,8.686512,80.586988,Flood,3,HIGH,1033,584,3,0,Rescue Teams,63,RESOLVED,CITIZEN,MOBILE_APP,SINHALA,FOG,False,False,False,True,GRAMA_NILADHARI,5,4,4,97,False,MIXED,8907060,True,9,6,0
INC-2020-0920,2020-10-02T13:05:52.000Z,Batticaloa,Eastern,EAST_NORTH,7.754767,81.659011,Flood,2,MEDIUM,279,0,0,0,Medical Kits|Water Pumps|Boats|Tarpaulins,114,RESOLVED,DMC_OFFICER,FIELD_REPORT,SINHALA,PARTLY_CLOUDY,False,False,False,True,GRAMA_NILADHARI,2,2,0,0,False,MIXED,342453,False,10,13,4
INC-2020-0908,2020-10-02T14:42:39.000Z,Matara,Southern,WET,5.868799,80.63027,Flash Flood,2,MEDIUM,9123,0,0,0,Water Pumps,55,RESOLVED,SENSOR,MOBILE_APP,TAMIL,STORMY,False,False,False,True,GRAMA_NILADHARI,0,0,0,0,False,AGRICULTURAL,1761142,False,10,14,4
INC-2020-1018,2020-10-04T01:52:50.000Z,Polonnaruwa,NorthCentral,DRY,7.885781,81.248909,Drought,1,LOW,6464,0,0,0,Medical Kits|Livestock Feed,97,RESOLVED,SENSOR,MOBILE_APP,SINHALA,PARTLY_CLOUDY,False,False,False,False,,0,0,0,0,False,RESIDENTIAL,0,False,10,1,6
INC-2020-0855,2020-10-04T22:41:19.000Z,Hambantota,Southern,DRY,6.104469,81.080736,Flood,1,LOW,6594,0,0,0,Medical Kits|Rescue Teams|Water Pumps,90,RESOLVED,DMC_OFFICER,PHONE_CALL,SINHALA,OVERCAST,False,False,False,True,GRAMA_NILADHARI,0,0,0,0,False,INFRASTRUCTURE,0,False,10,22,6
INC-2020-0272,2020-10-05T05:37:55.000Z,Colombo,Western,WET,6.886578,79.875981,Flood,1,LOW,2208,0,0,0,Boats|Tarpaulins|Rescue Teams,137,RESOLVED,SENSOR,WEB_DASHBOARD,SINHALA,RAINY,False,True,False,False,,0,0,0,0,False,RESIDENTIAL,0,False,10,5,0
INC-2020-0575,2020-10-05T11:53:21.000Z,Kegalle,Sabaragamuwa,WET,7.284878,80.323384,Coastal Erosion,1,LOW,707,0,0,0,Rescue Teams|Emergency Shelters|Boats|Dry Rations,168,RESOLVED,VOLUNTEER,WEB_DASHBOARD,SINHALA,RAINY,False,False,False,False,,0,0,0,0,False,MIXED,0,False,10,11,0
INC-2020-0942,2020-10-05T13:08:14.000Z,Hambantota,Southern,DRY,6.088664,81.160579,Building Collapse,2,MEDIUM,3788,0,0,0,Ambulances|Medical Kits|Rescue Teams,234,IN_PROGRESS,CITIZEN,MOBILE_APP,SINHALA,SUNNY,True,False,True,True,DMC_OFFICER,1,1,0,0,False,AGRICULTURAL,6893505,False,10,13,0
INC-2020-1285,2020-10-07T00:42:28.000Z,Gampaha,Western,WET,7.085122,79.929323,Flood,1,LOW,266,0,0,0,Tarpaulins|Boats,413,RESOLVED,VOLUNTEER,FIELD_REPORT,SINHALA,FOG,False,False,False,True,DMC_OFFICER,0,0,0,0,False,RESIDENTIAL,0,False,10,0,2
INC-2020-1194,2020-10-07T16:48:12.000Z,Anuradhapura,NorthCentral,DRY,8.482251,80.380145,Drought,1,LOW,4876,0,0,0,Water Tankers|Medical Kits,184,RESOLVED,VOLUNTEER,SMS,TAMIL,RAINY,False,False,False,False,,0,0,0,0,False,RESIDENTIAL,0,False,10,16,2
INC-2020-0687,2020-10-07T20:36:42.000Z,Badulla,Uva,HILL,7.029747,81.240447,High Winds/Cyclone,2,MEDIUM,1053,0,0,0,Generators|Emergency Shelters|Medical Kits|Rescue Teams,53,RESOLVED,LOCAL_AUTHORITY,MOBILE_APP,SINHALA,FOG,True,True,False,True,VOLUNTEER,3,1,0,0,False,NONE,0,False,10,20,2
INC-2020-0327,2020-10-08T06:37:49.000Z,Kalutara,Western,WET,6.441675,80.07423,Flood,1,LOW,79,0,0,0,Rescue Teams,101,RESOLVED,DMC_OFFICER,MOBILE_APP,ENGLISH,RAINY,True,False,False,True,VOLUNTEER,0,0,0,0,False,INFRASTRUCTURE,0,False,10,6,3
INC-2020-0683,2020-10-08T23:22:10.000Z,Trincomalee,Eastern,EAST_NORTH,8.463217,81.065476,Flood,1,LOW,440,0,0,0,Boats|Tarpaulins|Rescue Teams,116,RESOLVED,SENSOR,SMS,ENGLISH,OVERCAST,False,False,False,False,,0,0,0,0,False,INFRASTRUCTURE,0,False,10,23,3
INC-2020-0340,2020-10-12T15:38:21.000Z,Vavuniya,Northern,EAST_NORTH,8.778242,80.56819,Earthquake,3,HIGH,8426,1909,0,0,Ambulances|Search Dogs,59,IN_PROGRESS,VOLUNTEER,WEB_DASHBOARD,SINHALA,PARTLY_CLOUDY,True,False,False,True,VOLUNTEER,2,3,1,318,False,RESIDENTIAL,2477595,False,10,15,0
INC-2020-0867,2020-10-16T12:43:13.000Z,NuwaraEliya,Central,HILL,6.855152,80.666071,Medical Emergency,1,LOW,3680,0,0,0,Rescue Teams,279,RESOLVED,DMC_OFFICER,MOBILE_APP,SINHALA,SUNNY,True,False,False,False,,0,0,0,0,False,MIXED,0,False,10,12,4
INC-2020-0067,2020-10-16T15:44:24.000Z,Badulla,Uva,HILL,7.023377,81.111794,Landslide,1,LOW,1533,0,0,0,Dry Rations|Excavators,129,RESOLVED,SENSOR,WEB_DASHBOARD,ENGLISH,OVERCAST,False,False,False,True,LOCAL_AUTHORITY,0,0,0,0,False,RESIDENTIAL,0,False,10,15,4
INC-2020-0907,2020-10-17T10:35:40.000Z,Jaffna,Northern,EAST_NORTH,9.571013,80.023756,Flash Flood,2,MEDIUM,1680,0,0,0,Dry Rations|Rescue Teams|Boats,226,RESOLVED,VOLUNTEER,PHONE_CALL,ENGLISH,RAINY,False,False,False,False,,3,2,1,0,False,RESIDENTIAL,2922807,False,10,10,5
INC-2020-0134,2020-10-17T11:54:10.000Z,Puttalam,NorthWestern,DRY,7.950868,79.990402,Flood,1,LOW,2216,0,0,0,Tarpaulins,86,RESOLVED,CITIZEN,WEB_DASHBOARD,SINHALA,RAINY,False,False,False,False,,0,0,0,0,False,RESIDENTIAL,0,False,10,11,5
INC-2020-1275,2020-10-19T07:38:46.000Z,Batticaloa,Eastern,EAST_NORTH,7.815939,81.541872,High Winds/Cyclone,2,MEDIUM,22930,0,0,0,Dry Rations,175,RESOLVED,DMC_OFFICER,MOBILE_APP,SINHALA,SUNNY,False,False,False,False,,3,2,1,0,False,AGRICULTURAL,142940,False,10,7,0
INC-2020-1478,2020-10-19T20:51:33.000Z,Ampara,Eastern,EAST_NORTH,7.410711,81.692791,Flood,2,MEDIUM,2172,0,0,0,Boats,239,RESOLVED,CITIZEN,MOBILE_APP,SINHALA,OVERCAST,True,False,False,False,,1,1,0,0,True,NONE,0,False,10,20,0
INC-2020-1150,2020-10-20T04:04:54.000Z,Colombo,Western,WET,6.86729,79.857627,Flood,2,MEDIUM,245,0,0,0,Water Pumps|Boats|Dry Rations,37,RESOLVED,CITIZEN,WEB_DASHBOARD,ENGLISH,STORMY,False,False,False,False,,2,1,0,0,False,RESIDENTIAL,818327,False,10,4,1
INC-2020-0835,2020-10-22T00:15:57.000Z,Polonnaruwa,NorthCentral,DRY,8.145087,81.23425,Earthquake,3,HIGH,1825,341,5,0,Search Dogs|Ambulances|Rescue Teams|Excavators,127,RESOLVED,CITIZEN,MOBILE_APP,SINHALA,SUNNY,False,False,False,True,DMC_OFFICER,2,3,3,56,True,AGRICULTURAL,2071155,False,10,0,3
INC-2020-0522,2020-10-23T20:01:13.000Z,Ratnapura,Sabaragamuwa,WET,6.710137,80.55962,Flood,1,LOW,1907,0,0,0,Water Pumps|Boats|Tarpaulins,243,RESOLVED,VOLUNTEER,MOBILE_APP,TAMIL,STORMY,False,False,False,False,,0,0,0,0,False,NONE,0,False,10,20,4
INC-2020-0381,2020-10-26T19:49:47.000Z,Galle,Southern,WET,6.176029,80.16162,Flood,1,LOW,999,0,0,0,Rescue Teams|Dry Rations,285,RESOLVED,CITIZEN,WEB_DASHBOARD,SINHALA,STORMY,True,False,False,False,,0,0,0,0,False,NONE,0,False,10,19,0
INC-2020-0572,2020-10-29T18:06:17.000Z,Anuradhapura,NorthCentral,DRY,8.398283,80.275063,Flood,1,LOW,4180,0,0,0,Water Pumps|Medical Kits,184,RESOLVED,CITIZEN,MOBILE_APP,SINHALA,FOG,True,True,False,False,,0,0,0,0,False,INFRASTRUCTURE,0,False,10,18,3
INC-2020-0251,2020-10-30T14:18:03.000Z,Mannar,Northern,EAST_NORTH,8.901807,80.029758,Flood,2,MEDIUM,2363,0,0,0,Dry Rations,124,RESOLVED,VOLUNTEER,WEB_DASHBOARD,TAMIL,STORMY,False,False,True,False,,0,0,0,0,False,RESIDENTIAL,1639802,False,10,14,4
INC-2020-0013,2020-10-31T04:36:14.000Z,Kegalle,Sabaragamuwa,WET,7.350808,80.490699,Flood,2,MEDIUM,118,0,1,0,Rescue Teams|Medical Kits,80,RESOLVED,VOLUNTEER,SMS,TAMIL,FOG,False,False,True,True,LOCAL_AUTHORITY,2,2,1,0,False,NONE,0,False,10,4,5
INC-2020-0772,2020-11-02T21:35:52.000Z,Trincomalee,Eastern,EAST_NORTH,8.427286,81.196441,Medical Emergency,2,MEDIUM,2345,0,0,0,Medical Kits|Blood Supplies|Rescue Teams|Ambulances,207,RESOLVED,MEDIA,MOBILE_APP,ENGLISH,PARTLY_CLOUDY,True,False,False,True,GRAMA_NILADHARI,3,1,1,0,False,NONE,0,True,11,21,0
INC-2020-0841,2020-11-03T17:28:50.000Z,Batticaloa,Eastern,EAST_NORTH,7.76591,81.688109,Forest Fire,1,LOW,93,0,0,0,Helicopters,204,RESOLVED,SENSOR,MOBILE_APP,SINHALA,RAINY,False,True,False,True,GRAMA_NILADHARI,0,0,0,0,False,AGRICULTURAL,0,True,11,17,1
INC-2020-0254,2020-11-07T13:18:57.000Z,NuwaraEliya,Central,HILL,6.880112,80.701531,Forest Fire,2,MEDIUM,415,0,0,0,Helicopters,262,RESOLVED,CITIZEN,WEB_DASHBOARD,TAMIL,FOG,False,False,False,True,LOCAL_AUTHORITY,0,0,0,0,False,AGRICULTURAL,9710302,True,11,13,5
INC-2020-0873,2020-11-08T17:44:29.000Z,Ampara,Eastern,EAST_NORTH,7.418478,81.503396,Flood,1,LOW,689,0,0,0,Medical Kits|Boats|Rescue Teams|Water Pumps,217,RESOLVED,CITIZEN,WEB_DASHBOARD,SINHALA,FOG,True,False,False,True,DMC_OFFICER,0,0,0,0,False,RESIDENTIAL,0,True,11,17,6
INC-2020-1238,2020-11-09T00:56:57.000Z,Vavuniya,Northern,EAST_NORTH,8.654523,80.348299,Building Collapse,3,HIGH,2552,1204,0,0,Rescue Teams|Search Dogs|Ambulances,73,IN_PROGRESS,CITIZEN,MOBILE_APP,TAMIL,PARTLY_CLOUDY,True,False,False,True,LOCAL_AUTHORITY,1,2,2,200,True,AGRICULTURAL,930270,True,11,0,0
INC-2020-0983,2020-11-09T04:56:30.000Z,Kilinochchi,Northern,EAST_NORTH,9.439821,80.397174,Building Collapse,2,MEDIUM,11,0,0,0,Rescue Teams,77,RESOLVED,DMC_OFFICER,MOBILE_APP,SINHALA,PARTLY_CLOUDY,False,False,False,False,,1,1,1,0,False,INFRASTRUCTURE,3816915,True,11,4,0
INC-2020-1195,2020-11-10T14:38:29.000Z,Batticaloa,Eastern,EAST_NORTH,7.67383,81.786956,Medical Emergency,2,MEDIUM,1215,0,0,0,Medical Kits,65,RESOLVED,DMC_OFFICER,MOBILE_APP,TAMIL,STORMY,False,False,False,True,VOLUNTEER,3,4,3,0,True,AGRICULTURAL,115771,True,11,14,1
INC-2020-0386,2020-11-12T00:57:12.000Z,Polonnaruwa,NorthCentral,DRY,8.156971,81.050617,Building Collapse,1,LOW,311,0,0,0,Search Dogs|Rescue Teams|Excavators,115,RESOLVED,VOLUNTEER,WEB_DASHBOARD,SINHALA,OVERCAST,False,False,False,False,,0,0,0,0,False,NONE,0,True,11,0,3
INC-2020-0486,2020-11-12T07:46:16.000Z,Kalutara,Western,WET,6.637378,80.176667,Flood,1,LOW,682,0,0,0,Dry Rations|Boats,147,RESOLVED,CITIZEN,MOBILE_APP,SINHALA,STORMY,False,False,False,False,,0,0,0,0,False,INFRASTRUCTURE,0,True,11,7,3
INC-2020-1016,2020-11-13T13:18:21.000Z,Kurunegala,NorthWestern,DRY,7.447942,80.473367,Flood,1,LOW,388,0,0,0,Tarpaulins|Medical Kits,360,RESOLVED,CITIZEN,MOBILE_APP,SINHALA,STORMY,True,True,False,False,,0,0,0,0,False,INFRASTRUCTURE,0,True,11,13,4
INC-2020-0959,2020-11-21T21:58:45.000Z,NuwaraEliya,Central,HILL,6.880987,80.645102,Forest Fire,1,LOW,905,0,0,0,Water Tankers,225,RESOLVED,CITIZEN,WEB_DASHBOARD,ENGLISH,SUNNY,False,False,False,True,LOCAL_AUTHORITY,0,0,0,0,False,NONE,0,True,11,21,5
INC-2020-0438,2020-11-22T22:17:17.000Z,Kurunegala,NorthWestern,DRY,7.574711,80.429137,Flood,2,MEDIUM,1928,0,0,0,Medical Kits|Boats|Rescue Teams,105,RESOLVED,CITIZEN,SMS,SINHALA,FOG,False,False,True,False,,3,2,1,0,False,NONE,0,True,11,22,6
INC-2020-1214,2020-11-24T14:41:09.000Z,Puttalam,NorthWestern,DRY,8.066966,79.927868,Flood,1,LOW,1277,0,0,0,Rescue Teams,263,RESOLVED,VOLUNTEER,SMS,SINHALA,OVERCAST,False,False,False,True,LOCAL_AUTHORITY,0,0,0,0,False,NONE,0,True,11,14,1
INC-2020-0485,2020-11-24T23:22:53.000Z,Anuradhapura,NorthCentral,DRY,8.169449,80.360856,Flood,2,MEDIUM,5413,0,0,0,Boats|Medical Kits|Rescue Teams,71,RESOLVED,DMC_OFFICER,FIELD_REPORT,TAMIL,PARTLY_CLOUDY,True,False,False,True,GRAMA_NILADHARI,1,2,1,0,False,MIXED,662470,True,11,23,1
INC-2020-0133,2020-11-28T11:43:22.000Z,Kurunegala,NorthWestern,DRY,7.557316,80.196388,Flood,2,MEDIUM,1794,0,0,0,Dry Rations|Tarpaulins|Medical Kits,86,RESOLVED,CITIZEN,WEB_DASHBOARD,TAMIL,FOG,False,False,False,False,,2,3,0,0,False,RESIDENTIAL,1770894,True,11,11,5
INC-2020-0529,2020-11-28T22:43:53.000Z,Kilinochchi,Northern,EAST_NORTH,9.255847,80.30636,High Winds/Cyclone,2,MEDIUM,436,0,6,0,Generators,129,RESOLVED,DMC_OFFICER,MOBILE_APP,SINHALA,PARTLY_CLOUDY,True,False,False,True,LOCAL_AUTHORITY,0,0,0,0,False,INFRASTRUCTURE,19408,True,11,22,5
INC-2020-0831,2020-11-30T22:12:55.000Z,Polonnaruwa,NorthCentral,DRY,8.166337,81.208481,High Winds/Cyclone,1,LOW,119,0,0,0,Emergency Shelters|Generators|Medical Kits,122,RESOLVED,DMC_OFFICER,SMS,SINHALA,FOG,False,False,False,True,GRAMA_NILADHARI,0,0,0,0,False,AGRICULTURAL,0,True,11,22,0
INC-2020-0686,2020-12-01T02:16:30.000Z,Batticaloa,Eastern,EAST_NORTH,7.832222,81.786195,Flood,2,MEDIUM,249,0,0,0,Water Pumps|Boats|Rescue Teams|Dry Rations,206,RESOLVED,CITIZEN,MOBILE_APP,TAMIL,FOG,True,False,False,False,,1,1,1,0,False,RESIDENTIAL,399043,True,12,2,1
INC-2020-0497,2020-12-05T12:03:54.000Z,Mullaitivu,Northern,EAST_NORTH,9.333007,80.603318,Flash Flood,2,MEDIUM,807,0,0,0,Medical Kits|Rescue Teams,100,CLOSED,VOLUNTEER,MOBILE_APP,SINHALA,STORMY,True,False,False,False,,0,0,0,0,False,MIXED,5361674,True,12,12,5
INC-2020-0329,2020-12-06T19:41:57.000Z,Jaffna,Northern,EAST_NORTH,9.759704,80.047048,Flash Flood,2,MEDIUM,9726,0,0,0,Medical Kits|Water Pumps|Rescue Teams|Dry Rations,121,RESOLVED,CITIZEN,MOBILE_APP,ENGLISH,FOG,True,True,False,False,,2,2,0,0,False,AGRICULTURAL,1821535,True,12,19,6
INC-2020-1085,2020-12-06T20:17:25.000Z,Kilinochchi,Northern,EAST_NORTH,9.492181,80.486968,Flood,1,LOW,379,0,0,0,Tarpaulins|Boats,523,RESOLVED,CITIZEN,FIELD_REPORT,ENGLISH,STORMY,False,False,False,False,,0,0,0,0,False,INFRASTRUCTURE,0,True,12,20,6
INC-2020-1465,2020-12-08T12:36:54.000Z,Vavuniya,Northern,EAST_NORTH,8.860603,80.497023,Flood,2,MEDIUM,8809,0,0,0,Rescue Teams,95,RESOLVED,CITIZEN,MOBILE_APP,SINHALA,PARTLY_CLOUDY,True,False,False,False,,0,0,0,0,False,INFRASTRUCTURE,491469,True,12,12,1
INC-2020-0531,2020-12-09T19:49:42.000Z,Mullaitivu,Northern,EAST_NORTH,9.112077,80.618364,High Winds/Cyclone,1,LOW,424,0,0,0,Rescue Teams|Emergency Shelters|Dry Rations,164,RESOLVED,SENSOR,MOBILE_APP,SINHALA,STORMY,True,False,False,True,LOCAL_AUTHORITY,0,0,0,0,False,AGRICULTURAL,0,True,12,19,2
INC-2020-0008,2020-12-12T13:55:58.000Z,Hambantota,Southern,DRY,6.047447,81.000974,Flash Flood,2,MEDIUM,65,0,0,0,Dry Rations|Rescue Teams|Medical Kits,27,CLOSED,SENSOR,SMS,ENGLISH,RAINY,False,False,False,False,,1,2,0,0,False,NONE,0,True,12,13,5
INC-2020-0932,2020-12-14T00:24:57.000Z,Jaffna,Northern,EAST_NORTH,9.751279,80.104774,Flood,2,MEDIUM,9417,0,0,0,Rescue Teams,95,RESOLVED,VOLUNTEER,MOBILE_APP,ENGLISH,OVERCAST,True,False,False,False,,0,0,0,0,False,MIXED,338673,True,12,0,0
INC-2020-1171,2020-12-17T01:47:05.000Z,Trincomalee,Eastern,EAST_NORTH,8.461213,81.111708,Flash Flood,2,MEDIUM,1496,0,0,0,Boats,213,RESOLVED,CITIZEN,WEB_DASHBOARD,SINHALA,RAINY,False,False,False,True,GRAMA_NILADHARI,3,4,2,0,False,MIXED,1502658,True,12,1,3
INC-2020-0332,2020-12-17T14:08:48.000Z,Kandy,Central,HILL,7.388521,80.524019,Landslide,1,LOW,1714,0,0,0,Search Dogs|Dry Rations|Excavators,577,RESOLVED,CITIZEN,FIELD_REPORT,SINHALA,PARTLY_CLOUDY,False,False,False,False,,0,0,0,0,False,NONE,0,True,12,14,3
INC-2020-0574,2020-12-18T06:13:31.000Z,NuwaraEliya,Central,HILL,6.891765,80.711936,Landslide,1,LOW,9290,0,0,0,Dry Rations|Search Dogs,189,RESOLVED,SENSOR,MOBILE_APP,TAMIL,OVERCAST,False,False,False,True,GRAMA_NILADHARI,0,0,0,0,False,RESIDENTIAL,0,True,12,6,4
INC-2020-0221,2020-12-20T06:11:53.000Z,Hambantota,Southern,DRY,6.000659,81.106542,High Winds/Cyclone,1,LOW,390,0,2,0,Medical Kits|Dry Rations|Generators,187,RESOLVED,CITIZEN,MOBILE_APP,SINHALA,OVERCAST,False,False,False,False,,0,0,0,0,False,INFRASTRUCTURE,0,True,12,6,6
INC-2020-0146,2020-12-26T14:45:24.000Z,Kalutara,Western,WET,6.619045,80.004499,Landslide,1,LOW,95,0,0,0,Search Dogs|Rescue Teams|Ambulances,122,RESOLVED,VOLUNTEER,WEB_DASHBOARD,SINHALA,PARTLY_CLOUDY,True,False,False,True,GRAMA_NILADHARI,0,0,0,0,False,RESIDENTIAL,0,True,12,14,5
INC-2020-0936,2020-12-27T23:48:45.000Z,Puttalam,NorthWestern,DRY,7.970606,80.138615,Landslide,2,MEDIUM,1227,0,0,0,Rescue Teams,77,CLOSED,VOLUNTEER,FIELD_REPORT,ENGLISH,STORMY,True,False,False,True,GRAMA_NILADHARI,0,0,0,0,False,MIXED,6754574,True,12,23,6
INC-2020-0668,2020-12-31T07:38:41.000Z,Mannar,Northern,EAST_NORTH,8.917689,80.076591,Medical Emergency,2,MEDIUM,141,0,0,0,Rescue Teams|Blood Supplies|Medical Kits,245,RESOLVED,CITIZEN,PHONE_CALL,TAMIL,STORMY,True,False,False,False,,2,3,2,0,False,AGRICULTURAL,7780038,True,12,7,3
INC-2020-0206,2020-12-31T22:25:23.000Z,Ratnapura,Sabaragamuwa,WET,6.759918,80.475072,Landslide,2,MEDIUM,18581,0,0,0,Search Dogs,54,CLOSED,VOLUNTEER,MOBILE_APP,SINHALA,STORMY,True,False,False,True,GRAMA_NILADHARI,1,1,0,0,False,NONE,0,True,12,22,3
INC-2021-1265,2021-01-01T05:14:36.000Z,Matara,Southern,WET,5.866663,80.660887,Flood,1,LOW,437,0,0,0,Water Pumps|Medical Kits|Boats,143,RESOLVED,CITIZEN,WEB_DASHBOARD,TAMIL,PARTLY_CLOUDY,False,False,False,True,VOLUNTEER,0,0,0,0,False,AGRICULTURAL,0,False,1,5,4
INC-2021-1220,2021-01-05T01:33:22.000Z,Badulla,Uva,HILL,6.800795,81.173894,Drought,2,MEDIUM,1084,0,0,0,Livestock Feed,164,RESOLVED,CITIZEN,MOBILE_APP,TAMIL,SUNNY,False,True,False,False,,1,2,2,0,False,NONE,0,False,1,1,1
INC-2021-1141,2021-01-05T10:07:15.000Z,Kurunegala,NorthWestern,DRY,7.689803,80.116785,Drought,2,MEDIUM,2166,0,0,0,Livestock Feed|Medical Kits|Water Tankers,35,RESOLVED,CITIZEN,MOBILE_APP,TAMIL,PARTLY_CLOUDY,False,False,False,True,LOCAL_AUTHORITY,2,3,0,0,False,AGRICULTURAL,6178108,False,1,10,1
INC-2021-1210,2021-01-07T16:08:32.000Z,Jaffna,Northern,EAST_NORTH,9.594864,80.18441,Flood,3,HIGH,2982,681,3,0,Tarpaulins|Medical Kits|Boats,31,PENDING,CITIZEN,FIELD_REPORT,ENGLISH,FOG,True,False,False,False,,8,1,1,170,False,AGRICULTURAL,1025528,False,1,16,3
INC-2021-0970,2021-01-07T18:11:29.000Z,Vavuniya,Northern,EAST_NORTH,8.86816,80.547299,Forest Fire,2,MEDIUM,3276,0,0,0,Fire Trucks,50,CLOSED,DMC_OFFICER,SMS,SINHALA,RAINY,False,False,False,False,,2,3,1,0,False,RESIDENTIAL,5554244,False,1,18,3
INC-2021-1483,2021-01-08T18:55:43.000Z,Kegalle,Sabaragamuwa,WET,7.274769,80.342421,Flood,1,LOW,973,0,0,0,Dry Rations|Water Pumps|Medical Kits|Rescue Teams,86,RESOLVED,CITIZEN,PHONE_CALL,SINHALA,RAINY,False,False,False,False,,0,0,0,0,False,MIXED,0,False,1,18,4
INC-2021-1341,2021-01-10T05:40:57.000Z,Kalutara,Western,WET,6.578573,80.004358,Flood,1,LOW,626,0,0,0,Water Pumps|Rescue Teams|Dry Rations,246,CLOSED,CITIZEN,SMS,TAMIL,PARTLY_CLOUDY,False,False,False,True,VOLUNTEER,0,0,0,0,False,INFRASTRUCTURE,0,False,1,5,6
INC-2021-0839,2021-01-10T23:13:30.000Z,Matara,Southern,WET,5.856037,80.478607,Forest Fire,1,LOW,328,0,1,3,Water Tankers|Rescue Teams|Helicopters,193,RESOLVED,DMC_OFFICER,MOBILE_APP,ENGLISH,OVERCAST,False,True,False,False,,0,0,0,0,False,AGRICULTURAL,0,False,1,23,6
INC-2021-0027,2021-01-12T01:09:11.000Z,Kegalle,Sabaragamuwa,WET,7.340425,80.400273,Flash Flood,2,MEDIUM,508,0,0,0,Water Pumps|Dry Rations|Medical Kits,55,RESOLVED,DMC_OFFICER,WEB_DASHBOARD,SINHALA,PARTLY_CLOUDY,True,False,False,False,,2,3,3,0,False,INFRASTRUCTURE,216543,False,1,1,1
INC-2021-0886,2021-01-12T07:17:18.000Z,Mullaitivu,Northern,EAST_NORTH,9.100998,80.571865,Drought,1,LOW,2884,0,0,0,Dry Rations|Water Tankers|Livestock Feed,94,RESOLVED,SENSOR,MOBILE_APP,ENGLISH,FOG,True,False,False,False,,0,0,0,0,False,NONE,0,False,1,7,1
INC-2021-0312,2021-01-14T02:42:41.000Z,Matale,Central,HILL,7.482326,80.658116,Drought,1,LOW,3946,0,0,0,Dry Rations|Medical Kits,145,RESOLVED,DMC_OFFICER,SMS,SINHALA,FOG,False,False,False,True,DMC_OFFICER,0,0,0,0,False,INFRASTRUCTURE,0,False,1,2,3
INC-2021-0211,2021-01-18T23:54:57.000Z,Polonnaruwa,NorthCentral,DRY,7.989759,81.045938,Flash Flood,2,MEDIUM,207,0,0,0,Medical Kits,52,RESOLVED,DMC_OFFICER,MOBILE_APP,SINHALA,RAINY,True,False,False,False,,3,1,0,0,False,RESIDENTIAL,599301,False,1,23,0
INC-2021-0488,2021-01-20T10:17:53.000Z,Puttalam,NorthWestern,DRY,8.095165,80.102898,Building Collapse,3,HIGH,1452,347,0,0,Excavators,81,RESOLVED,LOCAL_AUTHORITY,MOBILE_APP,SINHALA,OVERCAST,True,False,False,True,VOLUNTEER,8,6,1,115,False,MIXED,4601858,False,1,10,2
INC-2021-1197,2021-01-21T14:53:54.000Z,Colombo,Western,WET,6.904686,79.863537,Flood,2,MEDIUM,317,0,1,0,Boats|Dry Rations,241,RESOLVED,CITIZEN,MOBILE_APP,SINHALA,FOG,True,False,False,False,,0,0,0,0,False,INFRASTRUCTURE,2570958,False,1,14,3
INC-2021-0576,2021-01-21T14:57:39.000Z,Galle,Southern,WET,6.138125,80.239184,Flood,1,LOW,499,0,0,0,Boats|Dry Rations|Rescue Teams|Water Pumps,173,RESOLVED,CITIZEN,MOBILE_APP,SINHALA,PARTLY_CLOUDY,False,False,False,False,,0,0,0,0,False,AGRICULTURAL,0,False,1,14,3
INC-2021-0452,2021-01-22T15:04:04.000Z,Kegalle,Sabaragamuwa,WET,7.380874,80.333373,Flood,2,MEDIUM,1231,0,0,0,Tarpaulins|Boats,55,RESOLVED,CITIZEN,MOBILE_APP,SINHALA,FOG,False,False,False,False,,2,3,1,0,False,MIXED,1199484,False,1,15,4
INC-2021-1191,2021-01-25T09:09:34.000Z,Jaffna,Northern,EAST_NORTH,9.795428,80.061475,High Winds/Cyclone,2,MEDIUM,1801,0,0,0,Dry Rations|Rescue Teams|Generators,80,RESOLVED,CITIZEN,MOBILE_APP,SINHALA,OVERCAST,True,True,False,False,,0,0,0,0,False,RESIDENTIAL,484742,False,1,9,0
INC-2021-0594,2021-01-27T08:46:07.000Z,Colombo,Western,WET,6.908413,79.935015,Flash Flood,2,MEDIUM,91,0,2,2,Water Pumps|Boats|Medical Kits|Dry Rations,102,RESOLVED,CITIZEN,MOBILE_APP,SINHALA,STORMY,False,False,False,False,,1,1,1,0,False,RESIDENTIAL,441300,False,1,8,2
INC-2021-1314,2021-01-30T02:42:55.000Z,Kegalle,Sabaragamuwa,WET,7.22097,80.339078,Flash Flood,3,HIGH,1100,137,3,4,Medical Kits|Boats|Water Pumps|Rescue Teams,59,RESOLVED,VOLUNTEER,SMS,SINHALA,RAINY,False,False,False,False,,3,2,2,27,True,NONE,0,False,1,2,5
INC-2021-0843,2021-01-30T14:08:27.000Z,Ratnapura,Sabaragamuwa,WET,6.784816,80.452864,Flash Flood,1,LOW,425,0,0,0,Rescue Teams|Dry Rations|Medical Kits|Water Pumps,184,RESOLVED,VOLUNTEER,SMS,SINHALA,STORMY,True,False,False,False,,0,0,0,0,False,AGRICULTURAL,0,False,1,14,5
INC-2021-0458,2021-01-31T05:45:29.000Z,Kandy,Central,HILL,7.340716,80.516437,Drought,2,MEDIUM,1470,0,0,0,Water Tankers|Livestock Feed|Medical Kits|Dry Rations,102,RESOLVED,LOCAL_AUTHORITY,MOBILE_APP,SINHALA,OVERCAST,True,True,False,True,GRAMA_NILADHARI,3,4,3,0,False,NONE,0,False,1,5,6
INC-2021-0030,2021-01-31T12:37:04.000Z,Puttalam,NorthWestern,DRY,8.013649,80.162772,Flash Flood,2,MEDIUM,397,0,0,0,Boats,107,RESOLVED,LOCAL_AUTHORITY,PHONE_CALL,TAMIL,STORMY,True,False,True,True,VOLUNTEER,3,3,2,0,False,MIXED,71648,False,1,12,6
INC-2021-0474,2021-02-02T18:08:41.000Z,Ampara,Eastern,EAST_NORTH,7.395122,81.69992,Medical Emergency,2,MEDIUM,1735,0,0,0,Rescue Teams|Ambulances|Medical Kits,199,RESOLVED,CITIZEN,WEB_DASHBOARD,TAMIL,OVERCAST,False,False,False,True,GRAMA_NILADHARI,0,0,0,0,False,AGRICULTURAL,282519,False,2,18,1
INC-2021-1233,2021-02-07T23:08:39.000Z,Badulla,Uva,HILL,6.822977,81.277979,Flood,2,MEDIUM,5862,0,0,0,Medical Kits|Water Pumps|Tarpaulins|Dry Rations,122,CLOSED,CITIZEN,MOBILE_APP,SINHALA,PARTLY_CLOUDY,True,False,False,False,,1,1,0,0,False,RESIDENTIAL,668816,False,2,23,6
INC-2021-0537,2021-02-08T20:28:31.000Z,Ampara,Eastern,EAST_NORTH,7.396517,81.644554,Drought,2,MEDIUM,482,0,0,0,Dry Rations|Medical Kits|Livestock Feed,81,RESOLVED,VOLUNTEER,WEB_DASHBOARD,SINHALA,PARTLY_CLOUDY,False,False,False,False,,0,0,0,0,True,AGRICULTURAL,1731195,False,2,20,0
INC-2021-1312,2021-02-13T16:07:55.000Z,Badulla,Uva,HILL,6.888093,81.11263,High Winds/Cyclone,2,MEDIUM,2676,0,0,0,Dry Rations|Rescue Teams,79,RESOLVED,VOLUNTEER,SMS,ENGLISH,STORMY,False,False,False,False,,3,3,2,0,False,AGRICULTURAL,1403693,False,2,16,5
INC-2021-0542,2021-02-17T03:03:57.000Z,Mullaitivu,Northern,EAST_NORTH,9.292724,80.574702,Earthquake,3,HIGH,1403,347,1,0,Ambulances|Search Dogs,66,RESOLVED,CITIZEN,MOBILE_APP,TAMIL,STORMY,True,False,False,True,DMC_OFFICER,3,4,4,115,False,RESIDENTIAL,2125602,False,2,3,2
INC-2021-0786,2021-02-17T13:44:58.000Z,Gampaha,Western,WET,7.041183,79.943392,Flash Flood,3,HIGH,1157,239,0,0,Dry Rations|Rescue Teams,36,ASSIGNED,CITIZEN,MOBILE_APP,SINHALA,STORMY,False,False,False,True,LOCAL_AUTHORITY,6,6,2,59,False,NONE,0,False,2,13,2
INC-2021-0103,2021-02-20T02:54:46.000Z,Hambantota,Southern,DRY,6.218252,81.229157,Flash Flood,3,HIGH,13127,3898,0,0,Boats|Water Pumps|Dry Rations,31,RESOLVED,VOLUNTEER,MOBILE_APP,SINHALA,OVERCAST,True,False,True,True,DMC_OFFICER,2,1,0,779,False,INFRASTRUCTURE,235232,False,2,2,5
INC-2021-1094,2021-02-20T06:06:59.000Z,Kegalle,Sabaragamuwa,WET,7.388722,80.28452,Flood,1,LOW,711,0,0,0,Rescue Teams|Dry Rations|Boats|Tarpaulins,86,RESOLVED,DMC_OFFICER,MOBILE_APP,TAMIL,FOG,True,False,False,False,,0,0,0,0,False,AGRICULTURAL,0,False,2,6,5
INC-2021-0330,2021-02-21T04:27:08.000Z,Kandy,Central,HILL,7.294517,80.543199,Drought,2,MEDIUM,299,0,0,0,Livestock Feed|Water Tankers|Medical Kits|Dry Rations,252,RESOLVED,CITIZEN,MOBILE_APP,TAMIL,OVERCAST,True,False,False,False,,3,2,1,0,False,NONE,0,False,2,4,6
INC-2021-0198,2021-02-21T12:30:38.000Z,Vavuniya,Northern,EAST_NORTH,8.823117,80.532209,Flood,2,MEDIUM,1675,0,0,0,Dry Rations|Medical Kits|Boats,48,RESOLVED,SENSOR,SMS,ENGLISH,FOG,False,False,False,False,,2,1,0,0,False,NONE,0,False,2,12,6
INC-2021-0384,2021-02-26T06:21:38.000Z,Gampaha,Western,WET,7.07225,79.957654,Building Collapse,2,MEDIUM,6371,0,0,0,Excavators,63,RESOLVED,VOLUNTEER,WEB_DASHBOARD,SINHALA,PARTLY_CLOUDY,True,False,False,True,LOCAL_AUTHORITY,1,2,1,0,False,MIXED,3997269,False,2,6,4
INC-2021-0184,2021-02-27T22:34:24.000Z,Anuradhapura,NorthCentral,DRY,8.392941,80.374747,Flash Flood,2,MEDIUM,162,0,0,0,Medical Kits|Rescue Teams|Dry Rations|Water Pumps,176,RESOLVED,CITIZEN,PHONE_CALL,ENGLISH,FOG,False,False,False,False,,1,1,0,0,False,NONE,0,False,2,22,5
INC-2021-0625,2021-03-08T18:06:46.000Z,Mannar,Northern,EAST_NORTH,8.931844,80.027203,Flash Flood,2,MEDIUM,361,0,1,0,Rescue Teams,128,RESOLVED,CITIZEN,PHONE_CALL,ENGLISH,RAINY,False,False,False,False,,0,0,0,0,False,RESIDENTIAL,137255,False,3,18,0
INC-2021-0554,2021-03-08T22:38:06.000Z,NuwaraEliya,Central,HILL,6.970662,80.891546,Landslide,2,MEDIUM,452,0,1,0,Rescue Teams|Ambulances|Dry Rations|Excavators,197,RESOLVED,CITIZEN,FIELD_REPORT,ENGLISH,SUNNY,True,False,False,False,,3,3,0,0,False,NONE,0,False,3,22,0
INC-2021-0950,2021-03-10T03:03:41.000Z,Galle,Southern,WET,6.12889,80.223494,Flood,2,MEDIUM,5267,0,0,0,Water Pumps|Rescue Teams,120,RESOLVED,DMC_OFFICER,MOBILE_APP,ENGLISH,RAINY,False,True,False,False,,3,4,0,0,False,NONE,0,False,3,3,2
INC-2021-0518,2021-03-10T12:20:52.000Z,Puttalam,NorthWestern,DRY,8.078041,80.009067,Flood,1,LOW,4761,0,0,0,Water Pumps|Tarpaulins|Rescue Teams,90,RESOLVED,VOLUNTEER,SMS,ENGLISH,FOG,False,True,True,True,VOLUNTEER,0,0,0,0,False,NONE,0,False,3,12,2
INC-2021-0748,2021-03-12T07:59:24.000Z,Trincomalee,Eastern,EAST_NORTH,8.437041,81.221896,Flood,2,MEDIUM,1050,0,0,0,Rescue Teams|Medical Kits,85,RESOLVED,DMC_OFFICER,MOBILE_APP,ENGLISH,RAINY,True,False,False,False,,0,0,0,0,False,NONE,0,False,3,7,4
INC-2021-1054,2021-03-13T19:15:19.000Z,Puttalam,NorthWestern,DRY,7.991011,80.004891,Flash Flood,2,MEDIUM,807,0,0,0,Water Pumps,71,RESOLVED,SENSOR,MOBILE_APP,SINHALA,OVERCAST,False,False,False,False,,2,2,0,0,False,NONE,0,False,3,19,5
INC-2021-0665,2021-03-15T02:22:15.000Z,Galle,Southern,WET,6.151421,80.257022,Flood,1,LOW,69,0,0,0,Boats|Medical Kits,87,RESOLVED,DMC_OFFICER,WEB_DASHBOARD,SINHALA,RAINY,False,False,False,True,LOCAL_AUTHORITY,0,0,0,0,False,INFRASTRUCTURE,0,False,3,2,0
INC-2021-0924,2021-03-15T15:04:32.000Z,Kurunegala,NorthWestern,DRY,7.585722,80.21806,High Winds/Cyclone,1,LOW,460,0,0,0,Medical Kits|Dry Rations,158,RESOLVED,VOLUNTEER,WEB_DASHBOARD,SINHALA,RAINY,True,False,False,False,,0,0,0,0,False,NONE,0,False,3,15,0
INC-2021-0321,2021-03-15T19:14:30.000Z,Monaragala,Uva,DRY,6.921601,81.372225,Flash Flood,2,MEDIUM,300,0,0,0,Boats|Medical Kits,94,RESOLVED,DMC_OFFICER,SMS,SINHALA,RAINY,False,False,False,True,GRAMA_NILADHARI,0,0,0,0,False,RESIDENTIAL,21901353,False,3,19,0
INC-2021-1067,2021-03-18T04:27:45.000Z,Badulla,Uva,HILL,7.082729,81.204593,Landslide,1,LOW,94,0,1,5,Ambulances,110,RESOLVED,SENSOR,WEB_DASHBOARD,SINHALA,FOG,True,True,False,True,VOLUNTEER,0,0,0,0,False,INFRASTRUCTURE,0,False,3,4,3
INC-2021-0006,2021-03-19T21:16:40.000Z,Matara,Southern,WET,5.873988,80.624547,Drought,1,LOW,138,0,0,0,Livestock Feed|Medical Kits|Dry Rations,150,RESOLVED,CITIZEN,PHONE_CALL,SINHALA,PARTLY_CLOUDY,False,False,False,False,,0,0,0,0,False,AGRICULTURAL,0,False,3,21,4
INC-2021-0741,2021-03-20T03:27:27.000Z,Kilinochchi,Northern,EAST_NORTH,9.450614,80.271349,Landslide,2,MEDIUM,14919,0,0,0,Medical Kits|Excavators|Search Dogs|Rescue Teams,94,CLOSED,CITIZEN,WEB_DASHBOARD,SINHALA,OVERCAST,True,False,False,True,VOLUNTEER,3,3,3,0,False,INFRASTRUCTURE,1477791,False,3,3,5
INC-2021-1229,2021-03-21T07:01:54.000Z,Batticaloa,Eastern,EAST_NORTH,7.608887,81.717022,Flood,2,MEDIUM,1311,0,0,0,Rescue Teams|Tarpaulins,93,RESOLVED,CITIZEN,MOBILE_APP,ENGLISH,RAINY,False,False,True,True,GRAMA_NILADHARI,2,3,2,0,True,MIXED,1813819,False,3,7,6
INC-2021-0785,2021-03-23T08:12:30.000Z,Mannar,Northern,EAST_NORTH,9.151922,80.055505,High Winds/Cyclone,1,LOW,285,0,3,0,Emergency Shelters|Dry Rations|Rescue Teams|Medical Kits,99,RESOLVED,DMC_OFFICER,MOBILE_APP,TAMIL,SUNNY,True,False,False,True,DMC_OFFICER,0,0,0,0,False,MIXED,0,False,3,8,1
INC-2021-0978,2021-03-23T14:48:55.000Z,Trincomalee,Eastern,EAST_NORTH,8.655103,81.297139,Forest Fire,1,LOW,417,0,0,0,Medical Kits|Water Tankers,319,CLOSED,CITIZEN,MOBILE_APP,SINHALA,PARTLY_CLOUDY,False,False,False,True,GRAMA_NILADHARI,0,0,0,0,False,NONE,0,False,3,14,1
INC-2021-0104,2021-03-24T05:21:14.000Z,Gampaha,Western,WET,7.101825,80.000016,Flood,1,LOW,4421,0,0,0,Boats,173,RESOLVED,CITIZEN,PHONE_CALL,SINHALA,OVERCAST,False,False,False,False,,0,0,0,0,False,INFRASTRUCTURE,0,False,3,5,2
INC-2021-0336,2021-03-26T17:13:19.000Z,Galle,Southern,WET,6.146517,80.351284,Flood,1,LOW,455,0,0,0,Medical Kits|Rescue Teams|Tarpaulins|Dry Rations,315,RESOLVED,SENSOR,WEB_DASHBOARD,ENGLISH,RAINY,False,False,False,False,,0,0,0,0,False,RESIDENTIAL,0,False,3,17,4
INC-2021-0368,2021-03-27T16:36:29.000Z,Polonnaruwa,NorthCentral,DRY,8.171125,81.046816,Drought,1,LOW,1388,0,0,0,Medical Kits|Dry Rations|Livestock Feed,141,IN_PROGRESS,VOLUNTEER,MOBILE_APP,SINHALA,OVERCAST,False,False,False,False,,0,0,0,0,False,MIXED,0,False,3,16,5
INC-2021-1471,2021-03-28T06:35:08.000Z,Mullaitivu,Northern,EAST_NORTH,9.36015,80.772429,Flash Flood,3,HIGH,906,305,1,1,Medical Kits|Boats,108,IN_PROGRESS,VOLUNTEER,MOBILE_APP,TAMIL,OVERCAST,False,False,True,False,,5,4,0,101,False,RESIDENTIAL,517741,False,3,6,6
INC-2021-0827,2021-03-28T15:51:30.000Z,NuwaraEliya,Central,HILL,6.8814,80.774064,Landslide,2,MEDIUM,1955,0,2,0,Search Dogs|Medical Kits|Dry Rations,152,RESOLVED,LOCAL_AUTHORITY,WEB_DASHBOARD,ENGLISH,STORMY,False,False,False,True,LOCAL_AUTHORITY,0,0,0,0,False,AGRICULTURAL,1442356,False,3,15,6
INC-2021-0888,2021-03-29T00:36:03.000Z,Mannar,Northern,EAST_NORTH,9.008835,80.006859,Flood,2,MEDIUM,2378,0,0,0,Medical Kits|Dry Rations,183,RESOLVED,CITIZEN,PHONE_CALL,SINHALA,PARTLY_CLOUDY,False,False,False,False,,3,2,0,0,False,MIXED,2139950,False,3,0,0
INC-2021-0265,2021-03-29T02:53:49.000Z,Matara,Southern,WET,6.021563,80.589195,Flood,1,LOW,712,0,0,0,Rescue Teams,248,RESOLVED,DMC_OFFICER,PHONE_CALL,SINHALA,FOG,True,False,False,False,,0,0,0,0,False,MIXED,0,False,3,2,0
INC-2021-1482,2021-03-30T22:22:40.000Z,Kilinochchi,Northern,EAST_NORTH,9.414898,80.283597,Flash Flood,2,MEDIUM,3145,0,1,0,Medical Kits|Dry Rations,267,RESOLVED,CITIZEN,MOBILE_APP,TAMIL,FOG,False,False,False,False,,3,4,0,0,False,MIXED,1248660,False,3,22,1
INC-2021-0899,2021-04-01T16:11:10.000Z,Monaragala,Uva,DRY,6.914239,81.46064,Drought,1,LOW,2230,0,0,0,Livestock Feed|Dry Rations|Medical Kits,154,RESOLVED,VOLUNTEER,WEB_DASHBOARD,TAMIL,SUNNY,False,False,False,True,VOLUNTEER,0,0,0,0,False,INFRASTRUCTURE,0,False,4,16,3
INC-2021-0549,2021-04-02T21:11:21.000Z,Trincomalee,Eastern,EAST_NORTH,8.486054,81.276507,Flood,2,MEDIUM,198,0,0,0,Tarpaulins|Boats|Medical Kits|Water Pumps,48,IN_PROGRESS,DMC_OFFICER,MOBILE_APP,SINHALA,FOG,True,False,False,True,DMC_OFFICER,0,0,0,0,False,RESIDENTIAL,2125256,False,4,21,4
INC-2021-0812,2021-04-03T14:57:11.000Z,Hambantota,Southern,DRY,6.114606,81.047094,Flood,1,LOW,266,0,0,0,Dry Rations|Boats|Tarpaulins|Rescue Teams,82,RESOLVED,SENSOR,MOBILE_APP,SINHALA,STORMY,False,False,False,True,GRAMA_NILADHARI,0,0,0,0,False,INFRASTRUCTURE,0,False,4,14,5
INC-2021-0604,2021-04-04T12:15:06.000Z,Colombo,Western,WET,6.935627,79.915937,Flood,2,MEDIUM,3411,0,0,0,Dry Rations|Medical Kits,116,RESOLVED,LOCAL_AUTHORITY,MOBILE_APP,ENGLISH,RAINY,False,False,False,True,GRAMA_NILADHARI,1,2,2,0,False,INFRASTRUCTURE,352606,False,4,12,6
INC-2021-1007,2021-04-06T04:28:42.000Z,Jaffna,Northern,EAST_NORTH,9.514731,80.095978,Flash Flood,3,HIGH,632,318,4,1,Rescue Teams|Dry Rations|Boats,28,IN_PROGRESS,CITIZEN,WEB_DASHBOARD,SINHALA,RAINY,False,False,False,True,DMC_OFFICER,2,3,3,106,False,INFRASTRUCTURE,43564,False,4,4,1
INC-2021-0218,2021-04-06T20:28:44.000Z,Kilinochchi,Northern,EAST_NORTH,9.367503,80.496337,Flood,2,MEDIUM,1937,0,0,0,Boats,333,RESOLVED,CITIZEN,PHONE_CALL,SINHALA,STORMY,True,False,False,False,,0,0,0,0,False,INFRASTRUCTURE,613803,False,4,20,1
INC-2021-1226,2021-04-08T20:00:14.000Z,Batticaloa,Eastern,EAST_NORTH,7.717325,81.510104,Flood,2,MEDIUM,1662,0,0,0,Water Pumps|Boats|Medical Kits,129,RESOLVED,CITIZEN,MOBILE_APP,TAMIL,RAINY,True,True,False,False,,1,2,1,0,False,AGRICULTURAL,5786037,False,4,20,3
INC-2021-1342,2021-04-09T04:40:21.000Z,Kurunegala,NorthWestern,DRY,7.584959,80.120933,Flood,2,MEDIUM,1873,0,0,0,Medical Kits|Boats|Rescue Teams|Tarpaulins,81,RESOLVED,CITIZEN,WEB_DASHBOARD,ENGLISH,FOG,False,False,False,True,GRAMA_NILADHARI,2,2,2,0,False,MIXED,83019,False,4,4,4
INC-2021-1376,2021-04-09T17:35:43.000Z,Kurunegala,NorthWestern,DRY,7.444004,80.252594,Flood,2,MEDIUM,1012,0,0,0,Dry Rations|Water Pumps|Tarpaulins,99,RESOLVED,CITIZEN,PHONE_CALL,SINHALA,OVERCAST,False,False,False,False,,1,1,1,0,False,AGRICULTURAL,10661229,False,4,17,4
INC-2021-0561,2021-04-11T14:43:44.000Z,Kurunegala,NorthWestern,DRY,7.638821,80.290781,Earthquake,3,HIGH,6576,2808,0,0,Medical Kits,98,RESOLVED,VOLUNTEER,MOBILE_APP,SINHALA,OVERCAST,False,True,False,False,,4,2,2,702,False,NONE,0,False,4,14,6
INC-2021-1013,2021-04-12T09:23:48.000Z,Jaffna,Northern,EAST_NORTH,9.725647,80.115719,Drought,1,LOW,285,0,0,0,Water Tankers|Dry Rations|Livestock Feed|Medical Kits,189,RESOLVED,VOLUNTEER,FIELD_REPORT,TAMIL,FOG,True,False,True,False,,0,0,0,0,False,MIXED,0,False,4,9,0
INC-2021-0374,2021-04-23T12:51:34.000Z,Polonnaruwa,NorthCentral,DRY,8.182411,81.250273,Medical Emergency,1,LOW,300,0,0,0,Ambulances|Rescue Teams|Medical Kits|Blood Supplies,221,RESOLVED,DMC_OFFICER,PHONE_CALL,SINHALA,OVERCAST,False,False,True,False,,0,0,0,0,False,RESIDENTIAL,0,False,4,12,4
INC-2021-1243,2021-04-25T09:57:12.000Z,Trincomalee,Eastern,EAST_NORTH,8.578717,81.22745,Flash Flood,3,HIGH,4720,2355,4,0,Medical Kits|Water Pumps|Rescue Teams|Boats,70,RESOLVED,CITIZEN,WEB_DASHBOARD,TAMIL,RAINY,False,False,True,False,,2,1,0,785,False,NONE,0,False,4,9,6
INC-2021-0976,2021-04-29T11:57:46.000Z,Ampara,Eastern,EAST_NORTH,7.249001,81.591829,Flood,1,LOW,261,0,0,0,Boats|Rescue Teams,173,RESOLVED,DMC_OFFICER,MOBILE_APP,TAMIL,STORMY,False,False,False,False,,0,0,0,0,False,RESIDENTIAL,0,False,4,11,3
INC-2021-1003,2021-05-01T11:47:02.000Z,Kalutara,Western,WET,6.675837,80.031843,Flood,1,LOW,688,0,0,0,Medical Kits|Tarpaulins|Water Pumps,543,RESOLVED,VOLUNTEER,WEB_DASHBOARD,TAMIL,RAINY,True,False,False,False,,0,0,0,0,False,MIXED,0,True,5,11,5
INC-2021-0256,2021-05-04T03:55:57.000Z,Ratnapura,Sabaragamuwa,WET,6.582781,80.41983,Flash Flood,1,LOW,750,0,0,0,Water Pumps|Rescue Teams|Medical Kits|Boats,98,RESOLVED,CITIZEN,MOBILE_APP,SINHALA,OVERCAST,True,True,False,False,,0,0,0,0,False,INFRASTRUCTURE,0,True,5,3,1
INC-2021-0736,2021-05-04T06:45:39.000Z,Polonnaruwa,NorthCentral,DRY,7.869855,81.15558,Flood,2,MEDIUM,171,0,0,0,Tarpaulins|Rescue Teams,192,RESOLVED,VOLUNTEER,MOBILE_APP,TAMIL,RAINY,False,False,True,True,LOCAL_AUTHORITY,2,2,2,0,False,RESIDENTIAL,1943396,True,5,6,1
INC-2021-1274,2021-05-06T22:37:33.000Z,Gampaha,Western,WET,7.175872,80.080477,Flood,1,LOW,4154,0,0,0,Rescue Teams|Dry Rations|Boats,40,RESOLVED,SENSOR,MOBILE_APP,SINHALA,OVERCAST,False,True,False,False,,0,0,0,0,False,INFRASTRUCTURE,0,True,5,22,3
INC-2021-1356,2021-05-11T19:05:06.000Z,Mannar,Northern,EAST_NORTH,8.816004,80.011977,High Winds/Cyclone,1,LOW,391,0,0,0,Medical Kits|Dry Rations,184,RESOLVED,DMC_OFFICER,FIELD_REPORT,TAMIL,PARTLY_CLOUDY,False,False,False,False,,0,0,0,0,False,RESIDENTIAL,0,True,5,19,1
INC-2021-1263,2021-05-11T19:43:49.000Z,Anuradhapura,NorthCentral,DRY,8.413008,80.373292,High Winds/Cyclone,2,MEDIUM,1250,0,0,0,Medical Kits|Rescue Teams,32,RESOLVED,DMC_OFFICER,SMS,TAMIL,RAINY,False,True,False,False,,2,1,0,0,False,NONE,0,True,5,19,1
INC-2021-1146,2021-05-11T23:21:25.000Z,Matara,Southern,WET,5.97932,80.526613,Building Collapse,2,MEDIUM,1093,0,0,0,Rescue Teams|Search Dogs,98,RESOLVED,DMC_OFFICER,MOBILE_APP,ENGLISH,RAINY,True,False,False,False,,1,1,1,0,False,MIXED,17542431,True,5,23,1
INC-2021-0404,2021-05-13T04:03:59.000Z,Vavuniya,Northern,EAST_NORTH,8.7519,80.405557,Flood,1,LOW,1261,0,0,0,Medical Kits|Boats|Water Pumps,290,RESOLVED,CITIZEN,FIELD_REPORT,SINHALA,RAINY,True,False,False,True,VOLUNTEER,0,0,0,0,False,INFRASTRUCTURE,0,True,5,4,3
INC-2021-1011,2021-05-14T07:52:39.000Z,Galle,Southern,WET,6.035387,80.364053,Flash Flood,2,MEDIUM,1980,0,0,0,Dry Rations|Rescue Teams|Medical Kits,123,IN_PROGRESS,CITIZEN,FIELD_REPORT,TAMIL,FOG,False,False,False,False,,0,0,0,0,False,INFRASTRUCTURE,1322976,True,5,7,4
INC-2021-0564,2021-05-16T16:15:40.000Z,Matara,Southern,WET,5.906011,80.428454,Flash Flood,2,MEDIUM,862,0,1,0,Medical Kits|Water Pumps|Rescue Teams|Dry Rations,143,RESOLVED,CITIZEN,WEB_DASHBOARD,TAMIL,PARTLY_CLOUDY,True,False,False,True,DMC_OFFICER,3,4,4,0,False,AGRICULTURAL,3329277,True,5,16,6
INC-2021-0081,2021-05-19T02:01:44.000Z,Puttalam,NorthWestern,DRY,8.077138,80.049896,Flood,1,LOW,94,0,0,0,Tarpaulins|Medical Kits,124,RESOLVED,SENSOR,FIELD_REPORT,SINHALA,FOG,False,False,False,False,,0,0,0,0,False,MIXED,0,True,5,2,2
INC-2021-0114,2021-05-19T20:27:00.000Z,Badulla,Uva,HILL,6.994486,81.215579,High Winds/Cyclone,1,LOW,407,0,0,0,Dry Rations,273,RESOLVED,CITIZEN,MOBILE_APP,SINHALA,FOG,False,False,False,False,,0,0,0,0,False,MIXED,0,True,5,20,2
INC-2021-1281,2021-05-19T22:45:39.000Z,Mannar,Northern,EAST_NORTH,8.909411,79.886242,Flash Flood,2,MEDIUM,2641,0,0,0,Dry Rations|Boats,46,RESOLVED,VOLUNTEER,MOBILE_APP,SINHALA,RAINY,False,False,False,False,,3,1,0,0,False,RESIDENTIAL,1261021,True,5,22,2
INC-2021-0456,2021-05-26T00:38:06.000Z,Ratnapura,Sabaragamuwa,WET,6.518853,80.487588,Flood,2,MEDIUM,322,0,0,0,Medical Kits,93,RESOLVED,VOLUNTEER,MOBILE_APP,SINHALA,STORMY,True,False,False,False,,1,1,1,0,False,INFRASTRUCTURE,1076300,True,5,0,2
INC-2021-1448,2021-05-26T05:09:27.000Z,Monaragala,Uva,DRY,6.624574,81.499025,Medical Emergency,3,HIGH,47957,17691,0,0,Medical Kits|Rescue Teams,109,RESOLVED,VOLUNTEER,MOBILE_APP,TAMIL,FOG,False,False,False,True,VOLUNTEER,2,2,2,4422,False,AGRICULTURAL,308105,True,5,5,2
INC-2021-1033,2021-05-26T11:14:51.000Z,Matara,Southern,WET,5.958629,80.491523,Flash Flood,2,MEDIUM,2901,0,0,0,Medical Kits|Rescue Teams|Water Pumps|Dry Rations,84,RESOLVED,SENSOR,SMS,SINHALA,STORMY,False,False,False,True,DMC_OFFICER,1,2,1,0,False,AGRICULTURAL,3149773,True,5,11,2
INC-2021-1008,2021-05-28T01:56:03.000Z,Hambantota,Southern,DRY,6.254436,81.286726,Flood,1,LOW,257,0,0,0,Boats|Rescue Teams,294,RESOLVED,CITIZEN,MOBILE_APP,ENGLISH,FOG,True,False,False,True,GRAMA_NILADHARI,0,0,0,0,False,AGRICULTURAL,0,True,5,1,4
INC-2021-0821,2021-05-28T10:28:34.000Z,Colombo,Western,WET,6.898018,79.909674,Flood,2,MEDIUM,2266,0,0,0,Boats|Water Pumps,92,RESOLVED,VOLUNTEER,MOBILE_APP,SINHALA,OVERCAST,True,True,True,True,DMC_OFFICER,0,0,0,0,False,MIXED,588541,True,5,10,4
INC-2021-1082,2021-06-04T08:10:07.000Z,Hambantota,Southern,DRY,6.028259,81.166804,Landslide,2,MEDIUM,1045,0,0,0,Ambulances,76,RESOLVED,CITIZEN,PHONE_CALL,ENGLISH,FOG,False,False,False,False,,1,1,1,0,False,AGRICULTURAL,21780038,True,6,8,4
INC-2021-0268,2021-06-04T15:20:15.000Z,Kilinochchi,Northern,EAST_NORTH,9.47857,80.326545,Building Collapse,3,HIGH,20021,7877,0,0,Excavators|Ambulances|Medical Kits|Search Dogs,122,RESOLVED,VOLUNTEER,PHONE_CALL,TAMIL,OVERCAST,False,False,False,True,DMC_OFFICER,8,6,5,1312,False,AGRICULTURAL,725526,True,6,15,4
INC-2021-0858,2021-06-05T17:29:10.000Z,Matara,Southern,WET,6.042319,80.478154,Flood,1,LOW,254,0,0,0,Boats,166,RESOLVED,LOCAL_AUTHORITY,WEB_DASHBOARD,TAMIL,RAINY,False,False,False,False,,0,0,0,0,False,INFRASTRUCTURE,0,True,6,17,5
INC-2021-0350,2021-06-06T02:46:46.000Z,Colombo,Western,WET,6.905341,79.893866,Flash Flood,3,HIGH,15335,2909,0,0,Rescue Teams,23,RESOLVED,SENSOR,MOBILE_APP,SINHALA,RAINY,False,False,False,True,LOCAL_AUTHORITY,2,1,0,969,False,NONE,0,True,6,2,6
INC-2021-1374,2021-06-06T22:29:45.000Z,Anuradhapura,NorthCentral,DRY,8.271745,80.494731,Flood,2,MEDIUM,7820,0,0,0,Tarpaulins|Water Pumps|Medical Kits,105,RESOLVED,CITIZEN,MOBILE_APP,ENGLISH,RAINY,False,True,False,True,VOLUNTEER,0,0,0,0,False,MIXED,2142932,True,6,22,6
INC-2021-0757,2021-06-07T15:29:28.000Z,Anuradhapura,NorthCentral,DRY,8.144592,80.432739,Forest Fire,2,MEDIUM,209,0,0,0,Water Tankers|Helicopters|Medical Kits,29,RESOLVED,DMC_OFFICER,WEB_DASHBOARD,TAMIL,STORMY,True,False,False,False,,3,3,1,0,False,NONE,0,True,6,15,0
INC-2021-1499,2021-06-09T02:09:21.000Z,Puttalam,NorthWestern,DRY,8.166711,80.040891,Flood,2,MEDIUM,1564,0,0,0,Medical Kits,66,RESOLVED,CITIZEN,SMS,TAMIL,OVERCAST,False,False,False,True,DMC_OFFICER,2,3,3,0,False,AGRICULTURAL,528039,True,6,2,2
INC-2021-0366,2021-06-17T13:38:52.000Z,Kegalle,Sabaragamuwa,WET,7.168035,80.311571,Flood,2,MEDIUM,3150,0,0,0,Boats|Rescue Teams|Dry Rations,97,RESOLVED,CITIZEN,WEB_DASHBOARD,ENGLISH,STORMY,False,False,False,False,,1,1,0,0,False,RESIDENTIAL,6437729,True,6,13,3
INC-2021-0720,2021-06-17T16:38:34.000Z,Mannar,Northern,EAST_NORTH,9.044049,79.84714,Landslide,1,LOW,1785,0,0,0,Ambulances|Dry Rations|Search Dogs|Medical Kits,290,RESOLVED,CITIZEN,PHONE_CALL,SINHALA,OVERCAST,False,False,False,True,VOLUNTEER,0,0,0,0,False,INFRASTRUCTURE,0,True,6,16,3
INC-2021-0968,2021-06-17T22:36:02.000Z,Kurunegala,NorthWestern,DRY,7.576737,80.447334,Flood,1,LOW,4736,0,0,0,Dry Rations|Water Pumps,123,RESOLVED,SENSOR,MOBILE_APP,SINHALA,FOG,False,True,False,False,,0,0,0,0,False,MIXED,0,True,6,22,3
INC-2021-0909,2021-06-18T14:20:12.000Z,Polonnaruwa,NorthCentral,DRY,7.893688,81.013561,Flood,1,LOW,382,0,0,0,Rescue Teams|Tarpaulins,146,RESOLVED,DMC_OFFICER,MOBILE_APP,ENGLISH,STORMY,True,True,False,False,,0,0,0,0,True,AGRICULTURAL,0,True,6,14,4
INC-2021-1039,2021-06-19T03:53:20.000Z,Kandy,Central,HILL,7.176318,80.701008,Medical Emergency,1,LOW,765,0,0,0,Rescue Teams|Medical Kits|Blood Supplies,201,RESOLVED,CITIZEN,WEB_DASHBOARD,TAMIL,RAINY,False,False,False,False,,0,0,0,0,False,NONE,0,True,6,3,5
INC-2021-1206,2021-06-19T14:25:48.000Z,Trincomalee,Eastern,EAST_NORTH,8.432365,81.248531,Flood,1,LOW,7111,0,0,0,Boats,371,RESOLVED,VOLUNTEER,MOBILE_APP,SINHALA,RAINY,True,False,False,True,LOCAL_AUTHORITY,0,0,0,0,True,NONE,0,True,6,14,5
INC-2021-1280,2021-06-20T06:59:47.000Z,Batticaloa,Eastern,EAST_NORTH,7.705109,81.726495,Flood,2,MEDIUM,410,0,0,0,Dry Rations|Medical Kits,148,RESOLVED,MEDIA,PHONE_CALL,SINHALA,PARTLY_CLOUDY,False,False,False,True,DMC_OFFICER,1,1,0,0,False,AGRICULTURAL,5572596,True,6,6,6
INC-2021-1136,2021-06-23T05:37:46.000Z,Mullaitivu,Northern,EAST_NORTH,9.211059,80.516815,Flash Flood,2,MEDIUM,224,0,0,0,Rescue Teams|Medical Kits,92,RESOLVED,DMC_OFFICER,MOBILE_APP,TAMIL,RAINY,True,True,False,False,,1,1,0,0,False,MIXED,739905,True,6,5,2
INC-2021-0063,2021-06-25T08:44:18.000Z,Mullaitivu,Northern,EAST_NORTH,9.138028,80.626288,Flash Flood,2,MEDIUM,20891,0,0,0,Boats,137,RESOLVED,VOLUNTEER,WEB_DASHBOARD,ENGLISH,RAINY,False,False,True,False,,0,0,0,0,False,NONE,0,True,6,8,4
INC-2021-0985,2021-06-25T15:01:45.000Z,Mullaitivu,Northern,EAST_NORTH,9.148627,80.599333,Building Collapse,1,LOW,13,0,0,0,Ambulances|Medical Kits|Rescue Teams|Excavators,195,RESOLVED,VOLUNTEER,PHONE_CALL,SINHALA,OVERCAST,False,False,False,False,,0,0,0,0,False,NONE,0,True,6,15,4
INC-2021-0487,2021-06-28T17:37:48.000Z,Jaffna,Northern,EAST_NORTH,9.76519,80.063593,Building Collapse,1,LOW,141,0,0,0,Excavators|Rescue Teams|Ambulances|Search Dogs,214,RESOLVED,DMC_OFFICER,MOBILE_APP,SINHALA,FOG,False,False,False,False,,0,0,0,0,False,NONE,0,True,6,17,0
INC-2021-0993,2021-07-01T05:44:20.000Z,Anuradhapura,NorthCentral,DRY,8.415935,80.473217,Flood,2,MEDIUM,163,0,4,1,Dry Rations|Boats,76,RESOLVED,VOLUNTEER,MOBILE_APP,TAMIL,FOG,True,True,False,True,GRAMA_NILADHARI,1,2,1,0,False,RESIDENTIAL,2059436,True,7,5,3
INC-2021-0304,2021-07-04T03:54:26.000Z,Anuradhapura,NorthCentral,DRY,8.494251,80.546852,Flood,2,MEDIUM,3590,0,0,0,Tarpaulins|Dry Rations|Medical Kits|Boats,25,RESOLVED,DMC_OFFICER,MOBILE_APP,SINHALA,RAINY,False,False,False,False,,3,1,0,0,False,RESIDENTIAL,1262826,True,7,3,6
INC-2021-0681,2021-07-07T00:56:34.000Z,Anuradhapura,NorthCentral,DRY,8.326016,80.365593,Forest Fire,2,MEDIUM,1072,0,0,0,Rescue Teams|Helicopters,36,RESOLVED,MEDIA,MOBILE_APP,ENGLISH,FOG,True,False,False,True,DMC_OFFICER,2,3,3,0,False,AGRICULTURAL,2007679,True,7,0,2
INC-2021-1111,2021-07-09T00:13:49.000Z,Mullaitivu,Northern,EAST_NORTH,9.206122,80.517148,Landslide,1,LOW,129,0,0,0,Dry Rations|Medical Kits,226,RESOLVED,CITIZEN,WEB_DASHBOARD,SINHALA,PARTLY_CLOUDY,False,False,False,False,,0,0,0,0,False,MIXED,0,True,7,0,4
INC-2021-0169,2021-07-10T00:17:38.000Z,Galle,Southern,WET,6.157246,80.265859,Flash Flood,2,MEDIUM,5744,0,0,0,Rescue Teams|Medical Kits|Boats|Dry Rations,74,CLOSED,CITIZEN,SMS,ENGLISH,STORMY,False,False,False,True,GRAMA_NILADHARI,1,1,0,0,False,RESIDENTIAL,886139,True,7,0,5
INC-2021-1167,2021-07-10T13:45:29.000Z,Jaffna,Northern,EAST_NORTH,9.750069,80.071714,High Winds/Cyclone,2,MEDIUM,564,0,0,0,Emergency Shelters,123,RESOLVED,DMC_OFFICER,PHONE_CALL,TAMIL,FOG,False,False,False,False,,0,0,0,0,False,INFRASTRUCTURE,815300,True,7,13,5
INC-2021-1464,2021-07-11T03:18:02.000Z,Kilinochchi,Northern,EAST_NORTH,9.269425,80.295873,Flood,1,LOW,1850,0,0,0,Water Pumps,136,RESOLVED,VOLUNTEER,WEB_DASHBOARD,TAMIL,OVERCAST,False,False,False,False,,0,0,0,0,False,NONE,0,True,7,3,6
INC-2021-0587,2021-07-12T22:37:55.000Z,NuwaraEliya,Central,HILL,6.885877,80.655774,Landslide,1,LOW,299,0,0,0,Excavators|Rescue Teams,479,RESOLVED,VOLUNTEER,MOBILE_APP,SINHALA,RAINY,True,False,False,True,GRAMA_NILADHARI,0,0,0,0,False,AGRICULTURAL,0,True,7,22,0
INC-2021-1434,2021-07-13T08:12:18.000Z,Matara,Southern,WET,6.036236,80.604781,Flash Flood,2,MEDIUM,2193,0,0,0,Boats,85,RESOLVED,CITIZEN,SMS,SINHALA,PARTLY_CLOUDY,False,False,False,False,,2,1,1,0,False,AGRICULTURAL,1981221,True,7,8,1
INC-2021-0414,2021-07-15T06:36:36.000Z,Batticaloa,Eastern,EAST_NORTH,7.824981,81.746772,Flash Flood,2,MEDIUM,1485,0,0,0,Dry Rations|Boats,183,RESOLVED,DMC_OFFICER,MOBILE_APP,SINHALA,FOG,False,False,True,False,,0,0,0,0,False,RESIDENTIAL,1708346,True,7,6,3
INC-2021-0981,2021-07-15T07:22:25.000Z,Puttalam,NorthWestern,DRY,7.992032,79.92834,Flash Flood,2,MEDIUM,1116,0,0,0,Dry Rations|Medical Kits|Rescue Teams,76,RESOLVED,MEDIA,FIELD_REPORT,SINHALA,FOG,True,False,True,True,GRAMA_NILADHARI,3,4,4,0,False,RESIDENTIAL,1088332,True,7,7,3
INC-2021-1258,2021-07-16T02:56:43.000Z,Kandy,Central,HILL,7.358094,80.724874,Landslide,1,LOW,123,0,0,0,Search Dogs|Rescue Teams,101,RESOLVED,DMC_OFFICER,MOBILE_APP,SINHALA,PARTLY_CLOUDY,False,True,False,True,GRAMA_NILADHARI,0,0,0,0,False,MIXED,0,True,7,2,4
INC-2021-1030,2021-07-16T11:36:55.000Z,Puttalam,NorthWestern,DRY,8.119277,79.971273,High Winds/Cyclone,2,MEDIUM,5536,0,0,0,Generators|Dry Rations|Emergency Shelters|Rescue Teams,175,RESOLVED,CITIZEN,WEB_DASHBOARD,TAMIL,FOG,False,False,True,True,GRAMA_NILADHARI,0,0,0,0,False,NONE,0,True,7,11,4
INC-2021-0277,2021-07-18T05:21:22.000Z,Polonnaruwa,NorthCentral,DRY,8.1269,81.248476,Flash Flood,2,MEDIUM,382,0,2,0,Rescue Teams,120,RESOLVED,VOLUNTEER,PHONE_CALL,ENGLISH,OVERCAST,False,False,False,True,GRAMA_NILADHARI,1,2,1,0,False,INFRASTRUCTURE,229112,True,7,5,6
INC-2021-1360,2021-07-20T20:38:39.000Z,Matara,Southern,WET,5.931081,80.679605,Flash Flood,2,MEDIUM,5482,0,0,0,Rescue Teams|Dry Rations,179,RESOLVED,CITIZEN,WEB_DASHBOARD,SINHALA,RAINY,False,False,False,True,VOLUNTEER,1,2,1,0,False,NONE,0,True,7,20,1
INC-2021-0744,2021-07-21T08:33:56.000Z,Matara,Southern,WET,6.082375,80.799418,Flood,1,LOW,336,0,0,0,Rescue Teams|Tarpaulins,121,RESOLVED,CITIZEN,PHONE_CALL,SINHALA,PARTLY_CLOUDY,True,False,False,False,,0,0,0,0,False,NONE,0,True,7,8,2
INC-2021-0499,2021-07-21T17:17:28.000Z,Monaragala,Uva,DRY,6.676754,81.494884,Landslide,1,LOW,634,0,0,0,Search Dogs|Dry Rations|Excavators|Medical Kits,48,RESOLVED,CITIZEN,MOBILE_APP,SINHALA,RAINY,True,False,False,True,VOLUNTEER,0,0,0,0,False,RESIDENTIAL,0,True,7,17,2
INC-2021-0413,2021-07-23T00:00:24.000Z,Gampaha,Western,WET,7.052045,80.041193,Flash Flood,2,MEDIUM,112,0,0,0,Boats|Water Pumps|Dry Rations|Rescue Teams,60,RESOLVED,DMC_OFFICER,FIELD_REPORT,SINHALA,RAINY,False,False,False,False,,1,1,1,0,False,INFRASTRUCTURE,3399313,True,7,0,4
INC-2021-1131,2021-07-24T07:45:39.000Z,Kandy,Central,HILL,7.222219,80.779836,Flood,1,LOW,805,0,0,0,Boats|Rescue Teams,354,RESOLVED,VOLUNTEER,PHONE_CALL,TAMIL,FOG,False,False,False,False,,0,0,0,0,True,AGRICULTURAL,0,True,7,7,5
INC-2021-1076,2021-07-24T13:33:20.000Z,Mullaitivu,Northern,EAST_NORTH,9.237814,80.576431,Flood,2,MEDIUM,6464,0,0,0,Tarpaulins,202,RESOLVED,CITIZEN,SMS,SINHALA,RAINY,False,False,False,False,,2,2,0,0,False,RESIDENTIAL,6074289,True,7,13,5
INC-2021-0558,2021-07-24T17:12:01.000Z,Ampara,Eastern,EAST_NORTH,7.490395,81.742033,Flood,2,MEDIUM,718,0,0,0,Tarpaulins,85,RESOLVED,DMC_OFFICER,MOBILE_APP,ENGLISH,RAINY,True,False,False,True,DMC_OFFICER,3,2,1,0,False,RESIDENTIAL,3042923,True,7,17,5
INC-2021-1308,2021-07-25T04:54:11.000Z,Gampaha,Western,WET,7.093385,79.955122,Medical Emergency,2,MEDIUM,604,0,0,0,Blood Supplies,45,RESOLVED,CITIZEN,WEB_DASHBOARD,ENGLISH,FOG,False,False,True,False,,3,1,0,0,False,MIXED,71362,True,7,4,6
INC-2021-0614,2021-07-25T19:18:38.000Z,Ampara,Eastern,EAST_NORTH,7.436688,81.718688,Flood,1,LOW,905,0,0,0,Tarpaulins|Water Pumps|Boats|Rescue Teams,239,RESOLVED,CITIZEN,MOBILE_APP,SINHALA,FOG,True,True,False,True,VOLUNTEER,0,0,0,0,False,INFRASTRUCTURE,0,True,7,19,6
INC-2021-1173,2021-07-26T09:41:29.000Z,Vavuniya,Northern,EAST_NORTH,8.65424,80.482697,Medical Emergency,1,LOW,1041,0,0,0,Medical Kits|Ambulances|Blood Supplies,424,RESOLVED,CITIZEN,PHONE_CALL,SINHALA,RAINY,True,False,False,True,DMC_OFFICER,0,0,0,0,False,INFRASTRUCTURE,0,True,7,9,0
INC-2021-1261,2021-07-26T20:43:17.000Z,Jaffna,Northern,EAST_NORTH,9.580591,80.165765,Medical Emergency,2,MEDIUM,2312,0,0,0,Blood Supplies,191,RESOLVED,VOLUNTEER,SMS,SINHALA,RAINY,False,False,False,False,,1,1,1,0,False,MIXED,1706607,True,7,20,0
INC-2021-0516,2021-07-28T10:23:10.000Z,Monaragala,Uva,DRY,6.880297,81.318139,Landslide,1,LOW,1120,0,0,0,Excavators|Dry Rations|Ambulances|Search Dogs,325,IN_PROGRESS,CITIZEN,WEB_DASHBOARD,SINHALA,RAINY,False,False,False,True,LOCAL_AUTHORITY,0,0,0,0,False,RESIDENTIAL,0,True,7,10,2
INC-2021-0832,2021-07-30T23:50:53.000Z,NuwaraEliya,Central,HILL,6.936096,80.620107,Flash Flood,2,MEDIUM,343,0,0,0,Boats|Water Pumps|Rescue Teams|Medical Kits,69,RESOLVED,CITIZEN,FIELD_REPORT,SINHALA,OVERCAST,False,False,False,True,LOCAL_AUTHORITY,0,0,0,0,False,RESIDENTIAL,1281343,True,7,23,4
INC-2021-1268,2021-08-01T09:53:55.000Z,Kilinochchi,Northern,EAST_NORTH,9.471236,80.432989,Flood,3,HIGH,13766,2796,0,0,Rescue Teams|Water Pumps|Boats,47,RESOLVED,LOCAL_AUTHORITY,SMS,SINHALA,FOG,False,False,False,True,VOLUNTEER,6,2,0,932,False,AGRICULTURAL,6109248,True,8,9,6
INC-2021-1245,2021-08-01T13:47:20.000Z,Ampara,Eastern,EAST_NORTH,7.256281,81.515221,Landslide,3,HIGH,399,177,4,0,Dry Rations|Search Dogs|Medical Kits|Rescue Teams,60,RESOLVED,VOLUNTEER,MOBILE_APP,TAMIL,RAINY,False,True,False,True,DMC_OFFICER,2,2,2,44,False,INFRASTRUCTURE,1954166,True,8,13,6
INC-2021-0396,2021-08-02T13:21:04.000Z,Ampara,Eastern,EAST_NORTH,7.185181,81.884847,Flood,2,MEDIUM,4850,0,0,0,Dry Rations|Water Pumps|Medical Kits|Tarpaulins,226,RESOLVED,CITIZEN,SMS,SINHALA,FOG,True,False,False,True,DMC_OFFICER,3,4,2,0,False,RESIDENTIAL,1021834,True,8,13,0
INC-2021-0601,2021-08-05T01:24:42.000Z,Ratnapura,Sabaragamuwa,WET,6.636565,80.588673,Medical Emergency,1,LOW,1829,0,0,0,Blood Supplies|Medical Kits|Ambulances|Rescue Teams,164,IN_PROGRESS,DMC_OFFICER,WEB_DASHBOARD,ENGLISH,PARTLY_CLOUDY,False,False,False,True,DMC_OFFICER,0,0,0,0,False,NONE,0,True,8,1,3
INC-2021-0800,2021-08-07T17:05:54.000Z,Colombo,Western,WET,6.882141,79.949198,Earthquake,2,MEDIUM,151,0,0,0,Excavators|Ambulances,97,RESOLVED,VOLUNTEER,PHONE_CALL,SINHALA,PARTLY_CLOUDY,False,False,False,True,DMC_OFFICER,1,1,1,0,False,AGRICULTURAL,244321,True,8,17,5
INC-2021-0385,2021-08-09T12:49:42.000Z,Kalutara,Western,WET,6.668426,80.140731,Coastal Erosion,1,LOW,7025,0,0,0,Boats|Rescue Teams|Dry Rations,69,RESOLVED,DMC_OFFICER,MOBILE_APP,ENGLISH,RAINY,True,False,False,True,LOCAL_AUTHORITY,0,0,0,0,False,NONE,0,True,8,12,0
INC-2021-0545,2021-08-09T18:24:59.000Z,Matara,Southern,WET,6.083007,80.472163,Flash Flood,2,MEDIUM,2178,0,0,0,Boats|Medical Kits|Dry Rations,138,CLOSED,VOLUNTEER,SMS,SINHALA,RAINY,False,False,False,True,LOCAL_AUTHORITY,1,2,2,0,False,RESIDENTIAL,928899,True,8,18,0
INC-2021-1351,2021-08-09T21:19:14.000Z,Gampaha,Western,WET,7.159675,80.003253,Flood,2,MEDIUM,4974,0,0,0,Rescue Teams|Tarpaulins|Dry Rations,72,RESOLVED,CITIZEN,PHONE_CALL,SINHALA,STORMY,True,False,False,False,,3,3,2,0,False,INFRASTRUCTURE,736110,True,8,21,0
INC-2021-0780,2021-08-10T02:34:52.000Z,Colombo,Western,WET,6.922491,79.854376,Flood,1,LOW,636,0,0,0,Rescue Teams,230,RESOLVED,VOLUNTEER,SMS,SINHALA,RAINY,False,False,False,True,GRAMA_NILADHARI,0,0,0,0,False,AGRICULTURAL,0,True,8,2,1
INC-2021-0444,2021-08-11T10:22:46.000Z,Badulla,Uva,HILL,6.950792,81.005599,Earthquake,3,HIGH,1655,878,0,0,Search Dogs|Medical Kits,11,IN_PROGRESS,SENSOR,MOBILE_APP,SINHALA,PARTLY_CLOUDY,True,False,False,True,DMC_OFFICER,7,1,1,292,False,AGRICULTURAL,817339,True,8,10,2
INC-2021-0107,2021-08-15T17:54:39.000Z,Anuradhapura,NorthCentral,DRY,8.225477,80.260573,Earthquake,2,MEDIUM,639,0,0,0,Excavators|Ambulances,58,RESOLVED,VOLUNTEER,WEB_DASHBOARD,SINHALA,SUNNY,False,False,False,True,VOLUNTEER,1,2,2,0,False,MIXED,73501583,True,8,17,6
INC-2021-1473,2021-08-16T04:56:07.000Z,Mullaitivu,Northern,EAST_NORTH,9.296359,80.582332,Flash Flood,2,MEDIUM,3615,0,0,0,Water Pumps|Medical Kits,117,RESOLVED,CITIZEN,MOBILE_APP,ENGLISH,STORMY,True,True,True,False,,0,0,0,0,False,NONE,0,True,8,4,0
INC-2021-1384,2021-08-16T10:39:26.000Z,Monaragala,Uva,DRY,6.876207,81.203981,High Winds/Cyclone,2,MEDIUM,218,0,0,0,Generators|Emergency Shelters|Dry Rations|Rescue Teams,80,RESOLVED,DMC_OFFICER,WEB_DASHBOARD,SINHALA,FOG,False,False,False,True,DMC_OFFICER,2,3,0,0,False,INFRASTRUCTURE,1213715,True,8,10,0
INC-2021-0080,2021-08-19T12:56:52.000Z,Vavuniya,Northern,EAST_NORTH,8.64127,80.32315,Flood,1,LOW,7558,0,0,0,Water Pumps,216,RESOLVED,VOLUNTEER,MOBILE_APP,ENGLISH,RAINY,False,False,True,True,VOLUNTEER,0,0,0,0,False,AGRICULTURAL,0,True,8,12,3
INC-2021-1375,2021-08-20T23:35:18.000Z,Gampaha,Western,WET,7.07679,79.936359,Flood,1,LOW,640,0,0,0,Tarpaulins|Boats,163,RESOLVED,LOCAL_AUTHORITY,SMS,ENGLISH,PARTLY_CLOUDY,False,False,False,False,,0,0,0,0,False,NONE,0,True,8,23,4
INC-2021-1363,2021-08-22T00:02:31.000Z,Polonnaruwa,NorthCentral,DRY,8.016631,81.29132,Flash Flood,1,LOW,457,0,0,0,Rescue Teams|Dry Rations|Water Pumps|Boats,90,RESOLVED,CITIZEN,FIELD_REPORT,SINHALA,RAINY,False,False,False,True,LOCAL_AUTHORITY,0,0,0,0,False,RESIDENTIAL,0,True,8,0,6
INC-2021-0538,2021-08-22T09:43:03.000Z,Jaffna,Northern,EAST_NORTH,9.77765,80.014976,Forest Fire,1,LOW,48,0,0,0,Rescue Teams|Medical Kits|Fire Trucks,393,RESOLVED,CITIZEN,WEB_DASHBOARD,TAMIL,OVERCAST,True,False,False,False,,0,0,0,0,False,NONE,0,True,8,9,6
INC-2021-0662,2021-08-26T14:52:14.000Z,Ratnapura,Sabaragamuwa,WET,6.757791,80.535432,Landslide,2,MEDIUM,1811,0,0,0,Dry Rations|Excavators|Medical Kits|Rescue Teams,126,RESOLVED,MEDIA,MOBILE_APP,SINHALA,PARTLY_CLOUDY,True,False,False,True,LOCAL_AUTHORITY,0,0,0,0,False,MIXED,2129567,True,8,14,3
INC-2021-0967,2021-08-27T12:01:38.000Z,Colombo,Western,WET,6.940152,79.907259,Flash Flood,2,MEDIUM,3387,0,0,0,Medical Kits,181,RESOLVED,LOCAL_AUTHORITY,MOBILE_APP,ENGLISH,OVERCAST,True,False,False,True,DMC_OFFICER,3,2,1,0,False,NONE,0,True,8,12,4
INC-2021-1422,2021-08-27T20:56:47.000Z,Kandy,Central,HILL,7.181569,80.642871,Landslide,2,MEDIUM,109,0,2,2,Search Dogs|Rescue Teams|Medical Kits|Ambulances,80,RESOLVED,DMC_OFFICER,WEB_DASHBOARD,SINHALA,RAINY,False,False,False,False,,0,0,0,0,False,RESIDENTIAL,12129227,True,8,20,4
INC-2021-0493,2021-08-31T01:37:27.000Z,Gampaha,Western,WET,7.037925,79.902567,Flood,1,LOW,314,0,0,0,Medical Kits|Tarpaulins|Water Pumps,102,CLOSED,DMC_OFFICER,SMS,TAMIL,OVERCAST,False,False,False,False,,0,0,0,0,False,MIXED,0,True,8,1,1
INC-2021-1032,2021-08-31T14:09:19.000Z,Kalutara,Western,WET,6.451867,80.078657,Flood,1,LOW,223,0,0,0,Medical Kits|Boats|Dry Rations,126,RESOLVED,CITIZEN,WEB_DASHBOARD,SINHALA,RAINY,False,False,False,True,LOCAL_AUTHORITY,0,0,0,0,False,RESIDENTIAL,0,True,8,14,1
INC-2021-0963,2021-08-31T21:58:49.000Z,Kandy,Central,HILL,7.391633,80.556028,Medical Emergency,1,LOW,616,0,0,0,Rescue Teams|Medical Kits|Ambulances|Blood Supplies,280,RESOLVED,CITIZEN,MOBILE_APP,TAMIL,FOG,False,False,False,True,VOLUNTEER,0,0,0,0,False,NONE,0,True,8,21,1
INC-2021-0913,2021-09-01T18:55:32.000Z,Ampara,Eastern,EAST_NORTH,7.25021,81.714179,Flash Flood,2,MEDIUM,1843,0,0,0,Dry Rations,172,RESOLVED,VOLUNTEER,MOBILE_APP,SINHALA,FOG,False,False,False,False,,0,0,0,0,False,MIXED,4112779,True,9,18,2
INC-2021-0739,2021-09-01T20:13:37.000Z,Colombo,Western,WET,6.901473,79.930545,Flash Flood,3,HIGH,5354,2437,0,0,Rescue Teams|Boats,55,IN_PROGRESS,VOLUNTEER,SMS,SINHALA,PARTLY_CLOUDY,False,False,False,True,DMC_OFFICER,3,3,2,406,False,NONE,0,True,9,20,2
INC-2021-0716,2021-09-02T06:34:17.000Z,Batticaloa,Eastern,EAST_NORTH,7.732569,81.642811,Flash Flood,1,LOW,351,0,0,0,Dry Rations,99,RESOLVED,SENSOR,PHONE_CALL,ENGLISH,STORMY,False,False,True,True,GRAMA_NILADHARI,0,0,0,0,False,MIXED,0,True,9,6,3
INC-2021-1208,2021-09-02T19:06:07.000Z,Kandy,Central,HILL,7.26311,80.509353,Flood,2,MEDIUM,1566,0,0,0,Medical Kits|Tarpaulins|Dry Rations,58,RESOLVED,CITIZEN,PHONE_CALL,SINHALA,PARTLY_CLOUDY,True,False,False,False,,0,0,0,0,True,MIXED,1265474,True,9,19,3
INC-2021-0149,2021-09-04T06:55:23.000Z,Ratnapura,Sabaragamuwa,WET,6.578706,80.558791,Flood,3,HIGH,24713,6341,0,0,Water Pumps|Medical Kits|Tarpaulins,26,RESOLVED,SENSOR,MOBILE_APP,SINHALA,STORMY,True,False,False,True,DMC_OFFICER,2,3,1,1585,False,AGRICULTURAL,1137298,True,9,6,5
INC-2021-0148,2021-09-05T01:34:34.000Z,Colombo,Western,WET,6.892955,79.850445,Flood,1,LOW,165,0,0,0,Rescue Teams|Dry Rations,153,RESOLVED,CITIZEN,MOBILE_APP,ENGLISH,RAINY,False,True,True,False,,0,0,0,0,False,INFRASTRUCTURE,0,True,9,1,6
INC-2021-0848,2021-09-10T20:41:02.000Z,Kandy,Central,HILL,7.394473,80.688434,Landslide,1,LOW,343,0,0,0,Dry Rations|Excavators|Search Dogs|Rescue Teams,298,RESOLVED,CITIZEN,MOBILE_APP,ENGLISH,STORMY,True,True,False,False,,0,0,0,0,False,RESIDENTIAL,0,True,9,20,4
INC-2021-0054,2021-09-10T22:41:45.000Z,Kegalle,Sabaragamuwa,WET,7.356001,80.231996,Medical Emergency,2,MEDIUM,1658,0,0,0,Rescue Teams|Blood Supplies|Medical Kits|Ambulances,103,RESOLVED,CITIZEN,MOBILE_APP,SINHALA,FOG,False,False,True,False,,0,0,0,0,False,MIXED,2010080,True,9,22,4
INC-2021-0032,2021-09-11T09:24:35.000Z,Puttalam,NorthWestern,DRY,8.048534,79.895418,Flash Flood,2,MEDIUM,528,0,0,0,Boats|Rescue Teams|Water Pumps|Medical Kits,219,RESOLVED,CITIZEN,MOBILE_APP,SINHALA,RAINY,True,False,False,True,VOLUNTEER,2,1,0,0,False,NONE,0,True,9,9,5
INC-2021-1096,2021-09-11T09:58:48.000Z,Ratnapura,Sabaragamuwa,WET,6.571979,80.411216,Flood,1,LOW,403,0,0,0,Dry Rations|Medical Kits|Water Pumps|Tarpaulins,97,RESOLVED,DMC_OFFICER,PHONE_CALL,SINHALA,STORMY,False,False,True,True,DMC_OFFICER,0,0,0,0,False,AGRICULTURAL,0,True,9,9,5
INC-2021-0295,2021-09-12T09:36:31.000Z,Anuradhapura,NorthCentral,DRY,8.162396,80.491395,Flood,2,MEDIUM,1476,0,0,0,Boats,63,RESOLVED,CITIZEN,MOBILE_APP,SINHALA,PARTLY_CLOUDY,True,False,False,False,,2,1,1,0,False,RESIDENTIAL,7868038,True,9,9,6
INC-2021-1110,2021-09-14T07:45:26.000Z,Galle,Southern,WET,5.939307,80.162946,Flash Flood,4,CRITICAL,1640,623,5,0,Rescue Teams|Dry Rations,10,ASSIGNED,SENSOR,FIELD_REPORT,SINHALA,RAINY,False,False,False,True,DMC_OFFICER,5,2,1,155,False,AGRICULTURAL,3244571,True,9,7,1
INC-2021-0297,2021-09-15T12:58:57.000Z,Matara,Southern,WET,5.985389,80.421234,Flood,2,MEDIUM,1440,0,0,0,Boats,16,RESOLVED,DMC_OFFICER,MOBILE_APP,TAMIL,OVERCAST,True,False,False,False,,0,0,0,0,False,MIXED,2950172,True,9,12,2
INC-2021-1394,2021-09-17T08:42:11.000Z,Hambantota,Southern,DRY,6.008602,81.045469,Flash Flood,2,MEDIUM,432,0,0,0,Boats|Water Pumps|Medical Kits,22,RESOLVED,DMC_OFFICER,MOBILE_APP,SINHALA,RAINY,True,False,False,True,GRAMA_NILADHARI,3,4,3,0,False,RESIDENTIAL,1297742,True,9,8,4
INC-2021-0394,2021-09-18T20:12:48.000Z,Hambantota,Southern,DRY,6.2542,81.236145,Flash Flood,3,HIGH,7660,1812,0,0,Medical Kits|Dry Rations,57,RESOLVED,CITIZEN,MOBILE_APP,TAMIL,OVERCAST,False,False,False,True,GRAMA_NILADHARI,2,3,2,302,False,INFRASTRUCTURE,1613260,True,9,20,5
INC-2021-0174,2021-09-21T19:20:56.000Z,Puttalam,NorthWestern,DRY,7.843589,79.842263,Flood,2,MEDIUM,6765,0,1,0,Medical Kits|Dry Rations|Tarpaulins|Boats,96,RESOLVED,CITIZEN,SMS,TAMIL,STORMY,False,False,False,True,GRAMA_NILADHARI,0,0,0,0,False,INFRASTRUCTURE,2560220,True,9,19,1
INC-2021-1179,2021-09-23T05:47:28.000Z,Kandy,Central,HILL,7.253164,80.509086,Medical Emergency,3,HIGH,116,40,6,0,Ambulances|Rescue Teams,59,RESOLVED,VOLUNTEER,MOBILE_APP,SINHALA,OVERCAST,True,False,False,True,VOLUNTEER,7,1,1,10,False,NONE,0,True,9,5,3
INC-2021-0600,2021-09-24T11:41:16.000Z,Badulla,Uva,HILL,6.886398,81.178894,Flash Flood,2,MEDIUM,524,0,0,0,Boats,84,RESOLVED,CITIZEN,MOBILE_APP,ENGLISH,FOG,False,False,False,False,,1,1,1,0,False,AGRICULTURAL,83225,True,9,11,4
INC-2021-1301,2021-09-26T00:49:29.000Z,Ratnapura,Sabaragamuwa,WET,6.570014,80.327131,Landslide,2,MEDIUM,558,0,0,0,Dry Rations,12,RESOLVED,DMC_OFFICER,WEB_DASHBOARD,SINHALA,RAINY,False,False,False,False,,1,1,0,0,False,NONE,0,True,9,0,6
INC-2021-1162,2021-09-26T05:46:59.000Z,Kegalle,Sabaragamuwa,WET,7.252169,80.369651,Coastal Erosion,1,LOW,711,0,0,0,Emergency Shelters|Boats,201,RESOLVED,VOLUNTEER,WEB_DASHBOARD,SINHALA,PARTLY_CLOUDY,False,False,False,False,,0,0,0,0,False,AGRICULTURAL,0,True,9,5,6
INC-2021-0431,2021-09-30T02:42:25.000Z,Anuradhapura,NorthCentral,DRY,8.162813,80.316849,Landslide,2,MEDIUM,11043,0,0,0,Dry Rations|Search Dogs|Excavators|Ambulances,156,RESOLVED,CITIZEN,MOBILE_APP,SINHALA,SUNNY,True,True,False,True,LOCAL_AUTHORITY,0,0,0,0,False,MIXED,10901095,True,9,2,3
INC-2021-1165,2021-10-02T19:42:08.000Z,Vavuniya,Northern,EAST_NORTH,8.774457,80.542528,Drought,1,LOW,163,0,0,0,Livestock Feed,464,RESOLVED,MEDIA,FIELD_REPORT,TAMIL,SUNNY,False,True,False,True,VOLUNTEER,0,0,0,0,False,NONE,0,False,10,19,5
INC-2021-1036,2021-10-02T21:20:48.000Z,Matara,Southern,WET,5.888041,80.656606,Flood,1,LOW,256,0,0,0,Medical Kits|Rescue Teams,141,RESOLVED,CITIZEN,MOBILE_APP,SINHALA,STORMY,False,False,False,True,GRAMA_NILADHARI,0,0,0,0,False,INFRASTRUCTURE,0,False,10,21,5
INC-2021-1459,2021-10-05T16:23:30.000Z,NuwaraEliya,Central,HILL,6.887471,80.779831,Drought,1,LOW,216,0,0,0,Livestock Feed|Medical Kits|Water Tankers|Dry Rations,215,IN_PROGRESS,CITIZEN,FIELD_REPORT,ENGLISH,PARTLY_CLOUDY,False,False,False,True,VOLUNTEER,0,0,0,0,False,MIXED,0,False,10,16,1
INC-2021-0428,2021-10-05T18:35:33.000Z,Anuradhapura,NorthCentral,DRY,8.399702,80.466823,Building Collapse,3,HIGH,3512,2105,0,0,Search Dogs|Ambulances,36,RESOLVED,CITIZEN,WEB_DASHBOARD,TAMIL,OVERCAST,False,False,False,True,VOLUNTEER,4,5,0,421,False,INFRASTRUCTURE,2048354,False,10,18,1
INC-2021-1417,2021-10-08T21:57:10.000Z,Polonnaruwa,NorthCentral,DRY,7.951816,81.141459,Flood,1,LOW,758,0,0,0,Boats|Tarpaulins,397,RESOLVED,CITIZEN,SMS,TAMIL,PARTLY_CLOUDY,False,False,False,False,,0,0,0,0,True,AGRICULTURAL,0,False,10,21,4
INC-2021-0977,2021-10-09T07:14:57.000Z,Jaffna,Northern,EAST_NORTH,9.601979,80.006758,Earthquake,2,MEDIUM,486,0,0,0,Emergency Shelters|Excavators,91,RESOLVED,CITIZEN,MOBILE_APP,ENGLISH,RAINY,True,True,False,False,,3,4,4,0,False,MIXED,334123,False,10,7,5
INC-2021-0563,2021-10-10T18:47:42.000Z,Puttalam,NorthWestern,DRY,8.042751,80.183206,High Winds/Cyclone,1,LOW,7464,0,0,0,Rescue Teams|Medical Kits|Generators|Emergency Shelters,249,RESOLVED,CITIZEN,SMS,SINHALA,OVERCAST,False,False,True,True,DMC_OFFICER,0,0,0,0,False,INFRASTRUCTURE,0,False,10,18,6
INC-2021-1043,2021-10-14T17:27:52.000Z,Matara,Southern,WET,5.955124,80.605874,Flash Flood,1,LOW,653,0,0,0,Dry Rations,181,RESOLVED,VOLUNTEER,SMS,TAMIL,OVERCAST,False,False,True,True,VOLUNTEER,0,0,0,0,False,RESIDENTIAL,0,False,10,17,3
INC-2021-0799,2021-10-15T03:04:04.000Z,Vavuniya,Northern,EAST_NORTH,8.696121,80.4588,Drought,3,HIGH,2341,542,1,2,Dry Rations|Medical Kits|Livestock Feed|Water Tankers,64,RESOLVED,CITIZEN,MOBILE_APP,ENGLISH,PARTLY_CLOUDY,False,False,False,True,GRAMA_NILADHARI,2,1,0,135,False,RESIDENTIAL,2457239,False,10,3,4
INC-2021-0700,2021-10-16T10:15:45.000Z,Colombo,Western,WET,6.867001,79.889006,Flood,1,LOW,55,0,0,0,Boats|Water Pumps|Tarpaulins|Dry Rations,121,RESOLVED,CITIZEN,SMS,TAMIL,RAINY,False,False,False,False,,0,0,0,0,False,INFRASTRUCTURE,0,False,10,10,5
INC-2021-0238,2021-10-19T20:15:02.000Z,Colombo,Western,WET,6.914593,79.901255,Flash Flood,3,HIGH,3640,892,0,0,Rescue Teams|Dry Rations,20,RESOLVED,CITIZEN,SMS,ENGLISH,RAINY,False,False,False,True,GRAMA_NILADHARI,8,9,1,297,True,AGRICULTURAL,5002565,False,10,20,1
INC-2021-0995,2021-10-20T16:48:20.000Z,Kandy,Central,HILL,7.177807,80.522485,Drought,1,LOW,62,0,0,0,Water Tankers|Livestock Feed,156,IN_PROGRESS,SENSOR,SMS,SINHALA,SUNNY,False,False,False,True,VOLUNTEER,0,0,0,0,False,INFRASTRUCTURE,0,False,10,16,2
INC-2021-0790,2021-10-23T19:18:54.000Z,Matale,Central,HILL,7.419807,80.68697,High Winds/Cyclone,2,MEDIUM,187,0,0,0,Medical Kits|Generators|Emergency Shelters,653,RESOLVED,CITIZEN,MOBILE_APP,SINHALA,STORMY,True,False,False,True,VOLUNTEER,1,2,0,0,False,NONE,0,False,10,19,5
INC-2021-1062,2021-10-24T10:38:27.000Z,Matale,Central,HILL,7.617606,80.521217,Forest Fire,1,LOW,32,0,0,0,Rescue Teams|Fire Trucks|Medical Kits,157,RESOLVED,LOCAL_AUTHORITY,WEB_DASHBOARD,SINHALA,OVERCAST,False,False,False,True,LOCAL_AUTHORITY,0,0,0,0,False,AGRICULTURAL,0,False,10,10,6
INC-2021-0884,2021-10-25T01:20:32.000Z,Mannar,Northern,EAST_NORTH,9.020944,80.033902,Drought,1,LOW,239,0,0,0,Livestock Feed|Medical Kits,53,RESOLVED,CITIZEN,MOBILE_APP,SINHALA,PARTLY_CLOUDY,True,False,True,True,DMC_OFFICER,0,0,0,0,False,MIXED,0,False,10,1,0
INC-2021-1311,2021-10-29T19:48:20.000Z,Trincomalee,Eastern,EAST_NORTH,8.40557,81.027007,Flood,2,MEDIUM,197,0,0,0,Rescue Teams|Medical Kits,169,RESOLVED,CITIZEN,MOBILE_APP,TAMIL,PARTLY_CLOUDY,True,False,False,True,GRAMA_NILADHARI,1,2,2,0,False,RESIDENTIAL,1088978,False,10,19,4
INC-2021-1204,2021-10-30T06:22:59.000Z,Hambantota,Southern,DRY,6.111369,81.234235,Earthquake,2,MEDIUM,335,0,0,0,Search Dogs,38,RESOLVED,CITIZEN,WEB_DASHBOARD,SINHALA,FOG,False,False,False,False,,1,2,2,0,False,RESIDENTIAL,2317817,False,10,6,5
INC-2021-0318,2021-11-02T12:33:26.000Z,Trincomalee,Eastern,EAST_NORTH,8.452504,81.112265,Flash Flood,2,MEDIUM,2990,0,0,0,Rescue Teams,172,CLOSED,CITIZEN,SMS,SINHALA,PARTLY_CLOUDY,False,True,False,False,,1,2,1,0,False,NONE,0,True,11,12,1
INC-2021-1209,2021-11-02T16:08:12.000Z,Batticaloa,Eastern,EAST_NORTH,7.626843,81.725791,Coastal Erosion,2,MEDIUM,6529,0,0,0,Dry Rations,153,RESOLVED,LOCAL_AUTHORITY,FIELD_REPORT,SINHALA,RAINY,True,False,False,False,,3,1,1,0,False,AGRICULTURAL,853662,True,11,16,1
INC-2021-0358,2021-11-03T11:07:49.000Z,Gampaha,Western,WET,7.167398,79.955834,Flash Flood,2,MEDIUM,173,0,0,0,Rescue Teams|Dry Rations|Water Pumps|Medical Kits,57,RESOLVED,VOLUNTEER,MOBILE_APP,SINHALA,PARTLY_CLOUDY,False,False,False,False,,0,0,0,0,False,RESIDENTIAL,11744855,True,11,11,2
INC-2021-1472,2021-11-04T09:05:30.000Z,Jaffna,Northern,EAST_NORTH,9.720125,80.115415,Flood,2,MEDIUM,11714,0,0,0,Dry Rations,71,RESOLVED,VOLUNTEER,MOBILE_APP,SINHALA,FOG,True,False,False,True,LOCAL_AUTHORITY,3,3,0,0,False,INFRASTRUCTURE,78045902,True,11,9,3
INC-2021-0607,2021-11-06T04:56:56.000Z,Ampara,Eastern,EAST_NORTH,7.337229,81.521277,Building Collapse,2,MEDIUM,708,0,0,0,Excavators|Medical Kits|Search Dogs,351,RESOLVED,CITIZEN,WEB_DASHBOARD,SINHALA,OVERCAST,True,False,False,True,VOLUNTEER,0,0,0,0,False,AGRICULTURAL,2450508,True,11,4,5
INC-2021-1040,2021-11-06T13:42:08.000Z,Mannar,Northern,EAST_NORTH,9.113711,79.832146,Flood,2,MEDIUM,320,0,0,0,Rescue Teams|Water Pumps|Boats,260,RESOLVED,CITIZEN,SMS,SINHALA,PARTLY_CLOUDY,False,False,False,False,,3,4,4,0,False,AGRICULTURAL,519080,True,11,13,5
INC-2021-1148,2021-11-09T10:34:18.000Z,Trincomalee,Eastern,EAST_NORTH,8.577424,81.094741,Flood,2,MEDIUM,3529,0,0,0,Rescue Teams|Medical Kits|Tarpaulins|Water Pumps,187,RESOLVED,CITIZEN,MOBILE_APP,SINHALA,RAINY,False,False,False,False,,2,3,1,0,True,MIXED,628787,True,11,10,1
INC-2021-0353,2021-11-12T06:24:48.000Z,Trincomalee,Eastern,EAST_NORTH,8.587939,81.062433,Flood,1,LOW,355,0,0,0,Rescue Teams,257,RESOLVED,CITIZEN,MOBILE_APP,SINHALA,RAINY,True,False,False,True,VOLUNTEER,0,0,0,0,False,RESIDENTIAL,0,True,11,6,4
INC-2021-1113,2021-11-13T17:51:44.000Z,Kalutara,Western,WET,6.452354,80.09833,Flash Flood,2,MEDIUM,65,0,0,0,Water Pumps|Rescue Teams|Medical Kits,53,RESOLVED,CITIZEN,MOBILE_APP,ENGLISH,FOG,True,False,True,False,,3,1,1,0,False,NONE,0,True,11,17,5
INC-2021-0125,2021-11-17T18:08:29.000Z,Kurunegala,NorthWestern,DRY,7.482546,80.322687,Medical Emergency,1,LOW,2288,0,0,0,Blood Supplies|Rescue Teams,133,RESOLVED,VOLUNTEER,MOBILE_APP,ENGLISH,SUNNY,False,False,False,False,,0,0,0,0,False,MIXED,0,True,11,18,2
INC-2021-0752,2021-11-18T19:53:44.000Z,Trincomalee,Eastern,EAST_NORTH,8.599689,81.03119,Flood,2,MEDIUM,560,0,0,0,Water Pumps|Tarpaulins|Medical Kits|Dry Rations,159,RESOLVED,CITIZEN,MOBILE_APP,SINHALA,PARTLY_CLOUDY,False,False,False,False,,0,0,0,0,False,RESIDENTIAL,587259,True,11,19,3
INC-2021-0240,2021-11-19T06:09:13.000Z,Kurunegala,NorthWestern,DRY,7.592252,80.210672,High Winds/Cyclone,1,LOW,174,0,0,0,Emergency Shelters|Dry Rations|Medical Kits,266,RESOLVED,VOLUNTEER,MOBILE_APP,SINHALA,STORMY,True,False,False,True,GRAMA_NILADHARI,0,0,0,0,False,AGRICULTURAL,0,True,11,6,4
INC-2021-0883,2021-11-20T02:40:35.000Z,Kalutara,Western,WET,6.534775,80.019094,Medical Emergency,2,MEDIUM,1232,0,0,0,Ambulances|Blood Supplies|Medical Kits|Rescue Teams,139,RESOLVED,CITIZEN,PHONE_CALL,ENGLISH,STORMY,False,False,False,False,,0,0,0,0,False,NONE,0,True,11,2,5
INC-2021-0997,2021-11-20T05:21:30.000Z,Ampara,Eastern,EAST_NORTH,7.446582,81.512953,Flood,1,LOW,1312,0,0,0,Boats,164,RESOLVED,CITIZEN,MOBILE_APP,ENGLISH,PARTLY_CLOUDY,True,False,False,False,,0,0,0,0,False,MIXED,0,True,11,5,5
INC-2021-0145,2021-11-20T17:36:01.000Z,Hambantota,Southern,DRY,6.155639,81.174155,Flood,2,MEDIUM,866,0,0,0,Medical Kits|Dry Rations,153,RESOLVED,CITIZEN,WEB_DASHBOARD,SINHALA,RAINY,False,False,False,True,GRAMA_NILADHARI,3,1,1,0,False,RESIDENTIAL,324186,True,11,17,5
INC-2021-0810,2021-11-24T20:56:20.000Z,Colombo,Western,WET,6.882721,79.932484,Flash Flood,3,HIGH,1295,168,0,0,Dry Rations|Rescue Teams|Water Pumps|Medical Kits,48,RESOLVED,CITIZEN,SMS,SINHALA,RAINY,False,False,False,True,VOLUNTEER,2,2,2,42,False,NONE,0,True,11,20,2
INC-2021-1421,2021-11-27T13:17:40.000Z,Gampaha,Western,WET,7.044135,79.922188,Flood,2,MEDIUM,33515,0,0,0,Medical Kits,81,RESOLVED,SENSOR,WEB_DASHBOARD,ENGLISH,STORMY,False,False,True,True,VOLUNTEER,2,3,0,0,False,RESIDENTIAL,73032,True,11,13,5
INC-2021-0042,2021-11-29T11:00:26.000Z,Ampara,Eastern,EAST_NORTH,7.463365,81.830652,Landslide,1,LOW,3715,0,0,0,Excavators,235,RESOLVED,CITIZEN,PHONE_CALL,SINHALA,FOG,False,False,False,True,GRAMA_NILADHARI,0,0,0,0,False,INFRASTRUCTURE,0,True,11,11,0
INC-2021-0527,2021-11-30T06:19:46.000Z,Jaffna,Northern,EAST_NORTH,9.610115,80.026664,Flood,2,MEDIUM,12505,0,0,0,Boats|Medical Kits|Water Pumps,386,RESOLVED,VOLUNTEER,MOBILE_APP,ENGLISH,FOG,True,True,False,True,GRAMA_NILADHARI,2,2,1,0,False,AGRICULTURAL,818874,True,11,6,1
INC-2021-1211,2021-12-01T20:40:44.000Z,Kandy,Central,HILL,7.187941,80.735956,Flood,1,LOW,645,0,0,0,Rescue Teams|Dry Rations,58,RESOLVED,DMC_OFFICER,FIELD_REPORT,SINHALA,RAINY,False,True,False,True,DMC_OFFICER,0,0,0,0,False,AGRICULTURAL,0,True,12,20,2
INC-2021-0111,2021-12-02T03:17:51.000Z,Trincomalee,Eastern,EAST_NORTH,8.415747,81.12399,Flash Flood,2,MEDIUM,636,0,0,0,Boats|Rescue Teams|Dry Rations|Medical Kits,109,RESOLVED,CITIZEN,MOBILE_APP,ENGLISH,FOG,False,False,False,True,DMC_OFFICER,2,2,2,0,False,RESIDENTIAL,788054,True,12,3,3
INC-2021-0040,2021-12-02T04:27:08.000Z,Ratnapura,Sabaragamuwa,WET,6.614113,80.572551,Landslide,1,LOW,9689,0,0,0,Dry Rations|Search Dogs|Medical Kits,458,RESOLVED,LOCAL_AUTHORITY,WEB_DASHBOARD,SINHALA,SUNNY,True,False,True,False,,0,0,0,0,False,INFRASTRUCTURE,0,True,12,4,3
INC-2021-0930,2021-12-02T06:43:29.000Z,Polonnaruwa,NorthCentral,DRY,7.962659,81.010427,Flash Flood,1,LOW,518,0,0,0,Boats,121,CLOSED,VOLUNTEER,WEB_DASHBOARD,SINHALA,RAINY,False,False,False,True,LOCAL_AUTHORITY,0,0,0,0,False,NONE,0,True,12,6,3
INC-2021-1100,2021-12-03T04:11:23.000Z,Monaragala,Uva,DRY,6.962984,81.4711,Earthquake,2,MEDIUM,1441,0,0,0,Ambulances,32,RESOLVED,SENSOR,FIELD_REPORT,TAMIL,FOG,False,False,False,True,VOLUNTEER,1,1,0,0,False,NONE,0,True,12,4,4
INC-2021-0530,2021-12-03T10:52:57.000Z,Matara,Southern,WET,5.912293,80.545798,Flood,1,LOW,2070,0,0,0,Water Pumps|Dry Rations,221,RESOLVED,CITIZEN,MOBILE_APP,SINHALA,OVERCAST,True,False,False,True,LOCAL_AUTHORITY,0,0,0,0,True,AGRICULTURAL,0,True,12,10,4
INC-2021-1107,2021-12-05T18:22:27.000Z,Matara,Southern,WET,5.857031,80.608885,Flood,2,MEDIUM,105,0,0,0,Boats|Dry Rations,56,RESOLVED,VOLUNTEER,FIELD_REPORT,SINHALA,STORMY,False,False,False,False,,2,1,0,0,False,MIXED,479067,True,12,18,6
INC-2021-0863,2021-12-06T11:40:37.000Z,NuwaraEliya,Central,HILL,6.850584,80.719772,Flash Flood,1,LOW,137,0,0,0,Medical Kits|Rescue Teams|Water Pumps|Boats,185,RESOLVED,MEDIA,MOBILE_APP,ENGLISH,PARTLY_CLOUDY,True,False,False,False,,0,0,0,0,False,RESIDENTIAL,0,True,12,11,0
INC-2021-1139,2021-12-07T11:25:39.000Z,Badulla,Uva,HILL,7.076149,81.046226,Flood,2,MEDIUM,666,0,0,0,Tarpaulins|Rescue Teams|Dry Rations|Medical Kits,51,CLOSED,SENSOR,MOBILE_APP,SINHALA,OVERCAST,True,True,False,False,,2,2,1,0,False,INFRASTRUCTURE,924423,True,12,11,1
INC-2021-0816,2021-12-07T11:53:10.000Z,Polonnaruwa,NorthCentral,DRY,8.023074,81.015745,Building Collapse,2,MEDIUM,7783,0,3,0,Medical Kits|Excavators,62,RESOLVED,DMC_OFFICER,MOBILE_APP,ENGLISH,STORMY,False,False,False,True,DMC_OFFICER,2,2,2,0,False,RESIDENTIAL,248354,True,12,11,1
INC-2021-0038,2021-12-07T18:22:27.000Z,Kilinochchi,Northern,EAST_NORTH,9.29068,80.412406,Flood,1,LOW,5382,0,0,0,Dry Rations|Boats,124,IN_PROGRESS,CITIZEN,MOBILE_APP,SINHALA,PARTLY_CLOUDY,False,False,False,False,,0,0,0,0,False,RESIDENTIAL,0,True,12,18,1
INC-2021-0905,2021-12-08T01:25:19.000Z,Matale,Central,HILL,7.568731,80.706919,Flash Flood,2,MEDIUM,3638,0,0,0,Dry Rations,169,CLOSED,DMC_OFFICER,WEB_DASHBOARD,SINHALA,RAINY,False,False,False,True,GRAMA_NILADHARI,0,0,0,0,False,NONE,0,True,12,1,2
INC-2021-0808,2021-12-12T06:00:43.000Z,Ratnapura,Sabaragamuwa,WET,6.682816,80.543997,Flood,1,LOW,1701,0,0,0,Medical Kits|Water Pumps,98,RESOLVED,VOLUNTEER,WEB_DASHBOARD,ENGLISH,RAINY,True,False,True,False,,0,0,0,0,False,RESIDENTIAL,0,True,12,6,6
INC-2021-0857,2021-12-12T18:05:21.000Z,Colombo,Western,WET,6.866663,79.856678,Flood,2,MEDIUM,1180,0,0,0,Water Pumps,39,RESOLVED,SENSOR,MOBILE_APP,ENGLISH,RAINY,False,False,False,False,,1,2,2,0,False,MIXED,4188412,True,12,18,6
INC-2021-0261,2021-12-13T02:57:08.000Z,Trincomalee,Eastern,EAST_NORTH,8.474909,81.185579,Flood,1,LOW,1264,0,0,0,Boats|Tarpaulins,295,CLOSED,CITIZEN,MOBILE_APP,ENGLISH,PARTLY_CLOUDY,False,False,False,False,,0,0,0,0,False,RESIDENTIAL,0,True,12,2,0
INC-2021-1135,2021-12-14T17:18:03.000Z,Matale,Central,HILL,7.459181,80.622487,High Winds/Cyclone,2,MEDIUM,685,0,0,0,Rescue Teams|Medical Kits|Dry Rations|Emergency Shelters,78,RESOLVED,VOLUNTEER,MOBILE_APP,ENGLISH,STORMY,True,False,False,True,LOCAL_AUTHORITY,2,2,0,0,False,RESIDENTIAL,1131012,True,12,17,1
INC-2021-0011,2021-12-15T22:35:53.000Z,Galle,Southern,WET,5.902157,80.312352,Flood,3,HIGH,11015,5085,0,0,Rescue Teams,47,RESOLVED,CITIZEN,MOBILE_APP,SINHALA,OVERCAST,True,False,False,True,LOCAL_AUTHORITY,4,5,1,847,True,MIXED,767956,True,12,22,2
INC-2021-0298,2021-12-19T05:10:52.000Z,NuwaraEliya,Central,HILL,6.901708,80.812907,Flood,2,MEDIUM,1049,0,0,0,Medical Kits|Water Pumps|Boats,337,RESOLVED,LOCAL_AUTHORITY,WEB_DASHBOARD,SINHALA,RAINY,False,False,False,True,VOLUNTEER,2,2,1,0,False,AGRICULTURAL,350232,True,12,5,6
INC-2021-0893,2021-12-20T07:20:11.000Z,Ratnapura,Sabaragamuwa,WET,6.72819,80.526452,Medical Emergency,2,MEDIUM,335,0,2,2,Rescue Teams,69,CLOSED,VOLUNTEER,MOBILE_APP,SINHALA,FOG,False,True,False,False,,2,2,0,0,False,INFRASTRUCTURE,6877260,True,12,7,0
INC-2021-1019,2021-12-23T19:33:34.000Z,Colombo,Western,WET,6.921971,79.939444,Flood,1,LOW,110,0,0,0,Rescue Teams|Tarpaulins|Boats,102,CLOSED,CITIZEN,MOBILE_APP,SINHALA,FOG,True,False,False,False,,0,0,0,0,False,AGRICULTURAL,0,True,12,19,3
INC-2021-0082,2021-12-28T00:31:27.000Z,Matara,Southern,WET,5.89284,80.72345,Flash Flood,2,MEDIUM,3716,0,0,0,Rescue Teams|Medical Kits|Water Pumps|Dry Rations,42,RESOLVED,VOLUNTEER,WEB_DASHBOARD,ENGLISH,OVERCAST,False,False,False,False,,1,1,1,0,False,MIXED,323421,True,12,0,1
INC-2022-1256,2022-01-01T02:30:37.000Z,Monaragala,Uva,DRY,6.61016,81.357448,Flash Flood,3,HIGH,14582,3749,2,1,Water Pumps|Rescue Teams,34,RESOLVED,DMC_OFFICER,WEB_DASHBOARD,SINHALA,RAINY,False,False,False,False,,7,5,0,749,False,RESIDENTIAL,6059804,False,1,2,5
INC-2022-0409,2022-01-01T15:04:51.000Z,Kalutara,Western,WET,6.672198,80.010891,Flood,1,LOW,612,0,0,0,Boats|Tarpaulins|Medical Kits|Water Pumps,177,CLOSED,MEDIA,WEB_DASHBOARD,ENGLISH,OVERCAST,False,False,False,True,LOCAL_AUTHORITY,0,0,0,0,False,INFRASTRUCTURE,0,False,1,15,5
INC-2022-0186,2022-01-09T10:15:45.000Z,Colombo,Western,WET,6.881952,79.913619,Flood,1,LOW,2047,0,0,0,Tarpaulins,184,RESOLVED,SENSOR,FIELD_REPORT,SINHALA,RAINY,False,False,True,True,GRAMA_NILADHARI,0,0,0,0,False,RESIDENTIAL,0,False,1,10,6
INC-2022-0753,2022-01-11T08:22:22.000Z,Monaragala,Uva,DRY,6.869044,81.471137,Drought,2,MEDIUM,203,0,0,0,Livestock Feed|Medical Kits|Water Tankers|Dry Rations,82,RESOLVED,CITIZEN,SMS,SINHALA,OVERCAST,False,False,False,True,LOCAL_AUTHORITY,3,1,0,0,False,RESIDENTIAL,1249102,False,1,8,1
INC-2022-0928,2022-01-11T23:29:39.000Z,Gampaha,Western,WET,7.043227,80.093946,Flood,2,MEDIUM,4848,0,0,0,Rescue Teams|Water Pumps|Dry Rations,77,RESOLVED,CITIZEN,MOBILE_APP,SINHALA,OVERCAST,False,True,False,False,,0,0,0,0,False,NONE,0,False,1,23,1
INC-2022-1079,2022-01-16T11:47:03.000Z,Mullaitivu,Northern,EAST_NORTH,9.341232,80.553754,Building Collapse,2,MEDIUM,145,0,0,0,Search Dogs,116,RESOLVED,VOLUNTEER,PHONE_CALL,SINHALA,FOG,False,False,False,False,,0,0,0,0,False,AGRICULTURAL,2295668,False,1,11,6
INC-2022-0219,2022-01-18T10:11:45.000Z,Batticaloa,Eastern,EAST_NORTH,7.752079,81.665149,Flash Flood,4,CRITICAL,22359,6845,2,0,Water Pumps|Rescue Teams|Boats|Dry Rations,21,RESOLVED,VOLUNTEER,SMS,SINHALA,OVERCAST,False,False,False,True,LOCAL_AUTHORITY,1,1,1,2281,False,NONE,0,False,1,10,1
INC-2022-1333,2022-01-18T15:56:17.000Z,Mullaitivu,Northern,EAST_NORTH,9.135791,80.6782,Forest Fire,1,LOW,3803,0,0,0,Fire Trucks|Rescue Teams|Helicopters|Water Tankers,186,RESOLVED,SENSOR,WEB_DASHBOARD,SINHALA,STORMY,False,False,False,True,LOCAL_AUTHORITY,0,0,0,0,False,INFRASTRUCTURE,0,False,1,15,1
INC-2022-0647,2022-01-20T02:41:29.000Z,Gampaha,Western,WET,7.023806,80.079485,Flood,1,LOW,736,0,0,0,Water Pumps|Tarpaulins|Boats,147,IN_PROGRESS,CITIZEN,SMS,SINHALA,FOG,True,False,False,True,LOCAL_AUTHORITY,0,0,0,0,False,MIXED,0,False,1,2,3
INC-2022-1494,2022-01-23T05:44:55.000Z,Colombo,Western,WET,6.889391,79.903379,Flash Flood,2,MEDIUM,320,0,0,0,Dry Rations,89,RESOLVED,CITIZEN,WEB_DASHBOARD,ENGLISH,OVERCAST,True,False,False,True,GRAMA_NILADHARI,2,3,2,0,False,INFRASTRUCTURE,1062600,False,1,5,6
INC-2022-0986,2022-01-25T01:25:17.000Z,Trincomalee,Eastern,EAST_NORTH,8.602566,81.291626,Forest Fire,3,HIGH,379,152,9,0,Rescue Teams|Medical Kits,76,IN_PROGRESS,DMC_OFFICER,MOBILE_APP,SINHALA,RAINY,False,True,False,True,GRAMA_NILADHARI,5,5,3,25,False,NONE,0,False,1,1,1
INC-2022-0232,2022-01-27T13:04:15.000Z,Colombo,Western,WET,6.918255,79.882094,Earthquake,2,MEDIUM,743,0,0,0,Excavators,66,RESOLVED,CITIZEN,MOBILE_APP,TAMIL,STORMY,False,True,False,False,,3,4,0,0,False,AGRICULTURAL,195103,False,1,13,3
INC-2022-1405,2022-01-29T07:07:20.000Z,Vavuniya,Northern,EAST_NORTH,8.816446,80.411686,Flash Flood,2,MEDIUM,23055,0,0,0,Rescue Teams|Dry Rations|Boats,57,RESOLVED,CITIZEN,SMS,ENGLISH,OVERCAST,True,False,False,False,,2,3,2,0,False,RESIDENTIAL,437346,False,1,7,5
INC-2022-1112,2022-01-30T01:50:12.000Z,Gampaha,Western,WET,7.129551,80.006315,Flood,2,MEDIUM,3486,0,0,0,Medical Kits|Tarpaulins|Dry Rations,112,RESOLVED,CITIZEN,WEB_DASHBOARD,ENGLISH,FOG,False,False,False,False,,2,1,1,0,False,RESIDENTIAL,1247136,False,1,1,6
INC-2022-0491,2022-01-30T22:55:43.000Z,Batticaloa,Eastern,EAST_NORTH,7.781755,81.59093,Flash Flood,2,MEDIUM,707,0,0,0,Rescue Teams|Medical Kits|Dry Rations|Boats,64,IN_PROGRESS,SENSOR,MOBILE_APP,TAMIL,RAINY,True,False,False,True,LOCAL_AUTHORITY,1,2,0,0,False,MIXED,420424,False,1,22,6
INC-2022-0514,2022-01-31T04:35:56.000Z,NuwaraEliya,Central,HILL,6.848171,80.746588,High Winds/Cyclone,2,MEDIUM,15086,0,0,0,Generators|Rescue Teams,67,RESOLVED,CITIZEN,MOBILE_APP,SINHALA,PARTLY_CLOUDY,False,False,False,False,,2,1,0,0,False,RESIDENTIAL,434105,False,1,4,0
INC-2022-0305,2022-02-02T10:20:03.000Z,Matale,Central,HILL,7.518683,80.720551,Flood,1,LOW,1511,0,0,0,Water Pumps|Boats|Rescue Teams|Medical Kits,196,RESOLVED,CITIZEN,MOBILE_APP,ENGLISH,RAINY,False,False,False,True,DMC_OFFICER,0,0,0,0,False,RESIDENTIAL,0,False,2,10,2
INC-2022-0654,2022-02-03T00:39:25.000Z,Kilinochchi,Northern,EAST_NORTH,9.312863,80.482949,Flood,2,MEDIUM,783,0,0,0,Dry Rations|Medical Kits,142,RESOLVED,VOLUNTEER,WEB_DASHBOARD,SINHALA,OVERCAST,False,False,False,True,GRAMA_NILADHARI,1,1,1,0,False,NONE,0,False,2,0,3
INC-2022-0495,2022-02-05T18:07:53.000Z,Colombo,Western,WET,6.853451,79.931313,Flood,1,LOW,4757,0,0,0,Tarpaulins,217,RESOLVED,VOLUNTEER,WEB_DASHBOARD,SINHALA,OVERCAST,True,False,False,True,VOLUNTEER,0,0,0,0,False,AGRICULTURAL,0,False,2,18,5
INC-2022-1160,2022-02-07T12:40:07.000Z,Hambantota,Southern,DRY,6.186351,81.140127,Flood,1,LOW,594,0,0,0,Medical Kits|Boats|Tarpaulins|Dry Rations,92,RESOLVED,SENSOR,WEB_DASHBOARD,ENGLISH,OVERCAST,False,False,False,False,,0,0,0,0,False,INFRASTRUCTURE,0,False,2,12,0
INC-2022-0156,2022-02-08T03:01:08.000Z,Kurunegala,NorthWestern,DRY,7.60287,80.295783,Building Collapse,3,HIGH,2578,1007,0,0,Medical Kits|Ambulances|Search Dogs,41,RESOLVED,CITIZEN,SMS,SINHALA,RAINY,False,False,False,True,DMC_OFFICER,8,8,5,335,False,MIXED,1231038,False,2,3,1
INC-2022-0101,2022-02-09T06:10:18.000Z,Ampara,Eastern,EAST_NORTH,7.478154,81.845666,Drought,2,MEDIUM,2468,0,1,4,Dry Rations|Water Tankers|Livestock Feed|Medical Kits,86,RESOLVED,DMC_OFFICER,MOBILE_APP,SINHALA,OVERCAST,True,False,False,False,,3,1,0,0,False,NONE,0,False,2,6,2
INC-2022-0718,2022-02-12T16:25:34.000Z,Kandy,Central,HILL,7.303353,80.650919,Drought,1,LOW,203,0,0,0,Water Tankers|Livestock Feed|Dry Rations|Medical Kits,197,RESOLVED,CITIZEN,WEB_DASHBOARD,TAMIL,STORMY,False,False,False,True,LOCAL_AUTHORITY,0,0,0,0,False,RESIDENTIAL,0,False,2,16,5
INC-2022-0159,2022-02-16T22:22:40.000Z,Kegalle,Sabaragamuwa,WET,7.294673,80.215536,Flash Flood,2,MEDIUM,1064,0,1,0,Rescue Teams|Water Pumps|Medical Kits,202,RESOLVED,CITIZEN,MOBILE_APP,SINHALA,OVERCAST,True,False,True,False,,3,1,0,0,False,RESIDENTIAL,1958521,False,2,22,2
INC-2022-0098,2022-02-17T14:29:11.000Z,Polonnaruwa,NorthCentral,DRY,8.182541,81.082335,Forest Fire,1,LOW,350,0,0,0,Water Tankers|Fire Trucks|Rescue Teams,107,RESOLVED,DMC_OFFICER,PHONE_CALL,SINHALA,PARTLY_CLOUDY,False,False,False,False,,0,0,0,0,False,INFRASTRUCTURE,0,False,2,14,3
INC-2022-0904,2022-02-19T08:25:19.000Z,Ampara,Eastern,EAST_NORTH,7.208777,81.579787,Flood,2,MEDIUM,7848,0,0,0,Tarpaulins|Water Pumps|Dry Rations|Boats,215,RESOLVED,CITIZEN,MOBILE_APP,SINHALA,STORMY,False,False,False,False,,2,2,0,0,False,MIXED,1065608,False,2,8,5
INC-2022-1031,2022-02-19T10:54:27.000Z,Galle,Southern,WET,6.055121,80.216473,Flash Flood,2,MEDIUM,6534,0,0,0,Boats,56,RESOLVED,MEDIA,MOBILE_APP,TAMIL,PARTLY_CLOUDY,False,True,False,False,,3,4,3,0,False,AGRICULTURAL,269455,False,2,10,5
INC-2022-0335,2022-02-22T02:16:59.000Z,Kandy,Central,HILL,7.357358,80.504261,Building Collapse,3,HIGH,134,66,1,2,Ambulances,59,RESOLVED,VOLUNTEER,MOBILE_APP,SINHALA,RAINY,False,True,False,True,DMC_OFFICER,4,4,1,22,False,RESIDENTIAL,2947532,False,2,2,1
INC-2022-1365,2022-03-02T12:42:26.000Z,Kalutara,Western,WET,6.482379,79.902055,Flood,1,LOW,123,0,0,0,Water Pumps|Medical Kits|Dry Rations|Tarpaulins,224,RESOLVED,CITIZEN,WEB_DASHBOARD,SINHALA,STORMY,False,False,False,False,,0,0,0,0,False,MIXED,0,False,3,12,2
INC-2022-1092,2022-03-05T12:20:39.000Z,Anuradhapura,NorthCentral,DRY,8.264374,80.254978,Flood,1,LOW,30,0,0,0,Tarpaulins|Water Pumps|Dry Rations,128,RESOLVED,CITIZEN,SMS,ENGLISH,RAINY,True,False,False,False,,0,0,0,0,False,NONE,0,False,3,12,5
INC-2022-0057,2022-03-09T09:04:40.000Z,Gampaha,Western,WET,7.188838,80.093477,Flash Flood,1,LOW,504,0,0,0,Medical Kits|Boats|Rescue Teams,281,IN_PROGRESS,VOLUNTEER,WEB_DASHBOARD,TAMIL,RAINY,True,False,False,False,,0,0,0,0,False,NONE,0,False,3,9,2
INC-2022-1247,2022-03-12T15:56:09.000Z,Puttalam,NorthWestern,DRY,7.862616,80.139414,Medical Emergency,2,MEDIUM,1586,0,0,0,Medical Kits,91,RESOLVED,LOCAL_AUTHORITY,WEB_DASHBOARD,SINHALA,FOG,False,False,False,True,GRAMA_NILADHARI,2,1,1,0,False,RESIDENTIAL,1920721,False,3,15,5
INC-2022-0205,2022-03-14T14:28:47.000Z,Ampara,Eastern,EAST_NORTH,7.323613,81.86505,Landslide,1,LOW,186,0,0,0,Ambulances|Excavators|Rescue Teams,684,RESOLVED,VOLUNTEER,MOBILE_APP,ENGLISH,FOG,False,False,False,True,DMC_OFFICER,0,0,0,0,False,MIXED,0,False,3,14,0
INC-2022-1138,2022-03-15T12:13:37.000Z,Vavuniya,Northern,EAST_NORTH,8.763939,80.518894,Flash Flood,2,MEDIUM,571,0,0,0,Water Pumps,309,RESOLVED,CITIZEN,MOBILE_APP,TAMIL,OVERCAST,False,False,False,True,VOLUNTEER,2,1,1,0,False,NONE,0,False,3,12,1
INC-2022-1433,2022-03-15T15:44:06.000Z,Polonnaruwa,NorthCentral,DRY,7.803198,81.006767,Forest Fire,1,LOW,646,0,0,0,Fire Trucks,145,RESOLVED,CITIZEN,MOBILE_APP,TAMIL,STORMY,False,False,True,True,LOCAL_AUTHORITY,0,0,0,0,False,MIXED,0,False,3,15,1
INC-2022-0313,2022-03-17T17:39:21.000Z,Batticaloa,Eastern,EAST_NORTH,7.898507,81.606156,Building Collapse,1,LOW,447,0,0,0,Ambulances|Medical Kits,549,RESOLVED,CITIZEN,MOBILE_APP,SINHALA,PARTLY_CLOUDY,False,False,False,False,,0,0,0,0,False,AGRICULTURAL,0,False,3,17,3
INC-2022-0593,2022-03-17T19:43:03.000Z,Anuradhapura,NorthCentral,DRY,8.11723,80.219201,Drought,1,LOW,547,0,0,0,Water Tankers|Dry Rations|Medical Kits,89,RESOLVED,LOCAL_AUTHORITY,MOBILE_APP,TAMIL,PARTLY_CLOUDY,False,False,False,False,,0,0,0,0,False,RESIDENTIAL,0,False,3,19,3
INC-2022-0130,2022-03-21T04:43:37.000Z,Matara,Southern,WET,5.97521,80.688005,Flood,2,MEDIUM,51332,0,0,0,Rescue Teams|Tarpaulins|Dry Rations,67,RESOLVED,SENSOR,SMS,ENGLISH,RAINY,False,False,False,False,,2,2,1,0,False,MIXED,2991458,False,3,4,0
INC-2022-1024,2022-03-22T13:53:26.000Z,Ratnapura,Sabaragamuwa,WET,6.741074,80.31479,Flood,1,LOW,1414,0,0,0,Water Pumps,316,RESOLVED,CITIZEN,MOBILE_APP,TAMIL,RAINY,False,True,False,False,,0,0,0,0,False,AGRICULTURAL,0,False,3,13,1
INC-2022-0658,2022-03-23T18:42:04.000Z,Kurunegala,NorthWestern,DRY,7.523369,80.423612,Flood,2,MEDIUM,492,0,0,0,Medical Kits|Dry Rations|Boats|Rescue Teams,97,RESOLVED,CITIZEN,PHONE_CALL,SINHALA,OVERCAST,False,False,True,True,VOLUNTEER,1,1,0,0,False,NONE,0,False,3,18,2
INC-2022-0217,2022-03-23T19:16:09.000Z,Kurunegala,NorthWestern,DRY,7.403708,80.447333,Drought,1,LOW,319,0,0,0,Medical Kits|Livestock Feed,165,RESOLVED,VOLUNTEER,WEB_DASHBOARD,SINHALA,PARTLY_CLOUDY,False,False,False,True,DMC_OFFICER,0,0,0,0,False,MIXED,0,False,3,19,2
INC-2022-0581,2022-03-24T23:44:19.000Z,Matara,Southern,WET,5.827833,80.597698,Drought,1,LOW,148,0,0,0,Dry Rations|Livestock Feed|Water Tankers,71,RESOLVED,DMC_OFFICER,PHONE_CALL,TAMIL,SUNNY,True,False,False,True,LOCAL_AUTHORITY,0,0,0,0,False,INFRASTRUCTURE,0,False,3,23,3
INC-2022-1420,2022-03-25T19:51:24.000Z,Kilinochchi,Northern,EAST_NORTH,9.399483,80.498043,Flood,2,MEDIUM,27905,0,0,0,Rescue Teams,135,RESOLVED,CITIZEN,MOBILE_APP,SINHALA,RAINY,False,False,False,True,LOCAL_AUTHORITY,3,1,1,0,False,NONE,0,False,3,19,4
INC-2022-1282,2022-03-25T20:43:51.000Z,Mannar,Northern,EAST_NORTH,9.156742,80.048409,High Winds/Cyclone,2,MEDIUM,1314,0,0,0,Medical Kits,136,RESOLVED,DMC_OFFICER,MOBILE_APP,SINHALA,STORMY,True,True,False,False,,0,0,0,0,False,NONE,0,False,3,20,4
INC-2022-0412,2022-03-28T18:50:10.000Z,Kandy,Central,HILL,7.328469,80.579127,Landslide,2,MEDIUM,6223,0,0,0,Search Dogs|Rescue Teams|Medical Kits,205,RESOLVED,CITIZEN,MOBILE_APP,SINHALA,OVERCAST,True,False,False,False,,3,1,0,0,False,AGRICULTURAL,1395277,False,3,18,0
INC-2022-0018,2022-04-01T16:00:30.000Z,NuwaraEliya,Central,HILL,6.910645,80.681704,Landslide,2,MEDIUM,402,0,2,1,Ambulances|Medical Kits,170,RESOLVED,SENSOR,SMS,SINHALA,SUNNY,False,False,False,False,,0,0,0,0,False,MIXED,1357908,False,4,16,4
INC-2022-0637,2022-04-01T19:51:27.000Z,Galle,Southern,WET,6.033143,80.10518,Landslide,1,LOW,187,0,0,0,Search Dogs,277,RESOLVED,LOCAL_AUTHORITY,WEB_DASHBOARD,ENGLISH,SUNNY,False,False,False,True,GRAMA_NILADHARI,0,0,0,0,False,NONE,0,False,4,19,4
INC-2022-0010,2022-04-03T12:03:16.000Z,Matara,Southern,WET,5.981978,80.785745,Flood,2,MEDIUM,285,0,0,0,Tarpaulins|Dry Rations,107,RESOLVED,VOLUNTEER,MOBILE_APP,ENGLISH,FOG,False,False,False,True,VOLUNTEER,1,1,1,0,True,NONE,0,False,4,12,6
INC-2022-1099,2022-04-05T11:39:43.000Z,Polonnaruwa,NorthCentral,DRY,8.125455,81.015792,Flash Flood,3,HIGH,4376,1677,1,0,Dry Rations|Rescue Teams|Boats,20,IN_PROGRESS,DMC_OFFICER,MOBILE_APP,ENGLISH,OVERCAST,True,False,True,True,DMC_OFFICER,4,1,1,419,False,MIXED,123027,False,4,11,1
INC-2022-0715,2022-04-05T16:45:02.000Z,Matara,Southern,WET,5.827408,80.476006,Flash Flood,2,MEDIUM,3422,0,0,0,Rescue Teams,79,RESOLVED,CITIZEN,SMS,TAMIL,RAINY,True,False,False,False,,3,1,0,0,False,RESIDENTIAL,6096152,False,4,16,1
INC-2022-0408,2022-04-07T01:31:22.000Z,NuwaraEliya,Central,HILL,6.898834,80.63906,Landslide,2,MEDIUM,6979,0,0,0,Dry Rations|Rescue Teams,104,IN_PROGRESS,CITIZEN,WEB_DASHBOARD,ENGLISH,STORMY,False,False,False,True,VOLUNTEER,0,0,0,0,False,INFRASTRUCTURE,72793,False,4,1,3
INC-2022-0984,2022-04-08T20:25:45.000Z,Ratnapura,Sabaragamuwa,WET,6.646731,80.493382,Flash Flood,3,HIGH,20960,8421,0,0,Rescue Teams|Dry Rations|Water Pumps|Medical Kits,26,RESOLVED,DMC_OFFICER,WEB_DASHBOARD,ENGLISH,STORMY,True,False,False,True,LOCAL_AUTHORITY,2,1,1,1403,True,NONE,0,False,4,20,4
INC-2022-1225,2022-04-09T12:42:23.000Z,Kalutara,Western,WET,6.616305,80.143034,High Winds/Cyclone,1,LOW,2169,0,0,0,Medical Kits,49,RESOLVED,DMC_OFFICER,WEB_DASHBOARD,TAMIL,STORMY,True,False,False,False,,0,0,0,0,False,RESIDENTIAL,0,False,4,12,5
INC-2022-1074,2022-04-09T17:07:46.000Z,Ampara,Eastern,EAST_NORTH,7.150123,81.855905,Landslide,2,MEDIUM,220,0,0,0,Ambulances|Rescue Teams,82,RESOLVED,VOLUNTEER,FIELD_REPORT,SINHALA,OVERCAST,False,False,False,True,VOLUNTEER,0,0,0,0,True,MIXED,3557458,False,4,17,5
INC-2022-1412,2022-04-11T03:04:16.000Z,Hambantota,Southern,DRY,6.269168,81.288132,Flood,2,MEDIUM,19993,0,0,0,Rescue Teams|Water Pumps|Boats,34,RESOLVED,DMC_OFFICER,FIELD_REPORT,TAMIL,RAINY,False,False,False,False,,2,1,0,0,False,NONE,0,False,4,3,0
INC-2022-0547,2022-04-11T13:54:49.000Z,Mannar,Northern,EAST_NORTH,8.805399,80.089908,Building Collapse,2,MEDIUM,386,0,2,0,Ambulances,169,RESOLVED,CITIZEN,WEB_DASHBOARD,SINHALA,OVERCAST,False,False,False,True,LOCAL_AUTHORITY,1,2,1,0,False,AGRICULTURAL,1610835,False,4,13,0
INC-2022-1392,2022-04-11T19:45:05.000Z,Colombo,Western,WET,6.942335,79.910976,Flood,2,MEDIUM,6421,0,0,0,Boats|Medical Kits|Tarpaulins|Rescue Teams,95,RESOLVED,CITIZEN,WEB_DASHBOARD,SINHALA,RAINY,True,False,False,True,GRAMA_NILADHARI,2,1,0,0,False,INFRASTRUCTURE,3870046,False,4,19,0
INC-2022-1272,2022-04-13T06:34:04.000Z,Mannar,Northern,EAST_NORTH,9.026543,80.070506,Flood,1,LOW,281,0,0,0,Water Pumps|Boats|Rescue Teams,177,RESOLVED,CITIZEN,SMS,SINHALA,FOG,False,False,True,True,LOCAL_AUTHORITY,0,0,0,0,False,MIXED,0,False,4,6,2
INC-2022-1352,2022-04-14T21:53:12.000Z,NuwaraEliya,Central,HILL,6.825368,80.716701,Landslide,2,MEDIUM,1518,0,0,0,Medical Kits|Search Dogs|Excavators|Dry Rations,89,RESOLVED,DMC_OFFICER,MOBILE_APP,ENGLISH,FOG,True,True,False,True,DMC_OFFICER,1,1,0,0,False,MIXED,1420251,False,4,21,3
INC-2022-0865,2022-04-17T15:28:30.000Z,Kurunegala,NorthWestern,DRY,7.552852,80.35227,Landslide,2,MEDIUM,1038,0,0,0,Excavators|Search Dogs|Dry Rations,58,RESOLVED,CITIZEN,MOBILE_APP,SINHALA,SUNNY,False,False,False,True,GRAMA_NILADHARI,3,4,3,0,False,RESIDENTIAL,6361401,False,4,15,6
INC-2022-0851,2022-04-18T00:27:48.000Z,Hambantota,Southern,DRY,6.037369,81.073858,Drought,2,MEDIUM,1483,0,0,0,Dry Rations|Water Tankers|Livestock Feed|Medical Kits,132,CLOSED,CITIZEN,MOBILE_APP,SINHALA,OVERCAST,False,False,True,False,,3,4,3,0,False,RESIDENTIAL,5649884,False,4,0,0
INC-2022-1271,2022-04-19T13:16:31.000Z,Ratnapura,Sabaragamuwa,WET,6.51726,80.534023,Landslide,3,HIGH,16450,2184,1,0,Medical Kits|Dry Rations|Rescue Teams|Excavators,44,RESOLVED,CITIZEN,SMS,SINHALA,FOG,False,False,False,True,DMC_OFFICER,6,3,1,728,False,NONE,0,False,4,13,1
INC-2022-0180,2022-04-20T05:08:47.000Z,Kegalle,Sabaragamuwa,WET,7.165706,80.468729,Landslide,2,MEDIUM,1001,0,1,0,Excavators|Search Dogs|Medical Kits,53,RESOLVED,VOLUNTEER,FIELD_REPORT,SINHALA,STORMY,False,False,True,False,,2,3,0,0,False,AGRICULTURAL,3572050,False,4,5,2
INC-2022-0037,2022-04-21T16:59:34.000Z,Ampara,Eastern,EAST_NORTH,7.388514,81.626219,Earthquake,2,MEDIUM,6365,0,2,1,Rescue Teams|Emergency Shelters,176,RESOLVED,VOLUNTEER,WEB_DASHBOARD,TAMIL,SUNNY,False,False,False,False,,0,0,0,0,False,INFRASTRUCTURE,2551367,False,4,16,3
INC-2022-1325,2022-04-21T18:16:26.000Z,Kandy,Central,HILL,7.107702,80.724938,Building Collapse,2,MEDIUM,561,0,0,0,Search Dogs|Ambulances|Medical Kits|Excavators,92,CLOSED,VOLUNTEER,PHONE_CALL,SINHALA,PARTLY_CLOUDY,False,False,False,True,GRAMA_NILADHARI,3,1,1,0,False,AGRICULTURAL,10523779,False,4,18,3
INC-2022-0973,2022-04-24T02:04:49.000Z,Kilinochchi,Northern,EAST_NORTH,9.270503,80.354277,Drought,1,LOW,112,0,0,0,Livestock Feed|Water Tankers|Medical Kits,532,CLOSED,DMC_OFFICER,MOBILE_APP,TAMIL,PARTLY_CLOUDY,False,False,False,True,DMC_OFFICER,0,0,0,0,False,NONE,0,False,4,2,6
INC-2022-1120,2022-04-25T23:13:23.000Z,Kandy,Central,HILL,7.268912,80.636828,Landslide,2,MEDIUM,1931,0,0,0,Search Dogs|Excavators|Dry Rations,98,RESOLVED,DMC_OFFICER,WEB_DASHBOARD,SINHALA,PARTLY_CLOUDY,False,False,False,True,LOCAL_AUTHORITY,3,4,2,0,False,NONE,0,False,4,23,0
INC-2022-0881,2022-04-29T13:36:51.000Z,Hambantota,Southern,DRY,6.266876,81.298089,High Winds/Cyclone,2,MEDIUM,14053,0,0,0,Generators|Rescue Teams,140,RESOLVED,CITIZEN,FIELD_REPORT,TAMIL,SUNNY,False,False,False,False,,0,0,0,0,False,RESIDENTIAL,88384,False,4,13,4
INC-2022-1393,2022-04-29T14:27:45.000Z,Badulla,Uva,HILL,6.915981,81.266808,Flood,2,MEDIUM,9539,0,0,0,Water Pumps|Rescue Teams|Medical Kits,68,RESOLVED,CITIZEN,WEB_DASHBOARD,SINHALA,PARTLY_CLOUDY,False,False,False,False,,1,2,1,0,False,AGRICULTURAL,314340,False,4,14,4
INC-2022-1273,2022-05-01T12:06:05.000Z,Kurunegala,NorthWestern,DRY,7.445343,80.441219,Flood,2,MEDIUM,602,0,0,0,Dry Rations|Medical Kits|Boats|Water Pumps,113,RESOLVED,CITIZEN,WEB_DASHBOARD,TAMIL,OVERCAST,False,False,False,False,,0,0,0,0,True,NONE,0,True,5,12,6
INC-2022-0478,2022-05-05T18:22:04.000Z,Polonnaruwa,NorthCentral,DRY,8.196434,81.133719,Flood,2,MEDIUM,10769,0,0,0,Water Pumps|Rescue Teams|Dry Rations|Medical Kits,222,CLOSED,VOLUNTEER,MOBILE_APP,SINHALA,RAINY,True,False,False,True,LOCAL_AUTHORITY,2,3,2,0,False,AGRICULTURAL,131747,True,5,18,3
INC-2022-0019,2022-05-09T14:46:23.000Z,Anuradhapura,NorthCentral,DRY,8.152328,80.591919,Flash Flood,3,HIGH,3220,560,3,0,Water Pumps|Dry Rations,27,RESOLVED,CITIZEN,WEB_DASHBOARD,SINHALA,PARTLY_CLOUDY,True,False,False,True,GRAMA_NILADHARI,6,5,4,140,True,INFRASTRUCTURE,2478015,True,5,14,0
INC-2022-0728,2022-05-10T04:32:39.000Z,Matale,Central,HILL,7.666807,80.798305,Flash Flood,2,MEDIUM,8320,0,0,0,Medical Kits|Boats,50,RESOLVED,CITIZEN,WEB_DASHBOARD,ENGLISH,PARTLY_CLOUDY,False,False,False,False,,3,1,1,0,False,RESIDENTIAL,163397,True,5,4,1
INC-2022-0203,2022-05-10T06:02:12.000Z,Mannar,Northern,EAST_NORTH,9.084438,80.067712,Forest Fire,2,MEDIUM,1563,0,0,0,Helicopters|Water Tankers|Rescue Teams,111,RESOLVED,DMC_OFFICER,SMS,ENGLISH,FOG,False,False,False,False,,2,3,1,0,False,MIXED,2453260,True,5,6,1
INC-2022-0849,2022-05-11T17:09:50.000Z,Puttalam,NorthWestern,DRY,8.014089,79.850969,Flood,2,MEDIUM,1381,0,0,0,Tarpaulins,134,RESOLVED,VOLUNTEER,MOBILE_APP,TAMIL,FOG,True,False,False,True,DMC_OFFICER,2,2,1,0,False,AGRICULTURAL,4643883,True,5,17,2
INC-2022-1436,2022-05-12T20:09:17.000Z,Galle,Southern,WET,6.159898,80.257803,Flash Flood,1,LOW,440,0,0,0,Dry Rations|Medical Kits|Boats,141,RESOLVED,CITIZEN,PHONE_CALL,SINHALA,FOG,True,False,False,True,GRAMA_NILADHARI,0,0,0,0,False,RESIDENTIAL,0,True,5,20,3
INC-2022-0031,2022-05-14T12:19:01.000Z,Colombo,Western,WET,6.933192,79.875227,Forest Fire,2,MEDIUM,6738,0,0,0,Medical Kits,83,RESOLVED,VOLUNTEER,WEB_DASHBOARD,ENGLISH,STORMY,False,False,False,False,,0,0,0,0,False,AGRICULTURAL,1023980,True,5,12,5
INC-2022-0887,2022-05-14T15:35:39.000Z,Matale,Central,HILL,7.506878,80.527609,Forest Fire,2,MEDIUM,9205,0,0,0,Medical Kits|Helicopters,91,RESOLVED,CITIZEN,MOBILE_APP,SINHALA,STORMY,True,True,False,False,,0,0,0,0,False,AGRICULTURAL,2880762,True,5,15,5
INC-2022-0357,2022-05-21T19:21:45.000Z,Polonnaruwa,NorthCentral,DRY,7.983432,81.05136,Flood,2,MEDIUM,1459,0,2,0,Rescue Teams|Dry Rations|Tarpaulins,144,RESOLVED,CITIZEN,MOBILE_APP,ENGLISH,RAINY,False,False,False,False,,1,1,1,0,False,MIXED,2157370,True,5,19,5
INC-2022-1310,2022-05-21T19:52:30.000Z,NuwaraEliya,Central,HILL,6.918972,80.789064,Building Collapse,3,HIGH,1165,199,6,0,Rescue Teams|Ambulances,22,PENDING,CITIZEN,PHONE_CALL,TAMIL,FOG,False,False,False,True,GRAMA_NILADHARI,5,6,5,49,False,INFRASTRUCTURE,6564498,True,5,19,5
INC-2022-1078,2022-05-24T20:51:48.000Z,Mannar,Northern,EAST_NORTH,8.933805,80.092583,Flood,2,MEDIUM,1790,0,0,0,Dry Rations|Water Pumps|Medical Kits|Rescue Teams,88,CLOSED,VOLUNTEER,MOBILE_APP,SINHALA,STORMY,False,True,False,False,,3,3,1,0,False,AGRICULTURAL,14163023,True,5,20,1
INC-2022-1124,2022-05-25T04:33:01.000Z,Colombo,Western,WET,6.893462,79.879854,Flood,1,LOW,305,0,0,0,Dry Rations|Tarpaulins|Rescue Teams,266,RESOLVED,CITIZEN,FIELD_REPORT,SINHALA,STORMY,False,False,False,False,,0,0,0,0,False,NONE,0,True,5,4,2
INC-2022-0811,2022-05-27T13:27:54.000Z,Kurunegala,NorthWestern,DRY,7.512803,80.380258,Forest Fire,1,LOW,2542,0,0,0,Rescue Teams,95,RESOLVED,DMC_OFFICER,MOBILE_APP,ENGLISH,FOG,True,True,False,False,,0,0,0,0,False,MIXED,0,True,5,13,4
INC-2022-0877,2022-05-27T14:52:54.000Z,Polonnaruwa,NorthCentral,DRY,8.07509,81.173781,Flood,1,LOW,1735,0,0,0,Medical Kits|Tarpaulins|Boats|Dry Rations,325,RESOLVED,CITIZEN,MOBILE_APP,SINHALA,PARTLY_CLOUDY,False,False,False,False,,0,0,0,0,False,RESIDENTIAL,0,True,5,14,4
INC-2022-1357,2022-05-28T09:28:01.000Z,Ratnapura,Sabaragamuwa,WET,6.58018,80.478504,Flood,2,MEDIUM,6983,0,0,0,Boats|Water Pumps,95,CLOSED,VOLUNTEER,WEB_DASHBOARD,TAMIL,STORMY,False,False,False,True,DMC_OFFICER,0,0,0,0,False,NONE,0,True,5,9,5
INC-2022-1431,2022-05-29T05:41:20.000Z,Ampara,Eastern,EAST_NORTH,7.42349,81.873695,Coastal Erosion,2,MEDIUM,2714,0,0,0,Emergency Shelters|Dry Rations|Boats|Rescue Teams,77,RESOLVED,SENSOR,MOBILE_APP,SINHALA,STORMY,True,False,False,True,GRAMA_NILADHARI,0,0,0,0,False,NONE,0,True,5,5,6
INC-2022-0641,2022-05-29T12:18:11.000Z,Trincomalee,Eastern,EAST_NORTH,8.636449,81.100496,Flood,2,MEDIUM,2581,0,1,4,Tarpaulins|Dry Rations|Medical Kits|Rescue Teams,366,RESOLVED,VOLUNTEER,SMS,SINHALA,PARTLY_CLOUDY,True,True,False,False,,0,0,0,0,False,AGRICULTURAL,25181232,True,5,12,6
INC-2022-0071,2022-05-30T00:23:15.000Z,Puttalam,NorthWestern,DRY,8.037254,80.010774,Earthquake,2,MEDIUM,15909,0,0,0,Search Dogs|Rescue Teams|Excavators,39,IN_PROGRESS,CITIZEN,MOBILE_APP,SINHALA,RAINY,True,False,False,False,,2,2,1,0,False,MIXED,1292549,True,5,0,0
INC-2022-0351,2022-05-31T12:33:27.000Z,Puttalam,NorthWestern,DRY,8.122965,80.109025,Earthquake,2,MEDIUM,9369,0,0,0,Rescue Teams|Emergency Shelters,57,RESOLVED,VOLUNTEER,MOBILE_APP,SINHALA,FOG,True,False,False,False,,0,0,0,0,False,MIXED,438199,True,5,12,1
INC-2022-0415,2022-06-02T05:32:46.000Z,NuwaraEliya,Central,HILL,6.936128,80.718251,Building Collapse,1,LOW,755,0,0,0,Rescue Teams,299,RESOLVED,CITIZEN,MOBILE_APP,TAMIL,PARTLY_CLOUDY,True,False,False,True,DMC_OFFICER,0,0,0,0,False,RESIDENTIAL,0,True,6,5,3
INC-2022-0892,2022-06-04T22:42:50.000Z,Monaragala,Uva,DRY,6.88472,81.460851,Earthquake,1,LOW,81,0,0,0,Medical Kits,199,RESOLVED,LOCAL_AUTHORITY,MOBILE_APP,ENGLISH,FOG,False,False,False,True,VOLUNTEER,0,0,0,0,False,RESIDENTIAL,0,True,6,22,5
INC-2022-1035,2022-06-05T02:34:16.000Z,Vavuniya,Northern,EAST_NORTH,8.701562,80.343693,High Winds/Cyclone,2,MEDIUM,1473,0,0,0,Rescue Teams|Medical Kits,97,RESOLVED,CITIZEN,WEB_DASHBOARD,ENGLISH,FOG,True,False,False,True,LOCAL_AUTHORITY,0,0,0,0,False,MIXED,595568,True,6,2,6
INC-2022-0055,2022-06-08T04:10:57.000Z,Matale,Central,HILL,7.469036,80.74058,Medical Emergency,2,MEDIUM,19289,0,0,0,Medical Kits|Rescue Teams,54,RESOLVED,VOLUNTEER,SMS,ENGLISH,RAINY,False,False,False,True,GRAMA_NILADHARI,0,0,0,0,False,MIXED,462382,True,6,4,2
INC-2022-0068,2022-06-12T15:12:10.000Z,Trincomalee,Eastern,EAST_NORTH,8.505494,81.173376,Flood,3,HIGH,10096,1155,0,0,Rescue Teams|Medical Kits,26,RESOLVED,DMC_OFFICER,MOBILE_APP,SINHALA,PARTLY_CLOUDY,True,False,False,True,VOLUNTEER,7,1,1,231,False,INFRASTRUCTURE,151115,True,6,15,6
INC-2022-1440,2022-06-13T12:12:57.000Z,Kegalle,Sabaragamuwa,WET,7.222997,80.33624,Flash Flood,2,MEDIUM,556,0,0,0,Dry Rations|Boats,125,RESOLVED,CITIZEN,MOBILE_APP,ENGLISH,RAINY,False,False,False,True,LOCAL_AUTHORITY,1,2,1,0,False,NONE,0,True,6,12,0
INC-2022-1438,2022-06-17T17:24:29.000Z,Kegalle,Sabaragamuwa,WET,7.299471,80.486951,Earthquake,2,MEDIUM,28,0,1,0,Ambulances,36,RESOLVED,SENSOR,WEB_DASHBOARD,SINHALA,RAINY,False,True,False,True,GRAMA_NILADHARI,0,0,0,0,False,RESIDENTIAL,1688647,True,6,17,4
INC-2022-0648,2022-06-17T19:06:38.000Z,Ampara,Eastern,EAST_NORTH,7.380045,81.793377,Flood,2,MEDIUM,2273,0,0,0,Rescue Teams,50,CLOSED,CITIZEN,MOBILE_APP,TAMIL,OVERCAST,False,False,False,True,LOCAL_AUTHORITY,1,2,0,0,False,MIXED,344609,True,6,19,4
INC-2022-0004,2022-06-18T02:19:48.000Z,Puttalam,NorthWestern,DRY,8.142127,80.146593,Flood,1,LOW,1295,0,0,0,Dry Rations|Medical Kits|Tarpaulins|Boats,133,RESOLVED,CITIZEN,FIELD_REPORT,TAMIL,STORMY,False,False,False,False,,0,0,0,0,False,AGRICULTURAL,0,True,6,2,5
INC-2022-0615,2022-06-18T06:53:02.000Z,Ratnapura,Sabaragamuwa,WET,6.787727,80.447889,High Winds/Cyclone,1,LOW,190,0,0,0,Generators|Medical Kits|Dry Rations,304,RESOLVED,CITIZEN,PHONE_CALL,SINHALA,FOG,False,False,False,True,GRAMA_NILADHARI,0,0,0,0,False,RESIDENTIAL,0,True,6,6,5
INC-2022-0113,2022-06-18T08:13:19.000Z,Kegalle,Sabaragamuwa,WET,7.10278,80.370389,Landslide,2,MEDIUM,4800,0,0,0,Medical Kits,80,RESOLVED,VOLUNTEER,PHONE_CALL,TAMIL,OVERCAST,False,False,False,False,,3,3,1,0,False,INFRASTRUCTURE,961467,True,6,8,5
INC-2022-1402,2022-06-18T11:40:16.000Z,Trincomalee,Eastern,EAST_NORTH,8.473158,81.148664,Landslide,2,MEDIUM,120,0,1,0,Search Dogs|Excavators|Rescue Teams|Dry Rations,60,RESOLVED,DMC_OFFICER,FIELD_REPORT,TAMIL,FOG,False,False,True,False,,3,2,0,0,False,NONE,0,True,6,11,5
INC-2022-1295,2022-06-20T04:08:16.000Z,Trincomalee,Eastern,EAST_NORTH,8.509002,81.22587,Flash Flood,2,MEDIUM,2479,0,0,0,Boats|Medical Kits|Dry Rations|Water Pumps,169,RESOLVED,CITIZEN,WEB_DASHBOARD,ENGLISH,OVERCAST,False,False,False,True,GRAMA_NILADHARI,3,4,3,0,False,RESIDENTIAL,2391144,True,6,4,0
INC-2022-0461,2022-06-23T07:18:03.000Z,Mannar,Northern,EAST_NORTH,8.803233,79.975932,Forest Fire,2,MEDIUM,1497,0,0,0,Fire Trucks|Helicopters,158,RESOLVED,CITIZEN,MOBILE_APP,TAMIL,RAINY,False,False,False,True,VOLUNTEER,1,1,1,0,False,MIXED,7367004,True,6,7,3
INC-2022-0142,2022-06-24T11:56:57.000Z,Mannar,Northern,EAST_NORTH,9.053161,80.090329,Forest Fire,2,MEDIUM,5151,0,0,0,Rescue Teams|Medical Kits,76,RESOLVED,SENSOR,WEB_DASHBOARD,SINHALA,PARTLY_CLOUDY,False,False,False,True,VOLUNTEER,0,0,0,0,False,MIXED,17387181,True,6,11,4
INC-2022-1216,2022-06-24T21:28:35.000Z,Galle,Southern,WET,6.070176,80.125726,Landslide,1,LOW,24,0,0,0,Excavators|Ambulances|Search Dogs,116,RESOLVED,DMC_OFFICER,MOBILE_APP,TAMIL,RAINY,False,False,False,False,,0,0,0,0,False,MIXED,0,True,6,21,4
INC-2022-0781,2022-06-25T14:36:09.000Z,Badulla,Uva,HILL,6.867571,81.188164,Flash Flood,2,MEDIUM,337,0,0,0,Water Pumps|Boats|Rescue Teams,145,RESOLVED,VOLUNTEER,WEB_DASHBOARD,SINHALA,RAINY,False,False,False,True,DMC_OFFICER,0,0,0,0,False,RESIDENTIAL,45399,True,6,14,5
INC-2022-0934,2022-06-26T23:15:15.000Z,Polonnaruwa,NorthCentral,DRY,7.958801,81.143204,Flash Flood,2,MEDIUM,1077,0,0,0,Dry Rations,43,RESOLVED,DMC_OFFICER,MOBILE_APP,SINHALA,STORMY,False,True,False,True,VOLUNTEER,1,1,0,0,False,INFRASTRUCTURE,4030990,True,6,23,6
INC-2022-0708,2022-06-29T04:54:34.000Z,Anuradhapura,NorthCentral,DRY,8.431323,80.49006,Flood,1,LOW,144,0,0,0,Dry Rations,154,RESOLVED,CITIZEN,MOBILE_APP,SINHALA,PARTLY_CLOUDY,False,False,False,False,,0,0,0,0,False,INFRASTRUCTURE,0,True,6,4,2
INC-2022-0891,2022-06-30T17:18:58.000Z,Anuradhapura,NorthCentral,DRY,8.475619,80.465929,Flood,3,HIGH,3701,940,1,0,Tarpaulins|Dry Rations,141,IN_PROGRESS,CITIZEN,WEB_DASHBOARD,SINHALA,PARTLY_CLOUDY,False,False,False,False,,6,1,1,188,False,RESIDENTIAL,4353663,True,6,17,3
INC-2022-0229,2022-07-02T23:28:50.000Z,Mannar,Northern,EAST_NORTH,9.193381,79.822341,Flash Flood,2,MEDIUM,468,0,0,0,Dry Rations|Boats,100,RESOLVED,CITIZEN,MOBILE_APP,SINHALA,PARTLY_CLOUDY,True,False,False,False,,2,1,1,0,False,AGRICULTURAL,14098372,True,7,23,5
INC-2022-0943,2022-07-03T18:24:55.000Z,Matara,Southern,WET,6.032881,80.57195,Forest Fire,1,LOW,2520,0,0,0,Medical Kits,269,RESOLVED,CITIZEN,WEB_DASHBOARD,ENGLISH,PARTLY_CLOUDY,True,False,False,False,,0,0,0,0,False,MIXED,0,True,7,18,6
INC-2022-0722,2022-07-04T21:38:57.000Z,Kandy,Central,HILL,7.107104,80.62825,Flood,1,LOW,693,0,0,0,Dry Rations|Water Pumps|Rescue Teams|Boats,322,RESOLVED,CITIZEN,WEB_DASHBOARD,TAMIL,PARTLY_CLOUDY,False,False,True,True,LOCAL_AUTHORITY,0,0,0,0,False,NONE,0,True,7,21,0
INC-2022-0188,2022-07-05T05:58:48.000Z,Anuradhapura,NorthCentral,DRY,8.204451,80.24189,Coastal Erosion,1,LOW,562,0,0,0,Boats|Dry Rations|Rescue Teams,191,RESOLVED,SENSOR,FIELD_REPORT,ENGLISH,OVERCAST,False,False,True,False,,0,0,0,0,False,MIXED,0,True,7,5,1
INC-2022-1196,2022-07-05T11:41:45.000Z,Kurunegala,NorthWestern,DRY,7.642171,80.20257,Flash Flood,2,MEDIUM,372,0,1,2,Boats|Dry Rations|Water Pumps|Rescue Teams,51,IN_PROGRESS,DMC_OFFICER,MOBILE_APP,SINHALA,RAINY,True,False,False,False,,2,2,1,0,True,INFRASTRUCTURE,114283,True,7,11,1
INC-2022-1045,2022-07-06T23:58:02.000Z,Kegalle,Sabaragamuwa,WET,7.215115,80.227882,Flood,2,MEDIUM,1171,0,0,0,Tarpaulins,105,RESOLVED,CITIZEN,MOBILE_APP,SINHALA,RAINY,False,False,False,False,,0,0,0,0,False,RESIDENTIAL,2412438,True,7,23,2
INC-2022-0204,2022-07-07T09:52:45.000Z,Ratnapura,Sabaragamuwa,WET,6.616482,80.310596,Landslide,2,MEDIUM,712,0,2,0,Medical Kits|Rescue Teams,33,RESOLVED,SENSOR,WEB_DASHBOARD,SINHALA,STORMY,False,False,False,True,DMC_OFFICER,1,1,1,0,False,AGRICULTURAL,644164,True,7,9,3
INC-2022-0434,2022-07-07T18:48:40.000Z,Badulla,Uva,HILL,7.065735,81.210237,Landslide,1,LOW,4345,0,0,0,Ambulances|Medical Kits|Dry Rations,147,RESOLVED,VOLUNTEER,FIELD_REPORT,SINHALA,RAINY,False,False,False,False,,0,0,0,0,False,AGRICULTURAL,0,True,7,18,3
INC-2022-0746,2022-07-10T04:22:34.000Z,Monaragala,Uva,DRY,6.808699,81.326379,Flash Flood,1,LOW,551,0,0,0,Water Pumps|Medical Kits|Boats|Rescue Teams,181,RESOLVED,CITIZEN,SMS,SINHALA,STORMY,False,False,False,False,,0,0,0,0,False,RESIDENTIAL,0,True,7,4,6
INC-2022-1320,2022-07-11T06:50:59.000Z,Gampaha,Western,WET,7.065901,80.093924,Flash Flood,3,HIGH,29096,16632,0,0,Boats|Rescue Teams,58,RESOLVED,CITIZEN,FIELD_REPORT,SINHALA,RAINY,False,True,False,False,,7,2,2,2772,True,NONE,0,True,7,6,0
INC-2022-0580,2022-07-11T12:08:49.000Z,Hambantota,Southern,DRY,6.252137,81.217894,Flood,2,MEDIUM,4462,0,0,0,Dry Rations|Boats|Tarpaulins|Water Pumps,43,CLOSED,CITIZEN,PHONE_CALL,TAMIL,STORMY,False,False,False,True,LOCAL_AUTHORITY,0,0,0,0,False,INFRASTRUCTURE,51140,True,7,12,0
INC-2022-1178,2022-07-13T11:54:49.000Z,Trincomalee,Eastern,EAST_NORTH,8.558677,81.223005,Flood,1,LOW,256,0,0,0,Boats|Medical Kits|Tarpaulins,310,RESOLVED,CITIZEN,MOBILE_APP,SINHALA,STORMY,True,False,False,True,DMC_OFFICER,0,0,0,0,False,NONE,0,True,7,11,2
INC-2022-0446,2022-07-14T22:18:18.000Z,Badulla,Uva,HILL,6.896012,81.123847,Medical Emergency,2,MEDIUM,1886,0,0,0,Rescue Teams|Medical Kits|Ambulances,85,RESOLVED,VOLUNTEER,MOBILE_APP,SINHALA,STORMY,True,False,False,False,,3,1,1,0,False,MIXED,88683,True,7,22,3
INC-2022-0623,2022-07-15T13:24:56.000Z,Matara,Southern,WET,5.949614,80.420592,Coastal Erosion,2,MEDIUM,4489,0,0,0,Rescue Teams|Dry Rations|Boats,167,CLOSED,CITIZEN,MOBILE_APP,ENGLISH,FOG,True,False,True,False,,2,1,0,0,False,NONE,0,True,7,13,4
INC-2022-1187,2022-07-18T17:36:00.000Z,Gampaha,Western,WET,7.052538,79.965746,Flood,2,MEDIUM,181,0,0,0,Dry Rations,110,RESOLVED,DMC_OFFICER,FIELD_REPORT,SINHALA,FOG,False,False,False,False,,3,1,0,0,False,AGRICULTURAL,50410,True,7,17,0
INC-2022-0328,2022-07-20T05:53:10.000Z,Trincomalee,Eastern,EAST_NORTH,8.673961,81.091365,Medical Emergency,2,MEDIUM,482,0,0,0,Rescue Teams|Ambulances|Blood Supplies|Medical Kits,117,RESOLVED,VOLUNTEER,WEB_DASHBOARD,SINHALA,PARTLY_CLOUDY,False,False,False,False,,0,0,0,0,False,INFRASTRUCTURE,309473,True,7,5,2
INC-2022-1331,2022-07-21T00:12:30.000Z,Gampaha,Western,WET,7.004133,80.081577,Flood,2,MEDIUM,2524,0,0,0,Medical Kits,150,RESOLVED,SENSOR,SMS,SINHALA,STORMY,False,False,False,False,,0,0,0,0,False,RESIDENTIAL,198049,True,7,0,3
INC-2022-0266,2022-07-21T04:10:12.000Z,Vavuniya,Northern,EAST_NORTH,8.857551,80.314313,High Winds/Cyclone,2,MEDIUM,11417,0,0,0,Emergency Shelters,96,RESOLVED,CITIZEN,SMS,SINHALA,FOG,False,False,False,True,DMC_OFFICER,2,2,1,0,False,INFRASTRUCTURE,4455964,True,7,4,3
INC-2022-0290,2022-07-22T00:10:20.000Z,Hambantota,Southern,DRY,6.275365,81.22028,Flood,2,MEDIUM,4775,0,1,0,Medical Kits|Rescue Teams|Tarpaulins,62,RESOLVED,VOLUNTEER,WEB_DASHBOARD,ENGLISH,STORMY,False,False,False,False,,2,1,1,0,False,RESIDENTIAL,3286487,True,7,0,4
INC-2022-0840,2022-07-22T03:12:18.000Z,NuwaraEliya,Central,HILL,6.802239,80.617998,Flood,4,CRITICAL,27990,5439,4,0,Boats,9,RESOLVED,VOLUNTEER,SMS,SINHALA,PARTLY_CLOUDY,False,False,False,True,DMC_OFFICER,4,4,1,906,False,AGRICULTURAL,314773,True,7,3,4
INC-2022-0403,2022-07-23T19:50:48.000Z,Trincomalee,Eastern,EAST_NORTH,8.470638,81.063116,Flood,3,HIGH,279,157,4,0,Medical Kits|Dry Rations,44,ASSIGNED,DMC_OFFICER,MOBILE_APP,ENGLISH,OVERCAST,False,False,True,False,,8,8,6,31,False,RESIDENTIAL,1000426,True,7,19,5
INC-2022-0140,2022-07-24T13:58:28.000Z,Matara,Southern,WET,5.84378,80.466883,Coastal Erosion,1,LOW,471,0,0,0,Dry Rations|Boats|Emergency Shelters,172,RESOLVED,CITIZEN,WEB_DASHBOARD,SINHALA,RAINY,False,False,False,True,VOLUNTEER,0,0,0,0,False,AGRICULTURAL,0,True,7,13,6
INC-2022-0064,2022-07-26T03:11:15.000Z,Batticaloa,Eastern,EAST_NORTH,7.889208,81.518248,Flood,1,LOW,3932,0,0,0,Medical Kits|Tarpaulins|Boats|Rescue Teams,197,RESOLVED,VOLUNTEER,FIELD_REPORT,ENGLISH,FOG,False,False,False,True,VOLUNTEER,0,0,0,0,False,NONE,0,True,7,3,1
INC-2022-1429,2022-07-26T05:48:25.000Z,Gampaha,Western,WET,7.02224,80.097175,Flood,1,LOW,198,0,0,0,Water Pumps,125,IN_PROGRESS,MEDIA,SMS,ENGLISH,RAINY,True,False,True,True,GRAMA_NILADHARI,0,0,0,0,False,AGRICULTURAL,0,True,7,5,1
INC-2022-0988,2022-07-27T14:28:19.000Z,Kandy,Central,HILL,7.216355,80.524603,High Winds/Cyclone,1,LOW,7080,0,0,0,Rescue Teams|Generators|Medical Kits,225,RESOLVED,CITIZEN,MOBILE_APP,SINHALA,RAINY,False,False,False,False,,0,0,0,0,False,RESIDENTIAL,0,True,7,14,2
INC-2022-0325,2022-07-27T15:33:36.000Z,Ratnapura,Sabaragamuwa,WET,6.620245,80.424033,Medical Emergency,1,LOW,150,0,0,0,Medical Kits|Blood Supplies,220,RESOLVED,MEDIA,PHONE_CALL,SINHALA,PARTLY_CLOUDY,False,False,False,False,,0,0,0,0,False,INFRASTRUCTURE,0,True,7,15,2
INC-2022-0611,2022-07-28T11:49:53.000Z,Batticaloa,Eastern,EAST_NORTH,7.774097,81.611933,Flash Flood,1,LOW,779,0,0,0,Boats|Water Pumps|Dry Rations,156,RESOLVED,CITIZEN,WEB_DASHBOARD,ENGLISH,RAINY,True,False,False,True,GRAMA_NILADHARI,0,0,0,0,False,INFRASTRUCTURE,0,True,7,11,3
INC-2022-0128,2022-07-30T23:20:14.000Z,Trincomalee,Eastern,EAST_NORTH,8.4046,81.281148,Flood,1,LOW,160,0,0,0,Tarpaulins,417,IN_PROGRESS,LOCAL_AUTHORITY,MOBILE_APP,ENGLISH,STORMY,True,False,False,True,VOLUNTEER,0,0,0,0,False,INFRASTRUCTURE,0,True,7,23,5
INC-2022-0334,2022-08-02T17:09:54.000Z,Matara,Southern,WET,5.969112,80.424567,Flash Flood,2,MEDIUM,297,0,0,0,Dry Rations|Rescue Teams|Medical Kits|Boats,66,RESOLVED,DMC_OFFICER,WEB_DASHBOARD,ENGLISH,RAINY,False,False,True,True,VOLUNTEER,0,0,0,0,False,INFRASTRUCTURE,2370940,True,8,17,1
INC-2022-0141,2022-08-04T12:56:49.000Z,Kalutara,Western,WET,6.652484,80.013967,Flood,2,MEDIUM,140,0,1,0,Medical Kits|Dry Rations|Tarpaulins,71,RESOLVED,VOLUNTEER,PHONE_CALL,ENGLISH,STORMY,False,False,False,True,VOLUNTEER,3,3,1,0,False,INFRASTRUCTURE,2137860,True,8,12,3
INC-2022-0296,2022-08-05T23:15:02.000Z,Polonnaruwa,NorthCentral,DRY,7.809099,81.062703,Medical Emergency,2,MEDIUM,2927,0,0,0,Medical Kits|Rescue Teams,98,RESOLVED,VOLUNTEER,WEB_DASHBOARD,SINHALA,FOG,False,False,False,True,GRAMA_NILADHARI,3,1,1,0,False,INFRASTRUCTURE,6142809,True,8,23,4
INC-2022-1153,2022-08-07T14:02:29.000Z,Vavuniya,Northern,EAST_NORTH,8.613642,80.348929,Coastal Erosion,1,LOW,1271,0,0,0,Boats|Rescue Teams|Dry Rations,277,RESOLVED,LOCAL_AUTHORITY,MOBILE_APP,SINHALA,FOG,False,False,False,False,,0,0,0,0,False,RESIDENTIAL,0,True,8,14,6
INC-2022-0091,2022-08-10T05:59:15.000Z,Colombo,Western,WET,6.921766,79.866664,Flood,1,LOW,705,0,0,0,Dry Rations|Medical Kits|Boats|Tarpaulins,73,CLOSED,SENSOR,MOBILE_APP,ENGLISH,STORMY,True,False,False,False,,0,0,0,0,False,RESIDENTIAL,0,True,8,5,2
INC-2022-1447,2022-08-14T08:17:29.000Z,Mullaitivu,Northern,EAST_NORTH,9.17398,80.761932,High Winds/Cyclone,3,HIGH,1138,434,1,0,Dry Rations,62,RESOLVED,LOCAL_AUTHORITY,MOBILE_APP,SINHALA,SUNNY,True,False,False,False,,7,3,3,72,True,INFRASTRUCTURE,3041244,True,8,8,6
INC-2022-0079,2022-08-19T20:05:54.000Z,Monaragala,Uva,DRY,6.857397,81.298543,Flood,1,LOW,2945,0,0,0,Tarpaulins|Water Pumps,68,RESOLVED,SENSOR,MOBILE_APP,TAMIL,OVERCAST,False,False,True,True,VOLUNTEER,0,0,0,0,False,MIXED,0,True,8,20,4
INC-2022-1034,2022-08-20T09:35:58.000Z,Mullaitivu,Northern,EAST_NORTH,9.301525,80.708415,Flood,1,LOW,1089,0,0,0,Water Pumps|Dry Rations,264,CLOSED,CITIZEN,MOBILE_APP,ENGLISH,PARTLY_CLOUDY,True,False,False,True,LOCAL_AUTHORITY,0,0,0,0,False,INFRASTRUCTURE,0,True,8,9,5
INC-2022-0319,2022-08-22T06:01:21.000Z,Monaragala,Uva,DRY,6.657318,81.46154,Flash Flood,3,HIGH,7128,3881,0,0,Rescue Teams|Boats,14,RESOLVED,VOLUNTEER,SMS,ENGLISH,STORMY,False,False,True,False,,2,2,1,1293,False,INFRASTRUCTURE,9107504,True,8,6,0
INC-2022-0076,2022-08-22T09:41:12.000Z,Kandy,Central,HILL,7.111282,80.610621,Landslide,2,MEDIUM,5179,0,0,0,Excavators|Ambulances|Search Dogs,77,RESOLVED,CITIZEN,SMS,SINHALA,FOG,False,False,False,True,VOLUNTEER,2,3,3,0,False,RESIDENTIAL,42383,True,8,9,0
INC-2022-0525,2022-08-29T15:21:15.000Z,Puttalam,NorthWestern,DRY,8.053871,79.830677,High Winds/Cyclone,1,LOW,859,0,0,0,Rescue Teams|Emergency Shelters,231,RESOLVED,CITIZEN,MOBILE_APP,ENGLISH,OVERCAST,True,False,False,False,,0,0,0,0,True,MIXED,0,True,8,15,0
INC-2022-0918,2022-08-29T23:20:29.000Z,Matara,Southern,WET,5.834547,80.765704,High Winds/Cyclone,2,MEDIUM,325,0,0,0,Dry Rations|Medical Kits|Rescue Teams,123,RESOLVED,CITIZEN,PHONE_CALL,ENGLISH,SUNNY,False,False,False,True,LOCAL_AUTHORITY,0,0,0,0,False,INFRASTRUCTURE,1355629,True,8,23,0
INC-2022-0642,2022-08-30T18:51:28.000Z,Anuradhapura,NorthCentral,DRY,8.41235,80.403273,Flash Flood,2,MEDIUM,2636,0,0,0,Rescue Teams|Water Pumps|Medical Kits,74,RESOLVED,CITIZEN,MOBILE_APP,ENGLISH,OVERCAST,False,False,False,True,GRAMA_NILADHARI,1,2,2,0,False,NONE,0,True,8,18,1
INC-2022-0339,2022-08-31T07:05:29.000Z,NuwaraEliya,Central,HILL,6.93456,80.849507,High Winds/Cyclone,1,LOW,384,0,0,0,Generators,168,RESOLVED,CITIZEN,MOBILE_APP,ENGLISH,SUNNY,True,False,False,True,VOLUNTEER,0,0,0,0,True,NONE,0,True,8,7,2
INC-2022-0400,2022-08-31T17:34:04.000Z,Kurunegala,NorthWestern,DRY,7.516985,80.39935,Building Collapse,4,CRITICAL,2132,958,4,0,Medical Kits|Search Dogs,21,RESOLVED,CITIZEN,MOBILE_APP,SINHALA,STORMY,True,False,False,True,GRAMA_NILADHARI,8,9,5,319,False,MIXED,1349821,True,8,17,2
INC-2022-0108,2022-09-01T19:05:20.000Z,Matale,Central,HILL,7.537899,80.659938,Landslide,1,LOW,48,0,0,0,Ambulances|Medical Kits|Search Dogs,113,RESOLVED,CITIZEN,WEB_DASHBOARD,ENGLISH,RAINY,False,False,False,False,,0,0,0,0,False,INFRASTRUCTURE,0,True,9,19,3
INC-2022-0399,2022-09-02T06:26:10.000Z,Puttalam,NorthWestern,DRY,8.146869,80.16023,Building Collapse,2,MEDIUM,2563,0,0,0,Rescue Teams|Excavators|Search Dogs|Medical Kits,127,RESOLVED,CITIZEN,MOBILE_APP,ENGLISH,PARTLY_CLOUDY,False,False,False,False,,2,2,0,0,False,RESIDENTIAL,3579093,True,9,6,4
INC-2022-0225,2022-09-02T06:53:06.000Z,Colombo,Western,WET,6.943551,79.913258,Flood,2,MEDIUM,8384,0,0,0,Rescue Teams|Water Pumps,60,RESOLVED,CITIZEN,SMS,TAMIL,RAINY,False,False,False,False,,1,2,2,0,False,INFRASTRUCTURE,1602830,True,9,6,4
INC-2022-0421,2022-09-02T09:32:13.000Z,Mannar,Northern,EAST_NORTH,8.981999,80.001078,Flood,1,LOW,640,0,0,0,Dry Rations|Rescue Teams|Water Pumps,225,RESOLVED,CITIZEN,MOBILE_APP,ENGLISH,PARTLY_CLOUDY,False,False,False,True,GRAMA_NILADHARI,0,0,0,0,True,RESIDENTIAL,0,True,9,9,4
INC-2022-0952,2022-09-03T04:27:40.000Z,Anuradhapura,NorthCentral,DRY,8.472244,80.281047,Flash Flood,2,MEDIUM,191,0,0,0,Boats|Water Pumps|Medical Kits|Dry Rations,75,RESOLVED,VOLUNTEER,MOBILE_APP,SINHALA,PARTLY_CLOUDY,True,False,False,False,,0,0,0,0,False,RESIDENTIAL,140436,True,9,4,5
INC-2022-0650,2022-09-03T16:55:54.000Z,Matale,Central,HILL,7.435565,80.582155,Flash Flood,2,MEDIUM,955,0,2,0,Rescue Teams|Dry Rations|Water Pumps|Medical Kits,56,IN_PROGRESS,SENSOR,WEB_DASHBOARD,SINHALA,RAINY,False,False,False,True,VOLUNTEER,1,1,0,0,False,NONE,0,True,9,16,5
INC-2022-0162,2022-09-04T03:05:34.000Z,Kurunegala,NorthWestern,DRY,7.474336,80.357848,Flash Flood,2,MEDIUM,1401,0,0,0,Dry Rations|Medical Kits,55,RESOLVED,CITIZEN,MOBILE_APP,SINHALA,STORMY,False,False,False,True,VOLUNTEER,3,3,0,0,False,AGRICULTURAL,2748472,True,9,3,6
INC-2022-0289,2022-09-05T08:59:40.000Z,NuwaraEliya,Central,HILL,6.964388,80.806916,Flood,1,LOW,86,0,0,0,Water Pumps|Tarpaulins|Rescue Teams,109,RESOLVED,SENSOR,WEB_DASHBOARD,SINHALA,FOG,False,False,False,False,,0,0,0,0,False,INFRASTRUCTURE,0,True,9,8,0
INC-2022-0890,2022-09-06T04:47:28.000Z,Kegalle,Sabaragamuwa,WET,7.125568,80.452907,Flash Flood,2,MEDIUM,593,0,0,0,Dry Rations,63,RESOLVED,VOLUNTEER,SMS,ENGLISH,STORMY,False,False,False,True,GRAMA_NILADHARI,2,1,1,0,False,MIXED,1061762,True,9,4,1
INC-2022-0731,2022-09-06T17:10:28.000Z,Kegalle,Sabaragamuwa,WET,7.29745,80.26051,Flood,1,LOW,324,0,0,0,Medical Kits|Dry Rations,83,RESOLVED,LOCAL_AUTHORITY,WEB_DASHBOARD,SINHALA,RAINY,False,False,True,False,,0,0,0,0,False,RESIDENTIAL,0,True,9,17,1
INC-2022-0721,2022-09-06T17:57:01.000Z,NuwaraEliya,Central,HILL,6.88506,80.718063,Flood,1,LOW,414,0,0,0,Boats|Medical Kits|Tarpaulins|Rescue Teams,161,RESOLVED,DMC_OFFICER,PHONE_CALL,TAMIL,PARTLY_CLOUDY,False,False,False,True,VOLUNTEER,0,0,0,0,False,INFRASTRUCTURE,0,True,9,17,1
INC-2022-1344,2022-09-08T21:09:27.000Z,Jaffna,Northern,EAST_NORTH,9.604058,80.088008,Medical Emergency,1,LOW,259,0,0,0,Rescue Teams,250,RESOLVED,SENSOR,WEB_DASHBOARD,TAMIL,RAINY,False,False,False,True,LOCAL_AUTHORITY,0,0,0,0,False,RESIDENTIAL,0,True,9,21,3
INC-2022-0756,2022-09-10T10:29:47.000Z,Hambantota,Southern,DRY,6.030389,81.216582,Flood,1,LOW,795,0,0,0,Dry Rations|Water Pumps|Medical Kits|Tarpaulins,292,RESOLVED,CITIZEN,MOBILE_APP,ENGLISH,STORMY,True,False,False,True,LOCAL_AUTHORITY,0,0,0,0,False,AGRICULTURAL,0,True,9,10,5
INC-2022-0674,2022-09-11T19:08:22.000Z,NuwaraEliya,Central,HILL,6.976657,80.852657,High Winds/Cyclone,2,MEDIUM,100918,0,0,0,Dry Rations|Emergency Shelters,147,RESOLVED,CITIZEN,MOBILE_APP,ENGLISH,RAINY,False,False,False,False,,3,3,1,0,True,INFRASTRUCTURE,322486,True,9,19,6
INC-2022-1474,2022-09-14T05:59:20.000Z,Matara,Southern,WET,5.934214,80.594823,Flash Flood,2,MEDIUM,985,0,0,0,Dry Rations|Medical Kits|Boats|Water Pumps,126,IN_PROGRESS,CITIZEN,MOBILE_APP,ENGLISH,RAINY,False,True,False,False,,0,0,0,0,False,NONE,0,True,9,5,2
INC-2022-0586,2022-09-17T07:37:29.000Z,Gampaha,Western,WET,7.121459,79.985863,Flood,1,LOW,306,0,0,0,Dry Rations|Boats|Medical Kits,139,RESOLVED,VOLUNTEER,MOBILE_APP,SINHALA,FOG,True,False,False,True,DMC_OFFICER,0,0,0,0,False,RESIDENTIAL,0,True,9,7,5
INC-2022-0292,2022-09-19T01:58:00.000Z,Monaragala,Uva,DRY,6.659832,81.35072,Flood,2,MEDIUM,1376,0,0,0,Rescue Teams|Boats,54,RESOLVED,DMC_OFFICER,FIELD_REPORT,ENGLISH,OVERCAST,False,False,False,False,,0,0,0,0,False,INFRASTRUCTURE,439655,True,9,1,0
INC-2022-0233,2022-09-22T04:15:00.000Z,Kalutara,Western,WET,6.684464,79.950218,Flood,1,LOW,9768,0,0,0,Tarpaulins,83,RESOLVED,DMC_OFFICER,SMS,ENGLISH,PARTLY_CLOUDY,False,False,False,True,GRAMA_NILADHARI,0,0,0,0,False,MIXED,0,True,9,4,3
INC-2022-1176,2022-09-24T06:22:38.000Z,Mannar,Northern,EAST_NORTH,8.928492,79.897417,High Winds/Cyclone,1,LOW,443,0,0,0,Medical Kits|Dry Rations,345,RESOLVED,CITIZEN,MOBILE_APP,ENGLISH,PARTLY_CLOUDY,False,True,False,True,GRAMA_NILADHARI,0,0,0,0,False,INFRASTRUCTURE,0,True,9,6,5
INC-2022-0224,2022-09-26T22:24:37.000Z,Anuradhapura,NorthCentral,DRY,8.253865,80.5918,High Winds/Cyclone,1,LOW,1939,0,0,0,Dry Rations|Generators,102,IN_PROGRESS,MEDIA,MOBILE_APP,TAMIL,RAINY,False,False,False,True,DMC_OFFICER,0,0,0,0,False,NONE,0,True,9,22,0
INC-2022-0706,2022-09-29T16:03:38.000Z,Kandy,Central,HILL,7.109267,80.673281,Landslide,2,MEDIUM,805,0,2,0,Rescue Teams|Dry Rations|Search Dogs|Excavators,48,RESOLVED,DMC_OFFICER,WEB_DASHBOARD,ENGLISH,RAINY,False,False,True,False,,2,1,0,0,False,RESIDENTIAL,1575166,True,9,16,3
INC-2022-0278,2022-09-30T17:20:14.000Z,Mullaitivu,Northern,EAST_NORTH,9.318471,80.723417,Forest Fire,2,MEDIUM,3544,0,0,0,Rescue Teams,93,RESOLVED,VOLUNTEER,WEB_DASHBOARD,SINHALA,FOG,False,False,True,False,,0,0,0,0,False,MIXED,4569317,True,9,17,4
INC-2022-1446,2022-09-30T20:43:35.000Z,Hambantota,Southern,DRY,6.243478,81.159451,Flood,1,LOW,1407,0,0,0,Rescue Teams|Tarpaulins,124,CLOSED,CITIZEN,SMS,SINHALA,STORMY,True,False,True,True,GRAMA_NILADHARI,0,0,0,0,False,AGRICULTURAL,0,True,9,20,4
INC-2022-0673,2022-10-01T13:49:10.000Z,Colombo,Western,WET,6.946984,79.863697,Flash Flood,1,LOW,181,0,0,0,Water Pumps|Dry Rations|Rescue Teams|Medical Kits,168,RESOLVED,DMC_OFFICER,WEB_DASHBOARD,ENGLISH,PARTLY_CLOUDY,True,False,False,True,LOCAL_AUTHORITY,0,0,0,0,False,NONE,0,False,10,13,5
INC-2022-0619,2022-10-02T13:47:33.000Z,Kegalle,Sabaragamuwa,WET,7.394399,80.442567,High Winds/Cyclone,2,MEDIUM,2011,0,0,0,Rescue Teams|Emergency Shelters,57,RESOLVED,VOLUNTEER,FIELD_REPORT,SINHALA,FOG,False,False,False,True,DMC_OFFICER,0,0,0,0,True,RESIDENTIAL,400796,False,10,13,6
INC-2022-1224,2022-10-03T10:51:41.000Z,Ampara,Eastern,EAST_NORTH,7.211094,81.664446,Drought,2,MEDIUM,2591,0,0,0,Medical Kits|Dry Rations|Livestock Feed|Water Tankers,119,RESOLVED,VOLUNTEER,MOBILE_APP,SINHALA,OVERCAST,False,False,False,True,GRAMA_NILADHARI,0,0,0,0,False,AGRICULTURAL,979443,False,10,10,0
INC-2022-1415,2022-10-03T13:49:00.000Z,Gampaha,Western,WET,7.188037,79.957324,High Winds/Cyclone,2,MEDIUM,634,0,0,0,Medical Kits|Generators|Rescue Teams,104,RESOLVED,CITIZEN,WEB_DASHBOARD,SINHALA,FOG,True,False,False,False,,2,3,3,0,False,AGRICULTURAL,1252560,False,10,13,0
INC-2022-0544,2022-10-04T10:48:14.000Z,Ratnapura,Sabaragamuwa,WET,6.74232,80.525869,Landslide,1,LOW,711,0,1,0,Search Dogs|Rescue Teams,221,RESOLVED,LOCAL_AUTHORITY,FIELD_REPORT,TAMIL,STORMY,False,False,False,True,LOCAL_AUTHORITY,0,0,0,0,False,AGRICULTURAL,0,False,10,10,1
INC-2022-0052,2022-10-04T19:07:41.000Z,Colombo,Western,WET,6.879337,79.887484,Flash Flood,2,MEDIUM,1018,0,0,0,Rescue Teams|Water Pumps,78,RESOLVED,DMC_OFFICER,MOBILE_APP,TAMIL,PARTLY_CLOUDY,False,True,True,False,,1,2,2,0,False,MIXED,11017416,False,10,19,1
INC-2022-0279,2022-10-05T05:28:46.000Z,Gampaha,Western,WET,7.116939,79.979162,Flood,2,MEDIUM,499,0,2,0,Boats|Tarpaulins,97,RESOLVED,CITIZEN,MOBILE_APP,ENGLISH,PARTLY_CLOUDY,False,False,False,False,,1,1,1,0,False,NONE,0,False,10,5,2
INC-2022-1066,2022-10-05T08:23:05.000Z,Ratnapura,Sabaragamuwa,WET,6.648015,80.509951,Flood,2,MEDIUM,726,0,0,0,Tarpaulins,71,IN_PROGRESS,MEDIA,MOBILE_APP,ENGLISH,RAINY,True,False,False,False,,3,4,0,0,False,RESIDENTIAL,2905531,False,10,8,2
INC-2022-0073,2022-10-06T00:28:15.000Z,Matale,Central,HILL,7.684284,80.638029,Flood,1,LOW,3430,0,0,0,Boats|Medical Kits|Tarpaulins,288,RESOLVED,VOLUNTEER,MOBILE_APP,SINHALA,FOG,False,False,False,True,DMC_OFFICER,0,0,0,0,False,AGRICULTURAL,0,False,10,0,3
INC-2022-0532,2022-10-06T09:22:56.000Z,Kandy,Central,HILL,7.334101,80.619963,Flood,2,MEDIUM,3295,0,0,0,Rescue Teams|Boats|Water Pumps|Medical Kits,310,RESOLVED,VOLUNTEER,MOBILE_APP,SINHALA,OVERCAST,True,True,False,True,DMC_OFFICER,3,1,1,0,False,INFRASTRUCTURE,9775564,False,10,9,3
INC-2022-0271,2022-10-07T08:46:03.000Z,Polonnaruwa,NorthCentral,DRY,7.986877,81.261269,Flash Flood,2,MEDIUM,2186,0,0,0,Dry Rations|Water Pumps|Boats,84,IN_PROGRESS,CITIZEN,SMS,ENGLISH,STORMY,False,False,False,False,,3,3,2,0,False,AGRICULTURAL,704534,False,10,8,4
INC-2022-1181,2022-10-12T01:36:57.000Z,Monaragala,Uva,DRY,6.685083,81.298231,Drought,1,LOW,847,0,0,0,Livestock Feed|Medical Kits,118,RESOLVED,DMC_OFFICER,SMS,SINHALA,OVERCAST,False,False,False,False,,0,0,0,0,False,INFRASTRUCTURE,0,False,10,1,2
INC-2022-0778,2022-10-14T03:06:54.000Z,Kandy,Central,HILL,7.322028,80.786595,Landslide,2,MEDIUM,492,0,0,0,Medical Kits|Dry Rations|Ambulances|Rescue Teams,120,CLOSED,CITIZEN,SMS,SINHALA,FOG,False,False,False,False,,1,1,1,0,False,NONE,0,False,10,3,4
INC-2022-0584,2022-10-14T15:07:57.000Z,Vavuniya,Northern,EAST_NORTH,8.625033,80.507481,Building Collapse,2,MEDIUM,274,0,0,0,Rescue Teams|Ambulances,207,RESOLVED,VOLUNTEER,MOBILE_APP,SINHALA,STORMY,False,False,False,True,LOCAL_AUTHORITY,3,4,1,0,False,AGRICULTURAL,80351,False,10,15,4
INC-2022-0870,2022-10-16T12:54:27.000Z,Puttalam,NorthWestern,DRY,7.920228,80.189104,Flood,3,HIGH,16660,9380,0,0,Boats|Water Pumps|Dry Rations|Rescue Teams,58,RESOLVED,DMC_OFFICER,FIELD_REPORT,SINHALA,PARTLY_CLOUDY,True,False,False,False,,4,4,1,1876,False,MIXED,7415672,False,10,12,6
INC-2022-0676,2022-10-17T11:07:20.000Z,Ratnapura,Sabaragamuwa,WET,6.576128,80.576469,High Winds/Cyclone,3,HIGH,307,57,4,1,Rescue Teams|Dry Rations|Generators,31,RESOLVED,VOLUNTEER,WEB_DASHBOARD,TAMIL,FOG,True,False,False,True,GRAMA_NILADHARI,8,8,7,19,True,RESIDENTIAL,972577,False,10,11,0
INC-2022-0062,2022-10-17T19:10:32.000Z,Puttalam,NorthWestern,DRY,8.115458,80.038393,Flood,1,LOW,495,0,0,0,Rescue Teams|Tarpaulins|Dry Rations,121,RESOLVED,CITIZEN,WEB_DASHBOARD,ENGLISH,OVERCAST,True,False,False,True,VOLUNTEER,0,0,0,0,False,RESIDENTIAL,0,False,10,19,0
INC-2022-1119,2022-10-18T14:16:25.000Z,Colombo,Western,WET,6.853088,79.901249,Flood,1,LOW,338,0,0,0,Rescue Teams|Tarpaulins|Boats,482,RESOLVED,VOLUNTEER,SMS,ENGLISH,FOG,True,False,False,True,DMC_OFFICER,0,0,0,0,False,MIXED,0,False,10,14,1
INC-2022-0416,2022-10-20T11:51:05.000Z,Hambantota,Southern,DRY,6.196852,81.285269,Flash Flood,2,MEDIUM,539,0,0,0,Dry Rations|Rescue Teams|Boats,85,CLOSED,CITIZEN,MOBILE_APP,SINHALA,RAINY,False,False,False,False,,3,1,1,0,False,AGRICULTURAL,2256701,False,10,11,3
INC-2022-1249,2022-10-22T06:11:57.000Z,Kegalle,Sabaragamuwa,WET,7.128042,80.297755,Flash Flood,2,MEDIUM,287,0,1,0,Medical Kits,108,CLOSED,CITIZEN,MOBILE_APP,TAMIL,RAINY,True,False,False,False,,3,1,1,0,False,NONE,0,False,10,6,5
INC-2022-0912,2022-10-22T10:15:31.000Z,NuwaraEliya,Central,HILL,6.831479,80.899165,Drought,1,LOW,527,0,0,0,Livestock Feed|Dry Rations,129,RESOLVED,CITIZEN,MOBILE_APP,SINHALA,RAINY,False,False,False,False,,0,0,0,0,False,RESIDENTIAL,0,False,10,10,5
INC-2022-0669,2022-10-22T19:47:39.000Z,Colombo,Western,WET,6.922013,79.93524,Earthquake,2,MEDIUM,8935,0,0,0,Rescue Teams|Ambulances,199,RESOLVED,CITIZEN,PHONE_CALL,ENGLISH,SUNNY,False,False,False,True,GRAMA_NILADHARI,2,3,1,0,False,RESIDENTIAL,943644,False,10,19,5
INC-2022-0475,2022-10-23T01:15:50.000Z,Mullaitivu,Northern,EAST_NORTH,9.339744,80.774126,Flood,3,HIGH,12628,5524,0,0,Medical Kits|Rescue Teams|Tarpaulins|Boats,133,RESOLVED,MEDIA,PHONE_CALL,TAMIL,RAINY,True,False,False,True,DMC_OFFICER,2,1,0,1381,True,NONE,0,False,10,1,6
INC-2022-0710,2022-10-24T07:53:12.000Z,Ratnapura,Sabaragamuwa,WET,6.709869,80.470469,Flood,2,MEDIUM,1691,0,0,0,Rescue Teams,139,RESOLVED,CITIZEN,SMS,SINHALA,RAINY,False,False,False,True,DMC_OFFICER,2,3,1,0,False,INFRASTRUCTURE,2011608,False,10,7,0
INC-2022-1038,2022-10-25T10:56:38.000Z,Badulla,Uva,HILL,7.064329,81.003545,Drought,1,LOW,2658,0,0,0,Water Tankers,238,RESOLVED,VOLUNTEER,MOBILE_APP,ENGLISH,SUNNY,True,False,False,False,,0,0,0,0,False,INFRASTRUCTURE,0,False,10,10,1
INC-2022-0737,2022-10-27T04:32:58.000Z,Kandy,Central,HILL,7.320485,80.543302,Landslide,1,LOW,132,0,2,0,Excavators|Dry Rations|Search Dogs|Medical Kits,119,RESOLVED,DMC_OFFICER,WEB_DASHBOARD,SINHALA,SUNNY,True,False,False,True,LOCAL_AUTHORITY,0,0,0,0,False,RESIDENTIAL,0,False,10,4,3
INC-2022-0088,2022-10-30T02:23:04.000Z,Hambantota,Southern,DRY,6.101564,81.192839,Flood,2,MEDIUM,2380,0,1,0,Tarpaulins|Medical Kits|Rescue Teams|Boats,45,RESOLVED,CITIZEN,MOBILE_APP,SINHALA,RAINY,False,False,False,True,VOLUNTEER,0,0,0,0,False,INFRASTRUCTURE,68399,False,10,2,6
INC-2022-0828,2022-10-30T23:40:12.000Z,Kegalle,Sabaragamuwa,WET,7.293639,80.335231,Medical Emergency,2,MEDIUM,9986,0,0,0,Ambulances|Medical Kits,96,RESOLVED,CITIZEN,SMS,ENGLISH,STORMY,False,False,False,False,,1,1,0,0,False,MIXED,626171,False,10,23,6
INC-2022-1231,2022-10-31T06:32:48.000Z,Trincomalee,Eastern,EAST_NORTH,8.509785,81.215754,Flash Flood,2,MEDIUM,4076,0,0,0,Medical Kits|Water Pumps,37,RESOLVED,SENSOR,WEB_DASHBOARD,ENGLISH,RAINY,False,False,False,True,LOCAL_AUTHORITY,1,1,1,0,False,AGRICULTURAL,2829835,False,10,6,0
INC-2022-1065,2022-11-03T16:17:09.000Z,Puttalam,NorthWestern,DRY,8.170805,80.081875,Forest Fire,2,MEDIUM,848,0,2,0,Rescue Teams|Medical Kits|Water Tankers|Helicopters,56,RESOLVED,DMC_OFFICER,WEB_DASHBOARD,SINHALA,FOG,False,False,False,True,GRAMA_NILADHARI,0,0,0,0,False,INFRASTRUCTURE,714663,True,11,16,3
INC-2022-0291,2022-11-04T21:53:57.000Z,Matara,Southern,WET,6.045143,80.566609,Flood,2,MEDIUM,3027,0,0,0,Rescue Teams,85,RESOLVED,CITIZEN,MOBILE_APP,SINHALA,OVERCAST,False,False,False,False,,0,0,0,0,False,RESIDENTIAL,102254,True,11,21,4
INC-2022-0316,2022-11-07T03:35:12.000Z,NuwaraEliya,Central,HILL,6.962833,80.878337,Building Collapse,2,MEDIUM,5603,0,0,0,Ambulances,171,RESOLVED,CITIZEN,MOBILE_APP,SINHALA,RAINY,False,False,False,True,DMC_OFFICER,2,1,0,0,False,RESIDENTIAL,171326,True,11,3,0
INC-2022-1493,2022-11-09T16:10:58.000Z,Matale,Central,HILL,7.483604,80.600531,Landslide,1,LOW,2055,0,0,0,Dry Rations|Excavators,107,RESOLVED,VOLUNTEER,MOBILE_APP,SINHALA,OVERCAST,True,False,False,False,,0,0,0,0,False,RESIDENTIAL,0,True,11,16,2
INC-2022-0634,2022-11-10T14:15:11.000Z,Batticaloa,Eastern,EAST_NORTH,7.872235,81.743073,Flood,2,MEDIUM,511,0,0,0,Boats|Dry Rations,129,RESOLVED,VOLUNTEER,PHONE_CALL,ENGLISH,OVERCAST,False,False,False,False,,0,0,0,0,False,NONE,0,True,11,14,3
INC-2022-0470,2022-11-11T01:51:43.000Z,Kegalle,Sabaragamuwa,WET,7.240265,80.322686,Flood,2,MEDIUM,1294,0,0,0,Dry Rations|Tarpaulins|Medical Kits|Boats,115,RESOLVED,CITIZEN,MOBILE_APP,SINHALA,FOG,True,False,False,True,GRAMA_NILADHARI,2,1,0,0,False,INFRASTRUCTURE,181293,True,11,1,4
INC-2022-1250,2022-11-12T21:33:41.000Z,Anuradhapura,NorthCentral,DRY,8.405967,80.545691,Flood,1,LOW,61,0,0,0,Water Pumps|Boats,227,CLOSED,SENSOR,WEB_DASHBOARD,SINHALA,RAINY,False,False,True,True,DMC_OFFICER,0,0,0,0,False,MIXED,0,True,11,21,5
INC-2022-0693,2022-11-13T09:10:03.000Z,Ratnapura,Sabaragamuwa,WET,6.712269,80.377351,Flood,2,MEDIUM,1372,0,0,0,Medical Kits|Boats|Tarpaulins|Rescue Teams,94,RESOLVED,CITIZEN,FIELD_REPORT,SINHALA,RAINY,False,False,True,False,,2,2,1,0,False,INFRASTRUCTURE,2167209,True,11,9,6
INC-2022-0484,2022-11-13T09:14:18.000Z,Hambantota,Southern,DRY,6.203988,81.018951,High Winds/Cyclone,2,MEDIUM,105,0,0,0,Emergency Shelters,35,RESOLVED,SENSOR,MOBILE_APP,SINHALA,RAINY,True,False,False,True,VOLUNTEER,1,2,1,0,False,AGRICULTURAL,195808,True,11,9,6
INC-2022-0349,2022-11-14T02:07:31.000Z,Colombo,Western,WET,6.948219,79.91784,Flood,2,MEDIUM,55892,0,0,0,Boats|Water Pumps|Rescue Teams,51,RESOLVED,CITIZEN,SMS,TAMIL,FOG,False,False,True,True,GRAMA_NILADHARI,0,0,0,0,False,MIXED,1832065,True,11,2,0
INC-2022-0935,2022-11-15T04:20:27.000Z,Puttalam,NorthWestern,DRY,7.83689,80.173511,Flash Flood,2,MEDIUM,968,0,0,0,Rescue Teams|Water Pumps|Medical Kits,52,RESOLVED,SENSOR,MOBILE_APP,SINHALA,OVERCAST,True,True,False,True,LOCAL_AUTHORITY,3,4,0,0,False,RESIDENTIAL,4698,True,11,4,1
INC-2022-0696,2022-11-15T10:09:39.000Z,Kilinochchi,Northern,EAST_NORTH,9.42478,80.326759,Flash Flood,2,MEDIUM,187,0,0,0,Rescue Teams,152,IN_PROGRESS,VOLUNTEER,FIELD_REPORT,ENGLISH,RAINY,False,False,False,False,,3,1,0,0,False,INFRASTRUCTURE,52043,True,11,10,1
INC-2022-0815,2022-11-16T14:53:31.000Z,Vavuniya,Northern,EAST_NORTH,8.620873,80.420168,Flash Flood,2,MEDIUM,1346,0,1,0,Dry Rations,218,RESOLVED,DMC_OFFICER,WEB_DASHBOARD,SINHALA,PARTLY_CLOUDY,False,False,False,True,VOLUNTEER,3,2,0,0,False,INFRASTRUCTURE,923639,True,11,14,2
INC-2022-0771,2022-11-17T04:45:11.000Z,Galle,Southern,WET,5.942414,80.388116,Flood,1,LOW,1055,0,0,0,Rescue Teams|Medical Kits|Boats|Tarpaulins,69,RESOLVED,SENSOR,MOBILE_APP,SINHALA,RAINY,False,False,False,False,,0,0,0,0,False,NONE,0,True,11,4,3
INC-2022-0280,2022-11-17T10:34:49.000Z,Badulla,Uva,HILL,7.099092,81.18754,Flood,2,MEDIUM,302,0,0,0,Dry Rations,113,RESOLVED,SENSOR,MOBILE_APP,ENGLISH,PARTLY_CLOUDY,False,False,False,True,DMC_OFFICER,3,2,0,0,False,INFRASTRUCTURE,5616011,True,11,10,3
INC-2022-0369,2022-11-18T06:08:29.000Z,Colombo,Western,WET,6.923164,79.940017,Flood,2,MEDIUM,603,0,0,0,Tarpaulins|Water Pumps,223,RESOLVED,VOLUNTEER,FIELD_REPORT,SINHALA,PARTLY_CLOUDY,True,False,False,True,DMC_OFFICER,0,0,0,0,False,AGRICULTURAL,2635592,True,11,6,4
INC-2022-0317,2022-11-19T17:02:12.000Z,Anuradhapura,NorthCentral,DRY,8.350604,80.536962,Flood,1,LOW,175,0,0,0,Rescue Teams|Water Pumps|Boats|Tarpaulins,107,RESOLVED,DMC_OFFICER,SMS,ENGLISH,RAINY,False,True,False,True,VOLUNTEER,0,0,0,0,False,INFRASTRUCTURE,0,True,11,17,5
INC-2022-0069,2022-11-21T19:09:47.000Z,Gampaha,Western,WET,7.036281,79.92865,Flood,1,LOW,48,0,0,0,Boats|Rescue Teams|Tarpaulins|Medical Kits,178,RESOLVED,CITIZEN,MOBILE_APP,SINHALA,OVERCAST,True,False,False,True,DMC_OFFICER,0,0,0,0,False,NONE,0,True,11,19,0
INC-2022-0048,2022-11-21T22:56:04.000Z,Kegalle,Sabaragamuwa,WET,7.252321,80.446165,Flash Flood,2,MEDIUM,6002,0,0,0,Medical Kits|Water Pumps|Boats,34,RESOLVED,CITIZEN,WEB_DASHBOARD,SINHALA,FOG,False,False,False,True,DMC_OFFICER,1,1,1,0,False,MIXED,2953909,True,11,22,0
INC-2022-0837,2022-11-22T13:29:15.000Z,Matara,Southern,WET,5.975071,80.59734,Flash Flood,2,MEDIUM,3354,0,0,0,Boats|Dry Rations|Water Pumps|Medical Kits,77,RESOLVED,CITIZEN,MOBILE_APP,SINHALA,PARTLY_CLOUDY,False,False,True,True,LOCAL_AUTHORITY,0,0,0,0,False,INFRASTRUCTURE,702663,True,11,13,1
INC-2022-0956,2022-11-22T18:29:38.000Z,Puttalam,NorthWestern,DRY,7.996522,80.092491,Medical Emergency,2,MEDIUM,8699,0,0,0,Medical Kits|Blood Supplies|Ambulances|Rescue Teams,122,CLOSED,VOLUNTEER,MOBILE_APP,ENGLISH,OVERCAST,False,True,False,True,GRAMA_NILADHARI,2,1,1,0,False,RESIDENTIAL,20006439,True,11,18,1
INC-2022-1479,2022-11-25T08:44:39.000Z,Gampaha,Western,WET,7.18019,79.992405,Flood,2,MEDIUM,4460,0,0,0,Medical Kits|Tarpaulins|Rescue Teams|Water Pumps,75,RESOLVED,VOLUNTEER,MOBILE_APP,TAMIL,RAINY,False,False,False,True,VOLUNTEER,2,2,1,0,False,AGRICULTURAL,530550,True,11,8,4
INC-2022-0649,2022-11-25T19:32:35.000Z,NuwaraEliya,Central,HILL,6.905039,80.752468,Landslide,2,MEDIUM,455,0,2,0,Medical Kits|Ambulances|Search Dogs|Rescue Teams,43,RESOLVED,CITIZEN,WEB_DASHBOARD,SINHALA,RAINY,False,True,False,False,,1,2,2,0,False,NONE,0,True,11,19,4
INC-2022-0432,2022-11-26T10:40:09.000Z,Trincomalee,Eastern,EAST_NORTH,8.451379,81.079805,Forest Fire,2,MEDIUM,1708,0,0,0,Rescue Teams|Helicopters|Fire Trucks|Medical Kits,243,RESOLVED,VOLUNTEER,MOBILE_APP,SINHALA,PARTLY_CLOUDY,True,False,False,False,,2,1,1,0,False,RESIDENTIAL,3128394,True,11,10,5
INC-2022-0264,2022-12-01T23:07:35.000Z,Trincomalee,Eastern,EAST_NORTH,8.549631,81.06316,Forest Fire,2,MEDIUM,2825,0,0,0,Rescue Teams|Medical Kits|Helicopters,58,RESOLVED,SENSOR,WEB_DASHBOARD,ENGLISH,PARTLY_CLOUDY,False,False,False,False,,2,1,1,0,False,AGRICULTURAL,15843592,True,12,23,3
INC-2022-1097,2022-12-02T11:08:17.000Z,Mannar,Northern,EAST_NORTH,8.80885,80.009322,Medical Emergency,2,MEDIUM,1274,0,0,0,Rescue Teams,121,CLOSED,CITIZEN,WEB_DASHBOARD,SINHALA,RAINY,False,False,False,True,DMC_OFFICER,1,2,2,0,False,INFRASTRUCTURE,1698218,True,12,11,4
INC-2022-0196,2022-12-04T08:44:39.000Z,Kilinochchi,Northern,EAST_NORTH,9.279241,80.396436,Flood,1,LOW,1548,0,0,0,Boats|Rescue Teams|Dry Rations|Water Pumps,171,RESOLVED,CITIZEN,MOBILE_APP,SINHALA,RAINY,False,False,True,False,,0,0,0,0,False,AGRICULTURAL,0,True,12,8,6
INC-2022-0003,2022-12-04T15:11:51.000Z,Ampara,Eastern,EAST_NORTH,7.422851,81.791893,Landslide,2,MEDIUM,493,0,0,0,Search Dogs,127,RESOLVED,VOLUNTEER,SMS,SINHALA,OVERCAST,False,False,False,True,VOLUNTEER,0,0,0,0,True,AGRICULTURAL,531482,True,12,15,6
INC-2022-0267,2022-12-05T04:57:32.000Z,Mannar,Northern,EAST_NORTH,8.848495,80.060211,Medical Emergency,2,MEDIUM,1127,0,0,0,Medical Kits|Blood Supplies,187,RESOLVED,VOLUNTEER,MOBILE_APP,SINHALA,RAINY,False,False,False,False,,3,3,3,0,False,AGRICULTURAL,79038,True,12,4,0
INC-2022-1227,2022-12-06T03:22:05.000Z,Badulla,Uva,HILL,6.805219,81.088398,Forest Fire,2,MEDIUM,1162,0,0,0,Water Tankers|Fire Trucks,98,IN_PROGRESS,MEDIA,MOBILE_APP,ENGLISH,STORMY,False,True,False,True,GRAMA_NILADHARI,3,1,0,0,False,INFRASTRUCTURE,2954717,True,12,3,1
INC-2022-1289,2022-12-08T23:11:46.000Z,Kurunegala,NorthWestern,DRY,7.500572,80.178548,Flood,2,MEDIUM,3752,0,0,0,Water Pumps|Dry Rations|Medical Kits|Tarpaulins,71,RESOLVED,CITIZEN,MOBILE_APP,SINHALA,OVERCAST,True,False,False,False,,1,2,0,0,False,NONE,0,True,12,23,3
INC-2022-1228,2022-12-10T20:01:06.000Z,Anuradhapura,NorthCentral,DRY,8.214746,80.546511,Flood,1,LOW,6711,0,0,0,Boats|Tarpaulins|Water Pumps|Rescue Teams,84,RESOLVED,DMC_OFFICER,PHONE_CALL,ENGLISH,STORMY,False,False,False,True,VOLUNTEER,0,0,0,0,False,NONE,0,True,12,20,5
INC-2022-0110,2022-12-12T02:44:07.000Z,Kalutara,Western,WET,6.596792,80.124202,Flood,2,MEDIUM,5422,0,0,0,Rescue Teams|Water Pumps,284,RESOLVED,CITIZEN,SMS,SINHALA,OVERCAST,False,False,True,False,,1,1,0,0,False,NONE,0,True,12,2,0
INC-2022-1055,2022-12-12T21:13:21.000Z,Ratnapura,Sabaragamuwa,WET,6.611855,80.550032,Flood,2,MEDIUM,1889,0,0,0,Dry Rations,69,RESOLVED,VOLUNTEER,FIELD_REPORT,SINHALA,RAINY,False,True,False,True,DMC_OFFICER,3,1,0,0,False,RESIDENTIAL,3678657,True,12,21,0
INC-2022-0962,2022-12-13T09:44:39.000Z,Colombo,Western,WET,6.904569,79.895789,Flood,1,LOW,3115,0,0,0,Tarpaulins,172,RESOLVED,LOCAL_AUTHORITY,MOBILE_APP,SINHALA,FOG,True,False,False,False,,0,0,0,0,False,MIXED,0,True,12,9,1
INC-2022-0539,2022-12-15T03:30:45.000Z,Kurunegala,NorthWestern,DRY,7.534545,80.38693,Flood,2,MEDIUM,2767,0,0,0,Boats|Medical Kits|Water Pumps|Dry Rations,88,CLOSED,VOLUNTEER,MOBILE_APP,ENGLISH,OVERCAST,True,True,False,False,,1,2,0,0,False,RESIDENTIAL,530106,True,12,3,3
INC-2022-0257,2022-12-15T13:37:13.000Z,Kurunegala,NorthWestern,DRY,7.482952,80.342545,Flood,1,LOW,471,0,0,0,Medical Kits|Tarpaulins,162,RESOLVED,VOLUNTEER,MOBILE_APP,TAMIL,PARTLY_CLOUDY,True,False,True,True,DMC_OFFICER,0,0,0,0,False,RESIDENTIAL,0,True,12,13,3
INC-2022-0442,2022-12-19T05:08:58.000Z,Monaragala,Uva,DRY,6.792471,81.292911,Flood,2,MEDIUM,1686,0,3,0,Dry Rations|Medical Kits|Water Pumps|Tarpaulins,175,RESOLVED,CITIZEN,MOBILE_APP,ENGLISH,FOG,True,True,False,False,,3,2,2,0,False,NONE,0,True,12,5,0
INC-2022-0017,2022-12-20T07:59:05.000Z,Colombo,Western,WET,6.937927,79.886953,Flash Flood,2,MEDIUM,1820,0,0,0,Water Pumps|Medical Kits,241,RESOLVED,LOCAL_AUTHORITY,MOBILE_APP,ENGLISH,RAINY,False,False,True,False,,2,3,0,0,False,AGRICULTURAL,165575,True,12,7,1
INC-2022-1202,2022-12-20T15:16:34.000Z,Trincomalee,Eastern,EAST_NORTH,8.647771,81.262004,Flood,2,MEDIUM,252,0,0,0,Rescue Teams,72,RESOLVED,DMC_OFFICER,MOBILE_APP,SINHALA,OVERCAST,True,False,False,False,,2,1,0,0,False,AGRICULTURAL,1835916,True,12,15,1
INC-2022-1147,2022-12-21T04:55:34.000Z,NuwaraEliya,Central,HILL,6.828352,80.781376,Landslide,1,LOW,390,0,0,0,Ambulances,437,RESOLVED,DMC_OFFICER,MOBILE_APP,TAMIL,FOG,False,True,False,True,DMC_OFFICER,0,0,0,0,False,MIXED,0,True,12,4,2
INC-2022-0231,2022-12-21T13:22:20.000Z,Colombo,Western,WET,6.871335,79.883188,Flood,2,MEDIUM,2979,0,0,0,Dry Rations|Rescue Teams|Medical Kits,103,IN_PROGRESS,CITIZEN,WEB_DASHBOARD,SINHALA,OVERCAST,False,False,True,False,,3,2,2,0,False,NONE,0,True,12,13,2
INC-2022-1161,2022-12-23T05:40:47.000Z,Anuradhapura,NorthCentral,DRY,8.171278,80.470223,High Winds/Cyclone,2,MEDIUM,310,0,0,0,Generators|Medical Kits,70,RESOLVED,CITIZEN,PHONE_CALL,SINHALA,SUNNY,False,False,False,True,DMC_OFFICER,0,0,0,0,False,MIXED,8885593,True,12,5,4
INC-2022-0864,2022-12-25T03:17:00.000Z,Mannar,Northern,EAST_NORTH,8.954623,79.99603,Flash Flood,2,MEDIUM,539,0,0,0,Boats|Medical Kits|Rescue Teams|Water Pumps,189,RESOLVED,SENSOR,WEB_DASHBOARD,SINHALA,STORMY,False,False,True,True,DMC_OFFICER,1,1,0,0,False,NONE,0,True,12,3,6
INC-2022-0552,2022-12-31T12:24:52.000Z,Batticaloa,Eastern,EAST_NORTH,7.72715,81.708026,Flood,1,LOW,23,0,0,0,Water Pumps|Dry Rations|Rescue Teams|Tarpaulins,289,CLOSED,VOLUNTEER,MOBILE_APP,TAMIL,PARTLY_CLOUDY,True,False,False,True,VOLUNTEER,0,0,0,0,False,NONE,0,True,12,12,5
INC-2023-0595,2023-01-01T18:18:38.000Z,Gampaha,Western,WET,7.174574,80.031896,Flash Flood,2,MEDIUM,1000,0,0,0,Boats|Dry Rations,61,IN_PROGRESS,MEDIA,WEB_DASHBOARD,SINHALA,FOG,True,True,False,False,,1,2,0,0,False,NONE,0,False,1,18,6
INC-2023-0805,2023-01-02T21:07:56.000Z,NuwaraEliya,Central,HILL,6.813381,80.696985,Landslide,1,LOW,296,0,0,0,Dry Rations|Medical Kits|Rescue Teams|Excavators,242,RESOLVED,CITIZEN,WEB_DASHBOARD,SINHALA,STORMY,False,False,False,False,,0,0,0,0,False,INFRASTRUCTURE,0,False,1,21,0
INC-2023-0758,2023-01-04T05:12:50.000Z,Matara,Southern,WET,6.076377,80.44145,Landslide,1,LOW,776,0,0,0,Dry Rations|Ambulances|Excavators,175,RESOLVED,DMC_OFFICER,MOBILE_APP,SINHALA,PARTLY_CLOUDY,True,False,False,True,DMC_OFFICER,0,0,0,0,True,AGRICULTURAL,0,False,1,5,2
INC-2023-0861,2023-01-04T15:20:33.000Z,Gampaha,Western,WET,7.115494,80.067526,High Winds/Cyclone,2,MEDIUM,2344,0,0,0,Dry Rations|Generators|Rescue Teams|Emergency Shelters,74,RESOLVED,CITIZEN,MOBILE_APP,SINHALA,OVERCAST,True,True,False,False,,0,0,0,0,False,MIXED,603060,False,1,15,2
INC-2023-1241,2023-01-07T06:12:18.000Z,Vavuniya,Northern,EAST_NORTH,8.785052,80.525377,Earthquake,3,HIGH,1296,179,0,0,Emergency Shelters,37,RESOLVED,DMC_OFFICER,MOBILE_APP,SINHALA,PARTLY_CLOUDY,True,False,False,True,DMC_OFFICER,6,1,0,29,False,INFRASTRUCTURE,850301,False,1,6,5
INC-2023-0543,2023-01-09T10:44:42.000Z,Colombo,Western,WET,6.946523,79.867674,Earthquake,2,MEDIUM,15152,0,0,0,Ambulances,171,RESOLVED,CITIZEN,WEB_DASHBOARD,TAMIL,FOG,False,False,False,False,,3,3,1,0,False,AGRICULTURAL,173593,False,1,10,0
INC-2023-1477,2023-01-12T17:19:50.000Z,Kilinochchi,Northern,EAST_NORTH,9.220092,80.304333,Flood,2,MEDIUM,283,0,0,0,Medical Kits|Rescue Teams|Dry Rations,83,RESOLVED,VOLUNTEER,MOBILE_APP,ENGLISH,STORMY,False,False,False,False,,1,2,0,0,False,AGRICULTURAL,384890,False,1,17,3
INC-2023-1388,2023-01-14T15:49:01.000Z,Ratnapura,Sabaragamuwa,WET,6.587577,80.423604,Flood,2,MEDIUM,2486,0,0,0,Water Pumps|Dry Rations|Boats|Medical Kits,69,RESOLVED,SENSOR,SMS,ENGLISH,FOG,False,False,False,False,,0,0,0,0,False,AGRICULTURAL,641280,False,1,15,5
INC-2023-1269,2023-01-15T18:41:23.000Z,Kilinochchi,Northern,EAST_NORTH,9.312272,80.395593,Flood,3,HIGH,743,261,5,3,Dry Rations|Boats|Water Pumps,47,RESOLVED,SENSOR,FIELD_REPORT,SINHALA,STORMY,False,False,False,True,GRAMA_NILADHARI,4,4,4,52,False,AGRICULTURAL,2057272,False,1,18,6
INC-2023-1252,2023-01-17T14:05:55.000Z,Ampara,Eastern,EAST_NORTH,7.284277,81.524458,Flash Flood,2,MEDIUM,767,0,8,2,Boats|Medical Kits|Rescue Teams|Water Pumps,159,RESOLVED,CITIZEN,PHONE_CALL,SINHALA,OVERCAST,False,False,False,True,GRAMA_NILADHARI,1,1,1,0,False,AGRICULTURAL,3002374,False,1,14,1
INC-2023-1255,2023-01-17T16:26:47.000Z,Mullaitivu,Northern,EAST_NORTH,9.165366,80.658704,Flood,2,MEDIUM,1215,0,0,0,Water Pumps|Boats|Medical Kits|Dry Rations,237,RESOLVED,LOCAL_AUTHORITY,MOBILE_APP,SINHALA,OVERCAST,False,False,False,False,,1,1,0,0,False,INFRASTRUCTURE,1493051,False,1,16,1
INC-2023-0360,2023-01-18T12:39:52.000Z,Colombo,Western,WET,6.914764,79.859073,Flash Flood,2,MEDIUM,880,0,0,0,Medical Kits|Rescue Teams|Dry Rations|Water Pumps,171,CLOSED,VOLUNTEER,MOBILE_APP,ENGLISH,OVERCAST,False,True,False,False,,3,2,1,0,False,RESIDENTIAL,2032618,False,1,12,2
INC-2023-0876,2023-01-19T14:28:55.000Z,Kalutara,Western,WET,6.49192,80.096047,Flood,2,MEDIUM,1706,0,0,0,Medical Kits|Rescue Teams|Dry Rations|Tarpaulins,49,RESOLVED,CITIZEN,WEB_DASHBOARD,ENGLISH,STORMY,False,False,False,True,GRAMA_NILADHARI,1,1,1,0,False,RESIDENTIAL,58926,False,1,14,3
INC-2023-0243,2023-01-19T17:44:05.000Z,Vavuniya,Northern,EAST_NORTH,8.828442,80.369525,Medical Emergency,1,LOW,309,0,0,0,Rescue Teams|Ambulances|Blood Supplies,424,RESOLVED,VOLUNTEER,FIELD_REPORT,SINHALA,PARTLY_CLOUDY,False,False,False,False,,0,0,0,0,False,RESIDENTIAL,0,False,1,17,3
INC-2023-1020,2023-01-24T11:07:19.000Z,Polonnaruwa,NorthCentral,DRY,7.911367,81.090626,Flash Flood,2,MEDIUM,743,0,0,0,Medical Kits|Boats,50,RESOLVED,CITIZEN,MOBILE_APP,ENGLISH,PARTLY_CLOUDY,True,False,False,False,,2,1,1,0,False,RESIDENTIAL,128350,False,1,11,1
INC-2023-1143,2023-01-25T16:58:33.000Z,Monaragala,Uva,DRY,6.659861,81.233896,Drought,1,LOW,671,0,0,0,Livestock Feed|Medical Kits,106,RESOLVED,SENSOR,MOBILE_APP,ENGLISH,STORMY,False,False,False,False,,0,0,0,0,False,AGRICULTURAL,0,False,1,16,2
INC-2023-0285,2023-01-26T08:35:49.000Z,Hambantota,Southern,DRY,6.281473,81.124786,Coastal Erosion,2,MEDIUM,1721,0,0,0,Rescue Teams|Emergency Shelters|Boats,24,RESOLVED,SENSOR,MOBILE_APP,ENGLISH,OVERCAST,False,False,True,True,GRAMA_NILADHARI,0,0,0,0,False,NONE,0,False,1,8,3
INC-2023-0376,2023-01-27T02:17:54.000Z,Mullaitivu,Northern,EAST_NORTH,9.373631,80.606795,Drought,1,LOW,559,0,0,0,Medical Kits|Livestock Feed|Water Tankers,465,RESOLVED,CITIZEN,FIELD_REPORT,SINHALA,OVERCAST,False,False,True,False,,0,0,0,0,False,INFRASTRUCTURE,0,False,1,2,4
INC-2023-0559,2023-01-31T20:59:36.000Z,Trincomalee,Eastern,EAST_NORTH,8.653983,81.008415,Drought,3,HIGH,12804,7532,0,0,Dry Rations|Medical Kits|Water Tankers,46,RESOLVED,VOLUNTEER,MOBILE_APP,SINHALA,STORMY,False,False,False,True,GRAMA_NILADHARI,4,3,0,2510,False,MIXED,1141915,False,1,20,1
INC-2023-0453,2023-02-01T19:10:51.000Z,Anuradhapura,NorthCentral,DRY,8.381619,80.442411,Flash Flood,2,MEDIUM,74,0,2,0,Rescue Teams,45,IN_PROGRESS,VOLUNTEER,MOBILE_APP,TAMIL,PARTLY_CLOUDY,False,True,False,False,,1,1,0,0,False,AGRICULTURAL,453941,False,2,19,2
INC-2023-1267,2023-02-03T00:10:04.000Z,Polonnaruwa,NorthCentral,DRY,8.138595,81.00651,Flash Flood,1,LOW,375,0,0,0,Dry Rations,171,RESOLVED,CITIZEN,MOBILE_APP,SINHALA,OVERCAST,False,True,False,False,,0,0,0,0,False,AGRICULTURAL,0,False,2,0,4
INC-2023-0878,2023-02-05T13:24:59.000Z,Vavuniya,Northern,EAST_NORTH,8.619817,80.309414,Landslide,1,LOW,163,0,2,0,Search Dogs|Rescue Teams|Ambulances,459,RESOLVED,VOLUNTEER,PHONE_CALL,ENGLISH,RAINY,False,False,False,True,DMC_OFFICER,0,0,0,0,False,MIXED,0,False,2,13,6
INC-2023-0958,2023-02-08T06:48:28.000Z,NuwaraEliya,Central,HILL,6.875223,80.643089,Landslide,2,MEDIUM,3019,0,0,0,Rescue Teams|Ambulances,45,RESOLVED,CITIZEN,SMS,TAMIL,RAINY,False,False,False,False,,2,1,1,0,False,MIXED,864557,False,2,6,2
INC-2023-1373,2023-02-08T22:42:57.000Z,Kilinochchi,Northern,EAST_NORTH,9.234104,80.292629,Landslide,2,MEDIUM,722,0,0,0,Ambulances|Medical Kits|Rescue Teams|Excavators,149,RESOLVED,SENSOR,MOBILE_APP,SINHALA,OVERCAST,True,False,False,True,LOCAL_AUTHORITY,2,1,1,0,False,AGRICULTURAL,59552079,False,2,22,2
INC-2023-0058,2023-02-10T10:09:53.000Z,Ampara,Eastern,EAST_NORTH,7.25783,81.605783,Flood,2,MEDIUM,10234,0,0,0,Medical Kits,209,RESOLVED,VOLUNTEER,FIELD_REPORT,ENGLISH,PARTLY_CLOUDY,False,False,False,False,,2,1,0,0,False,NONE,0,False,2,10,4
INC-2023-1244,2023-02-12T04:01:19.000Z,Mullaitivu,Northern,EAST_NORTH,9.239657,80.791084,Flash Flood,1,LOW,591,0,0,0,Boats,205,RESOLVED,CITIZEN,MOBILE_APP,SINHALA,RAINY,True,False,False,False,,0,0,0,0,False,MIXED,0,False,2,4,6
INC-2023-0910,2023-02-13T02:50:23.000Z,Anuradhapura,NorthCentral,DRY,8.452067,80.319837,Building Collapse,2,MEDIUM,2355,0,0,0,Search Dogs|Excavators|Medical Kits|Ambulances,53,RESOLVED,DMC_OFFICER,SMS,SINHALA,STORMY,True,True,False,False,,3,1,0,0,False,AGRICULTURAL,346741,False,2,2,0
INC-2023-0117,2023-02-15T22:03:34.000Z,Kilinochchi,Northern,EAST_NORTH,9.265739,80.240071,Building Collapse,1,LOW,437,0,0,0,Medical Kits|Rescue Teams,222,RESOLVED,CITIZEN,PHONE_CALL,SINHALA,RAINY,False,False,False,False,,0,0,0,0,False,AGRICULTURAL,0,False,2,22,2
INC-2023-0998,2023-02-19T02:16:48.000Z,Mullaitivu,Northern,EAST_NORTH,9.336052,80.686872,Flood,2,MEDIUM,233,0,0,0,Medical Kits|Water Pumps|Dry Rations,384,RESOLVED,CITIZEN,MOBILE_APP,TAMIL,PARTLY_CLOUDY,True,True,False,True,GRAMA_NILADHARI,1,2,1,0,False,RESIDENTIAL,21898702,False,2,2,6
INC-2023-0969,2023-02-21T03:53:26.000Z,Kandy,Central,HILL,7.385489,80.64689,Drought,2,MEDIUM,174,0,0,0,Livestock Feed|Medical Kits|Dry Rations,67,RESOLVED,DMC_OFFICER,MOBILE_APP,SINHALA,RAINY,True,False,False,False,,1,1,0,0,False,NONE,0,False,2,3,1
INC-2023-0802,2023-02-24T22:15:40.000Z,Mannar,Northern,EAST_NORTH,9.105365,79.894042,Forest Fire,1,LOW,3900,0,0,0,Helicopters|Water Tankers,623,RESOLVED,CITIZEN,MOBILE_APP,ENGLISH,FOG,True,False,False,False,,0,0,0,0,False,MIXED,0,False,2,22,4
INC-2023-0255,2023-02-26T03:28:17.000Z,Kalutara,Western,WET,6.515298,80.195334,Flash Flood,3,HIGH,753,306,1,2,Dry Rations|Boats|Water Pumps,99,RESOLVED,CITIZEN,WEB_DASHBOARD,SINHALA,RAINY,False,False,False,True,DMC_OFFICER,4,1,0,102,False,RESIDENTIAL,3872264,False,2,3,6
INC-2023-1048,2023-02-26T13:24:46.000Z,Trincomalee,Eastern,EAST_NORTH,8.425963,81.027089,Medical Emergency,1,LOW,5219,0,0,0,Rescue Teams|Ambulances,97,RESOLVED,SENSOR,MOBILE_APP,ENGLISH,RAINY,True,True,False,False,,0,0,0,0,False,NONE,0,False,2,13,6
INC-2023-1259,2023-02-26T15:08:53.000Z,Vavuniya,Northern,EAST_NORTH,8.747029,80.482024,Drought,1,LOW,424,0,0,0,Water Tankers|Dry Rations|Livestock Feed|Medical Kits,420,RESOLVED,DMC_OFFICER,WEB_DASHBOARD,SINHALA,STORMY,True,False,False,True,LOCAL_AUTHORITY,0,0,0,0,False,AGRICULTURAL,0,False,2,15,6
INC-2023-0083,2023-02-27T07:34:50.000Z,Batticaloa,Eastern,EAST_NORTH,7.630777,81.753768,Drought,1,LOW,1490,0,0,0,Medical Kits,82,RESOLVED,DMC_OFFICER,MOBILE_APP,ENGLISH,STORMY,True,False,False,False,,0,0,0,0,False,AGRICULTURAL,0,False,2,7,0
INC-2023-1444,2023-02-27T10:45:11.000Z,Matale,Central,HILL,7.412969,80.619722,Earthquake,2,MEDIUM,105,0,0,0,Excavators|Emergency Shelters,52,RESOLVED,CITIZEN,MOBILE_APP,TAMIL,PARTLY_CLOUDY,True,False,True,False,,0,0,0,0,False,AGRICULTURAL,1675031,False,2,10,0
INC-2023-1059,2023-03-01T03:31:45.000Z,Trincomalee,Eastern,EAST_NORTH,8.583126,81.253152,Flash Flood,3,HIGH,48671,5934,0,0,Boats,23,RESOLVED,DMC_OFFICER,MOBILE_APP,SINHALA,OVERCAST,True,False,True,True,LOCAL_AUTHORITY,1,1,0,989,True,MIXED,72230,False,3,3,2
INC-2023-1174,2023-03-02T21:34:41.000Z,NuwaraEliya,Central,HILL,6.920156,80.697877,Drought,2,MEDIUM,137,0,0,0,Dry Rations,105,RESOLVED,CITIZEN,SMS,ENGLISH,OVERCAST,False,False,True,True,DMC_OFFICER,2,1,0,0,False,NONE,0,False,3,21,3
INC-2023-1391,2023-03-04T09:35:00.000Z,Galle,Southern,WET,6.12166,80.261263,Flood,3,HIGH,1280,494,1,0,Medical Kits|Boats|Tarpaulins|Water Pumps,23,RESOLVED,SENSOR,MOBILE_APP,ENGLISH,FOG,False,False,False,True,GRAMA_NILADHARI,6,6,5,98,False,MIXED,818229,False,3,9,5
INC-2023-0150,2023-03-05T19:43:04.000Z,Anuradhapura,NorthCentral,DRY,8.30433,80.367296,Flood,1,LOW,171,0,0,0,Water Pumps|Medical Kits,246,RESOLVED,MEDIA,MOBILE_APP,ENGLISH,FOG,True,False,False,False,,0,0,0,0,False,AGRICULTURAL,0,False,3,19,6
INC-2023-1401,2023-03-07T07:54:15.000Z,Ratnapura,Sabaragamuwa,WET,6.587723,80.548838,Landslide,2,MEDIUM,2726,0,0,0,Medical Kits|Excavators,52,RESOLVED,VOLUNTEER,MOBILE_APP,SINHALA,RAINY,False,False,False,True,DMC_OFFICER,1,1,0,0,False,RESIDENTIAL,364134,False,3,7,1
INC-2023-1347,2023-03-08T18:29:56.000Z,Hambantota,Southern,DRY,6.014753,81.055721,Flash Flood,2,MEDIUM,245,0,0,0,Water Pumps|Dry Rations,132,RESOLVED,CITIZEN,MOBILE_APP,SINHALA,PARTLY_CLOUDY,True,False,False,False,,0,0,0,0,False,AGRICULTURAL,231796,False,3,18,2
INC-2023-0688,2023-03-08T18:41:06.000Z,Anuradhapura,NorthCentral,DRY,8.163732,80.239965,Flash Flood,3,HIGH,14131,7205,0,0,Rescue Teams|Water Pumps|Medical Kits|Dry Rations,46,IN_PROGRESS,MEDIA,MOBILE_APP,TAMIL,RAINY,False,False,True,True,VOLUNTEER,7,6,2,1200,False,NONE,0,False,3,18,2
INC-2023-1276,2023-03-09T02:26:03.000Z,Ampara,Eastern,EAST_NORTH,7.20053,81.552517,Earthquake,2,MEDIUM,3790,0,0,0,Ambulances,76,RESOLVED,SENSOR,WEB_DASHBOARD,SINHALA,OVERCAST,False,False,False,True,GRAMA_NILADHARI,1,1,1,0,False,MIXED,68858,False,3,2,3
INC-2023-0966,2023-03-09T14:55:45.000Z,Gampaha,Western,WET,7.036511,80.004717,Forest Fire,2,MEDIUM,2210,0,0,0,Water Tankers|Medical Kits|Fire Trucks|Rescue Teams,133,RESOLVED,CITIZEN,FIELD_REPORT,ENGLISH,SUNNY,False,False,False,False,,1,2,1,0,False,AGRICULTURAL,3231693,False,3,14,3
INC-2023-0847,2023-03-11T01:55:26.000Z,Kandy,Central,HILL,7.181222,80.670457,Flash Flood,3,HIGH,1549,507,3,0,Rescue Teams|Medical Kits|Water Pumps,42,RESOLVED,VOLUNTEER,WEB_DASHBOARD,TAMIL,FOG,True,False,False,True,GRAMA_NILADHARI,4,3,3,101,False,MIXED,3973863,False,3,1,5
INC-2023-0288,2023-03-11T06:43:47.000Z,Badulla,Uva,HILL,7.077844,81.076227,Drought,1,LOW,302,0,0,0,Livestock Feed|Dry Rations|Water Tankers|Medical Kits,392,IN_PROGRESS,CITIZEN,SMS,TAMIL,PARTLY_CLOUDY,False,False,False,True,DMC_OFFICER,0,0,0,0,False,AGRICULTURAL,0,False,3,6,5
INC-2023-0732,2023-03-11T10:31:23.000Z,Hambantota,Southern,DRY,6.26026,81.256256,Landslide,2,MEDIUM,6157,0,0,0,Search Dogs|Excavators,39,RESOLVED,DMC_OFFICER,MOBILE_APP,ENGLISH,SUNNY,True,False,False,False,,0,0,0,0,False,NONE,0,False,3,10,5
INC-2023-0667,2023-03-13T05:10:56.000Z,Puttalam,NorthWestern,DRY,8.007976,79.848591,Drought,1,LOW,757,0,2,2,Livestock Feed|Water Tankers,99,RESOLVED,SENSOR,MOBILE_APP,ENGLISH,PARTLY_CLOUDY,True,True,False,True,LOCAL_AUTHORITY,0,0,0,0,False,INFRASTRUCTURE,0,False,3,5,0
INC-2023-1336,2023-03-13T23:08:35.000Z,Badulla,Uva,HILL,6.908991,81.292867,High Winds/Cyclone,1,LOW,386,0,0,0,Generators|Rescue Teams,93,RESOLVED,VOLUNTEER,WEB_DASHBOARD,ENGLISH,OVERCAST,False,False,False,False,,0,0,0,0,False,AGRICULTURAL,0,False,3,23,0
INC-2023-0513,2023-03-15T22:02:04.000Z,Vavuniya,Northern,EAST_NORTH,8.728133,80.552498,Flash Flood,2,MEDIUM,238,0,0,0,Boats,120,RESOLVED,CITIZEN,WEB_DASHBOARD,ENGLISH,OVERCAST,False,False,True,False,,2,3,3,0,False,MIXED,156028,False,3,22,2
INC-2023-1316,2023-03-17T03:49:38.000Z,Kilinochchi,Northern,EAST_NORTH,9.377003,80.466906,Flash Flood,2,MEDIUM,965,0,0,0,Dry Rations|Rescue Teams,114,RESOLVED,CITIZEN,MOBILE_APP,SINHALA,RAINY,False,False,False,True,LOCAL_AUTHORITY,3,4,4,0,False,MIXED,8300221,False,3,3,4
INC-2023-1370,2023-03-19T06:56:24.000Z,Kandy,Central,HILL,7.247643,80.796357,Flood,1,LOW,727,0,0,0,Water Pumps,154,RESOLVED,LOCAL_AUTHORITY,MOBILE_APP,SINHALA,RAINY,False,False,False,False,,0,0,0,0,False,NONE,0,False,3,6,6
INC-2023-1409,2023-03-22T23:47:36.000Z,Anuradhapura,NorthCentral,DRY,8.146697,80.285871,Drought,1,LOW,1488,0,0,0,Medical Kits|Dry Rations,51,RESOLVED,SENSOR,WEB_DASHBOARD,SINHALA,RAINY,False,False,False,True,LOCAL_AUTHORITY,0,0,0,0,False,INFRASTRUCTURE,0,False,3,23,2
INC-2023-0465,2023-03-23T06:31:43.000Z,NuwaraEliya,Central,HILL,6.977002,80.701515,Landslide,1,LOW,654,0,0,0,Medical Kits|Search Dogs,287,RESOLVED,CITIZEN,WEB_DASHBOARD,SINHALA,STORMY,False,False,False,False,,0,0,0,0,False,MIXED,0,False,3,6,3
INC-2023-0854,2023-03-24T21:23:58.000Z,Monaragala,Uva,DRY,6.787885,81.207283,Flash Flood,1,LOW,425,0,0,0,Boats|Water Pumps,273,RESOLVED,CITIZEN,MOBILE_APP,SINHALA,PARTLY_CLOUDY,True,False,False,True,LOCAL_AUTHORITY,0,0,0,0,False,MIXED,0,False,3,21,4
INC-2023-0953,2023-03-26T02:08:38.000Z,Jaffna,Northern,EAST_NORTH,9.725101,80.047595,Earthquake,3,HIGH,1747,808,0,0,Rescue Teams|Excavators|Ambulances,93,RESOLVED,VOLUNTEER,WEB_DASHBOARD,TAMIL,RAINY,False,False,False,True,DMC_OFFICER,5,3,0,202,False,INFRASTRUCTURE,2954142,False,3,2,6
INC-2023-0713,2023-03-26T05:20:13.000Z,Kilinochchi,Northern,EAST_NORTH,9.30271,80.292792,Flood,2,MEDIUM,2583,0,1,0,Rescue Teams|Dry Rations,107,RESOLVED,SENSOR,WEB_DASHBOARD,ENGLISH,RAINY,False,False,False,True,GRAMA_NILADHARI,1,1,1,0,False,MIXED,7801436,False,3,5,6
INC-2023-0568,2023-03-27T12:05:31.000Z,Gampaha,Western,WET,7.157912,80.095712,Building Collapse,2,MEDIUM,451,0,2,0,Excavators|Search Dogs,227,CLOSED,CITIZEN,FIELD_REPORT,ENGLISH,RAINY,False,False,False,False,,0,0,0,0,False,INFRASTRUCTURE,583821,False,3,12,0
INC-2023-0535,2023-03-27T17:08:56.000Z,Jaffna,Northern,EAST_NORTH,9.591934,80.126662,Medical Emergency,2,MEDIUM,966,0,0,0,Medical Kits|Blood Supplies,112,RESOLVED,CITIZEN,MOBILE_APP,ENGLISH,SUNNY,True,False,True,True,DMC_OFFICER,2,2,2,0,False,INFRASTRUCTURE,417803,False,3,17,0
INC-2023-0129,2023-03-28T16:11:48.000Z,Anuradhapura,NorthCentral,DRY,8.359489,80.323369,Flash Flood,3,HIGH,4216,517,0,0,Dry Rations|Water Pumps|Rescue Teams,24,RESOLVED,DMC_OFFICER,MOBILE_APP,TAMIL,OVERCAST,False,False,False,False,,6,3,3,129,False,RESIDENTIAL,210064,False,3,16,1
INC-2023-1182,2023-03-31T07:53:20.000Z,Mullaitivu,Northern,EAST_NORTH,9.320566,80.632808,Earthquake,2,MEDIUM,122,0,0,0,Rescue Teams|Ambulances|Excavators|Medical Kits,126,CLOSED,CITIZEN,FIELD_REPORT,SINHALA,FOG,False,False,False,True,DMC_OFFICER,3,4,2,0,False,INFRASTRUCTURE,648732,False,3,7,4
INC-2023-0228,2023-03-31T12:51:47.000Z,Hambantota,Southern,DRY,6.287011,81.292747,Forest Fire,2,MEDIUM,16511,0,0,0,Water Tankers|Fire Trucks|Medical Kits,107,RESOLVED,VOLUNTEER,PHONE_CALL,SINHALA,STORMY,False,False,False,True,VOLUNTEER,2,3,1,0,False,AGRICULTURAL,3631428,False,3,12,4
INC-2023-0862,2023-04-03T14:39:25.000Z,Hambantota,Southern,DRY,6.112087,81.094364,Drought,2,MEDIUM,1985,0,0,0,Water Tankers|Livestock Feed,57,RESOLVED,SENSOR,MOBILE_APP,SINHALA,STORMY,False,True,False,False,,1,2,1,0,False,RESIDENTIAL,28010739,False,4,14,0
INC-2023-1366,2023-04-03T17:48:23.000Z,NuwaraEliya,Central,HILL,6.865019,80.646172,Flood,2,MEDIUM,2102,0,0,0,Dry Rations|Tarpaulins|Boats,93,RESOLVED,VOLUNTEER,MOBILE_APP,ENGLISH,STORMY,False,False,False,True,VOLUNTEER,1,2,2,0,False,RESIDENTIAL,993710,False,4,17,0
INC-2023-0179,2023-04-04T23:41:21.000Z,Kegalle,Sabaragamuwa,WET,7.365396,80.357744,Landslide,1,LOW,57,0,1,0,Search Dogs,96,RESOLVED,SENSOR,MOBILE_APP,TAMIL,FOG,True,False,False,False,,0,0,0,0,False,MIXED,0,False,4,23,1
INC-2023-0208,2023-04-05T22:08:39.000Z,Kurunegala,NorthWestern,DRY,7.560135,80.392264,Flash Flood,2,MEDIUM,3496,0,0,0,Medical Kits,139,RESOLVED,CITIZEN,WEB_DASHBOARD,ENGLISH,RAINY,False,True,True,False,,1,2,1,0,False,MIXED,4304368,False,4,22,2
INC-2023-0506,2023-04-06T11:04:22.000Z,Kilinochchi,Northern,EAST_NORTH,9.266113,80.277289,Drought,2,MEDIUM,6048,0,0,0,Water Tankers|Medical Kits|Livestock Feed|Dry Rations,82,RESOLVED,DMC_OFFICER,MOBILE_APP,ENGLISH,OVERCAST,False,False,False,False,,0,0,0,0,False,MIXED,1184405,False,4,11,3
INC-2023-0633,2023-04-07T20:21:44.000Z,Gampaha,Western,WET,7.172555,79.976933,Flood,1,LOW,731,0,0,0,Rescue Teams,134,RESOLVED,DMC_OFFICER,PHONE_CALL,SINHALA,RAINY,True,False,True,True,DMC_OFFICER,0,0,0,0,False,NONE,0,False,4,20,4
INC-2023-0344,2023-04-09T08:43:16.000Z,Ampara,Eastern,EAST_NORTH,7.427191,81.692827,Drought,1,LOW,3346,0,0,0,Medical Kits|Livestock Feed|Dry Rations,140,RESOLVED,DMC_OFFICER,SMS,ENGLISH,PARTLY_CLOUDY,False,False,True,False,,0,0,0,0,False,RESIDENTIAL,0,False,4,8,6
INC-2023-0286,2023-04-12T04:22:06.000Z,Kurunegala,NorthWestern,DRY,7.557858,80.199505,Drought,2,MEDIUM,3739,0,0,0,Livestock Feed|Medical Kits,99,RESOLVED,VOLUNTEER,MOBILE_APP,ENGLISH,OVERCAST,False,False,False,False,,0,0,0,0,False,AGRICULTURAL,962862,False,4,4,2
INC-2023-1457,2023-04-15T10:43:50.000Z,Kurunegala,NorthWestern,DRY,7.543347,80.271031,Medical Emergency,1,LOW,50,0,0,0,Medical Kits|Ambulances|Rescue Teams,289,RESOLVED,CITIZEN,PHONE_CALL,SINHALA,RAINY,False,False,False,True,VOLUNTEER,0,0,0,0,False,NONE,0,False,4,10,5
INC-2023-1418,2023-04-16T02:47:53.000Z,Kurunegala,NorthWestern,DRY,7.572152,80.14713,Medical Emergency,2,MEDIUM,2043,0,0,0,Rescue Teams,58,RESOLVED,VOLUNTEER,MOBILE_APP,SINHALA,STORMY,True,False,False,True,VOLUNTEER,2,3,2,0,False,NONE,0,False,4,2,6
INC-2023-1315,2023-04-17T05:12:06.000Z,Puttalam,NorthWestern,DRY,8.184498,80.02547,Flood,1,LOW,213,0,0,0,Boats|Medical Kits,375,RESOLVED,LOCAL_AUTHORITY,MOBILE_APP,SINHALA,PARTLY_CLOUDY,True,False,False,False,,0,0,0,0,False,INFRASTRUCTURE,0,False,4,5,0
INC-2023-0760,2023-04-17T16:33:03.000Z,Vavuniya,Northern,EAST_NORTH,8.812024,80.594575,Drought,2,MEDIUM,324,0,0,0,Livestock Feed|Dry Rations|Medical Kits,97,CLOSED,DMC_OFFICER,MOBILE_APP,ENGLISH,PARTLY_CLOUDY,False,False,False,False,,1,2,2,0,False,NONE,0,False,4,16,0
INC-2023-0853,2023-04-20T03:58:12.000Z,Vavuniya,Northern,EAST_NORTH,8.781966,80.411888,Flood,2,MEDIUM,887,0,0,0,Water Pumps,72,RESOLVED,CITIZEN,PHONE_CALL,SINHALA,FOG,False,False,False,True,DMC_OFFICER,3,3,1,0,False,AGRICULTURAL,2992921,False,4,3,3
INC-2023-0635,2023-04-20T19:37:15.000Z,Kandy,Central,HILL,7.379742,80.586226,Flood,1,LOW,1225,0,0,0,Medical Kits|Water Pumps|Dry Rations|Boats,275,IN_PROGRESS,MEDIA,MOBILE_APP,TAMIL,FOG,True,False,False,False,,0,0,0,0,False,INFRASTRUCTURE,0,False,4,19,3
INC-2023-1337,2023-04-21T06:53:02.000Z,Monaragala,Uva,DRY,6.619367,81.478438,Landslide,1,LOW,591,0,0,0,Search Dogs,125,RESOLVED,LOCAL_AUTHORITY,MOBILE_APP,ENGLISH,STORMY,True,False,False,True,VOLUNTEER,0,0,0,0,False,RESIDENTIAL,0,False,4,6,4
INC-2023-0235,2023-04-25T03:21:51.000Z,Mullaitivu,Northern,EAST_NORTH,9.26045,80.692427,Landslide,1,LOW,3909,0,0,0,Ambulances,384,RESOLVED,CITIZEN,SMS,TAMIL,SUNNY,False,False,False,True,DMC_OFFICER,0,0,0,0,False,INFRASTRUCTURE,0,False,4,3,1
INC-2023-1335,2023-04-27T22:26:46.000Z,Kandy,Central,HILL,7.346862,80.671688,Landslide,2,MEDIUM,7171,0,0,0,Dry Rations|Medical Kits,170,RESOLVED,CITIZEN,PHONE_CALL,ENGLISH,FOG,False,False,False,True,LOCAL_AUTHORITY,1,1,1,0,False,NONE,0,False,4,22,3
INC-2023-1091,2023-05-01T09:34:01.000Z,Badulla,Uva,HILL,7.005457,81.181398,Flash Flood,3,HIGH,3280,1774,0,0,Rescue Teams|Water Pumps,67,RESOLVED,CITIZEN,WEB_DASHBOARD,ENGLISH,FOG,False,False,False,True,VOLUNTEER,7,3,3,591,True,AGRICULTURAL,1543754,True,5,9,0
INC-2023-0185,2023-05-01T15:55:06.000Z,Matale,Central,HILL,7.631249,80.670245,Flood,1,LOW,461,0,0,0,Water Pumps|Dry Rations,35,CLOSED,DMC_OFFICER,WEB_DASHBOARD,ENGLISH,STORMY,False,False,False,False,,0,0,0,0,False,RESIDENTIAL,0,True,5,15,0
INC-2023-1309,2023-05-02T15:09:38.000Z,Polonnaruwa,NorthCentral,DRY,8.022988,81.159115,Building Collapse,2,MEDIUM,111,0,0,0,Search Dogs,30,RESOLVED,DMC_OFFICER,MOBILE_APP,SINHALA,SUNNY,True,False,False,False,,3,2,2,0,False,INFRASTRUCTURE,230359,True,5,15,1
INC-2023-0511,2023-05-03T18:55:56.000Z,Kalutara,Western,WET,6.60337,80.197094,Landslide,2,MEDIUM,1438,0,0,0,Search Dogs|Excavators|Medical Kits|Rescue Teams,172,RESOLVED,VOLUNTEER,SMS,SINHALA,SUNNY,True,False,False,True,GRAMA_NILADHARI,2,2,2,0,False,AGRICULTURAL,12670660,True,5,18,2
INC-2023-0982,2023-05-04T10:35:26.000Z,Ratnapura,Sabaragamuwa,WET,6.715487,80.588105,Flash Flood,3,HIGH,3486,649,2,0,Rescue Teams|Boats|Dry Rations|Water Pumps,32,RESOLVED,VOLUNTEER,WEB_DASHBOARD,SINHALA,FOG,False,False,False,True,VOLUNTEER,1,2,0,162,False,AGRICULTURAL,1378303,True,5,10,3
INC-2023-0819,2023-05-04T20:47:49.000Z,Galle,Southern,WET,5.908645,80.28101,Landslide,3,HIGH,12855,3605,1,0,Rescue Teams|Ambulances|Excavators|Search Dogs,54,RESOLVED,CITIZEN,MOBILE_APP,TAMIL,PARTLY_CLOUDY,True,False,False,True,DMC_OFFICER,4,5,2,1201,False,AGRICULTURAL,457460,True,5,20,3
INC-2023-0300,2023-05-05T12:45:54.000Z,Trincomalee,Eastern,EAST_NORTH,8.426339,81.114662,Flood,2,MEDIUM,2423,0,0,0,Medical Kits|Rescue Teams,80,RESOLVED,DMC_OFFICER,MOBILE_APP,ENGLISH,RAINY,True,False,False,True,VOLUNTEER,1,1,0,0,False,INFRASTRUCTURE,12526822,True,5,12,4
INC-2023-0406,2023-05-07T13:03:08.000Z,Monaragala,Uva,DRY,6.977903,81.465302,Flood,2,MEDIUM,1135,0,0,0,Boats|Tarpaulins,71,CLOSED,CITIZEN,WEB_DASHBOARD,SINHALA,PARTLY_CLOUDY,False,False,False,False,,1,2,2,0,False,RESIDENTIAL,6101447,True,5,13,6
INC-2023-0293,2023-05-10T02:48:34.000Z,Mannar,Northern,EAST_NORTH,8.990342,80.023595,Flood,3,HIGH,2820,1687,4,2,Dry Rations|Boats|Medical Kits|Tarpaulins,35,RESOLVED,VOLUNTEER,MOBILE_APP,TAMIL,OVERCAST,False,False,False,True,LOCAL_AUTHORITY,4,5,4,421,True,INFRASTRUCTURE,12828248,True,5,2,2
INC-2023-1166,2023-05-10T15:56:19.000Z,Kalutara,Western,WET,6.498,79.95127,Building Collapse,2,MEDIUM,1787,0,0,0,Search Dogs,23,RESOLVED,SENSOR,PHONE_CALL,SINHALA,PARTLY_CLOUDY,False,True,False,False,,0,0,0,0,True,NONE,0,True,5,15,2
INC-2023-1026,2023-05-11T20:49:00.000Z,Vavuniya,Northern,EAST_NORTH,8.694316,80.423237,Flash Flood,3,HIGH,1765,334,0,0,Boats|Medical Kits,50,RESOLVED,MEDIA,WEB_DASHBOARD,TAMIL,PARTLY_CLOUDY,False,False,True,True,DMC_OFFICER,3,3,2,66,False,MIXED,2794305,True,5,20,3
INC-2023-0120,2023-05-15T04:04:32.000Z,Kalutara,Western,WET,6.400905,79.96537,Flash Flood,2,MEDIUM,3049,0,0,0,Boats,226,RESOLVED,VOLUNTEER,PHONE_CALL,SINHALA,RAINY,False,False,True,False,,3,1,1,0,False,AGRICULTURAL,2209830,True,5,4,0
INC-2023-0567,2023-05-18T06:21:18.000Z,Vavuniya,Northern,EAST_NORTH,8.659841,80.398616,Building Collapse,2,MEDIUM,202,0,0,0,Rescue Teams|Medical Kits|Excavators,143,RESOLVED,DMC_OFFICER,MOBILE_APP,SINHALA,STORMY,True,False,True,True,LOCAL_AUTHORITY,1,1,1,0,False,NONE,0,True,5,6,3
INC-2023-0022,2023-05-22T23:46:37.000Z,Colombo,Western,WET,6.936435,79.946689,Landslide,2,MEDIUM,5420,0,0,0,Medical Kits|Dry Rations|Search Dogs,32,RESOLVED,DMC_OFFICER,WEB_DASHBOARD,SINHALA,PARTLY_CLOUDY,False,False,True,False,,2,1,1,0,True,NONE,0,True,5,23,0
INC-2023-0417,2023-05-24T09:25:37.000Z,Puttalam,NorthWestern,DRY,7.865176,80.111797,Flash Flood,3,HIGH,5232,2699,5,0,Rescue Teams|Boats|Dry Rations,36,RESOLVED,DMC_OFFICER,MOBILE_APP,TAMIL,RAINY,True,False,False,True,VOLUNTEER,6,6,0,674,False,MIXED,36075,True,5,9,2
INC-2023-1381,2023-05-25T02:38:26.000Z,Mannar,Northern,EAST_NORTH,8.872163,80.080696,Flood,2,MEDIUM,245,0,0,0,Tarpaulins,49,RESOLVED,DMC_OFFICER,WEB_DASHBOARD,SINHALA,OVERCAST,False,False,False,True,LOCAL_AUTHORITY,0,0,0,0,False,AGRICULTURAL,1842398,True,5,2,3
INC-2023-1207,2023-05-25T18:09:48.000Z,Gampaha,Western,WET,7.13056,79.911218,Flood,1,LOW,249,0,0,0,Boats|Tarpaulins,167,RESOLVED,CITIZEN,PHONE_CALL,SINHALA,STORMY,False,False,False,True,VOLUNTEER,0,0,0,0,False,INFRASTRUCTURE,0,True,5,18,3
INC-2023-0704,2023-05-27T22:12:55.000Z,Kegalle,Sabaragamuwa,WET,7.200216,80.339206,Landslide,3,HIGH,3395,1944,4,0,Ambulances|Excavators,33,RESOLVED,CITIZEN,MOBILE_APP,ENGLISH,STORMY,False,False,False,True,VOLUNTEER,3,1,1,388,False,AGRICULTURAL,338915,True,5,22,5
INC-2023-1313,2023-05-28T02:12:03.000Z,Kurunegala,NorthWestern,DRY,7.481593,80.450872,Flood,1,LOW,1136,0,0,0,Boats|Dry Rations,373,CLOSED,CITIZEN,MOBILE_APP,SINHALA,STORMY,False,False,False,True,LOCAL_AUTHORITY,0,0,0,0,False,AGRICULTURAL,0,True,5,2,6
INC-2023-1491,2023-05-29T18:12:39.000Z,Kalutara,Western,WET,6.460875,79.917106,Landslide,2,MEDIUM,9966,0,0,0,Rescue Teams|Medical Kits,87,CLOSED,CITIZEN,FIELD_REPORT,ENGLISH,OVERCAST,False,False,False,False,,1,1,0,0,False,RESIDENTIAL,877768,True,5,18,0
INC-2023-1022,2023-05-29T22:42:08.000Z,Badulla,Uva,HILL,6.965346,81.029069,Flood,1,LOW,4168,0,0,0,Medical Kits,158,RESOLVED,CITIZEN,PHONE_CALL,SINHALA,RAINY,False,False,False,False,,0,0,0,0,False,MIXED,0,True,5,22,0
INC-2023-0407,2023-05-30T23:19:48.000Z,Ampara,Eastern,EAST_NORTH,7.340157,81.5597,Flood,2,MEDIUM,540,0,0,0,Rescue Teams|Water Pumps|Boats,78,RESOLVED,CITIZEN,MOBILE_APP,TAMIL,RAINY,True,False,False,False,,3,1,0,0,False,AGRICULTURAL,462774,True,5,23,1
INC-2023-0124,2023-06-03T19:04:42.000Z,Hambantota,Southern,DRY,6.161928,81.226316,Medical Emergency,2,MEDIUM,6724,0,0,0,Medical Kits,26,RESOLVED,DMC_OFFICER,SMS,SINHALA,OVERCAST,False,False,False,True,DMC_OFFICER,1,2,0,0,False,NONE,0,True,6,19,5
INC-2023-0439,2023-06-05T07:29:34.000Z,Batticaloa,Eastern,EAST_NORTH,7.755683,81.618435,Medical Emergency,1,LOW,100,0,0,0,Blood Supplies|Rescue Teams|Medical Kits,250,IN_PROGRESS,DMC_OFFICER,FIELD_REPORT,SINHALA,STORMY,False,False,False,True,VOLUNTEER,0,0,0,0,False,AGRICULTURAL,0,True,6,7,0
INC-2023-0941,2023-06-05T15:03:02.000Z,Kurunegala,NorthWestern,DRY,7.611848,80.34951,Flood,1,LOW,656,0,0,0,Water Pumps|Tarpaulins|Medical Kits|Dry Rations,104,RESOLVED,DMC_OFFICER,MOBILE_APP,SINHALA,RAINY,False,False,False,False,,0,0,0,0,False,MIXED,0,True,6,15,0
INC-2023-0199,2023-06-07T06:34:35.000Z,Badulla,Uva,HILL,7.0638,81.008684,Medical Emergency,2,MEDIUM,2331,0,5,0,Medical Kits|Ambulances,35,RESOLVED,DMC_OFFICER,MOBILE_APP,ENGLISH,OVERCAST,True,False,False,True,LOCAL_AUTHORITY,3,1,0,0,False,MIXED,1133013,True,6,6,2
INC-2023-0472,2023-06-08T14:20:27.000Z,Kalutara,Western,WET,6.646558,80.127342,Flood,1,LOW,1297,0,0,0,Medical Kits,184,RESOLVED,CITIZEN,MOBILE_APP,SINHALA,FOG,False,False,False,True,VOLUNTEER,0,0,0,0,False,NONE,0,True,6,14,3
INC-2023-1296,2023-06-10T21:32:50.000Z,Batticaloa,Eastern,EAST_NORTH,7.837438,81.771429,Earthquake,2,MEDIUM,7038,0,0,0,Rescue Teams|Emergency Shelters,121,RESOLVED,CITIZEN,MOBILE_APP,SINHALA,RAINY,False,False,False,True,GRAMA_NILADHARI,0,0,0,0,False,MIXED,487327,True,6,21,5
INC-2023-0569,2023-06-12T12:05:42.000Z,Matale,Central,HILL,7.535426,80.625917,Medical Emergency,2,MEDIUM,1784,0,1,0,Rescue Teams|Ambulances,43,RESOLVED,CITIZEN,MOBILE_APP,SINHALA,OVERCAST,True,False,False,False,,1,1,1,0,False,MIXED,153260,True,6,12,0
INC-2023-0897,2023-06-13T23:37:26.000Z,Polonnaruwa,NorthCentral,DRY,8.098714,81.20739,Flood,1,LOW,451,0,0,0,Tarpaulins|Water Pumps,120,RESOLVED,CITIZEN,WEB_DASHBOARD,SINHALA,RAINY,False,False,True,False,,0,0,0,0,False,RESIDENTIAL,0,True,6,23,1
INC-2023-1343,2023-06-15T17:23:08.000Z,Kandy,Central,HILL,7.339933,80.518866,Landslide,2,MEDIUM,814,0,1,3,Excavators|Ambulances|Medical Kits,124,IN_PROGRESS,DMC_OFFICER,MOBILE_APP,SINHALA,FOG,False,True,False,False,,0,0,0,0,False,RESIDENTIAL,316548,True,6,17,3
INC-2023-0521,2023-06-17T19:48:34.000Z,Ratnapura,Sabaragamuwa,WET,6.608846,80.400055,Flash Flood,2,MEDIUM,793,0,5,0,Rescue Teams|Dry Rations|Water Pumps,76,RESOLVED,VOLUNTEER,WEB_DASHBOARD,ENGLISH,STORMY,False,False,False,True,GRAMA_NILADHARI,1,2,2,0,False,MIXED,116920,True,6,19,5
INC-2023-0946,2023-06-18T06:31:23.000Z,Hambantota,Southern,DRY,6.277038,81.06499,Flood,1,LOW,1090,0,0,0,Medical Kits|Boats|Rescue Teams|Water Pumps,184,RESOLVED,CITIZEN,FIELD_REPORT,SINHALA,OVERCAST,False,False,False,True,VOLUNTEER,0,0,0,0,False,MIXED,0,True,6,6,6
INC-2023-0012,2023-06-18T16:35:27.000Z,Kandy,Central,HILL,7.229315,80.627074,Building Collapse,3,HIGH,491,162,2,0,Excavators|Ambulances|Medical Kits|Search Dogs,25,IN_PROGRESS,CITIZEN,MOBILE_APP,TAMIL,STORMY,False,True,False,True,VOLUNTEER,7,3,2,54,False,NONE,0,True,6,16,6
INC-2023-1087,2023-06-18T23:54:03.000Z,Matale,Central,HILL,7.604655,80.747464,Flash Flood,3,HIGH,1374,585,2,0,Dry Rations|Rescue Teams|Water Pumps,32,RESOLVED,DMC_OFFICER,FIELD_REPORT,SINHALA,RAINY,False,False,True,True,VOLUNTEER,2,3,0,195,False,RESIDENTIAL,698193,True,6,23,6
INC-2023-0931,2023-06-19T02:50:45.000Z,Matale,Central,HILL,7.616086,80.657342,Flood,1,LOW,1550,0,0,0,Boats,141,CLOSED,CITIZEN,SMS,TAMIL,FOG,False,True,False,False,,0,0,0,0,False,MIXED,0,True,6,2,0
INC-2023-0882,2023-06-19T13:11:44.000Z,Mannar,Northern,EAST_NORTH,9.186034,79.81884,Building Collapse,2,MEDIUM,3108,0,0,0,Medical Kits|Search Dogs|Ambulances|Excavators,156,RESOLVED,LOCAL_AUTHORITY,WEB_DASHBOARD,SINHALA,STORMY,False,False,True,True,DMC_OFFICER,3,3,0,0,False,RESIDENTIAL,7885201,True,6,13,0
INC-2023-0945,2023-06-19T23:19:39.000Z,Ratnapura,Sabaragamuwa,WET,6.535342,80.342737,Landslide,1,LOW,3005,0,0,0,Medical Kits|Excavators|Rescue Teams|Search Dogs,156,RESOLVED,CITIZEN,MOBILE_APP,SINHALA,RAINY,True,False,False,True,LOCAL_AUTHORITY,0,0,0,0,False,INFRASTRUCTURE,0,True,6,23,0
INC-2023-0766,2023-06-20T06:56:02.000Z,Matara,Southern,WET,5.942322,80.738906,Landslide,1,LOW,735,0,0,0,Excavators|Medical Kits,91,RESOLVED,DMC_OFFICER,SMS,TAMIL,STORMY,False,False,False,True,LOCAL_AUTHORITY,0,0,0,0,False,INFRASTRUCTURE,0,True,6,6,1
INC-2023-0645,2023-06-20T10:09:32.000Z,Kegalle,Sabaragamuwa,WET,7.299771,80.381664,Flood,1,LOW,39,0,0,0,Dry Rations|Tarpaulins|Boats,146,RESOLVED,VOLUNTEER,MOBILE_APP,TAMIL,STORMY,True,False,False,False,,0,0,0,0,False,AGRICULTURAL,0,True,6,10,1
INC-2023-0126,2023-06-22T10:00:38.000Z,Kurunegala,NorthWestern,DRY,7.626325,80.289408,Coastal Erosion,2,MEDIUM,474,0,2,0,Emergency Shelters|Dry Rations,65,RESOLVED,SENSOR,MOBILE_APP,TAMIL,SUNNY,True,True,False,True,VOLUNTEER,3,2,1,0,False,RESIDENTIAL,522928,True,6,10,3
INC-2023-1213,2023-06-24T15:24:29.000Z,Mannar,Northern,EAST_NORTH,9.127336,80.01606,Flood,2,MEDIUM,665,0,2,0,Tarpaulins,68,RESOLVED,CITIZEN,SMS,SINHALA,STORMY,False,False,False,False,,0,0,0,0,False,AGRICULTURAL,1168255,True,6,15,5
INC-2023-0791,2023-06-26T19:56:48.000Z,Mannar,Northern,EAST_NORTH,9.020928,79.94087,High Winds/Cyclone,2,MEDIUM,5590,0,0,0,Emergency Shelters|Rescue Teams|Dry Rations,76,CLOSED,CITIZEN,MOBILE_APP,SINHALA,PARTLY_CLOUDY,False,True,True,False,,3,4,3,0,False,RESIDENTIAL,263519,True,6,19,0
INC-2023-0782,2023-06-27T14:09:41.000Z,Jaffna,Northern,EAST_NORTH,9.505239,80.144096,Forest Fire,2,MEDIUM,1652,0,0,0,Rescue Teams|Fire Trucks|Medical Kits,257,CLOSED,CITIZEN,FIELD_REPORT,SINHALA,RAINY,False,True,True,True,LOCAL_AUTHORITY,0,0,0,0,False,RESIDENTIAL,1268421,True,6,14,1
INC-2023-0302,2023-07-01T17:09:14.000Z,Badulla,Uva,HILL,7.023683,81.24651,Landslide,2,MEDIUM,1210,0,0,0,Rescue Teams|Ambulances|Excavators,64,RESOLVED,SENSOR,MOBILE_APP,TAMIL,RAINY,True,False,False,False,,1,1,0,0,False,INFRASTRUCTURE,3025374,True,7,17,5
INC-2023-0021,2023-07-03T03:33:30.000Z,Batticaloa,Eastern,EAST_NORTH,7.859219,81.743225,Medical Emergency,2,MEDIUM,4918,0,0,0,Medical Kits|Rescue Teams|Ambulances,145,RESOLVED,CITIZEN,MOBILE_APP,ENGLISH,SUNNY,True,False,False,False,,2,2,0,0,False,AGRICULTURAL,783687,True,7,3,0
INC-2023-0392,2023-07-03T19:41:50.000Z,Kegalle,Sabaragamuwa,WET,7.298372,80.274284,Flood,2,MEDIUM,1536,0,0,0,Water Pumps|Boats|Tarpaulins,68,CLOSED,SENSOR,MOBILE_APP,ENGLISH,RAINY,True,True,False,True,LOCAL_AUTHORITY,3,3,0,0,False,NONE,0,True,7,19,0
INC-2023-1460,2023-07-06T07:43:05.000Z,Trincomalee,Eastern,EAST_NORTH,8.421474,81.29563,Flood,2,MEDIUM,14158,0,0,0,Water Pumps|Rescue Teams,115,RESOLVED,VOLUNTEER,FIELD_REPORT,SINHALA,RAINY,True,False,False,False,,2,1,1,0,False,AGRICULTURAL,3240605,True,7,7,3
INC-2023-1234,2023-07-06T11:10:40.000Z,Galle,Southern,WET,5.932656,80.253078,Flood,1,LOW,632,0,0,0,Dry Rations|Rescue Teams|Water Pumps|Boats,170,RESOLVED,CITIZEN,WEB_DASHBOARD,TAMIL,OVERCAST,False,False,True,False,,0,0,0,0,False,MIXED,0,True,7,11,3
INC-2023-0060,2023-07-13T00:01:57.000Z,Ampara,Eastern,EAST_NORTH,7.433477,81.746261,Flash Flood,2,MEDIUM,9223,0,0,0,Boats|Medical Kits|Dry Rations,70,RESOLVED,LOCAL_AUTHORITY,MOBILE_APP,SINHALA,RAINY,False,False,True,False,,2,1,1,0,False,RESIDENTIAL,3283790,True,7,0,3
INC-2023-0445,2023-07-13T03:54:08.000Z,Anuradhapura,NorthCentral,DRY,8.252804,80.23641,Flood,2,MEDIUM,334,0,2,0,Water Pumps,44,RESOLVED,DMC_OFFICER,MOBILE_APP,ENGLISH,OVERCAST,True,False,True,True,LOCAL_AUTHORITY,1,1,1,0,False,RESIDENTIAL,2671122,True,7,3,3
INC-2023-0479,2023-07-13T12:34:36.000Z,Gampaha,Western,WET,7.179993,80.046649,Flood,1,LOW,1093,0,0,0,Medical Kits|Rescue Teams|Boats|Water Pumps,160,RESOLVED,CITIZEN,MOBILE_APP,SINHALA,PARTLY_CLOUDY,True,False,False,False,,0,0,0,0,False,RESIDENTIAL,0,True,7,12,3
INC-2023-0626,2023-07-17T05:07:01.000Z,Batticaloa,Eastern,EAST_NORTH,7.78373,81.524178,Flood,1,LOW,1003,0,0,0,Rescue Teams|Dry Rations|Boats|Medical Kits,647,RESOLVED,VOLUNTEER,MOBILE_APP,ENGLISH,RAINY,True,False,False,True,VOLUNTEER,0,0,0,0,True,RESIDENTIAL,0,True,7,5,0
INC-2023-1254,2023-07-18T09:23:54.000Z,Kegalle,Sabaragamuwa,WET,7.140832,80.333596,Landslide,1,LOW,4313,0,0,0,Ambulances|Rescue Teams|Dry Rations|Search Dogs,221,CLOSED,DMC_OFFICER,PHONE_CALL,TAMIL,PARTLY_CLOUDY,False,False,False,True,LOCAL_AUTHORITY,0,0,0,0,False,AGRICULTURAL,0,True,7,9,1
INC-2023-1156,2023-07-22T11:06:28.000Z,Kandy,Central,HILL,7.284783,80.697995,Forest Fire,2,MEDIUM,2255,0,0,0,Fire Trucks,69,RESOLVED,MEDIA,MOBILE_APP,SINHALA,RAINY,True,False,False,False,,1,1,0,0,False,AGRICULTURAL,1227418,True,7,11,5
INC-2023-1364,2023-07-24T20:08:13.000Z,NuwaraEliya,Central,HILL,6.980174,80.819736,Flood,1,LOW,270,0,0,0,Dry Rations|Tarpaulins|Medical Kits|Water Pumps,147,CLOSED,VOLUNTEER,MOBILE_APP,ENGLISH,OVERCAST,False,False,False,True,LOCAL_AUTHORITY,0,0,0,0,False,AGRICULTURAL,0,True,7,20,0
INC-2023-1487,2023-07-25T23:18:16.000Z,Kandy,Central,HILL,7.140365,80.604595,High Winds/Cyclone,2,MEDIUM,4375,0,2,0,Dry Rations|Generators,129,CLOSED,VOLUNTEER,MOBILE_APP,ENGLISH,RAINY,False,False,False,True,DMC_OFFICER,2,3,1,0,False,RESIDENTIAL,1736437,True,7,23,1
INC-2023-0871,2023-07-26T16:38:33.000Z,Matara,Southern,WET,5.889725,80.496998,Flood,1,LOW,2989,0,0,0,Tarpaulins|Boats|Dry Rations|Water Pumps,204,RESOLVED,CITIZEN,SMS,SINHALA,RAINY,False,False,False,True,DMC_OFFICER,0,0,0,0,False,AGRICULTURAL,0,True,7,16,2
INC-2023-0002,2023-07-27T09:39:54.000Z,Matara,Southern,WET,5.97678,80.723772,Flood,1,LOW,542,0,0,0,Rescue Teams,236,RESOLVED,VOLUNTEER,WEB_DASHBOARD,SINHALA,RAINY,False,False,False,True,GRAMA_NILADHARI,0,0,0,0,False,INFRASTRUCTURE,0,True,7,9,3
INC-2023-1015,2023-08-02T23:11:54.000Z,Anuradhapura,NorthCentral,DRY,8.213216,80.44393,Flash Flood,2,MEDIUM,730,0,0,0,Dry Rations|Rescue Teams|Medical Kits|Water Pumps,159,CLOSED,VOLUNTEER,WEB_DASHBOARD,ENGLISH,RAINY,False,False,False,True,LOCAL_AUTHORITY,0,0,0,0,False,INFRASTRUCTURE,4957008,True,8,23,2
INC-2023-0751,2023-08-03T02:18:05.000Z,Matale,Central,HILL,7.630984,80.752697,Landslide,1,LOW,79,0,1,3,Medical Kits|Dry Rations|Ambulances,190,RESOLVED,CITIZEN,PHONE_CALL,TAMIL,PARTLY_CLOUDY,False,False,True,True,LOCAL_AUTHORITY,0,0,0,0,False,MIXED,0,True,8,2,3
INC-2023-1287,2023-08-04T01:50:35.000Z,Kurunegala,NorthWestern,DRY,7.462528,80.200403,Flood,3,HIGH,27260,2995,0,0,Rescue Teams|Water Pumps|Boats,72,IN_PROGRESS,CITIZEN,WEB_DASHBOARD,ENGLISH,RAINY,False,False,False,False,,2,3,3,998,False,MIXED,31255440,True,8,1,4
INC-2023-0160,2023-08-05T02:00:32.000Z,Kilinochchi,Northern,EAST_NORTH,9.34331,80.268684,Flood,1,LOW,3423,0,0,0,Tarpaulins,186,RESOLVED,DMC_OFFICER,MOBILE_APP,SINHALA,STORMY,True,False,False,True,VOLUNTEER,0,0,0,0,False,AGRICULTURAL,0,True,8,2,5
INC-2023-1299,2023-08-05T22:24:12.000Z,Galle,Southern,WET,6.129453,80.26352,Flood,2,MEDIUM,3683,0,0,0,Tarpaulins|Medical Kits|Boats|Rescue Teams,88,RESOLVED,CITIZEN,SMS,SINHALA,OVERCAST,True,False,True,False,,0,0,0,0,False,NONE,0,True,8,22,5
INC-2023-0469,2023-08-13T12:00:02.000Z,Kegalle,Sabaragamuwa,WET,7.271411,80.48065,Flood,1,LOW,6132,0,0,0,Dry Rations|Water Pumps|Boats,125,RESOLVED,CITIZEN,MOBILE_APP,SINHALA,FOG,True,False,False,False,,0,0,0,0,False,NONE,0,True,8,12,6
INC-2023-0322,2023-08-17T23:35:27.000Z,Puttalam,NorthWestern,DRY,8.081871,80.15651,Flood,1,LOW,630,0,0,0,Water Pumps|Dry Rations|Tarpaulins|Rescue Teams,193,RESOLVED,CITIZEN,MOBILE_APP,SINHALA,OVERCAST,False,False,False,False,,0,0,0,0,False,MIXED,0,True,8,23,3
INC-2023-0743,2023-08-18T03:13:39.000Z,Gampaha,Western,WET,7.192951,79.925246,Flash Flood,1,LOW,292,0,0,0,Water Pumps|Boats,209,RESOLVED,SENSOR,MOBILE_APP,SINHALA,RAINY,False,True,False,True,GRAMA_NILADHARI,0,0,0,0,False,NONE,0,True,8,3,4
INC-2023-1358,2023-08-20T10:01:09.000Z,Kalutara,Western,WET,6.622028,80.166623,Flood,2,MEDIUM,3265,0,0,0,Boats|Dry Rations|Rescue Teams,78,RESOLVED,VOLUNTEER,MOBILE_APP,SINHALA,FOG,True,False,False,True,VOLUNTEER,2,2,0,0,False,AGRICULTURAL,2305076,True,8,10,6
INC-2023-1215,2023-08-22T15:00:05.000Z,Vavuniya,Northern,EAST_NORTH,8.87249,80.454109,Building Collapse,3,HIGH,5486,3226,0,0,Search Dogs|Ambulances|Medical Kits|Rescue Teams,78,PENDING,VOLUNTEER,PHONE_CALL,SINHALA,STORMY,False,False,False,True,GRAMA_NILADHARI,4,4,4,1075,False,MIXED,6730340,True,8,15,1
INC-2023-0578,2023-08-26T04:11:51.000Z,NuwaraEliya,Central,HILL,6.995471,80.652115,Landslide,3,HIGH,5222,2999,8,0,Dry Rations|Rescue Teams|Search Dogs,50,RESOLVED,CITIZEN,PHONE_CALL,SINHALA,SUNNY,False,False,True,True,LOCAL_AUTHORITY,5,5,1,749,True,RESIDENTIAL,7331153,True,8,4,5
INC-2023-1443,2023-08-28T17:33:47.000Z,Kandy,Central,HILL,7.114652,80.589411,Landslide,2,MEDIUM,5177,0,0,0,Dry Rations|Ambulances,49,RESOLVED,CITIZEN,PHONE_CALL,SINHALA,FOG,False,False,False,True,LOCAL_AUTHORITY,3,2,0,0,False,INFRASTRUCTURE,335945,True,8,17,0
INC-2023-0294,2023-08-29T04:01:31.000Z,Kilinochchi,Northern,EAST_NORTH,9.477241,80.226878,Flood,2,MEDIUM,2857,0,0,0,Medical Kits|Dry Rations|Water Pumps|Boats,119,RESOLVED,VOLUNTEER,PHONE_CALL,ENGLISH,PARTLY_CLOUDY,False,True,False,False,,3,2,1,0,True,AGRICULTURAL,2360569,True,8,4,1
INC-2023-0066,2023-08-29T04:20:20.000Z,Trincomalee,Eastern,EAST_NORTH,8.468548,81.101679,Earthquake,2,MEDIUM,640,0,0,0,Excavators|Emergency Shelters|Search Dogs|Rescue Teams,211,RESOLVED,CITIZEN,MOBILE_APP,SINHALA,PARTLY_CLOUDY,False,False,False,False,,0,0,0,0,False,RESIDENTIAL,7162715,True,8,4,1
INC-2023-1340,2023-08-30T03:40:56.000Z,Hambantota,Southern,DRY,6.258912,81.139041,Flash Flood,3,HIGH,1008,359,0,0,Medical Kits|Dry Rations|Rescue Teams|Water Pumps,76,PENDING,CITIZEN,MOBILE_APP,SINHALA,FOG,False,True,False,True,DMC_OFFICER,5,3,1,119,False,NONE,0,True,8,3,2
INC-2023-0273,2023-08-30T07:34:59.000Z,Gampaha,Western,WET,7.119401,80.059353,Flood,1,LOW,93,0,0,0,Rescue Teams|Medical Kits|Water Pumps,79,RESOLVED,CITIZEN,WEB_DASHBOARD,ENGLISH,STORMY,True,False,False,True,DMC_OFFICER,0,0,0,0,False,AGRICULTURAL,0,True,8,7,2
INC-2023-1322,2023-08-30T20:51:53.000Z,Gampaha,Western,WET,7.195634,79.930587,Flash Flood,1,LOW,452,0,0,0,Boats|Medical Kits|Dry Rations,201,RESOLVED,DMC_OFFICER,FIELD_REPORT,ENGLISH,RAINY,False,False,False,True,GRAMA_NILADHARI,0,0,0,0,False,MIXED,0,True,8,20,2
INC-2023-0072,2023-08-30T23:57:55.000Z,Mullaitivu,Northern,EAST_NORTH,9.311101,80.650079,Flash Flood,2,MEDIUM,198,0,1,1,Boats|Water Pumps|Medical Kits,154,RESOLVED,CITIZEN,MOBILE_APP,ENGLISH,PARTLY_CLOUDY,True,False,False,False,,3,4,2,0,False,RESIDENTIAL,487500,True,8,23,2
INC-2023-0925,2023-08-31T17:24:57.000Z,Mannar,Northern,EAST_NORTH,8.923834,80.033488,Flood,2,MEDIUM,447,0,0,0,Medical Kits,124,CLOSED,VOLUNTEER,MOBILE_APP,ENGLISH,FOG,False,False,False,True,DMC_OFFICER,2,2,0,0,False,AGRICULTURAL,369035,True,8,17,3
INC-2023-1461,2023-09-01T07:50:49.000Z,Colombo,Western,WET,6.929302,79.872033,Flood,1,LOW,228,0,0,0,Boats|Rescue Teams|Medical Kits,77,RESOLVED,SENSOR,MOBILE_APP,SINHALA,STORMY,True,False,False,False,,0,0,0,0,False,INFRASTRUCTURE,0,True,9,7,4
INC-2023-0097,2023-09-06T02:21:26.000Z,Badulla,Uva,HILL,7.060463,81.249417,High Winds/Cyclone,1,LOW,228,0,0,0,Dry Rations|Emergency Shelters,193,RESOLVED,CITIZEN,MOBILE_APP,SINHALA,PARTLY_CLOUDY,False,False,False,False,,0,0,0,0,False,RESIDENTIAL,0,True,9,2,2
INC-2023-1496,2023-09-06T04:45:04.000Z,Matale,Central,HILL,7.460841,80.634359,Landslide,1,LOW,5875,0,0,0,Rescue Teams|Excavators|Dry Rations,418,RESOLVED,VOLUNTEER,MOBILE_APP,TAMIL,RAINY,True,False,False,False,,0,0,0,0,False,INFRASTRUCTURE,0,True,9,4,2
INC-2023-0961,2023-09-07T18:04:11.000Z,Badulla,Uva,HILL,6.979467,81.207422,Landslide,1,LOW,277,0,0,0,Ambulances|Rescue Teams|Medical Kits,273,CLOSED,VOLUNTEER,SMS,SINHALA,PARTLY_CLOUDY,False,False,False,False,,0,0,0,0,False,INFRASTRUCTURE,0,True,9,18,3
INC-2023-1500,2023-09-09T21:00:56.000Z,NuwaraEliya,Central,HILL,6.920652,80.748802,Flood,1,LOW,2643,0,0,0,Boats|Water Pumps|Rescue Teams,221,CLOSED,CITIZEN,FIELD_REPORT,ENGLISH,RAINY,False,False,True,True,GRAMA_NILADHARI,0,0,0,0,False,INFRASTRUCTURE,0,True,9,21,5
INC-2023-1158,2023-09-10T13:22:13.000Z,Kalutara,Western,WET,6.68954,79.932598,Flash Flood,3,HIGH,4101,1126,0,0,Rescue Teams,40,RESOLVED,CITIZEN,FIELD_REPORT,SINHALA,OVERCAST,False,False,False,True,VOLUNTEER,2,3,1,281,False,NONE,0,True,9,13,6
INC-2023-0621,2023-09-10T14:05:01.000Z,Vavuniya,Northern,EAST_NORTH,8.842602,80.357689,Flood,2,MEDIUM,4659,0,0,0,Tarpaulins,97,IN_PROGRESS,DMC_OFFICER,WEB_DASHBOARD,TAMIL,RAINY,True,True,False,True,LOCAL_AUTHORITY,0,0,0,0,False,NONE,0,True,9,14,6
INC-2023-1423,2023-09-10T21:20:34.000Z,Ratnapura,Sabaragamuwa,WET,6.564953,80.322174,High Winds/Cyclone,1,LOW,497,0,0,0,Medical Kits|Rescue Teams|Generators,172,RESOLVED,CITIZEN,MOBILE_APP,TAMIL,OVERCAST,False,False,False,False,,0,0,0,0,False,RESIDENTIAL,0,True,9,21,6
INC-2023-0023,2023-09-12T03:25:20.000Z,Badulla,Uva,HILL,6.930918,81.295271,Landslide,2,MEDIUM,212,0,10,0,Search Dogs,211,CLOSED,CITIZEN,MOBILE_APP,SINHALA,SUNNY,True,True,False,False,,1,2,1,0,False,INFRASTRUCTURE,399583,True,9,3,1
INC-2023-1230,2023-09-14T04:49:02.000Z,Puttalam,NorthWestern,DRY,7.889755,80.125959,Earthquake,2,MEDIUM,631,0,0,0,Medical Kits|Excavators|Search Dogs,56,IN_PROGRESS,VOLUNTEER,SMS,SINHALA,PARTLY_CLOUDY,False,False,False,True,VOLUNTEER,2,2,0,0,False,RESIDENTIAL,1015913,True,9,4,3
INC-2023-1286,2023-09-14T08:17:40.000Z,Puttalam,NorthWestern,DRY,8.175476,80.086166,Flood,2,MEDIUM,3794,0,0,0,Dry Rations|Tarpaulins|Water Pumps|Boats,87,CLOSED,VOLUNTEER,MOBILE_APP,ENGLISH,PARTLY_CLOUDY,True,True,False,False,,2,2,1,0,False,RESIDENTIAL,8918804,True,9,8,3
INC-2023-0964,2023-09-18T01:09:26.000Z,Mullaitivu,Northern,EAST_NORTH,9.315562,80.546175,Flood,2,MEDIUM,852,0,0,0,Dry Rations|Water Pumps,92,RESOLVED,MEDIA,SMS,ENGLISH,FOG,False,False,False,False,,0,0,0,0,False,AGRICULTURAL,2788517,True,9,1,0
INC-2023-0610,2023-09-19T09:05:23.000Z,Kurunegala,NorthWestern,DRY,7.557971,80.377653,Flood,2,MEDIUM,162,0,0,0,Medical Kits|Dry Rations|Tarpaulins,65,RESOLVED,CITIZEN,MOBILE_APP,SINHALA,RAINY,False,False,False,True,LOCAL_AUTHORITY,0,0,0,0,False,NONE,0,True,9,9,1
INC-2023-0579,2023-09-21T00:28:37.000Z,Kalutara,Western,WET,6.445915,80.08543,Flood,2,MEDIUM,468,0,1,0,Water Pumps,51,RESOLVED,CITIZEN,MOBILE_APP,SINHALA,FOG,False,True,False,False,,2,1,0,0,False,AGRICULTURAL,3989155,True,9,0,3
INC-2023-0900,2023-09-21T02:41:50.000Z,NuwaraEliya,Central,HILL,6.800611,80.739075,Flood,1,LOW,425,0,0,0,Boats,458,RESOLVED,MEDIA,SMS,ENGLISH,STORMY,False,False,True,True,DMC_OFFICER,0,0,0,0,False,MIXED,0,True,9,2,3
INC-2023-0236,2023-09-21T19:29:56.000Z,Mullaitivu,Northern,EAST_NORTH,9.346637,80.509246,Building Collapse,2,MEDIUM,570,0,0,0,Ambulances|Search Dogs,133,RESOLVED,DMC_OFFICER,PHONE_CALL,TAMIL,OVERCAST,False,False,False,False,,1,2,2,0,False,INFRASTRUCTURE,26305229,True,9,19,3
INC-2023-1170,2023-09-23T16:08:46.000Z,Kegalle,Sabaragamuwa,WET,7.29949,80.469161,Flood,2,MEDIUM,1668,0,0,0,Medical Kits|Tarpaulins|Boats,93,RESOLVED,DMC_OFFICER,WEB_DASHBOARD,TAMIL,RAINY,False,False,True,True,LOCAL_AUTHORITY,1,2,2,0,False,RESIDENTIAL,1102172,True,9,16,5
INC-2023-0154,2023-09-26T03:25:28.000Z,Batticaloa,Eastern,EAST_NORTH,7.635216,81.743567,Forest Fire,2,MEDIUM,3861,0,0,0,Water Tankers|Rescue Teams,200,CLOSED,DMC_OFFICER,FIELD_REPORT,SINHALA,RAINY,False,False,False,False,,1,1,1,0,False,NONE,0,True,9,3,1
INC-2023-0100,2023-09-27T19:21:42.000Z,Badulla,Uva,HILL,6.939333,81.102058,Flood,2,MEDIUM,1140,0,0,0,Dry Rations|Tarpaulins,96,RESOLVED,CITIZEN,SMS,SINHALA,OVERCAST,False,False,False,True,GRAMA_NILADHARI,2,1,1,0,False,MIXED,7358658,True,9,19,2
INC-2023-0028,2023-09-28T15:16:41.000Z,Ampara,Eastern,EAST_NORTH,7.208686,81.627884,Earthquake,3,HIGH,2054,417,1,0,Rescue Teams,28,RESOLVED,SENSOR,PHONE_CALL,TAMIL,PARTLY_CLOUDY,False,False,False,True,DMC_OFFICER,8,7,0,69,False,NONE,0,True,9,15,3
INC-2023-1385,2023-09-28T23:09:33.000Z,Batticaloa,Eastern,EAST_NORTH,7.60982,81.538094,Flood,2,MEDIUM,2421,0,0,0,Water Pumps,91,RESOLVED,CITIZEN,MOBILE_APP,SINHALA,FOG,False,False,False,True,DMC_OFFICER,2,1,1,0,False,NONE,0,True,9,23,3
INC-2023-0639,2023-09-29T23:48:35.000Z,Anuradhapura,NorthCentral,DRY,8.116782,80.486943,Flood,1,LOW,9,0,0,0,Tarpaulins,116,IN_PROGRESS,DMC_OFFICER,MOBILE_APP,SINHALA,STORMY,False,True,False,False,,0,0,0,0,False,RESIDENTIAL,0,True,9,23,4
INC-2023-0565,2023-10-01T14:29:38.000Z,Batticaloa,Eastern,EAST_NORTH,7.853451,81.785613,Medical Emergency,2,MEDIUM,1065,0,0,0,Ambulances|Rescue Teams|Medical Kits,122,RESOLVED,CITIZEN,WEB_DASHBOARD,TAMIL,FOG,False,False,False,False,,0,0,0,0,False,AGRICULTURAL,92896,False,10,14,6
INC-2023-1186,2023-10-02T11:21:00.000Z,Mullaitivu,Northern,EAST_NORTH,9.238828,80.661644,Earthquake,2,MEDIUM,364,0,0,0,Rescue Teams,217,RESOLVED,MEDIA,FIELD_REPORT,SINHALA,STORMY,False,False,False,True,GRAMA_NILADHARI,3,1,1,0,False,NONE,0,False,10,11,0
INC-2023-0906,2023-10-03T00:18:32.000Z,Kandy,Central,HILL,7.16622,80.56436,Landslide,1,LOW,915,0,0,0,Excavators|Ambulances|Medical Kits,442,RESOLVED,VOLUNTEER,PHONE_CALL,SINHALA,RAINY,False,False,False,False,,0,0,0,0,False,AGRICULTURAL,0,False,10,0,1
INC-2023-0620,2023-10-03T18:44:50.000Z,Jaffna,Northern,EAST_NORTH,9.68196,80.168136,Drought,2,MEDIUM,1051,0,0,0,Medical Kits|Water Tankers,151,RESOLVED,CITIZEN,SMS,ENGLISH,SUNNY,False,False,False,True,DMC_OFFICER,3,4,2,0,False,AGRICULTURAL,261449,False,10,18,1
INC-2023-0512,2023-10-04T21:14:22.000Z,Jaffna,Northern,EAST_NORTH,9.587324,80.028965,Landslide,1,LOW,1215,0,0,0,Ambulances|Rescue Teams,98,RESOLVED,SENSOR,PHONE_CALL,SINHALA,FOG,True,False,False,False,,0,0,0,0,False,AGRICULTURAL,0,False,10,21,2
INC-2023-1201,2023-10-08T22:27:08.000Z,Matale,Central,HILL,7.507743,80.653591,Building Collapse,2,MEDIUM,393,0,0,0,Search Dogs|Medical Kits,51,RESOLVED,DMC_OFFICER,WEB_DASHBOARD,SINHALA,SUNNY,False,True,False,True,GRAMA_NILADHARI,0,0,0,0,False,RESIDENTIAL,242446,False,10,22,6
INC-2023-0719,2023-10-08T23:15:46.000Z,Jaffna,Northern,EAST_NORTH,9.706088,80.164512,Medical Emergency,2,MEDIUM,504,0,0,0,Ambulances|Blood Supplies,150,RESOLVED,LOCAL_AUTHORITY,SMS,SINHALA,RAINY,False,False,False,True,DMC_OFFICER,1,1,1,0,False,MIXED,195236,False,10,23,6
INC-2023-1387,2023-10-11T08:46:19.000Z,Badulla,Uva,HILL,6.918063,81.280318,Flood,2,MEDIUM,742,0,5,0,Tarpaulins,41,RESOLVED,SENSOR,MOBILE_APP,SINHALA,PARTLY_CLOUDY,False,False,False,True,GRAMA_NILADHARI,1,1,1,0,False,INFRASTRUCTURE,2904051,False,10,8,2
INC-2023-0652,2023-10-12T17:14:35.000Z,Mullaitivu,Northern,EAST_NORTH,9.247977,80.526059,Flood,2,MEDIUM,4963,0,0,0,Dry Rations|Boats,153,IN_PROGRESS,DMC_OFFICER,MOBILE_APP,SINHALA,RAINY,False,False,False,True,VOLUNTEER,2,2,1,0,False,NONE,0,False,10,17,3
INC-2023-0460,2023-10-13T09:35:31.000Z,Galle,Southern,WET,5.941302,80.113221,Medical Emergency,2,MEDIUM,398,0,0,0,Rescue Teams|Blood Supplies,73,RESOLVED,VOLUNTEER,MOBILE_APP,SINHALA,PARTLY_CLOUDY,False,False,False,False,,1,1,1,0,False,INFRASTRUCTURE,4244360,False,10,9,4
INC-2023-1127,2023-10-16T06:05:55.000Z,Anuradhapura,NorthCentral,DRY,8.146057,80.391495,High Winds/Cyclone,3,HIGH,497,248,4,0,Generators,40,RESOLVED,CITIZEN,SMS,ENGLISH,SUNNY,False,False,False,True,LOCAL_AUTHORITY,6,3,3,62,False,AGRICULTURAL,1079723,False,10,6,0
INC-2023-1101,2023-10-19T15:27:19.000Z,Matara,Southern,WET,5.884255,80.462567,Flash Flood,4,CRITICAL,61130,12042,2,0,Medical Kits|Rescue Teams|Water Pumps,9,ASSIGNED,DMC_OFFICER,MOBILE_APP,SINHALA,STORMY,True,False,False,True,LOCAL_AUTHORITY,1,1,1,3010,False,RESIDENTIAL,532250,False,10,15,3
INC-2023-0807,2023-10-21T00:34:02.000Z,Monaragala,Uva,DRY,6.698444,81.483373,Landslide,1,LOW,4918,0,0,0,Medical Kits|Search Dogs,85,RESOLVED,SENSOR,MOBILE_APP,SINHALA,OVERCAST,False,False,False,True,VOLUNTEER,0,0,0,0,False,NONE,0,False,10,0,5
INC-2023-0795,2023-10-26T18:43:35.000Z,Hambantota,Southern,DRY,6.101255,81.081851,Flood,1,LOW,321,0,0,0,Tarpaulins|Boats|Dry Rations|Medical Kits,126,RESOLVED,SENSOR,MOBILE_APP,ENGLISH,RAINY,False,False,True,False,,0,0,0,0,False,AGRICULTURAL,0,False,10,18,3
INC-2023-0127,2023-10-29T10:32:10.000Z,Mullaitivu,Northern,EAST_NORTH,9.127739,80.717375,Landslide,2,MEDIUM,18430,0,0,0,Excavators|Medical Kits,102,RESOLVED,CITIZEN,PHONE_CALL,ENGLISH,PARTLY_CLOUDY,False,True,True,False,,1,2,0,0,False,INFRASTRUCTURE,4482327,False,10,10,6
INC-2023-0331,2023-10-30T05:50:40.000Z,Hambantota,Southern,DRY,6.067722,81.127432,Earthquake,2,MEDIUM,2557,0,0,0,Ambulances,54,RESOLVED,CITIZEN,MOBILE_APP,SINHALA,SUNNY,False,False,False,False,,2,1,0,0,False,INFRASTRUCTURE,2033995,False,10,5,0
INC-2023-1121,2023-10-30T12:47:26.000Z,Anuradhapura,NorthCentral,DRY,8.453925,80.235611,Flash Flood,2,MEDIUM,3630,0,0,0,Water Pumps|Medical Kits,57,RESOLVED,CITIZEN,MOBILE_APP,SINHALA,FOG,False,False,False,True,VOLUNTEER,2,2,2,0,False,AGRICULTURAL,68853612,False,10,12,0
INC-2023-0077,2023-10-31T17:26:17.000Z,Colombo,Western,WET,6.884344,79.921432,High Winds/Cyclone,3,HIGH,102,44,4,0,Rescue Teams|Emergency Shelters,45,IN_PROGRESS,VOLUNTEER,MOBILE_APP,SINHALA,SUNNY,False,False,False,True,DMC_OFFICER,7,7,5,14,False,INFRASTRUCTURE,73055,False,10,17,1
INC-2023-0084,2023-11-02T14:32:27.000Z,Mullaitivu,Northern,EAST_NORTH,9.379142,80.624469,Medical Emergency,2,MEDIUM,18587,0,0,0,Rescue Teams|Ambulances|Medical Kits|Blood Supplies,110,RESOLVED,MEDIA,MOBILE_APP,SINHALA,RAINY,True,False,False,False,,1,1,0,0,False,MIXED,631777,True,11,14,3
INC-2023-0701,2023-11-03T18:13:08.000Z,Kegalle,Sabaragamuwa,WET,7.108869,80.387459,Landslide,1,LOW,135,0,0,0,Dry Rations|Medical Kits,72,RESOLVED,DMC_OFFICER,MOBILE_APP,ENGLISH,RAINY,True,False,False,True,LOCAL_AUTHORITY,0,0,0,0,False,MIXED,0,True,11,18,4
INC-2023-0176,2023-11-05T22:33:46.000Z,Kilinochchi,Northern,EAST_NORTH,9.365036,80.228418,Earthquake,2,MEDIUM,373,0,0,0,Rescue Teams,134,RESOLVED,CITIZEN,WEB_DASHBOARD,ENGLISH,FOG,True,False,False,True,LOCAL_AUTHORITY,2,3,0,0,False,INFRASTRUCTURE,4230099,True,11,22,6
INC-2023-0603,2023-11-07T05:31:17.000Z,Kegalle,Sabaragamuwa,WET,7.205234,80.363715,Flood,2,MEDIUM,1780,0,0,0,Dry Rations|Tarpaulins|Medical Kits|Boats,102,RESOLVED,DMC_OFFICER,MOBILE_APP,ENGLISH,PARTLY_CLOUDY,True,False,False,False,,3,1,1,0,False,RESIDENTIAL,602140,True,11,5,1
INC-2023-1467,2023-11-07T17:59:18.000Z,NuwaraEliya,Central,HILL,6.968175,80.883123,Forest Fire,2,MEDIUM,543,0,0,0,Helicopters|Water Tankers,107,RESOLVED,CITIZEN,WEB_DASHBOARD,TAMIL,SUNNY,False,False,True,False,,2,2,0,0,False,MIXED,1798383,True,11,17,1
INC-2023-1294,2023-11-07T20:04:12.000Z,Matara,Southern,WET,6.008733,80.630746,Flood,1,LOW,563,0,0,0,Boats,82,RESOLVED,MEDIA,MOBILE_APP,TAMIL,RAINY,True,True,False,False,,0,0,0,0,False,RESIDENTIAL,0,True,11,20,1
INC-2023-0646,2023-11-11T17:50:59.000Z,Kurunegala,NorthWestern,DRY,7.479013,80.321832,Landslide,2,MEDIUM,1666,0,1,0,Ambulances|Excavators|Rescue Teams|Dry Rations,62,RESOLVED,DMC_OFFICER,PHONE_CALL,TAMIL,STORMY,True,False,True,False,,3,4,2,0,False,NONE,0,True,11,17,5
INC-2023-0061,2023-11-13T18:11:05.000Z,Trincomalee,Eastern,EAST_NORTH,8.463632,81.191848,Flood,1,LOW,1900,0,0,0,Boats,101,RESOLVED,SENSOR,MOBILE_APP,ENGLISH,PARTLY_CLOUDY,True,True,False,True,VOLUNTEER,0,0,0,0,False,AGRICULTURAL,0,True,11,18,0
INC-2023-0929,2023-11-13T20:09:49.000Z,Kilinochchi,Northern,EAST_NORTH,9.416376,80.436212,Flood,1,LOW,301,0,0,0,Water Pumps,412,IN_PROGRESS,LOCAL_AUTHORITY,MOBILE_APP,SINHALA,STORMY,True,True,False,True,VOLUNTEER,0,0,0,0,False,INFRASTRUCTURE,0,True,11,20,0
INC-2023-0541,2023-11-16T00:08:29.000Z,Kegalle,Sabaragamuwa,WET,7.316174,80.27765,Flood,1,LOW,18,0,0,0,Dry Rations|Tarpaulins,131,RESOLVED,VOLUNTEER,PHONE_CALL,SINHALA,PARTLY_CLOUDY,True,True,False,True,VOLUNTEER,0,0,0,0,False,INFRASTRUCTURE,0,True,11,0,3
INC-2023-1481,2023-11-17T08:55:01.000Z,Vavuniya,Northern,EAST_NORTH,8.885038,80.334786,Flood,2,MEDIUM,13270,0,0,0,Rescue Teams|Dry Rations|Tarpaulins,155,RESOLVED,VOLUNTEER,SMS,TAMIL,FOG,False,False,False,True,GRAMA_NILADHARI,0,0,0,0,False,RESIDENTIAL,1528456,True,11,8,4
INC-2023-0823,2023-11-20T14:59:40.000Z,Gampaha,Western,WET,7.177472,80.060111,Flash Flood,1,LOW,329,0,0,0,Boats|Dry Rations,195,CLOSED,CITIZEN,MOBILE_APP,SINHALA,PARTLY_CLOUDY,False,True,True,False,,0,0,0,0,False,NONE,0,True,11,14,0
INC-2023-1047,2023-11-20T23:40:30.000Z,Kegalle,Sabaragamuwa,WET,7.221283,80.254714,Flood,2,MEDIUM,4778,0,0,0,Dry Rations|Tarpaulins|Medical Kits,135,RESOLVED,CITIZEN,PHONE_CALL,SINHALA,RAINY,True,True,False,True,LOCAL_AUTHORITY,3,3,0,0,False,MIXED,306427,True,11,23,0
INC-2023-0263,2023-11-21T11:00:25.000Z,Mullaitivu,Northern,EAST_NORTH,9.309473,80.638021,Flood,2,MEDIUM,2842,0,0,0,Boats,104,RESOLVED,CITIZEN,WEB_DASHBOARD,TAMIL,STORMY,False,False,False,False,,1,2,0,0,False,NONE,0,True,11,11,1
INC-2023-0102,2023-11-21T13:35:14.000Z,Puttalam,NorthWestern,DRY,7.886058,79.941158,High Winds/Cyclone,1,LOW,1087,0,0,0,Dry Rations,129,RESOLVED,CITIZEN,WEB_DASHBOARD,SINHALA,RAINY,False,False,False,False,,0,0,0,0,False,MIXED,0,True,11,13,1
INC-2023-0223,2023-11-22T01:18:43.000Z,Hambantota,Southern,DRY,6.286857,81.040391,High Winds/Cyclone,2,MEDIUM,6517,0,0,0,Rescue Teams|Medical Kits|Dry Rations|Emergency Shelters,117,RESOLVED,CITIZEN,PHONE_CALL,ENGLISH,OVERCAST,False,False,False,True,VOLUNTEER,1,1,1,0,False,NONE,0,True,11,1,2
INC-2023-0207,2023-11-22T14:59:56.000Z,Mannar,Northern,EAST_NORTH,8.872143,79.824243,Forest Fire,3,HIGH,1956,796,2,0,Helicopters|Rescue Teams|Medical Kits,48,RESOLVED,SENSOR,WEB_DASHBOARD,SINHALA,RAINY,False,False,False,True,VOLUNTEER,8,2,0,132,False,MIXED,504528,True,11,14,2
INC-2023-1495,2023-11-23T22:50:43.000Z,Gampaha,Western,WET,7.174363,80.082272,Flood,1,LOW,1251,0,0,0,Boats|Tarpaulins,368,RESOLVED,CITIZEN,WEB_DASHBOARD,TAMIL,RAINY,False,False,False,False,,0,0,0,0,False,NONE,0,True,11,22,3
INC-2023-0755,2023-11-24T14:12:33.000Z,Mannar,Northern,EAST_NORTH,9.053923,80.030583,Flash Flood,2,MEDIUM,11873,0,0,0,Rescue Teams|Medical Kits,39,RESOLVED,SENSOR,MOBILE_APP,SINHALA,PARTLY_CLOUDY,False,False,False,True,GRAMA_NILADHARI,2,2,2,0,False,AGRICULTURAL,3369627,True,11,14,4
INC-2023-1075,2023-11-25T10:28:06.000Z,Monaragala,Uva,DRY,6.939226,81.247153,Landslide,1,LOW,272,0,0,0,Excavators|Rescue Teams|Dry Rations,139,RESOLVED,VOLUNTEER,MOBILE_APP,SINHALA,RAINY,False,True,False,True,DMC_OFFICER,0,0,0,0,False,MIXED,0,True,11,10,5
INC-2023-1232,2023-11-26T14:08:05.000Z,Monaragala,Uva,DRY,6.673309,81.335919,High Winds/Cyclone,1,LOW,4873,0,0,0,Medical Kits,94,RESOLVED,SENSOR,PHONE_CALL,SINHALA,SUNNY,False,False,False,False,,0,0,0,0,False,AGRICULTURAL,0,True,11,14,6
INC-2023-0345,2023-11-29T01:11:39.000Z,Trincomalee,Eastern,EAST_NORTH,8.486988,81.060936,Flood,2,MEDIUM,2074,0,0,0,Medical Kits,125,RESOLVED,VOLUNTEER,WEB_DASHBOARD,SINHALA,RAINY,False,False,True,False,,3,1,1,0,False,AGRICULTURAL,494157,True,11,1,2
INC-2023-1118,2023-12-01T08:35:20.000Z,Ratnapura,Sabaragamuwa,WET,6.708636,80.58915,Landslide,2,MEDIUM,1752,0,0,0,Ambulances|Dry Rations|Search Dogs|Rescue Teams,138,RESOLVED,CITIZEN,MOBILE_APP,ENGLISH,STORMY,False,False,False,False,,2,1,0,0,False,MIXED,24158855,True,12,8,4
INC-2023-1090,2023-12-01T17:42:34.000Z,Kilinochchi,Northern,EAST_NORTH,9.463104,80.212174,Flash Flood,2,MEDIUM,2122,0,0,0,Water Pumps|Rescue Teams,62,RESOLVED,SENSOR,FIELD_REPORT,SINHALA,STORMY,False,False,False,True,DMC_OFFICER,2,2,2,0,True,MIXED,210623,True,12,17,4
INC-2023-0131,2023-12-02T17:54:02.000Z,Mannar,Northern,EAST_NORTH,9.11799,79.85078,Flood,2,MEDIUM,1472,0,0,0,Rescue Teams|Water Pumps|Boats|Dry Rations,192,RESOLVED,VOLUNTEER,MOBILE_APP,ENGLISH,FOG,False,False,False,False,,3,2,2,0,False,AGRICULTURAL,436006,True,12,17,5
INC-2023-0860,2023-12-07T15:25:54.000Z,Ampara,Eastern,EAST_NORTH,7.170058,81.54395,Flood,2,MEDIUM,770,0,0,0,Rescue Teams|Water Pumps,212,RESOLVED,CITIZEN,MOBILE_APP,ENGLISH,FOG,True,False,True,True,LOCAL_AUTHORITY,3,4,4,0,False,NONE,0,True,12,15,3
INC-2023-0955,2023-12-10T03:04:27.000Z,Matara,Southern,WET,5.949897,80.605356,Flash Flood,3,HIGH,5368,1237,0,0,Boats|Dry Rations,12,IN_PROGRESS,DMC_OFFICER,SMS,SINHALA,FOG,False,False,False,True,VOLUNTEER,2,3,1,206,True,NONE,0,True,12,3,6
INC-2023-0803,2023-12-11T10:18:01.000Z,Kalutara,Western,WET,6.539318,79.945805,High Winds/Cyclone,2,MEDIUM,2127,0,0,0,Generators|Rescue Teams|Medical Kits|Emergency Shelters,90,RESOLVED,VOLUNTEER,WEB_DASHBOARD,SINHALA,STORMY,False,False,False,True,VOLUNTEER,1,1,0,0,False,MIXED,118580,True,12,10,0
INC-2023-0075,2023-12-12T10:50:53.000Z,Matara,Southern,WET,6.027963,80.579562,Earthquake,1,LOW,868,0,0,0,Emergency Shelters|Medical Kits|Rescue Teams,236,RESOLVED,CITIZEN,MOBILE_APP,SINHALA,PARTLY_CLOUDY,True,False,False,False,,0,0,0,0,False,RESIDENTIAL,0,True,12,10,1
INC-2023-0691,2023-12-15T11:08:56.000Z,Anuradhapura,NorthCentral,DRY,8.238515,80.493068,Flash Flood,2,MEDIUM,481,0,0,0,Boats|Rescue Teams|Water Pumps|Dry Rations,54,RESOLVED,CITIZEN,MOBILE_APP,SINHALA,RAINY,True,False,False,False,,3,4,0,0,False,INFRASTRUCTURE,3922404,True,12,11,4
INC-2023-0170,2023-12-15T23:56:06.000Z,Colombo,Western,WET,6.927353,79.88107,Flash Flood,1,LOW,87,0,0,0,Dry Rations,96,RESOLVED,CITIZEN,MOBILE_APP,ENGLISH,PARTLY_CLOUDY,True,False,False,False,,0,0,0,0,False,INFRASTRUCTURE,0,True,12,23,4
INC-2023-0588,2023-12-16T20:59:46.000Z,Badulla,Uva,HILL,6.896468,81.069795,Forest Fire,1,LOW,1092,0,0,0,Medical Kits,90,RESOLVED,CITIZEN,WEB_DASHBOARD,SINHALA,PARTLY_CLOUDY,False,False,False,False,,0,0,0,0,False,RESIDENTIAL,0,True,12,20,5
INC-2023-1454,2023-12-17T04:11:51.000Z,Anuradhapura,NorthCentral,DRY,8.31379,80.230188,Flood,3,HIGH,10330,4205,0,0,Medical Kits|Dry Rations|Tarpaulins,66,IN_PROGRESS,VOLUNTEER,WEB_DASHBOARD,SINHALA,STORMY,False,False,False,True,DMC_OFFICER,6,2,2,1401,False,MIXED,2158487,True,12,4,6
INC-2023-0675,2023-12-19T01:08:11.000Z,Kegalle,Sabaragamuwa,WET,7.203797,80.327223,Flood,1,LOW,29,0,0,0,Medical Kits|Dry Rations,161,RESOLVED,DMC_OFFICER,WEB_DASHBOARD,ENGLISH,RAINY,False,True,False,False,,0,0,0,0,True,INFRASTRUCTURE,0,True,12,1,1
INC-2023-0202,2023-12-20T23:31:35.000Z,Kilinochchi,Northern,EAST_NORTH,9.387082,80.375346,Flash Flood,3,HIGH,3424,1167,1,0,Dry Rations,90,PENDING,CITIZEN,SMS,ENGLISH,FOG,False,False,False,True,DMC_OFFICER,5,6,0,233,False,INFRASTRUCTURE,1700444,True,12,23,2
INC-2023-0411,2023-12-25T06:56:14.000Z,Trincomalee,Eastern,EAST_NORTH,8.559127,81.042539,Flood,1,LOW,792,0,1,0,Dry Rations,197,RESOLVED,CITIZEN,PHONE_CALL,TAMIL,RAINY,True,False,False,False,,0,0,0,0,False,INFRASTRUCTURE,0,True,12,6,0
INC-2023-1049,2023-12-29T11:31:10.000Z,Kurunegala,NorthWestern,DRY,7.510185,80.324679,Flood,2,MEDIUM,1204,0,2,0,Medical Kits|Tarpaulins,85,RESOLVED,SENSOR,MOBILE_APP,SINHALA,STORMY,True,True,False,False,,3,2,1,0,False,RESIDENTIAL,746063,True,12,11,4
INC-2023-1088,2023-12-30T05:36:54.000Z,Ampara,Eastern,EAST_NORTH,7.446076,81.516351,Forest Fire,1,LOW,433,0,0,0,Water Tankers|Helicopters,181,RESOLVED,CITIZEN,PHONE_CALL,SINHALA,FOG,False,False,False,False,,0,0,0,0,False,RESIDENTIAL,0,True,12,5,5
INC-2023-0723,2023-12-30T20:10:39.000Z,Colombo,Western,WET,6.944671,79.928123,Flash Flood,1,LOW,85,0,0,0,Water Pumps|Rescue Teams|Dry Rations|Medical Kits,198,RESOLVED,VOLUNTEER,MOBILE_APP,SINHALA,STORMY,True,False,False,True,DMC_OFFICER,0,0,0,0,False,AGRICULTURAL,0,True,12,20,5
INC-2023-1021,2023-12-31T09:11:08.000Z,Kurunegala,NorthWestern,DRY,7.545272,80.464622,Flash Flood,1,LOW,706,0,0,0,Dry Rations,183,RESOLVED,CITIZEN,PHONE_CALL,SINHALA,STORMY,False,False,False,False,,0,0,0,0,False,RESIDENTIAL,0,True,12,9,6
INC-2023-0796,2023-12-31T14:45:36.000Z,Hambantota,Southern,DRY,6.010795,81.201571,Flood,1,LOW,977,0,0,0,Dry Rations|Tarpaulins|Medical Kits|Rescue Teams,198,RESOLVED,VOLUNTEER,MOBILE_APP,TAMIL,FOG,True,False,False,True,DMC_OFFICER,0,0,0,0,False,MIXED,0,True,12,14,6
INC-2024-0164,2024-01-03T09:23:45.000Z,Trincomalee,Eastern,EAST_NORTH,8.63111,81.005007,Medical Emergency,2,MEDIUM,6695,0,0,0,Ambulances,163,RESOLVED,VOLUNTEER,SMS,ENGLISH,PARTLY_CLOUDY,True,False,False,False,,3,4,3,0,False,NONE,0,False,1,9,2
INC-2024-1154,2024-01-03T12:44:14.000Z,Hambantota,Southern,DRY,6.133954,81.247615,High Winds/Cyclone,2,MEDIUM,2471,0,0,0,Medical Kits|Dry Rations|Generators|Rescue Teams,171,RESOLVED,CITIZEN,SMS,SINHALA,RAINY,False,False,False,True,VOLUNTEER,3,4,3,0,True,AGRICULTURAL,635908,False,1,12,2
INC-2024-0749,2024-01-03T16:27:28.000Z,Vavuniya,Northern,EAST_NORTH,8.846672,80.462378,Landslide,1,LOW,510,0,1,0,Rescue Teams|Excavators|Medical Kits|Ambulances,233,CLOSED,SENSOR,MOBILE_APP,ENGLISH,SUNNY,True,False,False,False,,0,0,0,0,False,AGRICULTURAL,0,False,1,16,2
INC-2024-0242,2024-01-06T18:37:18.000Z,Puttalam,NorthWestern,DRY,7.859453,79.956999,Building Collapse,3,HIGH,25791,4889,0,0,Search Dogs|Medical Kits|Rescue Teams,25,RESOLVED,CITIZEN,SMS,ENGLISH,OVERCAST,False,False,False,True,VOLUNTEER,3,4,1,1222,False,MIXED,831433,False,1,18,5
INC-2024-0804,2024-01-07T08:21:45.000Z,Galle,Southern,WET,6.001195,80.106504,Flood,1,LOW,1949,0,0,0,Rescue Teams|Dry Rations|Water Pumps|Boats,217,RESOLVED,CITIZEN,WEB_DASHBOARD,TAMIL,PARTLY_CLOUDY,False,False,False,False,,0,0,0,0,False,RESIDENTIAL,0,False,1,8,6
INC-2024-0501,2024-01-10T06:43:09.000Z,Batticaloa,Eastern,EAST_NORTH,7.781311,81.600965,Flood,2,MEDIUM,16998,0,0,0,Dry Rations|Rescue Teams|Tarpaulins,207,RESOLVED,MEDIA,WEB_DASHBOARD,ENGLISH,STORMY,False,False,False,True,GRAMA_NILADHARI,0,0,0,0,False,MIXED,595945,False,1,6,2
INC-2024-1257,2024-01-11T16:53:04.000Z,Trincomalee,Eastern,EAST_NORTH,8.664551,81.149943,Flood,1,LOW,963,0,0,0,Dry Rations|Tarpaulins|Rescue Teams,137,RESOLVED,CITIZEN,MOBILE_APP,SINHALA,STORMY,True,False,True,False,,0,0,0,0,False,AGRICULTURAL,0,False,1,16,3
INC-2024-0401,2024-01-15T07:41:22.000Z,Kegalle,Sabaragamuwa,WET,7.388995,80.46383,Earthquake,1,LOW,587,0,0,0,Medical Kits|Excavators,221,RESOLVED,VOLUNTEER,MOBILE_APP,SINHALA,PARTLY_CLOUDY,False,True,False,False,,0,0,0,0,False,RESIDENTIAL,0,False,1,7,0
INC-2024-0711,2024-01-16T15:48:22.000Z,Ratnapura,Sabaragamuwa,WET,6.701984,80.346332,Forest Fire,2,MEDIUM,20118,0,0,0,Helicopters|Rescue Teams,171,CLOSED,CITIZEN,WEB_DASHBOARD,ENGLISH,FOG,False,False,False,False,,1,1,1,0,False,NONE,0,False,1,15,1
INC-2024-0570,2024-01-17T07:48:23.000Z,Puttalam,NorthWestern,DRY,8.113543,80.186236,Flood,1,LOW,2391,0,0,0,Dry Rations|Water Pumps|Medical Kits|Boats,342,RESOLVED,VOLUNTEER,FIELD_REPORT,ENGLISH,RAINY,False,False,False,False,,0,0,0,0,False,INFRASTRUCTURE,0,False,1,7,2
INC-2024-0738,2024-01-17T21:58:13.000Z,Ratnapura,Sabaragamuwa,WET,6.624523,80.569443,Building Collapse,1,LOW,301,0,0,0,Search Dogs|Excavators|Ambulances|Rescue Teams,120,RESOLVED,CITIZEN,WEB_DASHBOARD,SINHALA,RAINY,False,False,False,True,GRAMA_NILADHARI,0,0,0,0,False,NONE,0,False,1,21,2
INC-2024-0193,2024-01-19T16:41:23.000Z,Matara,Southern,WET,5.918441,80.741576,Flood,2,MEDIUM,1454,0,0,0,Water Pumps,63,RESOLVED,CITIZEN,WEB_DASHBOARD,TAMIL,RAINY,False,False,False,True,LOCAL_AUTHORITY,1,1,0,0,False,AGRICULTURAL,3486121,False,1,16,4
INC-2024-0418,2024-01-20T05:55:04.000Z,Hambantota,Southern,DRY,6.180102,81.027067,Flood,1,LOW,141,0,0,0,Dry Rations|Water Pumps|Rescue Teams|Medical Kits,58,RESOLVED,VOLUNTEER,MOBILE_APP,SINHALA,OVERCAST,True,False,False,False,,0,0,0,0,False,AGRICULTURAL,0,False,1,5,5
INC-2024-1456,2024-01-21T08:02:44.000Z,Mannar,Northern,EAST_NORTH,8.962712,79.822254,Landslide,1,LOW,2565,0,0,0,Rescue Teams,231,RESOLVED,CITIZEN,MOBILE_APP,SINHALA,RAINY,True,True,False,False,,0,0,0,0,False,RESIDENTIAL,0,False,1,8,6
INC-2024-0939,2024-01-21T15:15:46.000Z,Vavuniya,Northern,EAST_NORTH,8.873817,80.520997,High Winds/Cyclone,1,LOW,2052,0,0,0,Generators|Rescue Teams,145,RESOLVED,VOLUNTEER,MOBILE_APP,ENGLISH,STORMY,False,False,False,True,DMC_OFFICER,0,0,0,0,False,RESIDENTIAL,0,False,1,15,6
INC-2024-0734,2024-01-25T00:41:38.000Z,Kurunegala,NorthWestern,DRY,7.537086,80.102902,Earthquake,3,HIGH,3522,2027,2,0,Excavators|Search Dogs|Medical Kits|Rescue Teams,13,ASSIGNED,SENSOR,MOBILE_APP,SINHALA,SUNNY,False,False,False,True,GRAMA_NILADHARI,7,8,0,405,False,INFRASTRUCTURE,638967,False,1,0,3
INC-2024-0477,2024-01-25T20:59:22.000Z,Kurunegala,NorthWestern,DRY,7.516698,80.461435,Flood,2,MEDIUM,490,0,0,0,Rescue Teams|Tarpaulins,77,RESOLVED,DMC_OFFICER,WEB_DASHBOARD,SINHALA,RAINY,False,False,False,False,,2,3,1,0,False,MIXED,530903,False,1,20,3
INC-2024-0784,2024-01-28T14:27:13.000Z,Kalutara,Western,WET,6.445941,80.060936,Flash Flood,2,MEDIUM,166,0,0,0,Rescue Teams|Dry Rations|Water Pumps,97,RESOLVED,LOCAL_AUTHORITY,FIELD_REPORT,SINHALA,PARTLY_CLOUDY,True,False,False,False,,2,3,0,0,False,INFRASTRUCTURE,375020,False,1,14,6
INC-2024-0463,2024-02-02T15:02:06.000Z,Puttalam,NorthWestern,DRY,8.181035,79.932606,Drought,1,LOW,2605,0,0,0,Dry Rations|Livestock Feed|Water Tankers|Medical Kits,127,RESOLVED,CITIZEN,SMS,TAMIL,SUNNY,True,True,True,True,VOLUNTEER,0,0,0,0,False,INFRASTRUCTURE,0,False,2,15,4
INC-2024-0248,2024-02-05T11:47:56.000Z,Matara,Southern,WET,5.980252,80.717846,Flash Flood,2,MEDIUM,3816,0,2,0,Dry Rations|Medical Kits,82,RESOLVED,CITIZEN,PHONE_CALL,TAMIL,PARTLY_CLOUDY,False,False,False,True,LOCAL_AUTHORITY,3,2,0,0,True,NONE,0,False,2,11,0
INC-2024-1291,2024-02-05T14:48:38.000Z,Mullaitivu,Northern,EAST_NORTH,9.180375,80.527411,Earthquake,1,LOW,628,0,0,0,Rescue Teams|Medical Kits|Search Dogs,383,RESOLVED,VOLUNTEER,FIELD_REPORT,SINHALA,SUNNY,True,False,False,True,LOCAL_AUTHORITY,0,0,0,0,True,MIXED,0,False,2,14,0
INC-2024-0259,2024-02-06T10:18:01.000Z,Kalutara,Western,WET,6.420266,80.090099,Medical Emergency,2,MEDIUM,569,0,0,0,Medical Kits|Blood Supplies,85,RESOLVED,CITIZEN,MOBILE_APP,ENGLISH,STORMY,True,False,False,True,DMC_OFFICER,0,0,0,0,False,INFRASTRUCTURE,2789517,False,2,10,1
INC-2024-0262,2024-02-07T10:18:15.000Z,Vavuniya,Northern,EAST_NORTH,8.694625,80.569436,Forest Fire,2,MEDIUM,186,0,0,0,Medical Kits|Helicopters|Rescue Teams,52,RESOLVED,SENSOR,MOBILE_APP,TAMIL,STORMY,True,False,True,False,,3,1,1,0,False,AGRICULTURAL,2772504,False,2,10,2
INC-2024-1046,2024-02-08T08:21:29.000Z,Kalutara,Western,WET,6.62993,80.065099,Flash Flood,2,MEDIUM,4012,0,2,0,Rescue Teams|Medical Kits,28,RESOLVED,DMC_OFFICER,MOBILE_APP,SINHALA,OVERCAST,False,False,False,False,,0,0,0,0,True,RESIDENTIAL,1604518,False,2,8,3
INC-2024-0216,2024-02-08T14:50:42.000Z,Monaragala,Uva,DRY,6.871357,81.254378,Flood,1,LOW,148,0,0,0,Dry Rations|Water Pumps|Boats|Tarpaulins,602,CLOSED,MEDIA,FIELD_REPORT,SINHALA,RAINY,False,False,False,True,LOCAL_AUTHORITY,0,0,0,0,False,RESIDENTIAL,0,False,2,14,3
INC-2024-0773,2024-02-13T01:26:48.000Z,Colombo,Western,WET,6.88059,79.949229,Forest Fire,1,LOW,1992,0,0,0,Fire Trucks|Water Tankers|Medical Kits,92,CLOSED,CITIZEN,PHONE_CALL,TAMIL,RAINY,False,False,False,False,,0,0,0,0,False,RESIDENTIAL,0,False,2,1,1
INC-2024-0356,2024-02-14T00:03:26.000Z,Anuradhapura,NorthCentral,DRY,8.186466,80.443773,Flood,2,MEDIUM,1731,0,2,0,Medical Kits|Dry Rations,51,RESOLVED,CITIZEN,WEB_DASHBOARD,SINHALA,RAINY,False,False,False,True,VOLUNTEER,0,0,0,0,False,RESIDENTIAL,709463,False,2,0,2
INC-2024-0440,2024-02-15T02:39:13.000Z,Batticaloa,Eastern,EAST_NORTH,7.638816,81.711357,Flood,2,MEDIUM,6503,0,0,0,Tarpaulins,276,RESOLVED,CITIZEN,MOBILE_APP,ENGLISH,RAINY,True,False,False,True,GRAMA_NILADHARI,3,1,0,0,False,INFRASTRUCTURE,3262894,False,2,2,3
INC-2024-0613,2024-02-15T16:52:34.000Z,Monaragala,Uva,DRY,6.68028,81.220143,Flood,2,MEDIUM,20288,0,0,0,Water Pumps|Boats,57,RESOLVED,DMC_OFFICER,FIELD_REPORT,TAMIL,RAINY,False,False,True,False,,3,1,0,0,False,MIXED,1012491,False,2,16,3
INC-2024-0424,2024-02-15T23:42:49.000Z,Ampara,Eastern,EAST_NORTH,7.443919,81.734091,Flood,1,LOW,200,0,0,0,Dry Rations|Water Pumps,175,RESOLVED,CITIZEN,MOBILE_APP,SINHALA,OVERCAST,True,False,True,False,,0,0,0,0,False,MIXED,0,False,2,23,3
INC-2024-0533,2024-02-18T17:30:39.000Z,Polonnaruwa,NorthCentral,DRY,7.971581,81.185284,Flood,2,MEDIUM,2456,0,0,0,Rescue Teams|Dry Rations,111,RESOLVED,CITIZEN,SMS,ENGLISH,RAINY,False,False,False,False,,1,2,2,0,False,RESIDENTIAL,503343,False,2,17,6
INC-2024-0872,2024-02-20T13:33:26.000Z,Trincomalee,Eastern,EAST_NORTH,8.547558,81.287482,Flood,1,LOW,567,0,0,0,Medical Kits|Tarpaulins,200,RESOLVED,CITIZEN,MOBILE_APP,SINHALA,FOG,True,False,False,True,DMC_OFFICER,0,0,0,0,False,RESIDENTIAL,0,False,2,13,1
INC-2024-0777,2024-02-25T20:03:36.000Z,Jaffna,Northern,EAST_NORTH,9.503129,80.138505,Medical Emergency,1,LOW,1024,0,0,0,Blood Supplies,145,RESOLVED,LOCAL_AUTHORITY,SMS,ENGLISH,FOG,False,False,True,True,LOCAL_AUTHORITY,0,0,0,0,False,NONE,0,False,2,20,6
INC-2024-1468,2024-02-25T21:38:19.000Z,Kurunegala,NorthWestern,DRY,7.618953,80.1047,Flash Flood,3,HIGH,1512,818,0,0,Water Pumps|Rescue Teams,29,RESOLVED,CITIZEN,FIELD_REPORT,SINHALA,FOG,False,False,False,True,GRAMA_NILADHARI,2,1,0,204,True,RESIDENTIAL,254170,False,2,21,6
INC-2024-1053,2024-02-26T00:37:40.000Z,Anuradhapura,NorthCentral,DRY,8.340849,80.513623,Flood,2,MEDIUM,3464,0,0,0,Water Pumps,68,RESOLVED,VOLUNTEER,MOBILE_APP,TAMIL,FOG,False,False,False,False,,3,2,1,0,False,AGRICULTURAL,12055476,False,2,0,0
INC-2024-0476,2024-02-27T01:39:01.000Z,Kilinochchi,Northern,EAST_NORTH,9.2597,80.473404,Flash Flood,2,MEDIUM,189,0,0,0,Medical Kits|Rescue Teams|Boats|Water Pumps,99,RESOLVED,CITIZEN,MOBILE_APP,ENGLISH,OVERCAST,True,True,False,True,LOCAL_AUTHORITY,3,2,0,0,False,MIXED,266867,False,2,1,1
INC-2024-0152,2024-02-27T08:04:37.000Z,Jaffna,Northern,EAST_NORTH,9.669619,80.159176,Drought,1,LOW,230,0,0,0,Medical Kits|Water Tankers,403,RESOLVED,CITIZEN,SMS,SINHALA,PARTLY_CLOUDY,False,False,False,False,,0,0,0,0,False,NONE,0,False,2,8,1
INC-2024-0515,2024-02-28T22:46:15.000Z,Colombo,Western,WET,6.940848,79.872494,Flood,1,LOW,318,0,0,0,Dry Rations|Boats|Rescue Teams|Medical Kits,206,RESOLVED,SENSOR,MOBILE_APP,ENGLISH,FOG,False,False,False,True,GRAMA_NILADHARI,0,0,0,0,False,NONE,0,False,2,22,2
INC-2024-1177,2024-02-29T01:23:16.000Z,Batticaloa,Eastern,EAST_NORTH,7.62521,81.519968,Medical Emergency,2,MEDIUM,5617,0,0,0,Ambulances|Rescue Teams|Blood Supplies,58,RESOLVED,CITIZEN,MOBILE_APP,SINHALA,RAINY,False,False,False,True,VOLUNTEER,2,3,1,0,False,AGRICULTURAL,4909784,False,2,1,3
INC-2024-1398,2024-03-01T04:26:03.000Z,Kalutara,Western,WET,6.513883,79.919945,Flash Flood,2,MEDIUM,7151,0,0,0,Water Pumps|Medical Kits|Rescue Teams,47,RESOLVED,DMC_OFFICER,SMS,ENGLISH,FOG,True,False,False,True,DMC_OFFICER,0,0,0,0,False,RESIDENTIAL,559539,False,3,4,4
INC-2024-0151,2024-03-01T06:21:21.000Z,Mannar,Northern,EAST_NORTH,8.874839,80.052596,Flood,2,MEDIUM,4335,0,0,0,Dry Rations,160,IN_PROGRESS,CITIZEN,WEB_DASHBOARD,SINHALA,FOG,False,False,False,False,,3,4,3,0,False,MIXED,6339270,False,3,6,4
INC-2024-0656,2024-03-03T01:35:58.000Z,Kalutara,Western,WET,6.517663,80.007138,Flood,2,MEDIUM,627,0,0,0,Dry Rations|Boats|Rescue Teams|Water Pumps,64,IN_PROGRESS,CITIZEN,MOBILE_APP,SINHALA,FOG,False,False,False,True,VOLUNTEER,3,1,0,0,False,INFRASTRUCTURE,2243002,False,3,1,6
INC-2024-0389,2024-03-03T03:42:58.000Z,Galle,Southern,WET,6.062731,80.342844,Building Collapse,2,MEDIUM,134,0,0,0,Excavators,96,IN_PROGRESS,CITIZEN,PHONE_CALL,SINHALA,OVERCAST,False,False,False,False,,3,4,0,0,True,NONE,0,False,3,3,6
INC-2024-0182,2024-03-03T17:35:25.000Z,Kurunegala,NorthWestern,DRY,7.41685,80.340665,Flood,1,LOW,470,0,0,0,Water Pumps,146,RESOLVED,CITIZEN,MOBILE_APP,ENGLISH,RAINY,True,False,False,True,VOLUNTEER,0,0,0,0,False,INFRASTRUCTURE,0,False,3,17,6
INC-2024-1109,2024-03-06T16:51:29.000Z,Anuradhapura,NorthCentral,DRY,8.241688,80.538129,Forest Fire,2,MEDIUM,268,0,3,0,Water Tankers|Helicopters,79,RESOLVED,CITIZEN,WEB_DASHBOARD,SINHALA,SUNNY,False,False,False,False,,2,3,2,0,False,MIXED,3622584,False,3,16,2
INC-2024-1277,2024-03-10T13:45:52.000Z,Monaragala,Uva,DRY,6.797084,81.314661,Flash Flood,3,HIGH,9099,4169,0,0,Rescue Teams|Dry Rations,57,IN_PROGRESS,CITIZEN,MOBILE_APP,ENGLISH,FOG,False,False,False,True,GRAMA_NILADHARI,3,3,3,833,False,INFRASTRUCTURE,4117340,False,3,13,6
INC-2024-0896,2024-03-10T14:51:20.000Z,Kandy,Central,HILL,7.117811,80.563302,Flash Flood,2,MEDIUM,1062,0,0,0,Rescue Teams|Medical Kits|Dry Rations|Boats,45,RESOLVED,CITIZEN,MOBILE_APP,ENGLISH,OVERCAST,False,False,False,True,GRAMA_NILADHARI,3,3,3,0,True,RESIDENTIAL,112483,False,3,14,6
INC-2024-1466,2024-03-10T21:51:04.000Z,Colombo,Western,WET,6.896364,79.937722,Flood,1,LOW,8174,0,0,0,Boats|Water Pumps|Dry Rations,178,RESOLVED,VOLUNTEER,MOBILE_APP,TAMIL,PARTLY_CLOUDY,True,True,False,False,,0,0,0,0,False,INFRASTRUCTURE,0,False,3,21,6
INC-2024-0957,2024-03-11T03:46:34.000Z,Batticaloa,Eastern,EAST_NORTH,7.776583,81.715755,Flood,1,LOW,4943,0,0,0,Medical Kits|Boats|Tarpaulins|Rescue Teams,98,RESOLVED,CITIZEN,MOBILE_APP,ENGLISH,PARTLY_CLOUDY,True,False,False,True,VOLUNTEER,0,0,0,0,False,RESIDENTIAL,0,False,3,3,0
INC-2024-1093,2024-03-11T16:10:15.000Z,Matale,Central,HILL,7.578236,80.706173,Drought,2,MEDIUM,454,0,0,0,Livestock Feed,107,RESOLVED,VOLUNTEER,PHONE_CALL,SINHALA,OVERCAST,False,False,False,True,LOCAL_AUTHORITY,2,1,0,0,False,AGRICULTURAL,13798515,False,3,16,0
INC-2024-1105,2024-03-15T23:25:50.000Z,Mannar,Northern,EAST_NORTH,9.163373,79.859538,Building Collapse,1,LOW,325,0,0,0,Medical Kits|Rescue Teams,163,RESOLVED,VOLUNTEER,SMS,SINHALA,RAINY,True,False,False,False,,0,0,0,0,False,AGRICULTURAL,0,False,3,23,4
INC-2024-0163,2024-03-17T13:30:10.000Z,Galle,Southern,WET,5.972325,80.291425,Flood,1,LOW,468,0,0,0,Water Pumps,140,CLOSED,SENSOR,WEB_DASHBOARD,SINHALA,PARTLY_CLOUDY,True,False,False,True,LOCAL_AUTHORITY,0,0,0,0,False,AGRICULTURAL,0,False,3,13,6
INC-2024-0510,2024-03-17T23:46:42.000Z,Gampaha,Western,WET,7.011763,80.062042,Earthquake,3,HIGH,7353,1834,10,0,Emergency Shelters|Rescue Teams,27,IN_PROGRESS,CITIZEN,MOBILE_APP,ENGLISH,FOG,False,False,False,False,,3,4,3,458,False,NONE,0,False,3,23,6
INC-2024-0775,2024-03-18T18:23:46.000Z,Trincomalee,Eastern,EAST_NORTH,8.404678,81.276626,Building Collapse,2,MEDIUM,1501,0,1,0,Excavators|Rescue Teams,61,RESOLVED,DMC_OFFICER,WEB_DASHBOARD,ENGLISH,PARTLY_CLOUDY,False,False,False,False,,3,2,1,0,False,MIXED,8495144,False,3,18,0
INC-2024-0419,2024-03-18T21:54:14.000Z,Gampaha,Western,WET,7.129445,79.916794,Flood,2,MEDIUM,7273,0,0,0,Medical Kits|Boats|Tarpaulins|Rescue Teams,35,RESOLVED,DMC_OFFICER,PHONE_CALL,SINHALA,RAINY,True,False,False,False,,2,3,0,0,False,RESIDENTIAL,858448,False,3,21,0
INC-2024-0880,2024-03-19T00:32:34.000Z,Badulla,Uva,HILL,7.072192,81.216235,Forest Fire,2,MEDIUM,102,0,0,0,Fire Trucks|Water Tankers|Rescue Teams|Helicopters,111,RESOLVED,CITIZEN,WEB_DASHBOARD,ENGLISH,RAINY,False,False,True,True,VOLUNTEER,1,1,1,0,False,NONE,0,False,3,0,1
INC-2024-0425,2024-03-20T02:18:37.000Z,Matale,Central,HILL,7.578752,80.666291,Flood,1,LOW,3029,0,0,0,Boats|Medical Kits|Water Pumps,87,RESOLVED,SENSOR,SMS,ENGLISH,OVERCAST,False,False,False,False,,0,0,0,0,False,RESIDENTIAL,0,False,3,2,2
INC-2024-0622,2024-03-21T13:31:29.000Z,Kandy,Central,HILL,7.162242,80.748273,Landslide,1,LOW,191,0,0,0,Medical Kits|Dry Rations|Rescue Teams,539,RESOLVED,VOLUNTEER,MOBILE_APP,SINHALA,SUNNY,True,False,False,False,,0,0,0,0,False,NONE,0,False,3,13,3
INC-2024-0090,2024-03-21T15:35:39.000Z,NuwaraEliya,Central,HILL,6.873469,80.839187,Drought,1,LOW,170,0,0,0,Water Tankers|Medical Kits|Dry Rations,279,RESOLVED,CITIZEN,MOBILE_APP,ENGLISH,PARTLY_CLOUDY,False,False,False,True,GRAMA_NILADHARI,0,0,0,0,False,INFRASTRUCTURE,0,False,3,15,3
INC-2024-1239,2024-03-23T02:29:36.000Z,Kurunegala,NorthWestern,DRY,7.614059,80.356744,Drought,1,LOW,993,0,0,0,Water Tankers|Livestock Feed|Medical Kits|Dry Rations,172,RESOLVED,CITIZEN,MOBILE_APP,SINHALA,OVERCAST,False,True,False,False,,0,0,0,0,False,RESIDENTIAL,0,False,3,2,5
INC-2024-0212,2024-03-26T10:06:52.000Z,Kegalle,Sabaragamuwa,WET,7.159925,80.278898,Drought,1,LOW,652,0,0,0,Medical Kits|Livestock Feed,110,RESOLVED,LOCAL_AUTHORITY,MOBILE_APP,SINHALA,SUNNY,True,False,False,False,,0,0,0,0,False,AGRICULTURAL,0,False,3,10,1
INC-2024-0309,2024-03-29T05:27:36.000Z,Ratnapura,Sabaragamuwa,WET,6.501725,80.564811,Flash Flood,2,MEDIUM,1205,0,0,0,Rescue Teams|Water Pumps,173,RESOLVED,VOLUNTEER,MOBILE_APP,SINHALA,STORMY,True,False,True,False,,2,3,1,0,True,AGRICULTURAL,5022991,False,3,5,4
INC-2024-1455,2024-03-30T04:39:03.000Z,Batticaloa,Eastern,EAST_NORTH,7.726216,81.628403,Flood,2,MEDIUM,1227,0,0,0,Dry Rations,69,RESOLVED,DMC_OFFICER,MOBILE_APP,ENGLISH,RAINY,True,False,False,True,VOLUNTEER,0,0,0,0,False,INFRASTRUCTURE,22236440,False,3,4,5
INC-2024-0833,2024-04-02T10:19:04.000Z,Kalutara,Western,WET,6.409312,80.110189,Flood,1,LOW,91,0,0,0,Water Pumps|Boats|Medical Kits|Dry Rations,188,RESOLVED,CITIZEN,MOBILE_APP,SINHALA,OVERCAST,False,False,False,False,,0,0,0,0,False,MIXED,0,False,4,10,1
INC-2024-0624,2024-04-02T14:12:26.000Z,Puttalam,NorthWestern,DRY,8.047458,80.018377,High Winds/Cyclone,1,LOW,1069,0,0,0,Medical Kits,170,RESOLVED,CITIZEN,PHONE_CALL,SINHALA,PARTLY_CLOUDY,False,False,True,True,DMC_OFFICER,0,0,0,0,False,RESIDENTIAL,0,False,4,14,1
INC-2024-1237,2024-04-03T19:43:09.000Z,Jaffna,Northern,EAST_NORTH,9.650807,80.035754,Flood,2,MEDIUM,1832,0,0,0,Water Pumps,112,RESOLVED,CITIZEN,FIELD_REPORT,SINHALA,RAINY,False,False,True,True,DMC_OFFICER,0,0,0,0,False,RESIDENTIAL,961301,False,4,19,2
INC-2024-1126,2024-04-04T00:18:09.000Z,Ratnapura,Sabaragamuwa,WET,6.681632,80.443108,Landslide,2,MEDIUM,564,0,0,0,Dry Rations|Ambulances,130,RESOLVED,CITIZEN,FIELD_REPORT,SINHALA,RAINY,False,False,False,True,VOLUNTEER,0,0,0,0,False,NONE,0,False,4,0,3
INC-2024-0919,2024-04-06T20:14:37.000Z,Trincomalee,Eastern,EAST_NORTH,8.412738,81.113834,Building Collapse,1,LOW,158,0,0,0,Ambulances,127,RESOLVED,VOLUNTEER,WEB_DASHBOARD,SINHALA,STORMY,True,False,True,True,VOLUNTEER,0,0,0,0,False,INFRASTRUCTURE,0,False,4,20,5
INC-2024-1157,2024-04-07T10:07:50.000Z,Kurunegala,NorthWestern,DRY,7.515609,80.415842,Flood,2,MEDIUM,1397,0,0,0,Rescue Teams|Medical Kits,203,RESOLVED,CITIZEN,WEB_DASHBOARD,ENGLISH,OVERCAST,False,False,False,False,,3,2,1,0,False,AGRICULTURAL,4383767,False,4,10,6
INC-2024-0209,2024-04-12T19:29:16.000Z,Batticaloa,Eastern,EAST_NORTH,7.650106,81.747153,Flood,1,LOW,4078,0,0,0,Dry Rations|Medical Kits|Tarpaulins,627,RESOLVED,LOCAL_AUTHORITY,MOBILE_APP,ENGLISH,FOG,False,True,False,True,VOLUNTEER,0,0,0,0,False,MIXED,0,False,4,19,4
INC-2024-0363,2024-04-13T12:36:00.000Z,NuwaraEliya,Central,HILL,6.855429,80.619011,Flood,2,MEDIUM,4198,0,0,0,Medical Kits|Tarpaulins|Boats,107,RESOLVED,MEDIA,SMS,ENGLISH,STORMY,False,False,False,True,DMC_OFFICER,0,0,0,0,False,MIXED,903659,False,4,12,5
INC-2024-0948,2024-04-14T13:27:26.000Z,NuwaraEliya,Central,HILL,6.838667,80.783567,Landslide,2,MEDIUM,1040,0,1,2,Excavators,42,CLOSED,DMC_OFFICER,MOBILE_APP,TAMIL,SUNNY,True,True,False,True,GRAMA_NILADHARI,2,1,1,0,False,AGRICULTURAL,6623083,False,4,13,6
INC-2024-0249,2024-04-15T23:46:18.000Z,Matale,Central,HILL,7.647954,80.681653,Flood,1,LOW,531,0,0,0,Medical Kits|Water Pumps,139,RESOLVED,SENSOR,MOBILE_APP,TAMIL,PARTLY_CLOUDY,False,False,False,True,VOLUNTEER,0,0,0,0,False,NONE,0,False,4,23,0
INC-2024-1190,2024-04-16T17:08:54.000Z,Polonnaruwa,NorthCentral,DRY,7.808267,81.216574,Flood,2,MEDIUM,1191,0,0,0,Tarpaulins,96,RESOLVED,CITIZEN,PHONE_CALL,ENGLISH,PARTLY_CLOUDY,True,False,False,True,VOLUNTEER,0,0,0,0,True,NONE,0,False,4,17,1
INC-2024-1199,2024-04-20T00:28:03.000Z,Hambantota,Southern,DRY,6.257459,81.281545,Building Collapse,3,HIGH,1234,403,0,0,Rescue Teams|Ambulances|Search Dogs|Excavators,68,ASSIGNED,CITIZEN,FIELD_REPORT,SINHALA,STORMY,False,False,False,True,LOCAL_AUTHORITY,3,4,0,100,True,MIXED,817522,False,4,0,5
INC-2024-0034,2024-04-20T23:10:15.000Z,Badulla,Uva,HILL,6.803796,81.126018,Drought,2,MEDIUM,1248,0,0,0,Water Tankers|Dry Rations|Medical Kits|Livestock Feed,48,RESOLVED,DMC_OFFICER,MOBILE_APP,SINHALA,STORMY,True,False,False,True,LOCAL_AUTHORITY,3,4,4,0,False,AGRICULTURAL,789391,False,4,23,5
INC-2024-0974,2024-04-22T10:51:41.000Z,Kurunegala,NorthWestern,DRY,7.626287,80.315566,Flood,2,MEDIUM,3873,0,0,0,Dry Rations|Rescue Teams|Water Pumps,156,RESOLVED,CITIZEN,MOBILE_APP,SINHALA,RAINY,True,False,False,False,,2,3,3,0,False,INFRASTRUCTURE,39658,False,4,10,0
INC-2024-1251,2024-04-23T05:31:08.000Z,Gampaha,Western,WET,7.030953,80.070816,Flash Flood,3,HIGH,12939,4029,4,2,Dry Rations,30,RESOLVED,VOLUNTEER,WEB_DASHBOARD,ENGLISH,FOG,False,False,False,True,LOCAL_AUTHORITY,6,7,4,671,False,RESIDENTIAL,12180730,False,4,5,1
INC-2024-0769,2024-04-25T05:10:18.000Z,Kandy,Central,HILL,7.345699,80.509103,Flood,1,LOW,1148,0,0,0,Water Pumps,164,CLOSED,MEDIA,PHONE_CALL,TAMIL,STORMY,False,False,False,False,,0,0,0,0,False,AGRICULTURAL,0,False,4,5,3
INC-2024-0764,2024-04-27T03:51:52.000Z,Puttalam,NorthWestern,DRY,7.857693,80.015845,Flood,1,LOW,5393,0,0,0,Boats|Water Pumps|Tarpaulins,81,RESOLVED,LOCAL_AUTHORITY,SMS,SINHALA,OVERCAST,False,False,False,False,,0,0,0,0,False,AGRICULTURAL,0,False,4,3,5
INC-2024-1297,2024-04-27T13:34:54.000Z,Vavuniya,Northern,EAST_NORTH,8.729272,80.365409,Landslide,1,LOW,1729,0,0,0,Ambulances|Dry Rations|Excavators,79,RESOLVED,CITIZEN,MOBILE_APP,TAMIL,SUNNY,False,False,False,False,,0,0,0,0,False,NONE,0,False,4,13,5
INC-2024-1083,2024-04-28T22:01:22.000Z,Matara,Southern,WET,5.943878,80.468951,Flash Flood,2,MEDIUM,5047,0,0,0,Medical Kits|Dry Rations|Boats,27,RESOLVED,CITIZEN,WEB_DASHBOARD,SINHALA,RAINY,False,False,False,True,GRAMA_NILADHARI,0,0,0,0,False,AGRICULTURAL,173927,False,4,22,6
INC-2024-0818,2024-04-30T20:52:25.000Z,Matara,Southern,WET,5.849254,80.485111,Landslide,2,MEDIUM,10408,0,0,0,Ambulances,102,RESOLVED,MEDIA,WEB_DASHBOARD,SINHALA,SUNNY,False,False,False,True,VOLUNTEER,2,2,0,0,False,INFRASTRUCTURE,968476,False,4,20,1
INC-2024-0817,2024-05-04T06:46:11.000Z,NuwaraEliya,Central,HILL,6.898445,80.800893,Landslide,1,LOW,194,0,0,0,Dry Rations|Excavators|Ambulances|Search Dogs,153,RESOLVED,DMC_OFFICER,PHONE_CALL,SINHALA,FOG,False,False,True,False,,0,0,0,0,False,INFRASTRUCTURE,0,True,5,6,5
INC-2024-0153,2024-05-06T00:27:16.000Z,Kilinochchi,Northern,EAST_NORTH,9.432534,80.446985,Flood,2,MEDIUM,176,0,1,1,Water Pumps|Boats|Medical Kits,234,RESOLVED,VOLUNTEER,MOBILE_APP,TAMIL,RAINY,False,True,False,False,,2,1,1,0,False,RESIDENTIAL,7135161,True,5,0,0
INC-2024-0139,2024-05-11T02:21:32.000Z,Kurunegala,NorthWestern,DRY,7.407879,80.241566,Flood,2,MEDIUM,1475,0,0,0,Water Pumps,45,RESOLVED,DMC_OFFICER,MOBILE_APP,ENGLISH,STORMY,True,False,False,True,GRAMA_NILADHARI,1,1,1,0,False,INFRASTRUCTURE,57526,True,5,2,5
INC-2024-1367,2024-05-11T11:08:44.000Z,Kalutara,Western,WET,6.650949,80.146175,Flood,2,MEDIUM,2228,0,0,0,Tarpaulins,23,RESOLVED,VOLUNTEER,MOBILE_APP,SINHALA,OVERCAST,True,False,False,False,,2,2,0,0,False,NONE,0,True,5,11,5
INC-2024-0201,2024-05-13T17:01:23.000Z,Trincomalee,Eastern,EAST_NORTH,8.630272,81.002669,Flood,2,MEDIUM,3010,0,1,0,Tarpaulins|Rescue Teams,91,RESOLVED,DMC_OFFICER,PHONE_CALL,SINHALA,PARTLY_CLOUDY,True,False,False,True,DMC_OFFICER,3,4,2,0,False,AGRICULTURAL,894352,True,5,17,0
INC-2024-0258,2024-05-13T17:25:44.000Z,Batticaloa,Eastern,EAST_NORTH,7.862834,81.743944,Flood,1,LOW,1054,0,0,0,Tarpaulins|Medical Kits|Water Pumps,310,RESOLVED,CITIZEN,MOBILE_APP,SINHALA,RAINY,False,False,False,True,LOCAL_AUTHORITY,0,0,0,0,False,RESIDENTIAL,0,True,5,17,0
INC-2024-0420,2024-05-14T02:57:40.000Z,Kegalle,Sabaragamuwa,WET,7.227474,80.228345,Landslide,2,MEDIUM,200,0,0,0,Medical Kits|Ambulances|Excavators,64,RESOLVED,SENSOR,FIELD_REPORT,SINHALA,RAINY,True,False,False,False,,3,1,0,0,False,INFRASTRUCTURE,2512556,True,5,2,1
INC-2024-0503,2024-05-18T18:46:15.000Z,Badulla,Uva,HILL,6.85638,81.295854,Forest Fire,1,LOW,375,0,0,0,Fire Trucks|Rescue Teams|Water Tankers,168,IN_PROGRESS,DMC_OFFICER,PHONE_CALL,ENGLISH,RAINY,False,False,False,True,GRAMA_NILADHARI,0,0,0,0,False,MIXED,0,True,5,18,5
INC-2024-0115,2024-05-19T22:06:39.000Z,Trincomalee,Eastern,EAST_NORTH,8.52025,81.028616,Flood,1,LOW,2350,0,0,0,Medical Kits|Dry Rations,549,CLOSED,MEDIA,FIELD_REPORT,SINHALA,FOG,True,False,False,True,DMC_OFFICER,0,0,0,0,False,NONE,0,True,5,22,6
INC-2024-0089,2024-05-20T05:47:08.000Z,Ampara,Eastern,EAST_NORTH,7.426162,81.68936,Flood,3,HIGH,51786,24425,0,0,Tarpaulins,38,RESOLVED,CITIZEN,SMS,ENGLISH,FOG,False,False,False,True,GRAMA_NILADHARI,6,4,3,4070,False,AGRICULTURAL,53233,True,5,5,0
INC-2024-1000,2024-05-23T00:37:14.000Z,Galle,Southern,WET,5.929228,80.318029,Building Collapse,2,MEDIUM,724,0,1,4,Medical Kits|Excavators|Ambulances,23,RESOLVED,DMC_OFFICER,MOBILE_APP,ENGLISH,RAINY,False,True,False,True,GRAMA_NILADHARI,1,1,1,0,False,AGRICULTURAL,1710156,True,5,0,3
INC-2024-0562,2024-05-23T02:10:39.000Z,Gampaha,Western,WET,7.121748,80.004657,Forest Fire,1,LOW,1067,0,0,0,Medical Kits|Helicopters|Water Tankers,162,RESOLVED,CITIZEN,PHONE_CALL,SINHALA,FOG,False,False,True,False,,0,0,0,0,False,AGRICULTURAL,0,True,5,2,3
INC-2024-0245,2024-05-23T07:28:15.000Z,Batticaloa,Eastern,EAST_NORTH,7.845171,81.60351,Flood,1,LOW,968,0,0,0,Water Pumps|Boats|Rescue Teams|Medical Kits,231,RESOLVED,VOLUNTEER,MOBILE_APP,SINHALA,STORMY,True,False,False,True,DMC_OFFICER,0,0,0,0,False,RESIDENTIAL,0,True,5,7,3
INC-2024-0274,2024-05-24T01:14:17.000Z,Vavuniya,Northern,EAST_NORTH,8.872986,80.542272,Flood,1,LOW,1970,0,0,0,Dry Rations|Water Pumps|Tarpaulins,401,RESOLVED,VOLUNTEER,SMS,ENGLISH,OVERCAST,False,False,False,False,,0,0,0,0,False,INFRASTRUCTURE,0,True,5,1,4
INC-2024-0712,2024-05-24T16:44:24.000Z,Colombo,Western,WET,6.911846,79.867041,Flood,1,LOW,593,0,0,0,Tarpaulins|Rescue Teams|Dry Rations,266,RESOLVED,VOLUNTEER,MOBILE_APP,SINHALA,STORMY,True,False,False,False,,0,0,0,0,False,MIXED,0,True,5,16,4
INC-2024-0740,2024-05-24T23:10:56.000Z,Ampara,Eastern,EAST_NORTH,7.453433,81.803957,Flash Flood,2,MEDIUM,706,0,0,0,Medical Kits|Water Pumps,59,RESOLVED,VOLUNTEER,PHONE_CALL,ENGLISH,FOG,True,False,False,False,,3,1,0,0,False,RESIDENTIAL,428099,True,5,23,4
INC-2024-0927,2024-05-30T16:34:22.000Z,Kalutara,Western,WET,6.69469,79.999465,Coastal Erosion,2,MEDIUM,1184,0,0,0,Dry Rations|Emergency Shelters,33,RESOLVED,VOLUNTEER,WEB_DASHBOARD,TAMIL,STORMY,True,False,True,False,,0,0,0,0,False,INFRASTRUCTURE,1123261,True,5,16,3
INC-2024-0195,2024-06-02T14:45:33.000Z,Kandy,Central,HILL,7.36204,80.735965,Landslide,1,LOW,1194,0,0,0,Excavators|Search Dogs|Rescue Teams|Ambulances,247,RESOLVED,MEDIA,WEB_DASHBOARD,ENGLISH,PARTLY_CLOUDY,False,False,True,True,GRAMA_NILADHARI,0,0,0,0,False,NONE,0,True,6,14,6
INC-2024-0252,2024-06-02T20:15:09.000Z,Kalutara,Western,WET,6.596364,80.10633,High Winds/Cyclone,2,MEDIUM,3423,0,0,0,Generators|Dry Rations|Rescue Teams,119,RESOLVED,VOLUNTEER,PHONE_CALL,TAMIL,OVERCAST,False,False,False,True,DMC_OFFICER,2,3,3,0,False,MIXED,4762664,True,6,20,6
INC-2024-0167,2024-06-12T22:06:22.000Z,Gampaha,Western,WET,7.164501,79.951849,Flash Flood,1,LOW,153,0,0,0,Rescue Teams|Medical Kits|Water Pumps,193,CLOSED,VOLUNTEER,WEB_DASHBOARD,ENGLISH,PARTLY_CLOUDY,False,True,False,True,GRAMA_NILADHARI,0,0,0,0,False,NONE,0,True,6,22,2
INC-2024-0379,2024-06-13T06:44:12.000Z,Kegalle,Sabaragamuwa,WET,7.202614,80.412968,High Winds/Cyclone,1,LOW,300,0,0,0,Rescue Teams,54,RESOLVED,DMC_OFFICER,WEB_DASHBOARD,ENGLISH,RAINY,False,False,False,True,VOLUNTEER,0,0,0,0,False,MIXED,0,True,6,6,3
INC-2024-0270,2024-06-15T22:59:19.000Z,Matale,Central,HILL,7.424975,80.578736,Landslide,2,MEDIUM,2933,0,0,0,Excavators|Search Dogs,119,RESOLVED,VOLUNTEER,WEB_DASHBOARD,ENGLISH,FOG,False,False,False,True,VOLUNTEER,0,0,0,0,True,INFRASTRUCTURE,34608662,True,6,22,5
INC-2024-1484,2024-06-16T01:24:12.000Z,Kurunegala,NorthWestern,DRY,7.458431,80.411591,Forest Fire,1,LOW,3773,0,0,0,Fire Trucks,199,RESOLVED,CITIZEN,MOBILE_APP,SINHALA,PARTLY_CLOUDY,True,True,False,True,VOLUNTEER,0,0,0,0,False,MIXED,0,True,6,1,6
INC-2024-0498,2024-06-19T00:00:11.000Z,Anuradhapura,NorthCentral,DRY,8.215336,80.37238,High Winds/Cyclone,1,LOW,367,0,0,0,Dry Rations|Emergency Shelters,149,RESOLVED,CITIZEN,MOBILE_APP,ENGLISH,STORMY,True,True,False,True,VOLUNTEER,0,0,0,0,False,RESIDENTIAL,0,True,6,0,2
INC-2024-0745,2024-06-19T06:12:35.000Z,Kalutara,Western,WET,6.561837,80.108108,High Winds/Cyclone,2,MEDIUM,482,0,2,0,Dry Rations|Emergency Shelters,75,RESOLVED,SENSOR,SMS,SINHALA,STORMY,True,False,False,False,,1,2,0,0,False,MIXED,5390723,True,6,6,2
INC-2024-1475,2024-06-25T16:33:49.000Z,Matara,Southern,WET,5.993751,80.481682,Coastal Erosion,1,LOW,603,0,0,0,Dry Rations,119,RESOLVED,VOLUNTEER,SMS,ENGLISH,STORMY,False,False,False,False,,0,0,0,0,False,RESIDENTIAL,0,True,6,16,1
INC-2024-0556,2024-06-26T17:31:30.000Z,Hambantota,Southern,DRY,6.089852,81.123457,Flood,1,LOW,104,0,0,0,Medical Kits|Boats|Dry Rations,95,RESOLVED,DMC_OFFICER,MOBILE_APP,SINHALA,PARTLY_CLOUDY,True,False,False,True,VOLUNTEER,0,0,0,0,True,MIXED,0,True,6,17,2
INC-2024-0596,2024-06-27T08:02:09.000Z,Batticaloa,Eastern,EAST_NORTH,7.694008,81.783314,Flash Flood,2,MEDIUM,1170,0,0,0,Rescue Teams|Boats|Water Pumps|Medical Kits,47,CLOSED,DMC_OFFICER,SMS,ENGLISH,PARTLY_CLOUDY,False,False,False,True,LOCAL_AUTHORITY,1,1,1,0,False,INFRASTRUCTURE,6284288,True,6,8,3
INC-2024-1050,2024-06-28T07:08:22.000Z,Kegalle,Sabaragamuwa,WET,7.266626,80.469312,Landslide,2,MEDIUM,209,0,5,0,Search Dogs,41,RESOLVED,DMC_OFFICER,MOBILE_APP,SINHALA,PARTLY_CLOUDY,False,False,False,True,GRAMA_NILADHARI,2,3,3,0,False,MIXED,343480,True,6,7,4
INC-2024-1002,2024-06-28T19:39:17.000Z,Ampara,Eastern,EAST_NORTH,7.278728,81.781363,Landslide,1,LOW,504,0,0,0,Search Dogs|Excavators|Rescue Teams,370,RESOLVED,VOLUNTEER,MOBILE_APP,ENGLISH,STORMY,True,True,False,False,,0,0,0,0,False,MIXED,0,True,6,19,4
INC-2024-0135,2024-06-28T22:24:10.000Z,Jaffna,Northern,EAST_NORTH,9.56893,80.180255,Forest Fire,1,LOW,958,0,0,0,Rescue Teams|Fire Trucks|Medical Kits|Helicopters,235,CLOSED,CITIZEN,WEB_DASHBOARD,SINHALA,OVERCAST,False,True,False,True,VOLUNTEER,0,0,0,0,False,MIXED,0,True,6,22,4
INC-2024-0426,2024-06-29T09:33:36.000Z,Trincomalee,Eastern,EAST_NORTH,8.565977,81.080355,Landslide,3,HIGH,1600,345,3,0,Search Dogs|Excavators|Ambulances|Medical Kits,37,ASSIGNED,MEDIA,WEB_DASHBOARD,ENGLISH,OVERCAST,False,False,True,True,VOLUNTEER,8,6,3,86,False,INFRASTRUCTURE,272550,True,6,9,5
INC-2024-0122,2024-07-01T01:21:29.000Z,Polonnaruwa,NorthCentral,DRY,8.19149,81.250446,Forest Fire,2,MEDIUM,1366,0,0,0,Rescue Teams,81,RESOLVED,SENSOR,WEB_DASHBOARD,SINHALA,RAINY,False,False,False,True,LOCAL_AUTHORITY,2,1,1,0,False,RESIDENTIAL,128786,True,7,1,0
INC-2024-1284,2024-07-01T03:53:52.000Z,Anuradhapura,NorthCentral,DRY,8.114909,80.35999,Forest Fire,3,HIGH,1190,254,1,0,Fire Trucks|Medical Kits|Water Tankers|Helicopters,22,PENDING,CITIZEN,MOBILE_APP,SINHALA,SUNNY,False,False,False,True,DMC_OFFICER,1,1,1,63,True,MIXED,2074954,True,7,3,0
INC-2024-0809,2024-07-02T06:39:49.000Z,Polonnaruwa,NorthCentral,DRY,8.04104,81.267273,Flood,1,LOW,6539,0,0,0,Boats|Medical Kits|Water Pumps,299,RESOLVED,CITIZEN,MOBILE_APP,TAMIL,RAINY,False,False,False,False,,0,0,0,0,False,AGRICULTURAL,0,True,7,6,1
INC-2024-1253,2024-07-04T21:21:08.000Z,Vavuniya,Northern,EAST_NORTH,8.73269,80.546401,Landslide,3,HIGH,2289,441,5,3,Dry Rations|Medical Kits|Search Dogs,85,RESOLVED,SENSOR,PHONE_CALL,ENGLISH,STORMY,False,False,False,True,LOCAL_AUTHORITY,7,3,3,88,False,MIXED,2019149,True,7,21,3
INC-2024-1242,2024-07-04T23:48:08.000Z,Kegalle,Sabaragamuwa,WET,7.241764,80.24994,Flash Flood,3,HIGH,1022,384,1,0,Dry Rations|Boats|Rescue Teams|Water Pumps,24,IN_PROGRESS,DMC_OFFICER,MOBILE_APP,SINHALA,RAINY,False,True,False,True,LOCAL_AUTHORITY,2,2,0,128,False,MIXED,182377,True,7,23,3
INC-2024-0338,2024-07-05T10:33:38.000Z,Kandy,Central,HILL,7.112305,80.775314,Landslide,2,MEDIUM,8219,0,0,0,Search Dogs|Dry Rations|Medical Kits,122,RESOLVED,CITIZEN,MOBILE_APP,TAMIL,FOG,True,True,False,True,VOLUNTEER,1,2,2,0,False,AGRICULTURAL,684060,True,7,10,4
INC-2024-0789,2024-07-06T11:31:00.000Z,Polonnaruwa,NorthCentral,DRY,8.150367,81.202857,Flood,1,LOW,209,0,0,0,Boats,271,RESOLVED,VOLUNTEER,MOBILE_APP,SINHALA,FOG,False,False,False,True,DMC_OFFICER,0,0,0,0,False,AGRICULTURAL,0,True,7,11,5
INC-2024-1151,2024-07-07T06:10:20.000Z,Mannar,Northern,EAST_NORTH,8.823395,79.892791,Flash Flood,2,MEDIUM,513,0,1,0,Rescue Teams|Boats|Water Pumps,80,RESOLVED,CITIZEN,MOBILE_APP,SINHALA,STORMY,True,False,False,True,LOCAL_AUTHORITY,1,2,2,0,False,MIXED,2199048,True,7,6,6
INC-2024-0005,2024-07-17T12:21:20.000Z,Gampaha,Western,WET,7.03268,79.975891,High Winds/Cyclone,2,MEDIUM,4542,0,0,0,Dry Rations|Rescue Teams,44,RESOLVED,DMC_OFFICER,WEB_DASHBOARD,TAMIL,PARTLY_CLOUDY,True,False,False,True,DMC_OFFICER,1,2,1,0,False,MIXED,211471,True,7,12,2
INC-2024-0774,2024-07-17T23:42:32.000Z,Kandy,Central,HILL,7.21547,80.60553,Medical Emergency,3,HIGH,12566,6863,8,0,Blood Supplies,43,IN_PROGRESS,CITIZEN,MOBILE_APP,SINHALA,FOG,True,True,False,True,VOLUNTEER,2,2,0,1372,True,AGRICULTURAL,194422,True,7,23,2
INC-2024-1017,2024-07-19T00:18:40.000Z,Colombo,Western,WET,6.919669,79.872795,Flood,2,MEDIUM,7893,0,0,0,Medical Kits,103,RESOLVED,VOLUNTEER,SMS,TAMIL,OVERCAST,False,False,False,False,,3,1,1,0,True,RESIDENTIAL,6930393,True,7,0,4
INC-2024-1302,2024-07-21T22:24:53.000Z,NuwaraEliya,Central,HILL,6.932974,80.891743,Flash Flood,3,HIGH,10354,3363,0,0,Rescue Teams,51,PENDING,VOLUNTEER,MOBILE_APP,SINHALA,RAINY,True,False,False,True,DMC_OFFICER,6,7,6,560,False,RESIDENTIAL,3620500,True,7,22,6
INC-2024-1386,2024-07-27T15:04:09.000Z,Kegalle,Sabaragamuwa,WET,7.391558,80.293409,Flood,1,LOW,3417,0,0,0,Medical Kits|Boats|Water Pumps,156,RESOLVED,VOLUNTEER,MOBILE_APP,TAMIL,RAINY,False,False,False,False,,0,0,0,0,False,NONE,0,True,7,15,5
INC-2024-0702,2024-07-28T05:49:04.000Z,Matale,Central,HILL,7.6549,80.529094,Flash Flood,2,MEDIUM,27,0,3,0,Rescue Teams|Boats,70,RESOLVED,CITIZEN,MOBILE_APP,TAMIL,FOG,True,True,False,False,,3,4,2,0,False,MIXED,4821078,True,7,5,6
INC-2024-0165,2024-07-28T10:29:21.000Z,Kegalle,Sabaragamuwa,WET,7.18324,80.292972,Forest Fire,1,LOW,725,0,0,0,Helicopters|Rescue Teams,262,RESOLVED,CITIZEN,MOBILE_APP,ENGLISH,OVERCAST,False,False,False,True,LOCAL_AUTHORITY,0,0,0,0,False,AGRICULTURAL,0,True,7,10,6
INC-2024-0670,2024-07-28T16:09:59.000Z,Matara,Southern,WET,5.828414,80.649989,Flood,1,LOW,439,0,0,0,Boats|Dry Rations,153,RESOLVED,CITIZEN,FIELD_REPORT,SINHALA,STORMY,False,False,True,True,DMC_OFFICER,0,0,0,0,False,MIXED,0,True,7,16,6
INC-2024-0651,2024-07-29T05:55:04.000Z,Jaffna,Northern,EAST_NORTH,9.502,80.166501,Flood,2,MEDIUM,7309,0,0,0,Dry Rations,189,RESOLVED,VOLUNTEER,MOBILE_APP,SINHALA,PARTLY_CLOUDY,False,False,False,False,,3,3,0,0,False,RESIDENTIAL,892449,True,7,5,0
INC-2024-0241,2024-07-31T10:16:18.000Z,Hambantota,Southern,DRY,6.220063,81.187986,Flood,2,MEDIUM,2921,0,0,0,Boats,345,RESOLVED,CITIZEN,PHONE_CALL,SINHALA,RAINY,False,False,False,False,,1,1,1,0,False,NONE,0,True,7,10,2
INC-2024-0155,2024-07-31T21:29:41.000Z,Colombo,Western,WET,6.879263,79.907274,Flash Flood,2,MEDIUM,1775,0,1,0,Rescue Teams,111,IN_PROGRESS,CITIZEN,WEB_DASHBOARD,ENGLISH,OVERCAST,False,False,False,False,,1,1,0,0,False,INFRASTRUCTURE,5782693,True,7,21,2
INC-2024-1012,2024-08-05T00:24:02.000Z,Kurunegala,NorthWestern,DRY,7.541983,80.137479,Flood,3,HIGH,409,163,6,0,Rescue Teams|Medical Kits,48,RESOLVED,CITIZEN,PHONE_CALL,SINHALA,OVERCAST,False,False,False,True,VOLUNTEER,8,5,1,27,False,NONE,0,True,8,0,0
INC-2024-1379,2024-08-07T03:59:41.000Z,Polonnaruwa,NorthCentral,DRY,7.815917,81.13573,Medical Emergency,1,LOW,62,0,0,0,Blood Supplies|Rescue Teams,111,RESOLVED,CITIZEN,MOBILE_APP,SINHALA,RAINY,False,False,False,False,,0,0,0,0,False,NONE,0,True,8,3,2
INC-2024-0947,2024-08-09T06:47:12.000Z,Kurunegala,NorthWestern,DRY,7.631943,80.439905,High Winds/Cyclone,2,MEDIUM,1230,0,1,0,Rescue Teams|Medical Kits|Generators,27,RESOLVED,DMC_OFFICER,MOBILE_APP,SINHALA,FOG,True,True,False,True,LOCAL_AUTHORITY,3,1,0,0,False,MIXED,749727,True,8,6,4
INC-2024-0282,2024-08-09T17:04:00.000Z,Kegalle,Sabaragamuwa,WET,7.100216,80.391408,High Winds/Cyclone,1,LOW,4666,0,0,0,Emergency Shelters|Rescue Teams|Dry Rations|Medical Kits,333,RESOLVED,CITIZEN,MOBILE_APP,ENGLISH,RAINY,True,False,False,False,,0,0,0,0,False,NONE,0,True,8,17,4
INC-2024-0095,2024-08-11T11:13:36.000Z,Matale,Central,HILL,7.447252,80.712869,Landslide,3,HIGH,2721,448,1,0,Medical Kits|Dry Rations,52,RESOLVED,MEDIA,SMS,SINHALA,FOG,False,False,False,True,DMC_OFFICER,6,4,4,149,True,MIXED,6293027,True,8,11,6
INC-2024-0087,2024-08-17T09:41:29.000Z,Galle,Southern,WET,6.196499,80.266246,Flood,1,LOW,876,0,0,0,Medical Kits|Boats|Tarpaulins|Rescue Teams,108,RESOLVED,MEDIA,MOBILE_APP,ENGLISH,OVERCAST,True,False,False,False,,0,0,0,0,False,NONE,0,True,8,9,5
INC-2024-0435,2024-08-18T11:17:30.000Z,Badulla,Uva,HILL,6.985456,81.132643,Flash Flood,3,HIGH,5482,1950,0,0,Water Pumps|Rescue Teams|Dry Rations,63,RESOLVED,CITIZEN,FIELD_REPORT,SINHALA,RAINY,False,False,False,False,,5,2,0,390,False,AGRICULTURAL,878936,True,8,11,6
INC-2024-0326,2024-08-18T18:52:01.000Z,NuwaraEliya,Central,HILL,6.834617,80.800882,Landslide,2,MEDIUM,1029,0,0,0,Excavators|Dry Rations|Search Dogs|Rescue Teams,113,RESOLVED,VOLUNTEER,MOBILE_APP,ENGLISH,SUNNY,False,True,False,True,GRAMA_NILADHARI,3,3,3,0,False,RESIDENTIAL,137883,True,8,18,6
INC-2024-1321,2024-08-20T20:59:09.000Z,Jaffna,Northern,EAST_NORTH,9.793699,80.006791,Flood,2,MEDIUM,3766,0,0,0,Medical Kits|Water Pumps|Rescue Teams,159,CLOSED,LOCAL_AUTHORITY,MOBILE_APP,SINHALA,RAINY,True,False,False,False,,3,4,3,0,False,NONE,0,True,8,20,1
INC-2024-0868,2024-08-26T15:26:59.000Z,Jaffna,Northern,EAST_NORTH,9.797128,80.042123,Building Collapse,2,MEDIUM,4429,0,0,0,Search Dogs,103,CLOSED,DMC_OFFICER,WEB_DASHBOARD,SINHALA,RAINY,False,False,True,True,VOLUNTEER,3,1,0,0,False,INFRASTRUCTURE,852883,True,8,15,0
INC-2024-1235,2024-08-28T14:15:39.000Z,Badulla,Uva,HILL,6.833139,81.026064,Forest Fire,2,MEDIUM,704,0,0,0,Rescue Teams|Water Tankers|Fire Trucks|Helicopters,85,RESOLVED,CITIZEN,SMS,ENGLISH,OVERCAST,False,True,False,False,,2,3,0,0,False,RESIDENTIAL,4409868,True,8,14,2
INC-2024-1064,2024-08-29T10:23:19.000Z,Ampara,Eastern,EAST_NORTH,7.200548,81.61983,Flash Flood,2,MEDIUM,827,0,3,0,Dry Rations|Medical Kits,146,IN_PROGRESS,MEDIA,MOBILE_APP,SINHALA,OVERCAST,True,False,False,False,,2,2,0,0,False,INFRASTRUCTURE,2225750,True,8,10,3
INC-2024-0065,2024-08-30T16:25:09.000Z,Mullaitivu,Northern,EAST_NORTH,9.214271,80.679218,Flood,1,LOW,428,0,0,0,Medical Kits|Water Pumps|Tarpaulins,90,RESOLVED,CITIZEN,MOBILE_APP,SINHALA,RAINY,False,False,False,False,,0,0,0,0,False,AGRICULTURAL,0,True,8,16,4
INC-2024-0830,2024-08-30T23:26:54.000Z,Matara,Southern,WET,5.956936,80.727744,Flood,2,MEDIUM,138,0,0,0,Water Pumps|Dry Rations,140,RESOLVED,VOLUNTEER,MOBILE_APP,TAMIL,STORMY,False,False,False,False,,1,1,0,0,False,NONE,0,True,8,23,4
INC-2024-0287,2024-09-04T16:23:50.000Z,Kilinochchi,Northern,EAST_NORTH,9.301254,80.247453,Flash Flood,1,LOW,80,0,0,0,Medical Kits|Dry Rations|Water Pumps|Rescue Teams,171,RESOLVED,DMC_OFFICER,MOBILE_APP,TAMIL,PARTLY_CLOUDY,True,False,False,True,VOLUNTEER,0,0,0,0,False,AGRICULTURAL,0,True,9,16,2
INC-2024-0315,2024-09-04T18:29:43.000Z,Polonnaruwa,NorthCentral,DRY,7.802453,81.205751,High Winds/Cyclone,2,MEDIUM,3195,0,0,0,Generators|Rescue Teams|Medical Kits,145,RESOLVED,CITIZEN,FIELD_REPORT,TAMIL,SUNNY,False,False,False,True,GRAMA_NILADHARI,1,2,0,0,False,NONE,0,True,9,18,2
INC-2024-0045,2024-09-05T02:10:35.000Z,Kurunegala,NorthWestern,DRY,7.426418,80.20096,Building Collapse,2,MEDIUM,1488,0,0,0,Medical Kits,160,CLOSED,CITIZEN,FIELD_REPORT,SINHALA,RAINY,False,True,False,True,GRAMA_NILADHARI,1,2,2,0,False,MIXED,587673,True,9,2,3
INC-2024-1307,2024-09-05T14:56:25.000Z,Trincomalee,Eastern,EAST_NORTH,8.661036,81.088795,High Winds/Cyclone,1,LOW,243,0,0,0,Medical Kits|Dry Rations|Rescue Teams,298,RESOLVED,DMC_OFFICER,WEB_DASHBOARD,ENGLISH,SUNNY,True,False,False,False,,0,0,0,0,False,NONE,0,True,9,14,3
INC-2024-0598,2024-09-05T17:39:36.000Z,Polonnaruwa,NorthCentral,DRY,7.860248,81.150657,Building Collapse,3,HIGH,1109,404,1,0,Excavators|Medical Kits|Search Dogs,64,RESOLVED,SENSOR,PHONE_CALL,SINHALA,STORMY,True,False,False,True,VOLUNTEER,7,3,2,67,False,RESIDENTIAL,200190,True,9,17,3
INC-2024-1414,2024-09-09T06:39:55.000Z,Badulla,Uva,HILL,7.024381,81.046229,Landslide,2,MEDIUM,575,0,0,0,Ambulances|Search Dogs,249,RESOLVED,CITIZEN,MOBILE_APP,SINHALA,OVERCAST,False,False,False,True,LOCAL_AUTHORITY,3,2,2,0,False,AGRICULTURAL,171273,True,9,6,0
INC-2024-0638,2024-09-09T06:56:00.000Z,Kalutara,Western,WET,6.419213,79.953941,Flood,1,LOW,228,0,0,0,Dry Rations|Medical Kits|Rescue Teams,103,RESOLVED,SENSOR,MOBILE_APP,ENGLISH,FOG,True,False,False,True,GRAMA_NILADHARI,0,0,0,0,False,NONE,0,True,9,6,0
INC-2024-0523,2024-09-09T23:37:22.000Z,Kandy,Central,HILL,7.354889,80.643059,Medical Emergency,2,MEDIUM,2771,0,0,0,Rescue Teams|Ambulances,229,RESOLVED,CITIZEN,MOBILE_APP,SINHALA,OVERCAST,False,False,False,False,,2,1,1,0,False,AGRICULTURAL,3670551,True,9,23,0
INC-2024-1005,2024-09-11T02:41:09.000Z,Kegalle,Sabaragamuwa,WET,7.327186,80.457376,Landslide,2,MEDIUM,832,0,15,0,Dry Rations|Excavators|Medical Kits,83,RESOLVED,VOLUNTEER,WEB_DASHBOARD,SINHALA,FOG,False,False,False,True,GRAMA_NILADHARI,2,3,3,0,False,MIXED,209153,True,9,2,2
INC-2024-0519,2024-09-11T05:22:11.000Z,Kurunegala,NorthWestern,DRY,7.438548,80.348925,Landslide,2,MEDIUM,1807,0,1,0,Dry Rations,27,RESOLVED,CITIZEN,WEB_DASHBOARD,TAMIL,RAINY,False,False,False,True,DMC_OFFICER,3,2,2,0,False,INFRASTRUCTURE,148199,True,9,5,2
INC-2024-0253,2024-09-11T07:55:43.000Z,Kalutara,Western,WET,6.54474,80.011064,Flash Flood,1,LOW,829,0,0,0,Medical Kits|Dry Rations|Water Pumps|Rescue Teams,122,RESOLVED,CITIZEN,WEB_DASHBOARD,SINHALA,RAINY,False,False,False,True,VOLUNTEER,0,0,0,0,False,AGRICULTURAL,0,True,9,7,2
INC-2024-0915,2024-09-11T20:46:50.000Z,Monaragala,Uva,DRY,6.637415,81.278342,Forest Fire,2,MEDIUM,938,0,4,0,Helicopters|Fire Trucks,139,RESOLVED,CITIZEN,WEB_DASHBOARD,SINHALA,STORMY,False,False,False,True,GRAMA_NILADHARI,1,2,0,0,False,NONE,0,True,9,20,2
INC-2024-0813,2024-09-12T18:59:15.000Z,Batticaloa,Eastern,EAST_NORTH,7.642526,81.749541,Flood,1,LOW,2590,0,0,0,Water Pumps|Boats|Medical Kits|Dry Rations,97,RESOLVED,DMC_OFFICER,MOBILE_APP,ENGLISH,OVERCAST,True,False,False,False,,0,0,0,0,False,NONE,0,True,9,18,3
INC-2024-1200,2024-09-13T11:26:31.000Z,Puttalam,NorthWestern,DRY,8.194048,80.115534,Earthquake,1,LOW,53,0,0,0,Medical Kits|Search Dogs|Rescue Teams|Excavators,143,CLOSED,DMC_OFFICER,PHONE_CALL,ENGLISH,FOG,False,False,False,False,,0,0,0,0,False,MIXED,0,True,9,11,4
INC-2024-0660,2024-09-13T23:01:38.000Z,Kurunegala,NorthWestern,DRY,7.682004,80.11443,Flood,1,LOW,760,0,0,0,Water Pumps,85,RESOLVED,DMC_OFFICER,FIELD_REPORT,ENGLISH,OVERCAST,False,False,False,True,VOLUNTEER,0,0,0,0,False,AGRICULTURAL,0,True,9,23,4
INC-2024-1266,2024-09-14T00:02:28.000Z,Hambantota,Southern,DRY,6.106769,81.061623,Flood,1,LOW,452,0,0,0,Dry Rations|Water Pumps|Tarpaulins|Boats,212,RESOLVED,LOCAL_AUTHORITY,MOBILE_APP,ENGLISH,RAINY,True,False,False,False,,0,0,0,0,False,MIXED,0,True,9,0,5
INC-2024-0447,2024-09-14T11:41:51.000Z,Vavuniya,Northern,EAST_NORTH,8.745251,80.422248,Earthquake,2,MEDIUM,703,0,0,0,Search Dogs|Medical Kits,119,RESOLVED,VOLUNTEER,MOBILE_APP,SINHALA,STORMY,False,True,False,False,,1,2,2,0,False,RESIDENTIAL,334383,True,9,11,5
INC-2024-0036,2024-09-22T18:46:58.000Z,Jaffna,Northern,EAST_NORTH,9.525684,80.144015,Medical Emergency,3,HIGH,519,141,4,0,Medical Kits|Rescue Teams|Blood Supplies|Ambulances,177,RESOLVED,CITIZEN,FIELD_REPORT,ENGLISH,PARTLY_CLOUDY,True,False,False,True,DMC_OFFICER,8,9,8,28,False,MIXED,2237371,True,9,18,6
INC-2024-1172,2024-10-01T14:10:49.000Z,Kalutara,Western,WET,6.520261,80.174964,High Winds/Cyclone,2,MEDIUM,2222,0,0,0,Dry Rations|Rescue Teams,116,RESOLVED,CITIZEN,WEB_DASHBOARD,ENGLISH,PARTLY_CLOUDY,False,False,False,True,LOCAL_AUTHORITY,3,2,1,0,False,AGRICULTURAL,1627585,False,10,14,1
INC-2024-1390,2024-10-04T11:50:18.000Z,Galle,Southern,WET,5.962513,80.111324,High Winds/Cyclone,2,MEDIUM,3386,0,0,0,Dry Rations,50,RESOLVED,CITIZEN,MOBILE_APP,SINHALA,FOG,False,False,False,False,,1,1,0,0,False,MIXED,4359577,False,10,11,4
INC-2024-0398,2024-10-05T07:34:41.000Z,Vavuniya,Northern,EAST_NORTH,8.726606,80.571697,Landslide,2,MEDIUM,1715,0,0,0,Rescue Teams|Medical Kits,154,RESOLVED,CITIZEN,MOBILE_APP,SINHALA,PARTLY_CLOUDY,True,False,False,True,GRAMA_NILADHARI,3,1,0,0,False,RESIDENTIAL,3569011,False,10,7,5
INC-2024-0663,2024-10-08T22:54:47.000Z,Matara,Southern,WET,5.885327,80.681152,Flood,1,LOW,562,0,0,0,Medical Kits|Boats,184,IN_PROGRESS,CITIZEN,MOBILE_APP,SINHALA,FOG,False,False,False,False,,0,0,0,0,False,NONE,0,False,10,22,1
INC-2024-0059,2024-10-10T05:34:06.000Z,Trincomalee,Eastern,EAST_NORTH,8.594296,81.190621,Flash Flood,3,HIGH,732,318,1,0,Medical Kits|Water Pumps|Boats|Dry Rations,96,RESOLVED,CITIZEN,WEB_DASHBOARD,TAMIL,STORMY,True,False,True,True,VOLUNTEER,7,8,5,53,False,AGRICULTURAL,898062,False,10,5,3
INC-2024-0311,2024-10-12T14:58:12.000Z,Anuradhapura,NorthCentral,DRY,8.282135,80.431587,Flood,2,MEDIUM,453,0,0,0,Boats,135,RESOLVED,CITIZEN,MOBILE_APP,SINHALA,RAINY,True,False,False,False,,0,0,0,0,False,AGRICULTURAL,8946263,False,10,14,5
INC-2024-0391,2024-10-12T20:48:07.000Z,Badulla,Uva,HILL,6.952006,81.117415,Medical Emergency,2,MEDIUM,555,0,0,0,Blood Supplies|Rescue Teams|Medical Kits|Ambulances,139,RESOLVED,DMC_OFFICER,MOBILE_APP,SINHALA,RAINY,True,True,False,True,GRAMA_NILADHARI,2,2,0,0,False,INFRASTRUCTURE,901262,False,10,20,5
INC-2024-0226,2024-10-12T22:39:04.000Z,Mullaitivu,Northern,EAST_NORTH,9.271191,80.700147,Flash Flood,2,MEDIUM,1574,0,0,0,Dry Rations|Medical Kits|Rescue Teams|Boats,79,RESOLVED,CITIZEN,FIELD_REPORT,ENGLISH,FOG,True,False,False,True,VOLUNTEER,2,3,2,0,False,RESIDENTIAL,2286334,False,10,22,5
INC-2024-0826,2024-10-15T20:07:40.000Z,Kegalle,Sabaragamuwa,WET,7.230603,80.485644,Flood,1,LOW,301,0,0,0,Rescue Teams|Boats|Dry Rations|Tarpaulins,122,RESOLVED,CITIZEN,WEB_DASHBOARD,SINHALA,OVERCAST,False,False,False,True,DMC_OFFICER,0,0,0,0,False,NONE,0,False,10,20,1
INC-2024-0099,2024-10-17T02:24:24.000Z,Badulla,Uva,HILL,6.824367,81.284564,Flood,3,HIGH,12466,3100,2,0,Tarpaulins|Rescue Teams|Medical Kits,118,RESOLVED,VOLUNTEER,PHONE_CALL,SINHALA,FOG,True,False,False,True,DMC_OFFICER,8,4,3,1033,False,AGRICULTURAL,471074,False,10,2,3
INC-2024-0783,2024-10-17T03:57:07.000Z,Vavuniya,Northern,EAST_NORTH,8.605938,80.5472,Flood,1,LOW,1700,0,0,0,Water Pumps|Medical Kits|Dry Rations|Tarpaulins,102,RESOLVED,DMC_OFFICER,FIELD_REPORT,SINHALA,RAINY,False,False,False,False,,0,0,0,0,False,MIXED,0,False,10,3,3
INC-2024-1407,2024-10-25T17:05:05.000Z,Trincomalee,Eastern,EAST_NORTH,8.657975,81.127324,Flash Flood,2,MEDIUM,249,0,1,2,Rescue Teams|Dry Rations,39,RESOLVED,SENSOR,FIELD_REPORT,ENGLISH,RAINY,False,False,True,True,VOLUNTEER,1,1,0,0,False,AGRICULTURAL,378222,False,10,17,4
INC-2024-0820,2024-10-27T03:08:43.000Z,Kalutara,Western,WET,6.653069,79.965042,Landslide,2,MEDIUM,2085,0,0,0,Medical Kits,77,RESOLVED,CITIZEN,MOBILE_APP,TAMIL,STORMY,False,False,False,False,,3,3,3,0,False,NONE,0,False,10,3,6
INC-2024-0788,2024-10-28T19:52:53.000Z,Colombo,Western,WET,6.877332,79.924597,Coastal Erosion,2,MEDIUM,1059,0,0,0,Dry Rations|Emergency Shelters,86,RESOLVED,VOLUNTEER,MOBILE_APP,TAMIL,FOG,True,False,False,False,,1,2,1,0,False,NONE,0,False,10,19,0
INC-2024-0323,2024-10-30T01:26:20.000Z,Ampara,Eastern,EAST_NORTH,7.467876,81.68731,Medical Emergency,3,HIGH,4982,2463,1,0,Rescue Teams|Blood Supplies|Medical Kits|Ambulances,61,RESOLVED,CITIZEN,MOBILE_APP,SINHALA,FOG,True,False,False,False,,7,3,2,492,False,RESIDENTIAL,628846,False,10,1,2
INC-2024-0987,2024-11-02T13:50:50.000Z,Puttalam,NorthWestern,DRY,8.073439,80.077328,Flash Flood,2,MEDIUM,369,0,0,0,Dry Rations|Medical Kits|Boats,71,RESOLVED,CITIZEN,WEB_DASHBOARD,ENGLISH,FOG,False,False,False,False,,0,0,0,0,False,INFRASTRUCTURE,298841,True,11,13,5
INC-2024-0705,2024-11-03T18:32:34.000Z,Trincomalee,Eastern,EAST_NORTH,8.605309,81.285554,Flash Flood,3,HIGH,2874,1326,0,0,Dry Rations,95,ASSIGNED,CITIZEN,WEB_DASHBOARD,ENGLISH,FOG,False,False,False,False,,3,4,2,331,True,AGRICULTURAL,3611342,True,11,18,6
INC-2024-1073,2024-11-04T01:07:47.000Z,Matara,Southern,WET,5.803914,80.407689,Flood,1,LOW,3304,0,0,0,Water Pumps|Boats|Tarpaulins|Dry Rations,114,RESOLVED,LOCAL_AUTHORITY,FIELD_REPORT,SINHALA,OVERCAST,False,False,False,False,,0,0,0,0,False,NONE,0,True,11,1,0
INC-2024-0284,2024-11-09T01:45:15.000Z,Mullaitivu,Northern,EAST_NORTH,9.21658,80.646973,Forest Fire,1,LOW,999,0,0,0,Fire Trucks|Rescue Teams|Water Tankers,317,RESOLVED,CITIZEN,SMS,SINHALA,RAINY,True,False,False,True,GRAMA_NILADHARI,0,0,0,0,False,RESIDENTIAL,0,True,11,1,5
INC-2024-1028,2024-11-09T16:30:57.000Z,Jaffna,Northern,EAST_NORTH,9.785897,80.153601,Flood,1,LOW,403,0,0,0,Rescue Teams|Water Pumps,250,RESOLVED,CITIZEN,PHONE_CALL,TAMIL,RAINY,True,False,False,True,LOCAL_AUTHORITY,0,0,0,0,False,AGRICULTURAL,0,True,11,16,5
INC-2024-1077,2024-11-10T00:32:02.000Z,Kilinochchi,Northern,EAST_NORTH,9.326526,80.40303,Flood,2,MEDIUM,8649,0,3,0,Rescue Teams|Boats|Medical Kits,56,RESOLVED,SENSOR,WEB_DASHBOARD,ENGLISH,OVERCAST,False,False,False,True,LOCAL_AUTHORITY,3,2,0,0,False,RESIDENTIAL,33091383,True,11,0,6
INC-2024-1130,2024-11-17T07:29:41.000Z,Trincomalee,Eastern,EAST_NORTH,8.683315,81.078327,Flood,2,MEDIUM,614,0,0,0,Water Pumps|Dry Rations|Rescue Teams,51,RESOLVED,SENSOR,MOBILE_APP,SINHALA,OVERCAST,True,False,True,True,DMC_OFFICER,0,0,0,0,False,INFRASTRUCTURE,912156,True,11,7,6
INC-2024-0589,2024-11-18T04:41:38.000Z,Trincomalee,Eastern,EAST_NORTH,8.526525,81.22686,Flood,1,LOW,483,0,0,0,Dry Rations|Rescue Teams|Water Pumps,1267,RESOLVED,CITIZEN,MOBILE_APP,ENGLISH,STORMY,True,True,False,True,LOCAL_AUTHORITY,0,0,0,0,False,INFRASTRUCTURE,0,True,11,4,0
INC-2024-0039,2024-11-18T13:19:51.000Z,Matara,Southern,WET,5.902212,80.786199,Flash Flood,3,HIGH,5856,2219,2,0,Water Pumps|Boats|Dry Rations,43,RESOLVED,SENSOR,MOBILE_APP,SINHALA,STORMY,True,False,True,True,DMC_OFFICER,2,1,0,369,False,NONE,0,True,11,13,0
INC-2024-1324,2024-11-23T07:45:09.000Z,Trincomalee,Eastern,EAST_NORTH,8.453802,81.013497,Flash Flood,3,HIGH,4744,2482,0,0,Dry Rations|Boats|Medical Kits,94,RESOLVED,VOLUNTEER,MOBILE_APP,SINHALA,PARTLY_CLOUDY,True,False,True,True,VOLUNTEER,5,3,2,496,False,RESIDENTIAL,559753,True,11,7,5
INC-2024-1106,2024-11-23T08:51:07.000Z,NuwaraEliya,Central,HILL,6.971189,80.835228,Landslide,1,LOW,90,0,0,0,Rescue Teams|Medical Kits|Dry Rations,293,RESOLVED,CITIZEN,FIELD_REPORT,SINHALA,PARTLY_CLOUDY,False,False,False,True,VOLUNTEER,0,0,0,0,False,MIXED,0,True,11,8,5
INC-2024-0181,2024-11-23T14:42:53.000Z,Kilinochchi,Northern,EAST_NORTH,9.439217,80.306441,High Winds/Cyclone,2,MEDIUM,550,0,0,0,Emergency Shelters|Medical Kits,95,RESOLVED,CITIZEN,MOBILE_APP,ENGLISH,SUNNY,False,False,False,True,DMC_OFFICER,1,1,1,0,False,AGRICULTURAL,1094725,True,11,14,5
INC-2024-1098,2024-11-23T16:32:22.000Z,Ampara,Eastern,EAST_NORTH,7.220835,81.678674,Flood,1,LOW,145,0,0,0,Rescue Teams,120,RESOLVED,DMC_OFFICER,FIELD_REPORT,SINHALA,OVERCAST,False,False,False,False,,0,0,0,0,False,RESIDENTIAL,0,True,11,16,5
INC-2024-0405,2024-11-23T23:27:25.000Z,Matara,Southern,WET,5.95491,80.787866,Flood,2,MEDIUM,395,0,2,1,Water Pumps|Medical Kits,87,RESOLVED,CITIZEN,WEB_DASHBOARD,SINHALA,PARTLY_CLOUDY,False,False,False,True,DMC_OFFICER,2,1,0,0,False,AGRICULTURAL,2364278,True,11,23,5
INC-2024-0618,2024-11-24T16:34:39.000Z,Kurunegala,NorthWestern,DRY,7.552094,80.363562,Flash Flood,2,MEDIUM,306,0,0,0,Rescue Teams|Medical Kits|Water Pumps,43,IN_PROGRESS,CITIZEN,MOBILE_APP,SINHALA,OVERCAST,True,False,False,True,VOLUNTEER,1,1,0,0,False,MIXED,79445,True,11,16,6
INC-2024-1115,2024-11-25T06:58:13.000Z,Kegalle,Sabaragamuwa,WET,7.277728,80.263456,Flood,2,MEDIUM,5185,0,0,0,Medical Kits|Water Pumps|Tarpaulins,130,RESOLVED,CITIZEN,WEB_DASHBOARD,SINHALA,PARTLY_CLOUDY,True,False,True,True,DMC_OFFICER,1,2,0,0,False,RESIDENTIAL,1491992,True,11,6,0
INC-2024-0044,2024-11-25T08:05:22.000Z,Monaragala,Uva,DRY,6.7882,81.395453,Forest Fire,3,HIGH,16655,7442,6,0,Helicopters|Medical Kits|Rescue Teams,33,IN_PROGRESS,DMC_OFFICER,WEB_DASHBOARD,SINHALA,FOG,False,False,False,True,GRAMA_NILADHARI,3,3,3,1488,False,MIXED,627842,True,11,8,0
INC-2024-1221,2024-11-28T04:53:22.000Z,Vavuniya,Northern,EAST_NORTH,8.822004,80.485333,Landslide,3,HIGH,24407,7181,0,0,Excavators|Dry Rations|Medical Kits|Rescue Teams,73,RESOLVED,CITIZEN,PHONE_CALL,SINHALA,OVERCAST,False,False,False,False,,7,8,4,2393,True,NONE,0,True,11,4,3
INC-2024-0597,2024-11-28T10:18:15.000Z,Matara,Southern,WET,5.844187,80.750478,Flash Flood,1,LOW,378,0,0,0,Rescue Teams,208,RESOLVED,CITIZEN,SMS,TAMIL,RAINY,False,False,False,False,,0,0,0,0,False,RESIDENTIAL,0,True,11,10,3
INC-2024-0733,2024-12-01T17:26:12.000Z,Jaffna,Northern,EAST_NORTH,9.536511,80.151321,Flood,1,LOW,228,0,0,0,Medical Kits,58,RESOLVED,CITIZEN,MOBILE_APP,SINHALA,RAINY,True,False,False,True,GRAMA_NILADHARI,0,0,0,0,False,INFRASTRUCTURE,0,True,12,17,6
INC-2024-0761,2024-12-03T18:16:21.000Z,Kegalle,Sabaragamuwa,WET,7.335266,80.352236,High Winds/Cyclone,1,LOW,339,0,1,0,Medical Kits|Dry Rations|Rescue Teams|Generators,256,RESOLVED,CITIZEN,WEB_DASHBOARD,SINHALA,STORMY,False,False,False,False,,0,0,0,0,False,NONE,0,True,12,18,1
INC-2024-1163,2024-12-04T22:05:35.000Z,Kurunegala,NorthWestern,DRY,7.406742,80.207247,Flood,1,LOW,405,0,0,0,Rescue Teams|Water Pumps|Medical Kits|Tarpaulins,133,RESOLVED,CITIZEN,MOBILE_APP,TAMIL,OVERCAST,False,True,False,False,,0,0,0,0,False,NONE,0,True,12,22,2
INC-2024-1453,2024-12-05T00:44:34.000Z,Anuradhapura,NorthCentral,DRY,8.424758,80.257051,Flood,2,MEDIUM,7167,0,0,0,Dry Rations,85,RESOLVED,CITIZEN,MOBILE_APP,ENGLISH,RAINY,True,False,False,False,,0,0,0,0,False,MIXED,290234,True,12,0,3
INC-2024-0333,2024-12-05T20:13:44.000Z,Anuradhapura,NorthCentral,DRY,8.12111,80.337418,Flood,2,MEDIUM,2464,0,0,0,Medical Kits,63,RESOLVED,CITIZEN,PHONE_CALL,ENGLISH,PARTLY_CLOUDY,False,False,False,True,DMC_OFFICER,2,1,0,0,False,NONE,0,True,12,20,3
INC-2024-0709,2024-12-06T09:54:52.000Z,Kilinochchi,Northern,EAST_NORTH,9.233535,80.250686,Flood,2,MEDIUM,322,0,0,0,Tarpaulins|Dry Rations|Rescue Teams|Boats,110,RESOLVED,VOLUNTEER,MOBILE_APP,TAMIL,STORMY,True,True,False,True,LOCAL_AUTHORITY,1,2,1,0,False,MIXED,2402080,True,12,9,4
INC-2024-0025,2024-12-06T22:47:58.000Z,Polonnaruwa,NorthCentral,DRY,7.9289,81.132536,Landslide,2,MEDIUM,4057,0,0,0,Dry Rations|Search Dogs,52,RESOLVED,VOLUNTEER,MOBILE_APP,ENGLISH,OVERCAST,False,False,False,True,DMC_OFFICER,0,0,0,0,False,AGRICULTURAL,2479849,True,12,22,4
INC-2024-0616,2024-12-08T16:03:22.000Z,Kalutara,Western,WET,6.593533,80.167966,Flash Flood,2,MEDIUM,285,0,0,0,Boats|Medical Kits|Dry Rations|Rescue Teams,100,CLOSED,MEDIA,MOBILE_APP,SINHALA,RAINY,True,True,False,False,,1,2,2,0,False,NONE,0,True,12,16,6
INC-2024-1300,2024-12-11T04:55:13.000Z,Polonnaruwa,NorthCentral,DRY,8.134791,81.251792,Flood,1,LOW,70,0,0,0,Tarpaulins,297,IN_PROGRESS,VOLUNTEER,WEB_DASHBOARD,TAMIL,RAINY,False,False,False,False,,0,0,0,0,False,INFRASTRUCTURE,0,True,12,4,2
INC-2024-0437,2024-12-11T22:46:42.000Z,Gampaha,Western,WET,7.178868,80.025549,High Winds/Cyclone,1,LOW,1446,0,0,0,Dry Rations|Medical Kits,287,RESOLVED,CITIZEN,MOBILE_APP,ENGLISH,STORMY,False,False,False,False,,0,0,0,0,False,AGRICULTURAL,0,True,12,22,2
INC-2024-0370,2024-12-17T15:48:04.000Z,Kilinochchi,Northern,EAST_NORTH,9.434385,80.430129,Flash Flood,2,MEDIUM,8073,0,0,0,Boats|Dry Rations,146,RESOLVED,DMC_OFFICER,PHONE_CALL,ENGLISH,PARTLY_CLOUDY,False,False,True,False,,1,2,1,0,False,NONE,0,True,12,15,1
INC-2024-0671,2024-12-20T21:07:16.000Z,Badulla,Uva,HILL,6.910182,81.230097,Earthquake,1,LOW,233,0,0,0,Ambulances|Emergency Shelters|Rescue Teams,207,RESOLVED,CITIZEN,WEB_DASHBOARD,ENGLISH,SUNNY,True,False,False,True,GRAMA_NILADHARI,0,0,0,0,False,NONE,0,True,12,21,4
INC-2024-0792,2024-12-26T04:24:13.000Z,Kandy,Central,HILL,7.345386,80.779283,Landslide,2,MEDIUM,25424,0,0,0,Search Dogs|Excavators,127,IN_PROGRESS,CITIZEN,WEB_DASHBOARD,ENGLISH,RAINY,False,False,False,False,,2,1,0,0,False,INFRASTRUCTURE,3169100,True,12,4,3
INC-2024-0889,2024-12-26T17:45:30.000Z,Mannar,Northern,EAST_NORTH,8.82676,80.097907,Flash Flood,3,HIGH,12141,5152,0,0,Water Pumps|Dry Rations,65,RESOLVED,CITIZEN,PHONE_CALL,SINHALA,RAINY,False,False,True,True,GRAMA_NILADHARI,6,1,1,858,False,RESIDENTIAL,2109008,True,12,17,3
INC-2024-0473,2024-12-28T18:09:48.000Z,Monaragala,Uva,DRY,6.903049,81.416753,Flood,2,MEDIUM,2430,0,0,0,Dry Rations|Boats|Tarpaulins|Water Pumps,69,RESOLVED,CITIZEN,WEB_DASHBOARD,SINHALA,FOG,False,False,False,False,,0,0,0,0,False,NONE,0,True,12,18,5
INC-2024-0672,2024-12-29T17:32:03.000Z,Kalutara,Western,WET,6.514884,80.072697,Forest Fire,2,MEDIUM,1060,0,0,0,Water Tankers|Medical Kits|Fire Trucks,166,RESOLVED,VOLUNTEER,WEB_DASHBOARD,SINHALA,RAINY,False,False,True,False,,1,1,0,0,False,RESIDENTIAL,98161,True,12,17,6
INC-2024-1205,2024-12-29T22:21:17.000Z,Polonnaruwa,NorthCentral,DRY,8.023208,81.045307,Forest Fire,2,MEDIUM,355,0,0,0,Rescue Teams|Medical Kits|Fire Trucks|Water Tankers,115,RESOLVED,CITIZEN,MOBILE_APP,SINHALA,OVERCAST,True,False,False,True,DMC_OFFICER,0,0,0,0,False,AGRICULTURAL,3630863,True,12,22,6
INC-2024-1328,2024-12-31T07:56:46.000Z,Colombo,Western,WET,6.932887,79.85126,Flood,2,MEDIUM,28233,0,0,0,Dry Rations|Tarpaulins|Boats,152,RESOLVED,CITIZEN,MOBILE_APP,TAMIL,RAINY,False,False,False,False,,1,1,0,0,False,RESIDENTIAL,228592,True,12,7,1
INC-2025-1125,2025-01-04T05:36:17.000Z,Badulla,Uva,HILL,6.982238,81.250135,High Winds/Cyclone,2,MEDIUM,2190,0,0,0,Dry Rations|Generators|Emergency Shelters,74,RESOLVED,CITIZEN,MOBILE_APP,SINHALA,SUNNY,False,False,False,False,,1,1,0,0,True,INFRASTRUCTURE,316098,False,1,5,5
INC-2025-1222,2025-01-05T11:17:45.000Z,Matara,Southern,WET,6.005289,80.499616,High Winds/Cyclone,1,LOW,75,0,0,0,Rescue Teams,70,RESOLVED,VOLUNTEER,WEB_DASHBOARD,SINHALA,RAINY,False,False,False,False,,0,0,0,0,False,RESIDENTIAL,0,False,1,11,6
INC-2025-0770,2025-01-07T09:31:00.000Z,Badulla,Uva,HILL,7.070069,81.149295,Flash Flood,1,LOW,623,0,0,0,Dry Rations|Medical Kits,119,CLOSED,SENSOR,MOBILE_APP,TAMIL,STORMY,False,False,False,True,GRAMA_NILADHARI,0,0,0,0,False,RESIDENTIAL,0,False,1,9,1
INC-2025-0794,2025-01-08T01:39:12.000Z,Kandy,Central,HILL,7.150718,80.755376,Flood,1,LOW,422,0,0,0,Water Pumps|Dry Rations,143,IN_PROGRESS,DMC_OFFICER,FIELD_REPORT,ENGLISH,STORMY,False,True,False,True,VOLUNTEER,0,0,0,0,False,INFRASTRUCTURE,0,False,1,1,2
INC-2025-0590,2025-01-10T16:54:43.000Z,Hambantota,Southern,DRY,6.172924,81.085511,Flood,1,LOW,121,0,0,0,Medical Kits,128,RESOLVED,VOLUNTEER,PHONE_CALL,TAMIL,PARTLY_CLOUDY,False,False,False,False,,0,0,0,0,True,RESIDENTIAL,0,False,1,16,4
INC-2025-0171,2025-01-12T07:40:24.000Z,Matale,Central,HILL,7.699336,80.732766,Flood,1,LOW,145,0,0,0,Rescue Teams|Boats,195,CLOSED,DMC_OFFICER,MOBILE_APP,SINHALA,FOG,True,False,False,False,,0,0,0,0,True,INFRASTRUCTURE,0,False,1,7,6
INC-2025-1042,2025-01-14T12:00:57.000Z,Ampara,Eastern,EAST_NORTH,7.308585,81.595307,Building Collapse,1,LOW,971,0,0,0,Search Dogs,205,IN_PROGRESS,VOLUNTEER,SMS,SINHALA,SUNNY,False,False,False,True,VOLUNTEER,0,0,0,0,False,NONE,0,False,1,12,1
INC-2025-0355,2025-01-15T11:24:43.000Z,Ratnapura,Sabaragamuwa,WET,6.62572,80.524126,Landslide,1,LOW,1593,0,0,0,Rescue Teams|Excavators|Medical Kits,60,RESOLVED,VOLUNTEER,MOBILE_APP,ENGLISH,PARTLY_CLOUDY,True,False,False,False,,0,0,0,0,False,NONE,0,False,1,11,2
INC-2025-1061,2025-01-16T16:35:52.000Z,Polonnaruwa,NorthCentral,DRY,7.885335,81.257239,Drought,2,MEDIUM,1996,0,0,0,Dry Rations|Medical Kits|Livestock Feed,165,RESOLVED,CITIZEN,MOBILE_APP,SINHALA,RAINY,True,True,False,True,VOLUNTEER,3,2,1,0,False,RESIDENTIAL,1750723,False,1,16,3
INC-2025-0685,2025-01-18T04:08:29.000Z,Badulla,Uva,HILL,6.930491,81.1198,Drought,1,LOW,999,0,0,0,Medical Kits|Livestock Feed,56,RESOLVED,DMC_OFFICER,WEB_DASHBOARD,ENGLISH,RAINY,False,False,False,False,,0,0,0,0,False,NONE,0,False,1,4,5
INC-2025-1060,2025-01-18T09:38:08.000Z,Jaffna,Northern,EAST_NORTH,9.504412,80.191396,Forest Fire,1,LOW,452,0,0,0,Fire Trucks|Rescue Teams|Medical Kits,211,RESOLVED,DMC_OFFICER,FIELD_REPORT,ENGLISH,FOG,False,False,False,False,,0,0,0,0,False,MIXED,0,False,1,9,5
INC-2025-0387,2025-01-18T09:45:01.000Z,Vavuniya,Northern,EAST_NORTH,8.836848,80.493149,Flood,1,LOW,1955,0,0,0,Dry Rations|Medical Kits|Water Pumps|Rescue Teams,117,RESOLVED,CITIZEN,MOBILE_APP,TAMIL,STORMY,True,False,False,True,VOLUNTEER,0,0,0,0,False,AGRICULTURAL,0,False,1,9,5
INC-2025-0200,2025-01-19T15:06:02.000Z,Vavuniya,Northern,EAST_NORTH,8.888156,80.442375,Landslide,2,MEDIUM,3659,0,0,0,Medical Kits|Rescue Teams|Ambulances,206,RESOLVED,CITIZEN,WEB_DASHBOARD,ENGLISH,OVERCAST,False,False,False,True,VOLUNTEER,1,1,0,0,False,MIXED,8323797,False,1,15,6
INC-2025-1184,2025-01-20T21:28:39.000Z,Kandy,Central,HILL,7.25662,80.771381,Medical Emergency,1,LOW,174,0,0,0,Rescue Teams|Medical Kits,187,RESOLVED,VOLUNTEER,SMS,SINHALA,OVERCAST,False,False,False,False,,0,0,0,0,False,NONE,0,False,1,21,0
INC-2025-0070,2025-01-26T09:40:01.000Z,Kilinochchi,Northern,EAST_NORTH,9.215783,80.247223,Flood,2,MEDIUM,3627,0,0,0,Tarpaulins,145,RESOLVED,CITIZEN,MOBILE_APP,ENGLISH,RAINY,True,False,False,True,VOLUNTEER,0,0,0,0,False,RESIDENTIAL,1846809,False,1,9,6
INC-2025-1442,2025-01-26T12:27:57.000Z,Kandy,Central,HILL,7.195681,80.59958,Medical Emergency,1,LOW,83,0,0,0,Rescue Teams|Medical Kits|Blood Supplies,397,RESOLVED,CITIZEN,MOBILE_APP,ENGLISH,SUNNY,True,False,False,True,GRAMA_NILADHARI,0,0,0,0,False,NONE,0,False,1,12,6
INC-2025-0609,2025-01-28T22:26:21.000Z,Puttalam,NorthWestern,DRY,8.025563,80.071569,Flood,1,LOW,197,0,0,0,Water Pumps|Rescue Teams|Tarpaulins,235,RESOLVED,VOLUNTEER,MOBILE_APP,SINHALA,PARTLY_CLOUDY,True,True,False,True,LOCAL_AUTHORITY,0,0,0,0,False,MIXED,0,False,1,22,1
INC-2025-1142,2025-02-01T17:48:53.000Z,Mullaitivu,Northern,EAST_NORTH,9.131071,80.791487,Flash Flood,3,HIGH,3095,696,0,0,Medical Kits|Rescue Teams|Dry Rations,53,RESOLVED,VOLUNTEER,MOBILE_APP,ENGLISH,RAINY,False,False,False,True,VOLUNTEER,8,7,4,116,True,RESIDENTIAL,1338665,False,2,17,5
INC-2025-0375,2025-02-03T16:34:25.000Z,Gampaha,Western,WET,7.116213,80.013115,Flash Flood,2,MEDIUM,1612,0,0,0,Water Pumps|Boats|Rescue Teams,38,RESOLVED,CITIZEN,MOBILE_APP,SINHALA,RAINY,False,False,False,True,DMC_OFFICER,3,2,1,0,False,INFRASTRUCTURE,600655,False,2,16,0
INC-2025-0703,2025-02-04T19:12:35.000Z,Mannar,Northern,EAST_NORTH,9.1082,79.989083,Flood,1,LOW,1372,0,0,0,Water Pumps|Tarpaulins|Medical Kits,396,RESOLVED,VOLUNTEER,FIELD_REPORT,SINHALA,RAINY,False,False,False,False,,0,0,0,0,False,AGRICULTURAL,0,False,2,19,1
INC-2025-0583,2025-02-07T02:42:38.000Z,Kilinochchi,Northern,EAST_NORTH,9.247516,80.422509,Coastal Erosion,2,MEDIUM,211,0,0,0,Boats,124,RESOLVED,CITIZEN,MOBILE_APP,ENGLISH,OVERCAST,True,False,False,True,DMC_OFFICER,0,0,0,0,False,RESIDENTIAL,1530839,False,2,2,4
INC-2025-1488,2025-02-07T12:24:52.000Z,Puttalam,NorthWestern,DRY,7.913475,79.961168,Flood,1,LOW,89,0,0,0,Dry Rations,177,RESOLVED,DMC_OFFICER,MOBILE_APP,SINHALA,STORMY,False,False,False,False,,0,0,0,0,False,INFRASTRUCTURE,0,False,2,12,4
INC-2025-0640,2025-02-08T22:24:14.000Z,Vavuniya,Northern,EAST_NORTH,8.632749,80.452081,Flood,1,LOW,7958,0,0,0,Water Pumps,123,RESOLVED,CITIZEN,WEB_DASHBOARD,ENGLISH,RAINY,False,False,False,False,,0,0,0,0,False,MIXED,0,False,2,22,5
INC-2025-0509,2025-02-11T16:30:43.000Z,Badulla,Uva,HILL,7.024118,81.254738,Landslide,1,LOW,408,0,0,0,Dry Rations,93,RESOLVED,LOCAL_AUTHORITY,SMS,ENGLISH,PARTLY_CLOUDY,False,False,False,False,,0,0,0,0,False,AGRICULTURAL,0,False,2,16,1
INC-2025-0427,2025-02-13T15:50:22.000Z,Kurunegala,NorthWestern,DRY,7.61456,80.287387,Flood,1,LOW,760,0,0,0,Tarpaulins|Medical Kits|Water Pumps,93,RESOLVED,CITIZEN,WEB_DASHBOARD,SINHALA,FOG,False,False,False,False,,0,0,0,0,False,NONE,0,False,2,15,3
INC-2025-0430,2025-02-20T11:05:23.000Z,Jaffna,Northern,EAST_NORTH,9.711921,80.185326,Landslide,1,LOW,7053,0,0,0,Search Dogs|Excavators|Dry Rations|Medical Kits,114,RESOLVED,SENSOR,MOBILE_APP,SINHALA,PARTLY_CLOUDY,False,True,False,False,,0,0,0,0,False,RESIDENTIAL,0,False,2,11,3
INC-2025-0940,2025-02-24T18:55:38.000Z,Polonnaruwa,NorthCentral,DRY,8.00296,81.297957,Forest Fire,1,LOW,5562,0,0,0,Rescue Teams,230,RESOLVED,CITIZEN,WEB_DASHBOARD,TAMIL,OVERCAST,True,True,False,False,,0,0,0,0,False,AGRICULTURAL,0,False,2,18,0
INC-2025-1006,2025-02-26T02:46:14.000Z,Gampaha,Western,WET,7.098565,79.944736,High Winds/Cyclone,2,MEDIUM,1157,0,0,0,Emergency Shelters,82,RESOLVED,CITIZEN,MOBILE_APP,ENGLISH,FOG,True,True,False,False,,2,1,1,0,False,RESIDENTIAL,740763,False,2,2,2
INC-2025-1217,2025-03-03T18:30:18.000Z,Ampara,Eastern,EAST_NORTH,7.350131,81.833442,Flood,2,MEDIUM,3484,0,0,0,Rescue Teams|Dry Rations|Water Pumps,194,RESOLVED,DMC_OFFICER,WEB_DASHBOARD,ENGLISH,PARTLY_CLOUDY,False,False,True,True,VOLUNTEER,3,3,2,0,False,AGRICULTURAL,700542,False,3,18,0
INC-2025-1330,2025-03-04T05:46:04.000Z,Ratnapura,Sabaragamuwa,WET,6.527163,80.570389,Landslide,1,LOW,7059,0,0,0,Ambulances|Search Dogs|Rescue Teams,109,CLOSED,DMC_OFFICER,SMS,SINHALA,PARTLY_CLOUDY,False,False,False,True,VOLUNTEER,0,0,0,0,False,MIXED,0,False,3,5,1
INC-2025-1380,2025-03-05T14:52:30.000Z,Kegalle,Sabaragamuwa,WET,7.288156,80.250294,Coastal Erosion,2,MEDIUM,1622,0,0,0,Emergency Shelters|Dry Rations,110,RESOLVED,DMC_OFFICER,SMS,ENGLISH,FOG,False,False,False,False,,3,4,0,0,False,NONE,0,False,3,14,2
INC-2025-1410,2025-03-08T09:02:42.000Z,Puttalam,NorthWestern,DRY,8.117221,79.869305,Medical Emergency,2,MEDIUM,988,0,0,0,Blood Supplies|Ambulances|Medical Kits|Rescue Teams,102,RESOLVED,CITIZEN,MOBILE_APP,TAMIL,OVERCAST,False,False,False,True,LOCAL_AUTHORITY,3,2,1,0,False,NONE,0,False,3,9,5
INC-2025-1134,2025-03-08T15:45:33.000Z,Batticaloa,Eastern,EAST_NORTH,7.726637,81.601502,Flash Flood,3,HIGH,5015,2987,0,0,Medical Kits|Rescue Teams|Boats|Dry Rations,38,RESOLVED,VOLUNTEER,FIELD_REPORT,SINHALA,RAINY,False,False,False,True,VOLUNTEER,6,4,4,746,True,RESIDENTIAL,3341836,False,3,15,5
INC-2025-1372,2025-03-11T19:58:54.000Z,Ampara,Eastern,EAST_NORTH,7.107025,81.576484,Flood,1,LOW,1676,0,0,0,Rescue Teams|Boats|Tarpaulins,153,RESOLVED,DMC_OFFICER,MOBILE_APP,TAMIL,STORMY,False,False,False,False,,0,0,0,0,False,NONE,0,False,3,19,1
INC-2025-0659,2025-03-12T12:55:30.000Z,Kandy,Central,HILL,7.105976,80.716669,Landslide,3,HIGH,6812,3410,1,0,Excavators|Medical Kits|Dry Rations|Search Dogs,34,RESOLVED,CITIZEN,MOBILE_APP,SINHALA,FOG,True,False,False,False,,7,4,2,682,False,AGRICULTURAL,410979,False,3,12,2
INC-2025-0222,2025-03-12T20:24:33.000Z,Kalutara,Western,WET,6.436224,80.155658,Flood,2,MEDIUM,4113,0,0,0,Medical Kits|Rescue Teams,21,RESOLVED,SENSOR,MOBILE_APP,ENGLISH,OVERCAST,True,False,False,False,,0,0,0,0,False,MIXED,1624933,False,3,20,2
INC-2025-1057,2025-03-13T09:26:28.000Z,Trincomalee,Eastern,EAST_NORTH,8.616336,81.236264,Drought,2,MEDIUM,120,0,0,0,Water Tankers,257,RESOLVED,CITIZEN,WEB_DASHBOARD,TAMIL,RAINY,False,False,False,True,DMC_OFFICER,3,2,0,0,False,MIXED,557686,False,3,9,3
INC-2025-0655,2025-03-13T23:39:25.000Z,Ratnapura,Sabaragamuwa,WET,6.553435,80.425448,Medical Emergency,1,LOW,6480,0,0,0,Blood Supplies|Rescue Teams|Ambulances,173,RESOLVED,CITIZEN,SMS,SINHALA,RAINY,False,False,False,True,VOLUNTEER,0,0,0,0,False,MIXED,0,False,3,23,3
INC-2025-0352,2025-03-16T13:44:31.000Z,NuwaraEliya,Central,HILL,6.925438,80.834775,Landslide,1,LOW,2308,0,0,0,Search Dogs|Excavators|Rescue Teams,220,RESOLVED,LOCAL_AUTHORITY,MOBILE_APP,ENGLISH,FOG,False,False,False,False,,0,0,0,0,False,NONE,0,False,3,13,6
INC-2025-0606,2025-03-17T13:25:30.000Z,Batticaloa,Eastern,EAST_NORTH,7.769999,81.737758,Flood,3,HIGH,320,78,4,0,Dry Rations|Boats|Water Pumps,61,RESOLVED,DMC_OFFICER,WEB_DASHBOARD,ENGLISH,RAINY,False,False,False,False,,3,3,3,15,True,RESIDENTIAL,98916,False,3,13,0
INC-2025-0677,2025-03-19T06:39:51.000Z,Kilinochchi,Northern,EAST_NORTH,9.245958,80.420859,Drought,2,MEDIUM,2044,0,0,0,Water Tankers|Dry Rations,103,RESOLVED,LOCAL_AUTHORITY,WEB_DASHBOARD,SINHALA,STORMY,True,False,False,True,DMC_OFFICER,1,1,1,0,False,INFRASTRUCTURE,262510,False,3,6,2
INC-2025-0846,2025-03-19T16:35:57.000Z,NuwaraEliya,Central,HILL,6.827856,80.830973,Earthquake,3,HIGH,1724,853,0,0,Rescue Teams|Medical Kits|Ambulances,73,RESOLVED,VOLUNTEER,WEB_DASHBOARD,SINHALA,PARTLY_CLOUDY,False,False,True,True,DMC_OFFICER,4,2,2,170,True,MIXED,6372789,False,3,16,2
INC-2025-0105,2025-03-19T17:40:21.000Z,Batticaloa,Eastern,EAST_NORTH,7.717886,81.68495,Coastal Erosion,2,MEDIUM,2782,0,0,0,Emergency Shelters|Dry Rations|Boats,64,RESOLVED,SENSOR,WEB_DASHBOARD,ENGLISH,RAINY,False,False,False,False,,3,3,0,0,False,INFRASTRUCTURE,3107759,False,3,17,2
INC-2025-1389,2025-03-20T00:13:27.000Z,Vavuniya,Northern,EAST_NORTH,8.665589,80.449583,Flood,2,MEDIUM,5817,0,0,0,Boats|Dry Rations,92,RESOLVED,VOLUNTEER,MOBILE_APP,TAMIL,FOG,True,False,False,False,,1,2,0,0,False,MIXED,2934117,False,3,0,3
INC-2025-0378,2025-03-20T20:32:00.000Z,Jaffna,Northern,EAST_NORTH,9.785749,80.169214,High Winds/Cyclone,2,MEDIUM,1853,0,0,0,Generators,49,RESOLVED,SENSOR,MOBILE_APP,TAMIL,PARTLY_CLOUDY,True,False,False,True,DMC_OFFICER,2,1,1,0,False,NONE,0,False,3,20,3
INC-2025-1084,2025-03-25T20:50:55.000Z,Polonnaruwa,NorthCentral,DRY,7.850984,81.277986,Flash Flood,1,LOW,680,0,0,0,Rescue Teams|Dry Rations,131,RESOLVED,MEDIA,SMS,ENGLISH,RAINY,True,False,False,False,,0,0,0,0,False,NONE,0,False,3,20,1
INC-2025-0875,2025-03-27T02:09:57.000Z,Batticaloa,Eastern,EAST_NORTH,7.621505,81.683821,Flash Flood,3,HIGH,2305,1212,0,0,Boats|Water Pumps,59,RESOLVED,CITIZEN,MOBILE_APP,ENGLISH,STORMY,True,False,False,True,VOLUNTEER,5,1,1,303,False,MIXED,1871178,False,3,2,3
INC-2025-0697,2025-03-27T13:04:53.000Z,Kegalle,Sabaragamuwa,WET,7.356273,80.273126,High Winds/Cyclone,1,LOW,196,0,0,0,Dry Rations,263,RESOLVED,CITIZEN,MOBILE_APP,ENGLISH,OVERCAST,True,False,False,False,,0,0,0,0,False,NONE,0,False,3,13,3
INC-2025-0628,2025-03-27T18:25:47.000Z,Galle,Southern,WET,6.010313,80.158094,Building Collapse,2,MEDIUM,7300,0,0,0,Excavators|Search Dogs|Ambulances|Rescue Teams,101,RESOLVED,VOLUNTEER,MOBILE_APP,SINHALA,RAINY,True,False,False,False,,0,0,0,0,False,RESIDENTIAL,360980,False,3,18,3
INC-2025-1416,2025-03-28T13:39:40.000Z,Kurunegala,NorthWestern,DRY,7.666826,80.318552,Flash Flood,2,MEDIUM,1890,0,0,0,Water Pumps,30,RESOLVED,SENSOR,FIELD_REPORT,ENGLISH,OVERCAST,False,False,False,True,VOLUNTEER,3,1,0,0,False,MIXED,6322882,False,3,13,4
INC-2025-0869,2025-03-31T07:49:06.000Z,Puttalam,NorthWestern,DRY,7.948847,79.987571,Drought,2,MEDIUM,1249,0,0,0,Medical Kits|Livestock Feed|Dry Rations,87,RESOLVED,CITIZEN,SMS,SINHALA,SUNNY,False,False,False,False,,1,1,0,0,False,INFRASTRUCTURE,3620156,False,3,7,0
INC-2025-1303,2025-03-31T17:39:06.000Z,Kegalle,Sabaragamuwa,WET,7.261582,80.256955,Flood,1,LOW,122,0,0,0,Dry Rations|Water Pumps|Rescue Teams,210,IN_PROGRESS,CITIZEN,MOBILE_APP,TAMIL,RAINY,True,False,False,False,,0,0,0,0,False,AGRICULTURAL,0,False,3,17,0
INC-2025-1189,2025-04-01T13:24:17.000Z,Kurunegala,NorthWestern,DRY,7.65994,80.437484,Drought,2,MEDIUM,190,0,0,0,Water Tankers|Dry Rations,134,RESOLVED,MEDIA,MOBILE_APP,SINHALA,FOG,True,False,False,True,LOCAL_AUTHORITY,1,1,1,0,False,INFRASTRUCTURE,411311,False,4,13,1
INC-2025-0051,2025-04-02T09:06:52.000Z,Kandy,Central,HILL,7.289348,80.776279,Landslide,1,LOW,362,0,0,0,Ambulances|Excavators,168,RESOLVED,CITIZEN,MOBILE_APP,SINHALA,RAINY,True,False,False,True,DMC_OFFICER,0,0,0,0,False,RESIDENTIAL,0,False,4,9,2
INC-2025-0798,2025-04-02T09:12:17.000Z,Anuradhapura,NorthCentral,DRY,8.333102,80.586258,Drought,2,MEDIUM,3153,0,0,0,Medical Kits|Livestock Feed|Water Tankers|Dry Rations,73,RESOLVED,CITIZEN,MOBILE_APP,SINHALA,STORMY,True,False,False,True,GRAMA_NILADHARI,0,0,0,0,False,AGRICULTURAL,1651048,False,4,9,2
INC-2025-0850,2025-04-05T00:40:37.000Z,Matale,Central,HILL,7.625518,80.778355,Flash Flood,2,MEDIUM,230,0,0,0,Rescue Teams|Dry Rations|Boats,153,RESOLVED,CITIZEN,PHONE_CALL,SINHALA,STORMY,False,False,False,False,,1,1,0,0,False,NONE,0,False,4,0,5
INC-2025-0220,2025-04-07T08:55:05.000Z,Kandy,Central,HILL,7.367033,80.6687,Drought,1,LOW,330,0,0,0,Medical Kits|Dry Rations|Water Tankers|Livestock Feed,168,RESOLVED,CITIZEN,MOBILE_APP,ENGLISH,STORMY,True,False,False,False,,0,0,0,0,False,MIXED,0,False,4,8,0
INC-2025-0362,2025-04-07T13:56:10.000Z,Kurunegala,NorthWestern,DRY,7.594452,80.381949,Forest Fire,2,MEDIUM,143,0,1,1,Helicopters|Rescue Teams,76,RESOLVED,LOCAL_AUTHORITY,PHONE_CALL,TAMIL,SUNNY,True,False,False,False,,1,1,1,0,False,INFRASTRUCTURE,2922579,False,4,13,0
INC-2025-0459,2025-04-07T21:10:37.000Z,Matara,Southern,WET,6.002733,80.410389,Forest Fire,2,MEDIUM,26,0,10,0,Water Tankers|Helicopters|Fire Trucks,33,RESOLVED,DMC_OFFICER,MOBILE_APP,TAMIL,FOG,False,True,False,True,VOLUNTEER,2,2,1,0,False,NONE,0,False,4,21,0
INC-2025-1288,2025-04-09T09:51:46.000Z,NuwaraEliya,Central,HILL,6.837757,80.689934,Landslide,1,LOW,184,0,0,0,Excavators|Rescue Teams,269,RESOLVED,CITIZEN,PHONE_CALL,SINHALA,STORMY,False,False,False,True,LOCAL_AUTHORITY,0,0,0,0,False,INFRASTRUCTURE,0,False,4,9,2
INC-2025-1089,2025-04-10T13:10:05.000Z,Vavuniya,Northern,EAST_NORTH,8.648661,80.470247,Flood,1,LOW,258,0,0,0,Boats|Medical Kits,108,RESOLVED,CITIZEN,WEB_DASHBOARD,SINHALA,OVERCAST,False,False,False,True,LOCAL_AUTHORITY,0,0,0,0,False,MIXED,0,False,4,13,3
INC-2025-0938,2025-04-13T22:26:19.000Z,Galle,Southern,WET,6.057348,80.179135,Landslide,1,LOW,740,0,0,0,Excavators,123,RESOLVED,VOLUNTEER,MOBILE_APP,TAMIL,SUNNY,False,True,False,True,VOLUNTEER,0,0,0,0,False,AGRICULTURAL,0,False,4,22,6
INC-2025-1350,2025-04-16T07:54:46.000Z,Kilinochchi,Northern,EAST_NORTH,9.247836,80.416279,Forest Fire,1,LOW,380,0,0,0,Helicopters|Fire Trucks|Medical Kits,96,RESOLVED,VOLUNTEER,MOBILE_APP,ENGLISH,OVERCAST,True,False,False,False,,0,0,0,0,False,NONE,0,False,4,7,2
INC-2025-1439,2025-04-16T16:07:53.000Z,Mannar,Northern,EAST_NORTH,9.146689,80.082967,Flood,2,MEDIUM,265,0,0,0,Dry Rations|Boats,90,RESOLVED,MEDIA,MOBILE_APP,ENGLISH,RAINY,False,True,False,False,,0,0,0,0,False,INFRASTRUCTURE,16832547,False,4,16,2
INC-2025-1116,2025-04-18T19:33:27.000Z,Kurunegala,NorthWestern,DRY,7.548839,80.154382,Flood,1,LOW,8252,0,0,0,Rescue Teams,190,RESOLVED,CITIZEN,MOBILE_APP,ENGLISH,STORMY,False,False,False,True,LOCAL_AUTHORITY,0,0,0,0,False,NONE,0,False,4,19,4
INC-2025-0024,2025-04-20T01:50:06.000Z,Ampara,Eastern,EAST_NORTH,7.387902,81.620129,Flash Flood,3,HIGH,2839,1467,2,0,Water Pumps|Medical Kits|Rescue Teams,311,RESOLVED,CITIZEN,FIELD_REPORT,SINHALA,FOG,False,False,False,True,VOLUNTEER,5,4,4,293,True,MIXED,973499,False,4,1,6
INC-2025-0729,2025-04-21T17:40:40.000Z,NuwaraEliya,Central,HILL,6.803774,80.667569,Flood,1,LOW,41,0,0,0,Rescue Teams|Dry Rations|Tarpaulins|Water Pumps,138,RESOLVED,CITIZEN,MOBILE_APP,ENGLISH,STORMY,True,False,False,False,,0,0,0,0,False,INFRASTRUCTURE,0,False,4,17,0
INC-2025-1270,2025-04-22T00:31:46.000Z,Kegalle,Sabaragamuwa,WET,7.332729,80.257824,Flood,2,MEDIUM,1679,0,0,0,Dry Rations|Rescue Teams,70,RESOLVED,CITIZEN,MOBILE_APP,SINHALA,PARTLY_CLOUDY,True,False,True,False,,2,3,1,0,False,INFRASTRUCTURE,3064174,False,4,0,1
INC-2025-0922,2025-04-23T22:29:58.000Z,Mullaitivu,Northern,EAST_NORTH,9.385932,80.756847,Flood,1,LOW,234,0,0,0,Rescue Teams|Boats,247,RESOLVED,CITIZEN,MOBILE_APP,SINHALA,PARTLY_CLOUDY,False,False,False,True,GRAMA_NILADHARI,0,0,0,0,False,NONE,0,False,4,22,2
INC-2025-1353,2025-04-27T02:27:27.000Z,Kegalle,Sabaragamuwa,WET,7.145164,80.238484,High Winds/Cyclone,2,MEDIUM,14836,0,0,0,Generators|Medical Kits|Rescue Teams|Dry Rations,147,CLOSED,CITIZEN,MOBILE_APP,SINHALA,SUNNY,True,False,False,True,LOCAL_AUTHORITY,3,3,3,0,True,MIXED,304405,False,4,2,6
INC-2025-0714,2025-04-30T03:55:15.000Z,Jaffna,Northern,EAST_NORTH,9.520159,80.110657,Flash Flood,2,MEDIUM,99,0,1,2,Boats,140,RESOLVED,CITIZEN,MOBILE_APP,TAMIL,OVERCAST,True,False,False,True,VOLUNTEER,1,2,0,0,True,NONE,0,False,4,3,2
INC-2025-1023,2025-04-30T17:56:39.000Z,Vavuniya,Northern,EAST_NORTH,8.679508,80.426656,Flash Flood,2,MEDIUM,554,0,0,0,Dry Rations|Water Pumps,164,RESOLVED,CITIZEN,FIELD_REPORT,TAMIL,RAINY,False,False,False,False,,0,0,0,0,False,NONE,0,False,4,17,2
INC-2025-0680,2025-04-30T20:32:30.000Z,Kilinochchi,Northern,EAST_NORTH,9.430017,80.436621,Flood,2,MEDIUM,4239,0,0,0,Tarpaulins|Dry Rations,70,RESOLVED,SENSOR,SMS,ENGLISH,RAINY,False,False,False,False,,1,1,1,0,False,INFRASTRUCTURE,7361196,False,4,20,2
INC-2025-0605,2025-05-01T16:26:01.000Z,Ratnapura,Sabaragamuwa,WET,6.769766,80.434781,Flood,1,LOW,4007,0,0,0,Dry Rations|Tarpaulins,178,CLOSED,CITIZEN,FIELD_REPORT,TAMIL,OVERCAST,False,False,False,True,GRAMA_NILADHARI,0,0,0,0,False,INFRASTRUCTURE,0,True,5,16,3
INC-2025-0842,2025-05-01T20:06:16.000Z,Mannar,Northern,EAST_NORTH,9.135908,79.908517,Flood,2,MEDIUM,3586,0,0,0,Dry Rations|Medical Kits,107,RESOLVED,VOLUNTEER,MOBILE_APP,SINHALA,RAINY,True,False,False,True,DMC_OFFICER,3,4,4,0,False,AGRICULTURAL,8257691,True,5,20,3
INC-2025-0361,2025-05-02T23:15:11.000Z,Ratnapura,Sabaragamuwa,WET,6.599872,80.309814,Flood,2,MEDIUM,1051,0,2,0,Dry Rations|Water Pumps|Rescue Teams|Tarpaulins,107,RESOLVED,CITIZEN,MOBILE_APP,SINHALA,FOG,False,False,True,False,,2,1,0,0,False,MIXED,115012,True,5,23,4
INC-2025-0007,2025-05-03T09:46:04.000Z,Kandy,Central,HILL,7.304144,80.678923,Landslide,1,LOW,241,0,0,0,Search Dogs|Dry Rations|Ambulances|Medical Kits,97,RESOLVED,VOLUNTEER,FIELD_REPORT,ENGLISH,STORMY,False,False,False,True,DMC_OFFICER,0,0,0,0,False,INFRASTRUCTURE,0,True,5,9,5
INC-2025-0168,2025-05-03T16:14:22.000Z,Hambantota,Southern,DRY,6.108037,81.149883,Flash Flood,3,HIGH,960,118,8,0,Medical Kits|Rescue Teams,163,RESOLVED,VOLUNTEER,WEB_DASHBOARD,SINHALA,STORMY,True,False,False,True,GRAMA_NILADHARI,1,1,0,23,False,AGRICULTURAL,5202115,True,5,16,5
INC-2025-1371,2025-05-04T22:23:58.000Z,Trincomalee,Eastern,EAST_NORTH,8.413547,81.197358,Flood,2,MEDIUM,120242,0,0,0,Boats|Rescue Teams|Dry Rations|Water Pumps,173,RESOLVED,VOLUNTEER,MOBILE_APP,SINHALA,RAINY,False,False,False,False,,2,3,1,0,False,INFRASTRUCTURE,7408481,True,5,22,6
INC-2025-1432,2025-05-07T04:53:22.000Z,Matale,Central,HILL,7.50222,80.635425,Earthquake,3,HIGH,3839,639,0,0,Rescue Teams|Medical Kits|Ambulances|Excavators,87,RESOLVED,CITIZEN,MOBILE_APP,ENGLISH,PARTLY_CLOUDY,True,False,False,True,LOCAL_AUTHORITY,3,4,3,127,False,RESIDENTIAL,269269,True,5,4,2
INC-2025-1103,2025-05-09T03:59:32.000Z,Kandy,Central,HILL,7.344587,80.744101,Landslide,1,LOW,95,0,0,0,Excavators,409,CLOSED,VOLUNTEER,MOBILE_APP,SINHALA,SUNNY,True,False,False,True,GRAMA_NILADHARI,0,0,0,0,False,MIXED,0,True,5,3,4
INC-2025-0467,2025-05-09T15:52:30.000Z,Colombo,Western,WET,6.937285,79.93515,Flood,2,MEDIUM,2682,0,0,0,Rescue Teams|Boats|Medical Kits|Dry Rations,133,RESOLVED,VOLUNTEER,MOBILE_APP,TAMIL,OVERCAST,True,False,False,False,,2,2,2,0,False,INFRASTRUCTURE,6416693,True,5,15,4
INC-2025-0949,2025-05-09T21:41:55.000Z,NuwaraEliya,Central,HILL,6.974368,80.884827,Flood,2,MEDIUM,1996,0,0,0,Tarpaulins|Rescue Teams|Boats|Dry Rations,105,RESOLVED,VOLUNTEER,MOBILE_APP,SINHALA,OVERCAST,False,False,False,True,DMC_OFFICER,3,2,0,0,False,MIXED,1757693,True,5,21,4
INC-2025-0490,2025-05-10T15:59:16.000Z,Batticaloa,Eastern,EAST_NORTH,7.620995,81.55774,Forest Fire,2,MEDIUM,783,0,3,0,Helicopters|Water Tankers,38,RESOLVED,DMC_OFFICER,PHONE_CALL,TAMIL,RAINY,False,False,False,True,GRAMA_NILADHARI,3,4,2,0,False,AGRICULTURAL,212040,True,5,15,5
INC-2025-0806,2025-05-12T18:25:59.000Z,Vavuniya,Northern,EAST_NORTH,8.785544,80.483488,Flood,1,LOW,107,0,0,0,Water Pumps|Dry Rations,183,RESOLVED,SENSOR,MOBILE_APP,ENGLISH,RAINY,True,False,False,False,,0,0,0,0,False,RESIDENTIAL,0,True,5,18,0
INC-2025-0754,2025-05-12T23:04:25.000Z,Trincomalee,Eastern,EAST_NORTH,8.429641,81.276201,Flash Flood,2,MEDIUM,2999,0,0,0,Water Pumps,471,RESOLVED,CITIZEN,MOBILE_APP,SINHALA,OVERCAST,True,False,False,False,,1,2,1,0,False,INFRASTRUCTURE,771650,True,5,23,0
INC-2025-0845,2025-05-15T14:03:07.000Z,Polonnaruwa,NorthCentral,DRY,8.173664,81.262425,Forest Fire,2,MEDIUM,1977,0,2,0,Rescue Teams|Water Tankers,73,CLOSED,LOCAL_AUTHORITY,MOBILE_APP,SINHALA,SUNNY,False,False,False,False,,3,3,2,0,False,AGRICULTURAL,62885277,True,5,14,3
INC-2025-1419,2025-05-20T03:34:18.000Z,Jaffna,Northern,EAST_NORTH,9.752734,80.059308,High Winds/Cyclone,2,MEDIUM,7703,0,0,0,Emergency Shelters|Medical Kits|Dry Rations|Rescue Teams,187,RESOLVED,VOLUNTEER,PHONE_CALL,ENGLISH,PARTLY_CLOUDY,False,False,False,False,,2,1,0,0,False,NONE,0,True,5,3,1
INC-2025-0520,2025-05-21T00:50:13.000Z,NuwaraEliya,Central,HILL,6.838525,80.711643,Flash Flood,2,MEDIUM,2662,0,0,0,Water Pumps|Rescue Teams,107,RESOLVED,CITIZEN,MOBILE_APP,TAMIL,FOG,False,False,False,True,DMC_OFFICER,0,0,0,0,False,NONE,0,True,5,0,2
INC-2025-1029,2025-05-22T07:40:10.000Z,Jaffna,Northern,EAST_NORTH,9.62562,80.14012,Building Collapse,2,MEDIUM,1656,0,0,0,Excavators,53,RESOLVED,CITIZEN,MOBILE_APP,SINHALA,SUNNY,True,False,False,True,LOCAL_AUTHORITY,1,1,0,0,False,INFRASTRUCTURE,9288448,True,5,7,3
INC-2025-0582,2025-05-22T09:02:45.000Z,NuwaraEliya,Central,HILL,6.96171,80.653942,Flood,1,LOW,605,0,0,0,Rescue Teams,198,RESOLVED,LOCAL_AUTHORITY,SMS,SINHALA,OVERCAST,False,False,True,True,DMC_OFFICER,0,0,0,0,False,NONE,0,True,5,9,3
INC-2025-0397,2025-05-23T13:03:34.000Z,Colombo,Western,WET,6.891244,79.932371,Flood,1,LOW,330,0,0,0,Dry Rations|Water Pumps,104,RESOLVED,MEDIA,MOBILE_APP,SINHALA,FOG,True,True,True,False,,0,0,0,0,False,MIXED,0,True,5,13,4
INC-2025-0692,2025-05-24T03:12:14.000Z,Kandy,Central,HILL,7.342138,80.772463,Landslide,1,LOW,803,0,0,0,Search Dogs|Medical Kits|Dry Rations,204,RESOLVED,DMC_OFFICER,MOBILE_APP,SINHALA,PARTLY_CLOUDY,True,False,False,False,,0,0,0,0,False,RESIDENTIAL,0,True,5,3,5
INC-2025-0727,2025-05-24T22:20:32.000Z,Gampaha,Western,WET,7.015111,79.918429,Flash Flood,2,MEDIUM,3481,0,0,0,Dry Rations,137,RESOLVED,CITIZEN,FIELD_REPORT,SINHALA,FOG,False,False,False,True,VOLUNTEER,0,0,0,0,False,MIXED,1245184,True,5,22,5
INC-2025-0838,2025-05-26T08:30:16.000Z,Batticaloa,Eastern,EAST_NORTH,7.725587,81.510061,Flood,1,LOW,65,0,0,0,Water Pumps|Medical Kits|Boats|Tarpaulins,554,RESOLVED,CITIZEN,FIELD_REPORT,SINHALA,PARTLY_CLOUDY,False,False,False,False,,0,0,0,0,False,AGRICULTURAL,0,True,5,8,0
INC-2025-0157,2025-05-26T09:08:31.000Z,Mannar,Northern,EAST_NORTH,8.943289,79.818999,Flood,1,LOW,53,0,0,0,Rescue Teams|Medical Kits|Tarpaulins|Water Pumps,461,RESOLVED,CITIZEN,MOBILE_APP,SINHALA,OVERCAST,False,False,False,False,,0,0,0,0,False,INFRASTRUCTURE,0,True,5,9,0
INC-2025-1445,2025-05-26T22:23:41.000Z,Kilinochchi,Northern,EAST_NORTH,9.284106,80.343673,Flood,1,LOW,2616,0,0,0,Water Pumps|Tarpaulins|Rescue Teams|Dry Rations,319,RESOLVED,SENSOR,MOBILE_APP,SINHALA,FOG,True,False,False,False,,0,0,0,0,False,AGRICULTURAL,0,True,5,22,0
INC-2025-0448,2025-05-29T08:36:33.000Z,Puttalam,NorthWestern,DRY,8.113153,79.856947,Earthquake,3,HIGH,1246,706,0,0,Rescue Teams|Ambulances,78,PENDING,VOLUNTEER,WEB_DASHBOARD,SINHALA,FOG,False,False,True,True,DMC_OFFICER,3,1,0,117,True,INFRASTRUCTURE,2452826,True,5,8,3
INC-2025-1411,2025-06-02T00:23:27.000Z,Ratnapura,Sabaragamuwa,WET,6.553204,80.441569,Flood,2,MEDIUM,1435,0,0,0,Dry Rations|Medical Kits,53,RESOLVED,CITIZEN,MOBILE_APP,TAMIL,FOG,True,False,False,False,,3,3,2,0,False,RESIDENTIAL,1909377,True,6,0,0
INC-2025-0917,2025-06-02T05:05:07.000Z,Polonnaruwa,NorthCentral,DRY,7.833053,81.057127,Flood,2,MEDIUM,1651,0,0,0,Medical Kits,95,RESOLVED,SENSOR,MOBILE_APP,ENGLISH,STORMY,True,False,False,False,,0,0,0,0,False,INFRASTRUCTURE,182151,True,6,5,0
INC-2025-1152,2025-06-04T14:15:13.000Z,Matara,Southern,WET,6.083719,80.559718,Flood,2,MEDIUM,305,0,0,0,Tarpaulins|Boats|Medical Kits,109,RESOLVED,LOCAL_AUTHORITY,MOBILE_APP,ENGLISH,FOG,True,False,True,True,LOCAL_AUTHORITY,1,1,0,0,False,RESIDENTIAL,47853,True,6,14,2
INC-2025-0053,2025-06-04T21:37:00.000Z,Jaffna,Northern,EAST_NORTH,9.576598,80.001879,Medical Emergency,1,LOW,981,0,0,0,Rescue Teams|Blood Supplies|Ambulances|Medical Kits,234,RESOLVED,VOLUNTEER,FIELD_REPORT,SINHALA,PARTLY_CLOUDY,False,False,False,True,DMC_OFFICER,0,0,0,0,False,INFRASTRUCTURE,0,True,6,21,2
INC-2025-1369,2025-06-05T02:29:41.000Z,Badulla,Uva,HILL,6.982221,81.178913,High Winds/Cyclone,2,MEDIUM,11046,0,0,0,Emergency Shelters|Dry Rations|Medical Kits|Rescue Teams,38,RESOLVED,CITIZEN,MOBILE_APP,SINHALA,PARTLY_CLOUDY,True,False,False,False,,2,2,0,0,False,INFRASTRUCTURE,2230191,True,6,2,3
INC-2025-0191,2025-06-05T18:56:40.000Z,Matara,Southern,WET,5.824581,80.737508,Flood,1,LOW,1564,0,0,0,Medical Kits|Tarpaulins|Water Pumps,86,CLOSED,SENSOR,MOBILE_APP,SINHALA,OVERCAST,True,False,False,True,LOCAL_AUTHORITY,0,0,0,0,False,MIXED,0,True,6,18,3
INC-2025-1188,2025-06-05T19:17:32.000Z,Badulla,Uva,HILL,6.902516,81.130325,Flood,2,MEDIUM,580,0,3,0,Boats,128,RESOLVED,CITIZEN,MOBILE_APP,TAMIL,STORMY,False,False,False,True,DMC_OFFICER,0,0,0,0,False,RESIDENTIAL,959622,True,6,19,3
INC-2025-0341,2025-06-07T14:55:37.000Z,Monaragala,Uva,DRY,6.998099,81.430808,Flash Flood,3,HIGH,2492,861,0,0,Medical Kits|Rescue Teams|Boats,64,RESOLVED,LOCAL_AUTHORITY,MOBILE_APP,SINHALA,RAINY,True,False,False,True,DMC_OFFICER,3,4,0,215,False,AGRICULTURAL,1219019,True,6,14,5
INC-2025-0373,2025-06-07T16:49:39.000Z,Kalutara,Western,WET,6.524354,80.066744,Flood,2,MEDIUM,3079,0,0,0,Rescue Teams|Tarpaulins,54,RESOLVED,LOCAL_AUTHORITY,MOBILE_APP,TAMIL,FOG,True,False,False,True,DMC_OFFICER,3,4,1,0,True,RESIDENTIAL,707086,True,6,16,5
INC-2025-0481,2025-06-07T21:20:53.000Z,Kegalle,Sabaragamuwa,WET,7.324921,80.314347,Flood,1,LOW,155,0,0,0,Rescue Teams|Medical Kits|Boats|Water Pumps,155,RESOLVED,VOLUNTEER,PHONE_CALL,ENGLISH,FOG,False,False,False,True,LOCAL_AUTHORITY,0,0,0,0,False,NONE,0,True,6,21,5
INC-2025-0001,2025-06-09T15:07:05.000Z,Galle,Southern,WET,5.973468,80.141861,Forest Fire,2,MEDIUM,2479,0,1,0,Water Tankers,66,RESOLVED,CITIZEN,MOBILE_APP,TAMIL,OVERCAST,True,True,False,False,,0,0,0,0,False,NONE,0,True,6,15,0
INC-2025-1355,2025-06-12T09:12:41.000Z,Mullaitivu,Northern,EAST_NORTH,9.312418,80.718377,Flash Flood,3,HIGH,5442,918,0,0,Water Pumps|Medical Kits,33,RESOLVED,VOLUNTEER,MOBILE_APP,SINHALA,RAINY,False,False,False,True,VOLUNTEER,7,8,6,306,False,MIXED,1274597,True,6,9,3
INC-2025-0844,2025-06-15T18:15:34.000Z,Kilinochchi,Northern,EAST_NORTH,9.28425,80.39505,Flood,3,HIGH,870,387,7,0,Dry Rations|Water Pumps|Tarpaulins,42,ASSIGNED,MEDIA,MOBILE_APP,TAMIL,RAINY,False,False,False,True,VOLUNTEER,8,6,0,77,False,NONE,0,True,6,18,6
INC-2025-0121,2025-06-16T03:34:15.000Z,Kilinochchi,Northern,EAST_NORTH,9.393764,80.326109,Flood,1,LOW,3205,0,0,0,Medical Kits|Tarpaulins|Water Pumps|Boats,149,RESOLVED,DMC_OFFICER,WEB_DASHBOARD,ENGLISH,RAINY,False,False,False,True,VOLUNTEER,0,0,0,0,False,MIXED,0,True,6,3,0
INC-2025-1441,2025-06-19T02:26:19.000Z,Kandy,Central,HILL,7.107481,80.798616,High Winds/Cyclone,1,LOW,187,0,0,0,Medical Kits|Rescue Teams|Dry Rations|Generators,347,RESOLVED,MEDIA,WEB_DASHBOARD,ENGLISH,PARTLY_CLOUDY,False,False,False,True,VOLUNTEER,0,0,0,0,False,MIXED,0,True,6,2,3
INC-2025-0717,2025-06-19T13:46:07.000Z,Ampara,Eastern,EAST_NORTH,7.345765,81.682502,Landslide,2,MEDIUM,5969,0,1,0,Medical Kits,146,RESOLVED,CITIZEN,MOBILE_APP,SINHALA,STORMY,False,False,False,False,,2,3,2,0,False,NONE,0,True,6,13,3
INC-2025-1346,2025-06-20T16:29:41.000Z,Matara,Southern,WET,5.991168,80.612607,Flash Flood,2,MEDIUM,86,0,0,0,Medical Kits|Water Pumps|Dry Rations|Boats,68,RESOLVED,DMC_OFFICER,MOBILE_APP,ENGLISH,STORMY,True,True,False,False,,3,3,3,0,False,RESIDENTIAL,5343262,True,6,16,4
INC-2025-1368,2025-06-20T16:38:31.000Z,Hambantota,Southern,DRY,6.052008,81.239194,Medical Emergency,1,LOW,301,0,0,0,Ambulances|Rescue Teams|Blood Supplies,144,RESOLVED,VOLUNTEER,MOBILE_APP,TAMIL,SUNNY,False,False,False,True,GRAMA_NILADHARI,0,0,0,0,False,MIXED,0,True,6,16,4
INC-2025-0365,2025-06-25T23:09:22.000Z,Monaragala,Uva,DRY,6.608815,81.440597,Earthquake,2,MEDIUM,2820,0,1,1,Excavators|Ambulances|Medical Kits,130,RESOLVED,SENSOR,WEB_DASHBOARD,ENGLISH,SUNNY,False,False,False,False,,3,4,2,0,False,INFRASTRUCTURE,574804,True,6,23,2
INC-2025-0980,2025-06-27T09:42:48.000Z,Jaffna,Northern,EAST_NORTH,9.527781,80.075431,Forest Fire,3,HIGH,3225,973,5,0,Fire Trucks,100,RESOLVED,SENSOR,WEB_DASHBOARD,SINHALA,FOG,False,False,False,True,DMC_OFFICER,1,1,1,324,False,AGRICULTURAL,23569179,True,6,9,4
INC-2025-1305,2025-06-27T13:35:12.000Z,Puttalam,NorthWestern,DRY,8.145479,80.103449,Medical Emergency,2,MEDIUM,5914,0,0,0,Ambulances,126,RESOLVED,CITIZEN,MOBILE_APP,ENGLISH,FOG,False,False,False,False,,1,1,1,0,True,MIXED,2988893,True,6,13,4
INC-2025-0342,2025-06-28T10:42:51.000Z,Ampara,Eastern,EAST_NORTH,7.157549,81.807483,Flood,2,MEDIUM,5417,0,0,0,Water Pumps|Boats,46,CLOSED,CITIZEN,WEB_DASHBOARD,ENGLISH,RAINY,False,False,True,False,,2,2,0,0,False,AGRICULTURAL,559731,True,6,10,5
INC-2025-0234,2025-07-01T19:05:38.000Z,Puttalam,NorthWestern,DRY,7.828848,80.074417,Building Collapse,3,HIGH,3007,884,0,0,Medical Kits,116,IN_PROGRESS,CITIZEN,MOBILE_APP,SINHALA,STORMY,True,True,False,True,GRAMA_NILADHARI,4,3,3,147,False,RESIDENTIAL,46212,True,7,19,1
INC-2025-1133,2025-07-02T00:27:45.000Z,Kegalle,Sabaragamuwa,WET,7.246189,80.466781,Landslide,2,MEDIUM,3703,0,0,0,Search Dogs,135,RESOLVED,CITIZEN,MOBILE_APP,SINHALA,RAINY,False,False,False,True,VOLUNTEER,2,1,0,0,False,NONE,0,True,7,0,2
INC-2025-1338,2025-07-03T02:16:36.000Z,Hambantota,Southern,DRY,6.079795,81.002404,Forest Fire,2,MEDIUM,4981,0,0,0,Fire Trucks,59,CLOSED,CITIZEN,WEB_DASHBOARD,TAMIL,OVERCAST,False,False,False,True,VOLUNTEER,0,0,0,0,False,AGRICULTURAL,3428452,True,7,2,3
INC-2025-0767,2025-07-03T20:36:50.000Z,Puttalam,NorthWestern,DRY,7.935888,80.100726,Flash Flood,2,MEDIUM,2439,0,0,0,Boats|Dry Rations|Medical Kits,54,RESOLVED,MEDIA,MOBILE_APP,SINHALA,RAINY,True,True,False,False,,0,0,0,0,False,INFRASTRUCTURE,1292046,True,7,20,3
INC-2025-1117,2025-07-03T23:40:18.000Z,Badulla,Uva,HILL,6.810901,81.286467,Landslide,2,MEDIUM,165,0,0,0,Rescue Teams|Excavators|Ambulances|Search Dogs,45,RESOLVED,DMC_OFFICER,MOBILE_APP,SINHALA,RAINY,True,True,False,False,,1,2,2,0,False,RESIDENTIAL,1300706,True,7,23,3
INC-2025-1292,2025-07-04T20:20:07.000Z,Anuradhapura,NorthCentral,DRY,8.394816,80.31744,Flash Flood,2,MEDIUM,33536,0,0,0,Dry Rations|Medical Kits|Rescue Teams|Boats,62,RESOLVED,CITIZEN,MOBILE_APP,SINHALA,RAINY,True,False,False,True,DMC_OFFICER,3,3,3,0,False,AGRICULTURAL,2413403,True,7,20,4
INC-2025-1497,2025-07-05T03:27:02.000Z,Ratnapura,Sabaragamuwa,WET,6.621661,80.445747,Medical Emergency,2,MEDIUM,1043,0,2,0,Ambulances|Rescue Teams|Medical Kits|Blood Supplies,46,RESOLVED,SENSOR,MOBILE_APP,ENGLISH,SUNNY,False,False,False,False,,3,2,1,0,False,INFRASTRUCTURE,3021860,True,7,3,5
INC-2025-0047,2025-07-05T08:44:05.000Z,Galle,Southern,WET,6.049513,80.314981,Flash Flood,2,MEDIUM,463,0,0,0,Water Pumps|Dry Rations|Rescue Teams,42,RESOLVED,CITIZEN,MOBILE_APP,SINHALA,RAINY,False,False,False,False,,1,1,1,0,False,MIXED,4240775,True,7,8,5
INC-2025-0489,2025-07-06T09:50:36.000Z,Jaffna,Northern,EAST_NORTH,9.725165,80.045802,Flood,2,MEDIUM,246,0,0,0,Dry Rations|Rescue Teams|Water Pumps,111,RESOLVED,VOLUNTEER,SMS,SINHALA,RAINY,False,False,False,False,,1,2,2,0,False,MIXED,1221955,True,7,9,6
INC-2025-0895,2025-07-07T18:36:09.000Z,Anuradhapura,NorthCentral,DRY,8.380279,80.24155,Building Collapse,3,HIGH,3456,1523,0,0,Medical Kits,17,RESOLVED,DMC_OFFICER,MOBILE_APP,ENGLISH,FOG,False,True,False,False,,4,4,0,304,False,AGRICULTURAL,392231,True,7,18,0
INC-2025-0244,2025-07-07T21:30:36.000Z,Ampara,Eastern,EAST_NORTH,7.381495,81.708549,Flood,1,LOW,793,0,0,0,Tarpaulins|Dry Rations|Rescue Teams,133,RESOLVED,CITIZEN,MOBILE_APP,SINHALA,RAINY,True,False,False,True,DMC_OFFICER,0,0,0,0,False,AGRICULTURAL,0,True,7,21,0
INC-2025-0914,2025-07-11T09:48:31.000Z,Vavuniya,Northern,EAST_NORTH,8.821284,80.340565,High Winds/Cyclone,1,LOW,817,0,0,0,Medical Kits|Emergency Shelters,269,RESOLVED,CITIZEN,MOBILE_APP,SINHALA,PARTLY_CLOUDY,True,True,False,False,,0,0,0,0,False,NONE,0,True,7,9,4
INC-2025-0612,2025-07-12T02:33:39.000Z,Colombo,Western,WET,6.932194,79.906544,Medical Emergency,2,MEDIUM,213,0,3,0,Ambulances|Blood Supplies|Rescue Teams,133,RESOLVED,CITIZEN,PHONE_CALL,TAMIL,OVERCAST,False,False,False,True,VOLUNTEER,2,3,2,0,False,RESIDENTIAL,252637,True,7,2,5
INC-2025-0787,2025-07-19T10:20:54.000Z,Puttalam,NorthWestern,DRY,8.16187,80.182293,Flood,2,MEDIUM,228,0,0,0,Boats|Rescue Teams|Water Pumps|Medical Kits,225,RESOLVED,CITIZEN,MOBILE_APP,TAMIL,RAINY,True,False,False,True,LOCAL_AUTHORITY,0,0,0,0,False,MIXED,2950829,True,7,10,5
INC-2025-0112,2025-07-19T14:55:07.000Z,Ratnapura,Sabaragamuwa,WET,6.660546,80.516935,Flash Flood,1,LOW,243,0,0,0,Rescue Teams,122,RESOLVED,CITIZEN,PHONE_CALL,SINHALA,RAINY,False,False,True,False,,0,0,0,0,False,AGRICULTURAL,0,True,7,14,5
INC-2025-0343,2025-07-21T09:10:02.000Z,Kegalle,Sabaragamuwa,WET,7.379868,80.399382,Flood,1,LOW,48,0,0,0,Rescue Teams|Dry Rations|Medical Kits,107,RESOLVED,CITIZEN,WEB_DASHBOARD,SINHALA,STORMY,False,False,False,True,GRAMA_NILADHARI,0,0,0,0,False,RESIDENTIAL,0,True,7,9,0
INC-2025-1377,2025-07-24T04:07:51.000Z,Kegalle,Sabaragamuwa,WET,7.235093,80.350776,Landslide,2,MEDIUM,18419,0,0,0,Rescue Teams,182,CLOSED,CITIZEN,WEB_DASHBOARD,SINHALA,PARTLY_CLOUDY,False,False,False,True,LOCAL_AUTHORITY,2,2,2,0,False,MIXED,547927,True,7,4,3
INC-2025-0347,2025-07-24T10:35:05.000Z,Puttalam,NorthWestern,DRY,7.983348,80.071231,High Winds/Cyclone,1,LOW,156,0,0,0,Medical Kits|Emergency Shelters,113,CLOSED,VOLUNTEER,WEB_DASHBOARD,SINHALA,STORMY,True,False,False,True,GRAMA_NILADHARI,0,0,0,0,False,AGRICULTURAL,0,True,7,10,3
INC-2025-1408,2025-07-28T01:27:42.000Z,Ampara,Eastern,EAST_NORTH,7.484352,81.795664,Flood,2,MEDIUM,7740,0,0,0,Boats,121,RESOLVED,VOLUNTEER,PHONE_CALL,ENGLISH,STORMY,False,False,False,False,,1,1,0,0,False,NONE,0,True,7,1,0
INC-2025-0994,2025-07-28T12:00:04.000Z,Matara,Southern,WET,6.014702,80.627548,Flash Flood,2,MEDIUM,3502,0,1,0,Rescue Teams|Water Pumps|Boats,80,RESOLVED,CITIZEN,SMS,SINHALA,FOG,False,False,False,True,DMC_OFFICER,2,3,2,0,False,AGRICULTURAL,666531,True,7,12,0
INC-2025-0742,2025-07-29T10:40:39.000Z,Mullaitivu,Northern,EAST_NORTH,9.377166,80.601176,Flash Flood,2,MEDIUM,352,0,0,0,Medical Kits|Dry Rations,86,RESOLVED,CITIZEN,MOBILE_APP,SINHALA,RAINY,True,False,False,False,,2,3,2,0,False,INFRASTRUCTURE,702733,True,7,10,1
INC-2025-0106,2025-07-29T20:24:21.000Z,Mannar,Northern,EAST_NORTH,9.110465,79.97329,Flood,2,MEDIUM,3743,0,0,0,Water Pumps,144,RESOLVED,CITIZEN,SMS,SINHALA,PARTLY_CLOUDY,False,False,False,True,VOLUNTEER,0,0,0,0,False,RESIDENTIAL,9205255,True,7,20,1
INC-2025-0630,2025-08-01T22:55:13.000Z,NuwaraEliya,Central,HILL,6.908729,80.748479,Landslide,2,MEDIUM,8045,0,2,0,Rescue Teams|Search Dogs|Medical Kits,52,CLOSED,CITIZEN,WEB_DASHBOARD,SINHALA,FOG,False,False,False,False,,2,2,2,0,False,RESIDENTIAL,2427481,True,8,22,4
INC-2025-0825,2025-08-02T00:23:33.000Z,Gampaha,Western,WET,7.153907,79.956165,Flood,2,MEDIUM,3163,0,0,0,Tarpaulins|Medical Kits|Rescue Teams,100,RESOLVED,CITIZEN,WEB_DASHBOARD,SINHALA,RAINY,True,False,False,True,LOCAL_AUTHORITY,0,0,0,0,False,RESIDENTIAL,40094174,True,8,0,5
INC-2025-0482,2025-08-03T07:09:22.000Z,Puttalam,NorthWestern,DRY,8.180007,79.856102,Flood,2,MEDIUM,7847,0,0,0,Rescue Teams|Tarpaulins|Boats,59,RESOLVED,CITIZEN,MOBILE_APP,SINHALA,STORMY,True,True,False,True,GRAMA_NILADHARI,2,1,1,0,False,AGRICULTURAL,242958,True,8,7,6
INC-2025-1326,2025-08-04T12:02:19.000Z,NuwaraEliya,Central,HILL,6.907643,80.704134,Flood,1,LOW,820,0,0,0,Dry Rations|Medical Kits|Rescue Teams,145,IN_PROGRESS,DMC_OFFICER,WEB_DASHBOARD,SINHALA,FOG,True,False,False,True,GRAMA_NILADHARI,0,0,0,0,False,NONE,0,True,8,12,0
INC-2025-0504,2025-08-07T09:18:50.000Z,Colombo,Western,WET,6.94052,79.923428,Flood,1,LOW,41,0,0,0,Water Pumps|Rescue Teams|Tarpaulins,118,CLOSED,DMC_OFFICER,SMS,SINHALA,OVERCAST,False,False,False,True,LOCAL_AUTHORITY,0,0,0,0,False,INFRASTRUCTURE,0,True,8,9,3
INC-2025-0879,2025-08-07T14:13:17.000Z,Matara,Southern,WET,6.074648,80.626627,Flood,1,LOW,744,0,0,0,Boats|Rescue Teams,345,IN_PROGRESS,CITIZEN,MOBILE_APP,ENGLISH,OVERCAST,True,False,False,True,VOLUNTEER,0,0,0,0,False,NONE,0,True,8,14,3
INC-2025-0390,2025-08-10T17:14:59.000Z,Trincomalee,Eastern,EAST_NORTH,8.490913,81.211818,Building Collapse,1,LOW,44,0,0,0,Medical Kits|Search Dogs|Ambulances|Rescue Teams,232,RESOLVED,DMC_OFFICER,MOBILE_APP,ENGLISH,RAINY,True,False,False,False,,0,0,0,0,False,MIXED,0,True,8,17,6
INC-2025-0308,2025-08-11T02:08:47.000Z,Kandy,Central,HILL,7.148637,80.543382,Landslide,2,MEDIUM,2134,0,0,0,Search Dogs,85,RESOLVED,VOLUNTEER,MOBILE_APP,TAMIL,PARTLY_CLOUDY,False,False,False,True,VOLUNTEER,1,1,1,0,True,MIXED,5058555,True,8,2,0
INC-2025-0041,2025-08-13T21:05:29.000Z,Batticaloa,Eastern,EAST_NORTH,7.67196,81.665598,Flood,3,HIGH,13794,7751,0,0,Boats|Medical Kits,101,RESOLVED,MEDIA,PHONE_CALL,SINHALA,RAINY,False,False,False,True,LOCAL_AUTHORITY,2,3,1,1937,False,NONE,0,True,8,21,2
INC-2025-1323,2025-08-14T00:40:16.000Z,NuwaraEliya,Central,HILL,6.970084,80.62908,Forest Fire,2,MEDIUM,34837,0,0,0,Medical Kits,38,RESOLVED,SENSOR,WEB_DASHBOARD,SINHALA,STORMY,True,False,False,False,,0,0,0,0,False,RESIDENTIAL,1522736,True,8,0,3
INC-2025-0657,2025-08-14T10:51:55.000Z,Polonnaruwa,NorthCentral,DRY,8.078787,81.211446,Flood,1,LOW,228,0,0,0,Medical Kits|Water Pumps|Tarpaulins|Dry Rations,118,RESOLVED,VOLUNTEER,MOBILE_APP,ENGLISH,STORMY,True,False,False,False,,0,0,0,0,False,INFRASTRUCTURE,0,True,8,10,3
INC-2025-1009,2025-08-14T21:32:04.000Z,Colombo,Western,WET,6.852743,79.930325,Flood,2,MEDIUM,474,0,0,0,Boats|Water Pumps|Tarpaulins,46,RESOLVED,DMC_OFFICER,MOBILE_APP,SINHALA,RAINY,False,False,False,False,,3,2,0,0,False,MIXED,36242457,True,8,21,3
INC-2025-0246,2025-08-15T23:54:29.000Z,Polonnaruwa,NorthCentral,DRY,8.124469,81.216077,High Winds/Cyclone,1,LOW,354,0,0,0,Generators|Medical Kits|Rescue Teams|Dry Rations,134,RESOLVED,CITIZEN,MOBILE_APP,SINHALA,RAINY,True,False,False,False,,0,0,0,0,False,NONE,0,True,8,23,4
INC-2025-0014,2025-08-18T08:42:06.000Z,Colombo,Western,WET,6.86548,79.879671,Flood,1,LOW,144,0,0,0,Water Pumps,108,RESOLVED,VOLUNTEER,MOBILE_APP,SINHALA,RAINY,True,False,True,True,VOLUNTEER,0,0,0,0,False,NONE,0,True,8,8,0
INC-2025-1223,2025-08-19T05:41:28.000Z,Ampara,Eastern,EAST_NORTH,7.358305,81.777721,Flood,1,LOW,2656,0,0,0,Water Pumps|Rescue Teams|Dry Rations,103,RESOLVED,DMC_OFFICER,MOBILE_APP,TAMIL,STORMY,True,False,False,False,,0,0,0,0,False,AGRICULTURAL,0,True,8,5,1
INC-2025-1383,2025-08-21T02:29:28.000Z,Trincomalee,Eastern,EAST_NORTH,8.530998,81.091136,Medical Emergency,1,LOW,68,0,0,0,Ambulances|Blood Supplies|Medical Kits|Rescue Teams,346,RESOLVED,VOLUNTEER,WEB_DASHBOARD,SINHALA,PARTLY_CLOUDY,False,False,False,False,,0,0,0,0,False,AGRICULTURAL,0,True,8,2,3
INC-2025-1132,2025-08-22T18:09:57.000Z,Badulla,Uva,HILL,6.973834,81.15133,Flash Flood,2,MEDIUM,2157,0,0,0,Dry Rations|Boats|Water Pumps|Rescue Teams,185,RESOLVED,VOLUNTEER,WEB_DASHBOARD,SINHALA,OVERCAST,False,False,False,False,,0,0,0,0,False,RESIDENTIAL,212188,True,8,18,4
INC-2025-0443,2025-08-26T12:53:01.000Z,Gampaha,Western,WET,7.077447,80.080049,Flash Flood,3,HIGH,1540,302,0,0,Dry Rations|Boats|Medical Kits,44,ASSIGNED,CITIZEN,MOBILE_APP,SINHALA,STORMY,False,False,False,True,DMC_OFFICER,2,3,0,100,False,NONE,0,True,8,12,1
INC-2025-0866,2025-09-01T04:25:16.000Z,Batticaloa,Eastern,EAST_NORTH,7.818599,81.669905,High Winds/Cyclone,2,MEDIUM,1034,0,0,0,Emergency Shelters,127,CLOSED,CITIZEN,FIELD_REPORT,TAMIL,SUNNY,False,False,False,False,,2,1,0,0,False,AGRICULTURAL,67455893,True,9,4,0
INC-2025-1168,2025-09-02T13:01:36.000Z,NuwaraEliya,Central,HILL,6.910213,80.785656,High Winds/Cyclone,1,LOW,757,0,0,0,Dry Rations|Rescue Teams|Medical Kits|Emergency Shelters,181,RESOLVED,CITIZEN,MOBILE_APP,SINHALA,FOG,False,True,False,True,DMC_OFFICER,0,0,0,0,False,RESIDENTIAL,0,True,9,13,1
INC-2025-0016,2025-09-11T18:23:17.000Z,Galle,Southern,WET,5.971606,80.218736,Flash Flood,1,LOW,219,0,0,0,Water Pumps|Medical Kits|Boats,109,RESOLVED,CITIZEN,FIELD_REPORT,SINHALA,STORMY,False,False,True,False,,0,0,0,0,False,AGRICULTURAL,0,True,9,18,3
INC-2025-1490,2025-09-12T00:41:41.000Z,NuwaraEliya,Central,HILL,6.800523,80.843253,Flash Flood,3,HIGH,1220,249,0,0,Boats|Water Pumps,38,RESOLVED,CITIZEN,MOBILE_APP,ENGLISH,FOG,True,False,False,True,GRAMA_NILADHARI,1,2,1,62,False,RESIDENTIAL,299109,True,9,0,4
INC-2025-1236,2025-09-14T10:06:52.000Z,Ratnapura,Sabaragamuwa,WET,6.647917,80.358669,Landslide,1,LOW,607,0,0,0,Dry Rations,123,RESOLVED,SENSOR,MOBILE_APP,SINHALA,PARTLY_CLOUDY,True,False,False,True,DMC_OFFICER,0,0,0,0,False,INFRASTRUCTURE,0,True,9,10,6
INC-2025-0092,2025-09-16T07:05:53.000Z,Matara,Southern,WET,5.908993,80.720438,Flood,2,MEDIUM,430,0,0,0,Boats|Rescue Teams,138,RESOLVED,VOLUNTEER,PHONE_CALL,ENGLISH,FOG,False,False,False,True,DMC_OFFICER,2,2,2,0,True,AGRICULTURAL,3063593,True,9,7,1
INC-2025-1426,2025-09-16T15:44:32.000Z,Matale,Central,HILL,7.678443,80.529907,Landslide,2,MEDIUM,8202,0,4,0,Excavators|Ambulances|Medical Kits|Rescue Teams,119,RESOLVED,DMC_OFFICER,SMS,SINHALA,PARTLY_CLOUDY,False,False,False,True,VOLUNTEER,0,0,0,0,False,INFRASTRUCTURE,17301734,True,9,15,1
INC-2025-1404,2025-09-16T22:19:03.000Z,Ampara,Eastern,EAST_NORTH,7.309802,81.669298,Flash Flood,1,LOW,200,0,0,0,Medical Kits|Water Pumps,549,RESOLVED,VOLUNTEER,PHONE_CALL,SINHALA,RAINY,False,False,False,True,LOCAL_AUTHORITY,0,0,0,0,False,AGRICULTURAL,0,True,9,22,1
INC-2025-0698,2025-09-17T02:10:07.000Z,Colombo,Western,WET,6.889867,79.868126,Flood,2,MEDIUM,3611,0,0,0,Dry Rations|Boats|Medical Kits,146,RESOLVED,CITIZEN,MOBILE_APP,TAMIL,RAINY,False,False,False,True,DMC_OFFICER,0,0,0,0,False,RESIDENTIAL,271558,True,9,2,2
INC-2025-0797,2025-09-18T05:37:47.000Z,Mannar,Northern,EAST_NORTH,8.927446,79.952637,Flash Flood,3,HIGH,5715,599,2,0,Boats,33,IN_PROGRESS,DMC_OFFICER,MOBILE_APP,SINHALA,RAINY,False,True,True,True,VOLUNTEER,4,1,0,199,False,INFRASTRUCTURE,15297797,True,9,5,3
INC-2025-0653,2025-09-19T02:01:37.000Z,Kilinochchi,Northern,EAST_NORTH,9.412043,80.294443,Medical Emergency,2,MEDIUM,2648,0,0,0,Blood Supplies,184,RESOLVED,CITIZEN,MOBILE_APP,SINHALA,STORMY,False,False,False,False,,0,0,0,0,False,RESIDENTIAL,1843911,True,9,2,4
INC-2025-1462,2025-09-20T19:45:53.000Z,Batticaloa,Eastern,EAST_NORTH,7.879106,81.615771,Flash Flood,3,HIGH,1166,129,0,0,Water Pumps|Medical Kits|Dry Rations|Rescue Teams,35,RESOLVED,CITIZEN,SMS,ENGLISH,RAINY,False,False,False,True,DMC_OFFICER,6,7,1,21,False,INFRASTRUCTURE,176403,True,9,19,5
INC-2025-0026,2025-09-21T07:16:52.000Z,Mullaitivu,Northern,EAST_NORTH,9.144206,80.513864,Building Collapse,3,HIGH,910,190,6,0,Ambulances|Excavators|Search Dogs|Rescue Teams,97,ASSIGNED,LOCAL_AUTHORITY,MOBILE_APP,SINHALA,RAINY,False,False,False,True,VOLUNTEER,1,1,1,31,True,AGRICULTURAL,299817,True,9,7,6
INC-2025-0505,2025-09-22T03:09:07.000Z,NuwaraEliya,Central,HILL,6.997444,80.740041,Flood,1,LOW,3442,0,0,0,Boats|Medical Kits|Rescue Teams|Tarpaulins,143,RESOLVED,CITIZEN,SMS,SINHALA,STORMY,False,False,True,True,GRAMA_NILADHARI,0,0,0,0,False,INFRASTRUCTURE,0,True,9,3,0
INC-2025-0991,2025-09-23T07:09:18.000Z,Colombo,Western,WET,6.89027,79.86295,Flood,2,MEDIUM,6741,0,1,2,Boats|Tarpaulins,89,RESOLVED,VOLUNTEER,PHONE_CALL,SINHALA,OVERCAST,True,False,False,False,,3,2,0,0,False,AGRICULTURAL,350372,True,9,7,1
INC-2025-1406,2025-09-29T00:32:06.000Z,Mullaitivu,Northern,EAST_NORTH,9.349283,80.55046,Flood,1,LOW,1127,0,0,0,Boats,136,RESOLVED,CITIZEN,MOBILE_APP,SINHALA,FOG,True,False,False,True,GRAMA_NILADHARI,0,0,0,0,False,NONE,0,True,9,0,0
INC-2025-1198,2025-10-02T14:26:28.000Z,Kalutara,Western,WET,6.626493,79.968975,Flash Flood,2,MEDIUM,78,0,2,0,Rescue Teams|Boats|Medical Kits,147,RESOLVED,VOLUNTEER,MOBILE_APP,SINHALA,FOG,False,False,False,False,,0,0,0,0,False,AGRICULTURAL,2158451,False,10,14,3
INC-2025-0429,2025-10-04T03:23:58.000Z,Kurunegala,NorthWestern,DRY,7.648385,80.457783,Flash Flood,2,MEDIUM,2258,0,0,0,Boats,63,RESOLVED,CITIZEN,FIELD_REPORT,SINHALA,RAINY,True,False,False,True,DMC_OFFICER,2,1,1,0,False,NONE,0,False,10,3,5
INC-2025-0526,2025-10-04T11:14:38.000Z,Kandy,Central,HILL,7.319239,80.643897,Building Collapse,3,HIGH,2156,872,0,0,Medical Kits,45,RESOLVED,CITIZEN,WEB_DASHBOARD,SINHALA,RAINY,True,False,True,True,DMC_OFFICER,4,5,5,145,False,NONE,0,False,10,11,5
INC-2025-0033,2025-10-05T10:40:27.000Z,Colombo,Western,WET,6.887531,79.944147,Flash Flood,2,MEDIUM,396,0,0,0,Boats|Rescue Teams,103,RESOLVED,CITIZEN,MOBILE_APP,TAMIL,STORMY,False,False,False,True,GRAMA_NILADHARI,2,3,3,0,False,RESIDENTIAL,34872527,False,10,10,6
INC-2025-0793,2025-10-05T12:36:12.000Z,Kalutara,Western,WET,6.444846,80.197869,Flood,1,LOW,7525,0,0,0,Tarpaulins|Dry Rations,94,RESOLVED,SENSOR,MOBILE_APP,SINHALA,RAINY,False,False,False,False,,0,0,0,0,False,NONE,0,False,10,12,6
INC-2025-0524,2025-10-08T03:23:33.000Z,Anuradhapura,NorthCentral,DRY,8.382715,80.273242,High Winds/Cyclone,1,LOW,314,0,0,0,Generators|Dry Rations|Emergency Shelters,60,IN_PROGRESS,CITIZEN,FIELD_REPORT,SINHALA,PARTLY_CLOUDY,False,False,False,True,GRAMA_NILADHARI,0,0,0,0,False,MIXED,0,False,10,3,2
INC-2025-1489,2025-10-09T21:24:21.000Z,Batticaloa,Eastern,EAST_NORTH,7.843694,81.506884,Earthquake,3,HIGH,17965,4788,0,0,Search Dogs|Excavators,86,RESOLVED,CITIZEN,MOBILE_APP,SINHALA,STORMY,False,False,False,True,VOLUNTEER,5,4,4,1197,False,MIXED,615528,False,10,21,3
INC-2025-0093,2025-10-10T18:32:12.000Z,Ratnapura,Sabaragamuwa,WET,6.611289,80.433182,Drought,2,MEDIUM,725,0,0,0,Dry Rations,31,RESOLVED,SENSOR,MOBILE_APP,SINHALA,STORMY,True,False,False,True,VOLUNTEER,3,4,4,0,False,INFRASTRUCTURE,98255,False,10,18,4
INC-2025-1293,2025-10-11T22:27:51.000Z,Hambantota,Southern,DRY,6.226506,81.12124,High Winds/Cyclone,2,MEDIUM,6880,0,0,0,Dry Rations,49,RESOLVED,VOLUNTEER,SMS,SINHALA,RAINY,False,False,False,False,,0,0,0,0,False,AGRICULTURAL,941397,False,10,22,5
INC-2025-1332,2025-10-12T03:06:31.000Z,Monaragala,Uva,DRY,6.839794,81.38454,Flash Flood,3,HIGH,10393,3953,0,0,Rescue Teams|Boats|Water Pumps,46,RESOLVED,LOCAL_AUTHORITY,MOBILE_APP,TAMIL,RAINY,False,True,False,True,DMC_OFFICER,5,5,2,790,True,MIXED,190661,False,10,3,6
INC-2025-0557,2025-10-13T09:16:57.000Z,Ampara,Eastern,EAST_NORTH,7.281719,81.784563,Flash Flood,2,MEDIUM,64,0,0,0,Dry Rations|Medical Kits|Water Pumps,111,RESOLVED,SENSOR,WEB_DASHBOARD,ENGLISH,PARTLY_CLOUDY,False,False,True,True,VOLUNTEER,1,2,2,0,False,MIXED,105313,False,10,9,0
INC-2025-0449,2025-10-13T16:18:39.000Z,Gampaha,Western,WET,7.070284,80.026441,Flash Flood,2,MEDIUM,213,0,0,0,Boats|Rescue Teams|Medical Kits,81,RESOLVED,DMC_OFFICER,MOBILE_APP,TAMIL,RAINY,True,True,False,False,,2,2,0,0,False,INFRASTRUCTURE,421267,False,10,16,0
INC-2025-0118,2025-10-14T17:58:12.000Z,Matale,Central,HILL,7.661941,80.524561,Drought,1,LOW,257,0,0,0,Medical Kits|Water Tankers|Livestock Feed|Dry Rations,140,RESOLVED,CITIZEN,SMS,SINHALA,FOG,False,False,False,True,LOCAL_AUTHORITY,0,0,0,0,False,AGRICULTURAL,0,False,10,17,1
INC-2025-1329,2025-10-16T16:59:56.000Z,Hambantota,Southern,DRY,6.114786,81.230684,Flash Flood,3,HIGH,8117,3005,0,0,Rescue Teams,26,RESOLVED,DMC_OFFICER,MOBILE_APP,SINHALA,RAINY,False,False,False,False,,1,2,2,751,False,AGRICULTURAL,728288,False,10,16,3
INC-2025-0599,2025-10-17T07:00:36.000Z,Matara,Southern,WET,5.833325,80.446075,Building Collapse,3,HIGH,6995,1468,3,2,Ambulances,107,RESOLVED,VOLUNTEER,WEB_DASHBOARD,ENGLISH,PARTLY_CLOUDY,True,False,False,True,LOCAL_AUTHORITY,7,7,1,293,False,AGRICULTURAL,3881399,False,10,7,4
INC-2025-0450,2025-10-20T05:08:11.000Z,Puttalam,NorthWestern,DRY,8.054068,80.191856,Building Collapse,2,MEDIUM,6270,0,0,0,Rescue Teams|Search Dogs|Ambulances|Medical Kits,41,RESOLVED,DMC_OFFICER,FIELD_REPORT,TAMIL,OVERCAST,False,False,True,False,,0,0,0,0,False,RESIDENTIAL,4441992,False,10,5,0
INC-2025-1485,2025-10-20T08:50:53.000Z,Galle,Southern,WET,5.958883,80.237668,Flood,2,MEDIUM,903,0,0,0,Tarpaulins|Rescue Teams,44,RESOLVED,DMC_OFFICER,MOBILE_APP,SINHALA,FOG,True,True,False,False,,0,0,0,0,False,INFRASTRUCTURE,1618127,False,10,8,0
INC-2025-0965,2025-10-20T22:51:47.000Z,Gampaha,Western,WET,7.047496,79.910374,Flood,2,MEDIUM,821,0,0,0,Boats|Dry Rations|Medical Kits,73,RESOLVED,SENSOR,SMS,SINHALA,FOG,False,False,False,True,GRAMA_NILADHARI,1,2,2,0,False,INFRASTRUCTURE,5235373,False,10,22,0
INC-2025-1027,2025-10-21T04:03:33.000Z,Gampaha,Western,WET,7.157103,80.048112,Flood,3,HIGH,10483,3616,0,0,Medical Kits|Tarpaulins|Water Pumps|Boats,26,RESOLVED,VOLUNTEER,WEB_DASHBOARD,SINHALA,RAINY,False,False,False,False,,6,4,2,602,False,RESIDENTIAL,572943,False,10,4,1
INC-2025-1104,2025-10-21T04:48:24.000Z,Trincomalee,Eastern,EAST_NORTH,8.438407,81.092757,High Winds/Cyclone,2,MEDIUM,2023,0,0,0,Generators|Emergency Shelters|Rescue Teams,128,RESOLVED,SENSOR,PHONE_CALL,SINHALA,FOG,False,False,False,False,,1,2,2,0,False,RESIDENTIAL,628879,False,10,4,1
INC-2025-0158,2025-10-21T14:45:36.000Z,NuwaraEliya,Central,HILL,6.809189,80.787854,Flood,2,MEDIUM,12874,0,0,0,Boats|Tarpaulins|Rescue Teams|Medical Kits,107,RESOLVED,DMC_OFFICER,WEB_DASHBOARD,ENGLISH,PARTLY_CLOUDY,False,False,False,False,,2,1,1,0,False,INFRASTRUCTURE,608427,False,10,14,1
INC-2025-0178,2025-10-23T16:02:51.000Z,Mullaitivu,Northern,EAST_NORTH,9.206183,80.772491,Flood,1,LOW,184,0,0,0,Dry Rations|Medical Kits|Rescue Teams,226,RESOLVED,CITIZEN,FIELD_REPORT,ENGLISH,PARTLY_CLOUDY,False,False,False,True,LOCAL_AUTHORITY,0,0,0,0,False,INFRASTRUCTURE,0,False,10,16,3
INC-2025-0283,2025-10-23T16:53:14.000Z,Hambantota,Southern,DRY,6.16544,81.183912,Flood,2,MEDIUM,2761,0,0,0,Medical Kits|Dry Rations|Boats,164,RESOLVED,CITIZEN,MOBILE_APP,SINHALA,RAINY,False,True,False,True,GRAMA_NILADHARI,1,1,1,0,False,RESIDENTIAL,269858,False,10,16,3
INC-2025-1400,2025-10-24T01:58:16.000Z,Monaragala,Uva,DRY,6.819731,81.344333,Drought,2,MEDIUM,1186,0,0,0,Dry Rations|Medical Kits,31,RESOLVED,DMC_OFFICER,PHONE_CALL,ENGLISH,PARTLY_CLOUDY,False,False,False,True,DMC_OFFICER,2,2,2,0,False,RESIDENTIAL,613119,False,10,1,4
INC-2025-0898,2025-10-26T07:49:11.000Z,Puttalam,NorthWestern,DRY,8.186088,79.91062,Flash Flood,1,LOW,266,0,0,0,Dry Rations,146,RESOLVED,MEDIA,SMS,SINHALA,STORMY,False,False,False,True,DMC_OFFICER,0,0,0,0,False,AGRICULTURAL,0,False,10,7,6
INC-2025-1450,2025-10-27T15:47:55.000Z,Mannar,Northern,EAST_NORTH,8.962448,79.981237,Building Collapse,2,MEDIUM,919,0,1,1,Excavators|Medical Kits|Ambulances|Rescue Teams,226,RESOLVED,CITIZEN,FIELD_REPORT,SINHALA,RAINY,False,False,False,True,VOLUNTEER,0,0,0,0,False,INFRASTRUCTURE,2605475,False,10,15,0
INC-2025-0377,2025-10-29T02:51:08.000Z,Kurunegala,NorthWestern,DRY,7.481438,80.379187,Flash Flood,3,HIGH,1046,367,0,0,Boats|Medical Kits|Dry Rations,17,RESOLVED,DMC_OFFICER,WEB_DASHBOARD,SINHALA,FOG,False,False,False,True,VOLUNTEER,2,1,0,91,False,NONE,0,False,10,2,2
INC-2025-0585,2025-11-04T14:43:01.000Z,Ratnapura,Sabaragamuwa,WET,6.715219,80.588561,Landslide,2,MEDIUM,557,0,0,0,Dry Rations,215,RESOLVED,CITIZEN,MOBILE_APP,SINHALA,RAINY,False,True,False,False,,3,4,3,0,False,INFRASTRUCTURE,2018220,True,11,14,1
INC-2025-0301,2025-11-09T04:40:25.000Z,Matale,Central,HILL,7.557142,80.540576,Flood,2,MEDIUM,2773,0,0,0,Tarpaulins|Water Pumps,58,CLOSED,SENSOR,MOBILE_APP,TAMIL,PARTLY_CLOUDY,True,False,False,True,DMC_OFFICER,1,1,1,0,False,MIXED,9640335,True,11,4,6
INC-2025-0306,2025-11-13T14:37:16.000Z,Polonnaruwa,NorthCentral,DRY,7.856896,81.248968,High Winds/Cyclone,2,MEDIUM,327,0,0,0,Rescue Teams|Medical Kits|Generators|Dry Rations,87,RESOLVED,SENSOR,FIELD_REPORT,TAMIL,STORMY,False,True,False,False,,1,2,0,0,False,AGRICULTURAL,3246192,True,11,14,3
INC-2025-0666,2025-11-14T23:45:24.000Z,Anuradhapura,NorthCentral,DRY,8.324964,80.395491,Flood,1,LOW,561,0,0,0,Dry Rations|Rescue Teams|Tarpaulins|Water Pumps,175,RESOLVED,VOLUNTEER,MOBILE_APP,SINHALA,RAINY,True,False,False,True,GRAMA_NILADHARI,0,0,0,0,False,RESIDENTIAL,0,True,11,23,4
INC-2025-0227,2025-11-15T14:29:02.000Z,Monaragala,Uva,DRY,6.6816,81.362352,Flood,1,LOW,443,0,0,0,Medical Kits|Boats|Rescue Teams,124,RESOLVED,SENSOR,MOBILE_APP,SINHALA,RAINY,False,False,False,False,,0,0,0,0,False,RESIDENTIAL,0,True,11,14,5
INC-2025-1041,2025-11-15T14:51:43.000Z,Polonnaruwa,NorthCentral,DRY,7.92243,81.295585,Flash Flood,3,HIGH,3588,839,0,0,Dry Rations|Rescue Teams|Water Pumps|Boats,43,RESOLVED,VOLUNTEER,WEB_DASHBOARD,SINHALA,OVERCAST,False,False,False,True,GRAMA_NILADHARI,7,5,1,209,False,AGRICULTURAL,606352,True,11,14,5
INC-2025-0402,2025-11-15T21:00:59.000Z,Mullaitivu,Northern,EAST_NORTH,9.30148,80.575895,High Winds/Cyclone,1,LOW,178,0,0,0,Dry Rations|Medical Kits|Generators|Rescue Teams,239,RESOLVED,CITIZEN,MOBILE_APP,SINHALA,OVERCAST,True,False,True,False,,0,0,0,0,False,INFRASTRUCTURE,0,True,11,21,5
INC-2025-0380,2025-11-16T07:08:01.000Z,Trincomalee,Eastern,EAST_NORTH,8.433517,81.005642,Flood,2,MEDIUM,10670,0,0,0,Medical Kits|Boats|Rescue Teams|Water Pumps,161,RESOLVED,CITIZEN,MOBILE_APP,ENGLISH,OVERCAST,False,False,False,False,,0,0,0,0,False,RESIDENTIAL,7805487,True,11,7,6
INC-2025-1102,2025-11-18T10:03:00.000Z,NuwaraEliya,Central,HILL,6.959327,80.862594,Flash Flood,3,HIGH,7301,1747,0,0,Rescue Teams|Water Pumps,57,RESOLVED,SENSOR,PHONE_CALL,TAMIL,FOG,True,False,False,True,VOLUNTEER,8,1,0,582,False,RESIDENTIAL,624777,True,11,10,1
INC-2025-0644,2025-11-23T07:16:42.000Z,Matale,Central,HILL,7.619839,80.764068,Flood,1,LOW,185,0,0,0,Boats|Dry Rations|Tarpaulins,190,CLOSED,VOLUNTEER,PHONE_CALL,ENGLISH,RAINY,False,False,False,True,VOLUNTEER,0,0,0,0,False,AGRICULTURAL,0,True,11,7,6
INC-2025-1486,2025-11-23T22:39:45.000Z,Hambantota,Southern,DRY,6.201529,81.1264,Flood,2,MEDIUM,187,0,0,0,Dry Rations,44,RESOLVED,CITIZEN,SMS,TAMIL,OVERCAST,False,False,False,True,GRAMA_NILADHARI,0,0,0,0,False,AGRICULTURAL,3778030,True,11,22,6
INC-2025-1298,2025-11-24T22:31:41.000Z,Polonnaruwa,NorthCentral,DRY,8.139127,81.226782,Flash Flood,2,MEDIUM,1458,0,0,0,Boats|Medical Kits|Water Pumps|Rescue Teams,74,RESOLVED,VOLUNTEER,PHONE_CALL,SINHALA,STORMY,False,False,False,True,GRAMA_NILADHARI,3,1,1,0,False,NONE,0,True,11,22,0
INC-2025-0540,2025-11-25T13:43:34.000Z,Jaffna,Northern,EAST_NORTH,9.648508,80.106494,Building Collapse,3,HIGH,1145,441,2,0,Search Dogs,58,RESOLVED,CITIZEN,FIELD_REPORT,ENGLISH,STORMY,False,False,False,True,VOLUNTEER,3,1,0,147,False,NONE,0,True,11,13,1
INC-2025-0462,2025-11-28T14:40:08.000Z,Gampaha,Western,WET,7.09348,80.038483,Forest Fire,2,MEDIUM,7359,0,0,0,Water Tankers|Rescue Teams|Helicopters,100,RESOLVED,VOLUNTEER,MOBILE_APP,SINHALA,SUNNY,True,False,False,True,GRAMA_NILADHARI,1,1,1,0,False,AGRICULTURAL,1299741,True,11,14,4
INC-2025-0824,2025-11-29T00:53:05.000Z,Matara,Southern,WET,5.88102,80.681151,Flood,2,MEDIUM,263,0,0,0,Boats|Rescue Teams|Water Pumps|Tarpaulins,50,RESOLVED,CITIZEN,FIELD_REPORT,ENGLISH,RAINY,False,True,False,True,VOLUNTEER,0,0,0,0,False,RESIDENTIAL,1371218,True,11,0,5
INC-2025-0759,2025-11-29T12:51:14.000Z,Kilinochchi,Northern,EAST_NORTH,9.273606,80.26775,Forest Fire,2,MEDIUM,1298,0,0,0,Helicopters|Fire Trucks,207,RESOLVED,CITIZEN,MOBILE_APP,ENGLISH,RAINY,False,False,False,True,VOLUNTEER,3,2,2,0,False,NONE,0,True,11,12,5
INC-2025-0029,2025-11-30T21:57:10.000Z,Galle,Southern,WET,6.072707,80.243094,Flash Flood,3,HIGH,2582,760,2,0,Medical Kits|Water Pumps|Rescue Teams,47,RESOLVED,SENSOR,MOBILE_APP,SINHALA,PARTLY_CLOUDY,False,False,False,True,DMC_OFFICER,7,8,0,126,False,MIXED,20466940,True,11,21,6
INC-2025-0085,2025-12-02T14:53:20.000Z,Colombo,Western,WET,6.925884,79.896911,Coastal Erosion,2,MEDIUM,49416,0,0,0,Rescue Teams,116,RESOLVED,CITIZEN,SMS,SINHALA,RAINY,False,False,False,False,,3,1,1,0,False,RESIDENTIAL,4318288,True,12,14,1
INC-2025-1361,2025-12-02T15:43:55.000Z,Mannar,Northern,EAST_NORTH,9.138898,80.032305,Flood,2,MEDIUM,2678,0,0,0,Rescue Teams|Tarpaulins,75,RESOLVED,CITIZEN,MOBILE_APP,ENGLISH,FOG,False,False,True,False,,2,1,1,0,False,MIXED,2211361,True,12,15,1
INC-2025-1246,2025-12-05T10:42:15.000Z,Hambantota,Southern,DRY,6.263242,81.042611,Flash Flood,2,MEDIUM,531,0,0,0,Boats|Dry Rations|Rescue Teams,84,CLOSED,CITIZEN,WEB_DASHBOARD,ENGLISH,STORMY,False,False,True,False,,1,1,1,0,True,NONE,0,True,12,10,4
INC-2025-1025,2025-12-05T11:24:27.000Z,Mullaitivu,Northern,EAST_NORTH,9.366746,80.513347,Flash Flood,1,LOW,51,0,0,0,Boats,195,RESOLVED,CITIZEN,MOBILE_APP,SINHALA,RAINY,True,False,False,False,,0,0,0,0,False,NONE,0,True,12,11,4
INC-2025-1428,2025-12-06T03:01:43.000Z,Gampaha,Western,WET,7.042625,79.987228,Flood,2,MEDIUM,2203,0,2,0,Medical Kits|Tarpaulins|Dry Rations,108,CLOSED,VOLUNTEER,MOBILE_APP,TAMIL,STORMY,True,True,False,False,,0,0,0,0,False,MIXED,3446650,True,12,3,5
INC-2025-1470,2025-12-06T11:20:29.000Z,Vavuniya,Northern,EAST_NORTH,8.602618,80.40067,Medical Emergency,1,LOW,264,0,0,0,Rescue Teams|Medical Kits|Ambulances,551,RESOLVED,MEDIA,SMS,TAMIL,PARTLY_CLOUDY,False,False,False,False,,0,0,0,0,False,AGRICULTURAL,0,True,12,11,5
INC-2025-1362,2025-12-07T03:29:30.000Z,Badulla,Uva,HILL,7.009372,81.076625,Landslide,3,HIGH,169,74,5,0,Search Dogs|Medical Kits|Ambulances,46,IN_PROGRESS,CITIZEN,MOBILE_APP,SINHALA,STORMY,False,False,False,True,GRAMA_NILADHARI,6,5,3,14,False,MIXED,659884,True,12,3,6
INC-2025-1413,2025-12-08T12:21:18.000Z,Puttalam,NorthWestern,DRY,7.915417,79.976613,Flood,1,LOW,229,0,0,0,Medical Kits|Tarpaulins|Dry Rations,47,RESOLVED,DMC_OFFICER,MOBILE_APP,SINHALA,RAINY,True,False,False,False,,0,0,0,0,False,NONE,0,True,12,12,0
INC-2025-0480,2025-12-08T17:55:57.000Z,Matara,Southern,WET,6.07067,80.763495,Flood,2,MEDIUM,400,0,0,0,Water Pumps|Boats|Dry Rations|Tarpaulins,95,RESOLVED,VOLUNTEER,WEB_DASHBOARD,SINHALA,STORMY,False,False,False,True,VOLUNTEER,0,0,0,0,False,RESIDENTIAL,3706764,True,12,17,0
INC-2025-0632,2025-12-09T16:08:56.000Z,Mullaitivu,Northern,EAST_NORTH,9.329258,80.785913,Earthquake,2,MEDIUM,384,0,0,0,Excavators,90,RESOLVED,CITIZEN,MOBILE_APP,TAMIL,SUNNY,True,False,False,False,,0,0,0,0,False,NONE,0,True,12,16,1
INC-2025-1068,2025-12-10T13:49:19.000Z,Vavuniya,Northern,EAST_NORTH,8.804776,80.599463,Flood,1,LOW,2700,0,0,0,Tarpaulins,203,RESOLVED,LOCAL_AUTHORITY,MOBILE_APP,SINHALA,FOG,True,False,False,False,,0,0,0,0,False,RESIDENTIAL,0,True,12,13,2
INC-2025-0951,2025-12-12T14:07:11.000Z,Gampaha,Western,WET,7.013359,80.055548,Flood,1,LOW,4752,0,0,0,Medical Kits,80,CLOSED,SENSOR,SMS,TAMIL,OVERCAST,False,False,False,True,LOCAL_AUTHORITY,0,0,0,0,False,AGRICULTURAL,0,True,12,14,4
INC-2025-0043,2025-12-13T23:55:30.000Z,Anuradhapura,NorthCentral,DRY,8.208898,80.415993,Flood,2,MEDIUM,437,0,0,0,Boats|Water Pumps|Tarpaulins|Rescue Teams,43,RESOLVED,CITIZEN,MOBILE_APP,ENGLISH,STORMY,False,True,False,False,,0,0,0,0,False,INFRASTRUCTURE,1801223,True,12,23,5
INC-2025-0566,2025-12-14T00:47:27.000Z,Kegalle,Sabaragamuwa,WET,7.102383,80.455918,Flash Flood,2,MEDIUM,1294,0,0,0,Water Pumps|Rescue Teams|Medical Kits,65,RESOLVED,CITIZEN,SMS,SINHALA,STORMY,True,False,False,True,LOCAL_AUTHORITY,3,4,0,0,False,RESIDENTIAL,332608,True,12,0,6
INC-2025-0275,2025-12-16T07:01:21.000Z,Gampaha,Western,WET,7.037558,79.903879,Flood,1,LOW,98,0,0,0,Water Pumps,122,RESOLVED,CITIZEN,SMS,TAMIL,FOG,False,False,False,True,GRAMA_NILADHARI,0,0,0,0,False,AGRICULTURAL,0,True,12,7,1
INC-2025-0534,2025-12-18T09:09:24.000Z,Polonnaruwa,NorthCentral,DRY,8.04444,81.056601,Forest Fire,1,LOW,438,0,0,0,Helicopters|Fire Trucks,241,RESOLVED,VOLUNTEER,PHONE_CALL,ENGLISH,FOG,True,False,False,True,VOLUNTEER,0,0,0,0,False,RESIDENTIAL,0,True,12,9,3
INC-2025-0684,2025-12-18T19:50:41.000Z,Kilinochchi,Northern,EAST_NORTH,9.307665,80.470307,Flood,2,MEDIUM,3881,0,0,0,Medical Kits|Tarpaulins,132,RESOLVED,CITIZEN,SMS,SINHALA,OVERCAST,False,False,False,True,LOCAL_AUTHORITY,1,1,1,0,False,MIXED,11433808,True,12,19,3
INC-2025-0144,2025-12-19T21:38:39.000Z,Matara,Southern,WET,5.961072,80.655272,Flash Flood,2,MEDIUM,1985,0,0,0,Boats,105,RESOLVED,CITIZEN,MOBILE_APP,TAMIL,STORMY,False,False,False,True,LOCAL_AUTHORITY,2,2,0,0,True,INFRASTRUCTURE,776665,True,12,21,4
INC-2025-0979,2025-12-26T06:30:18.000Z,Hambantota,Southern,DRY,6.11065,81.062745,Flood,2,MEDIUM,363,0,0,0,Water Pumps,84,RESOLVED,CITIZEN,MOBILE_APP,TAMIL,OVERCAST,False,False,False,True,VOLUNTEER,1,1,0,0,False,AGRICULTURAL,8071495,True,12,6,4
INC-2025-0094,2025-12-27T08:51:51.000Z,Gampaha,Western,WET,7.199273,79.957115,Building Collapse,2,MEDIUM,15475,0,0,0,Search Dogs|Excavators|Medical Kits|Rescue Teams,41,RESOLVED,CITIZEN,MOBILE_APP,SINHALA,STORMY,False,False,True,False,,2,3,2,0,False,NONE,0,True,12,8,5
INC-2025-0189,2025-12-28T19:40:27.000Z,Batticaloa,Eastern,EAST_NORTH,7.649499,81.766926,Flood,2,MEDIUM,204,0,3,0,Boats|Tarpaulins,40,RESOLVED,CITIZEN,SMS,TAMIL,FOG,False,False,False,False,,2,3,2,0,False,RESIDENTIAL,1039278,True,12,19,6
INC-2025-1437,2025-12-28T21:38:34.000Z,Polonnaruwa,NorthCentral,DRY,8.066806,81.247813,Flood,1,LOW,207,0,1,1,Rescue Teams|Dry Rations|Medical Kits,187,CLOSED,CITIZEN,WEB_DASHBOARD,SINHALA,STORMY,True,False,False,False,,0,0,0,0,True,MIXED,0,True,12,21,6
INC-2025-0175,2025-12-29T10:35:55.000Z,Gampaha,Western,WET,7.008066,80.067185,Flood,1,LOW,2626,0,0,0,Rescue Teams|Boats|Tarpaulins,97,IN_PROGRESS,CITIZEN,MOBILE_APP,SINHALA,RAINY,True,True,False,False,,0,0,0,0,False,MIXED,0,True,12,10,0
INC-2025-0109,2025-12-30T01:13:24.000Z,Vavuniya,Northern,EAST_NORTH,8.811496,80.395112,Flood,2,MEDIUM,1636,0,0,0,Water Pumps|Dry Rations|Tarpaulins,210,RESOLVED,CITIZEN,MOBILE_APP,TAMIL,RAINY,False,False,False,False,,1,2,0,0,False,RESIDENTIAL,1360585,True,12,1,1
INC-2026-1155,2026-01-03T04:21:13.000Z,Puttalam,NorthWestern,DRY,8.174498,80.099198,High Winds/Cyclone,2,MEDIUM,6384,0,7,1,Emergency Shelters|Generators|Rescue Teams,162,CLOSED,CITIZEN,WEB_DASHBOARD,ENGLISH,STORMY,True,False,False,True,VOLUNTEER,1,1,1,0,False,AGRICULTURAL,17016361,False,1,4,5
INC-2026-0383,2026-01-07T22:07:08.000Z,Vavuniya,Northern,EAST_NORTH,8.80944,80.355538,Drought,2,MEDIUM,2954,0,0,0,Dry Rations,132,RESOLVED,CITIZEN,PHONE_CALL,SINHALA,FOG,False,False,False,True,DMC_OFFICER,0,0,0,0,False,NONE,0,False,1,22,2
INC-2026-0143,2026-01-09T19:40:32.000Z,Trincomalee,Eastern,EAST_NORTH,8.649385,81.020748,Building Collapse,2,MEDIUM,94,0,1,0,Medical Kits|Search Dogs|Rescue Teams|Ambulances,101,RESOLVED,CITIZEN,MOBILE_APP,SINHALA,STORMY,False,False,False,True,LOCAL_AUTHORITY,3,4,4,0,True,INFRASTRUCTURE,470549,False,1,19,4
INC-2026-0699,2026-01-11T19:30:22.000Z,Monaragala,Uva,DRY,6.625489,81.286349,Drought,1,LOW,477,0,0,0,Livestock Feed|Medical Kits|Dry Rations|Water Tankers,234,RESOLVED,DMC_OFFICER,WEB_DASHBOARD,SINHALA,OVERCAST,False,False,False,False,,0,0,0,0,False,MIXED,0,False,1,19,6
INC-2026-0678,2026-01-12T17:54:33.000Z,Kegalle,Sabaragamuwa,WET,7.395881,80.416641,Landslide,1,LOW,408,0,0,0,Dry Rations|Excavators|Search Dogs,185,RESOLVED,VOLUNTEER,MOBILE_APP,TAMIL,RAINY,False,True,False,False,,0,0,0,0,False,INFRASTRUCTURE,0,False,1,17,0
INC-2026-1345,2026-01-13T19:43:34.000Z,Anuradhapura,NorthCentral,DRY,8.205686,80.498135,Drought,2,MEDIUM,8252,0,0,0,Water Tankers|Medical Kits,62,RESOLVED,CITIZEN,MOBILE_APP,SINHALA,SUNNY,False,False,False,True,LOCAL_AUTHORITY,0,0,0,0,False,RESIDENTIAL,1562426,False,1,19,1
INC-2026-0750,2026-01-14T03:35:28.000Z,Hambantota,Southern,DRY,6.238337,81.227538,Flood,1,LOW,846,0,0,0,Water Pumps|Boats,148,RESOLVED,DMC_OFFICER,MOBILE_APP,SINHALA,STORMY,False,False,False,True,LOCAL_AUTHORITY,0,0,0,0,False,MIXED,0,False,1,3,2
INC-2026-0466,2026-01-17T19:41:19.000Z,Matara,Southern,WET,6.077247,80.717959,Landslide,2,MEDIUM,5014,0,1,4,Dry Rations|Search Dogs,98,RESOLVED,MEDIA,SMS,TAMIL,FOG,False,False,False,False,,1,2,0,0,False,RESIDENTIAL,28219101,False,1,19,5
INC-2026-1334,2026-01-18T12:32:22.000Z,Kurunegala,NorthWestern,DRY,7.544074,80.37929,Forest Fire,1,LOW,363,0,0,0,Water Tankers,60,RESOLVED,DMC_OFFICER,MOBILE_APP,SINHALA,STORMY,False,True,False,True,LOCAL_AUTHORITY,0,0,0,0,False,INFRASTRUCTURE,0,False,1,12,6
INC-2026-0551,2026-01-18T22:52:12.000Z,Batticaloa,Eastern,EAST_NORTH,7.836657,81.758514,Flash Flood,3,HIGH,2215,321,0,0,Rescue Teams|Medical Kits,65,RESOLVED,CITIZEN,WEB_DASHBOARD,SINHALA,STORMY,False,False,False,True,GRAMA_NILADHARI,7,5,1,80,True,MIXED,563811,False,1,22,6
INC-2026-0138,2026-01-20T02:29:40.000Z,Galle,Southern,WET,5.946283,80.216887,High Winds/Cyclone,1,LOW,491,0,0,0,Rescue Teams|Medical Kits|Generators,257,CLOSED,SENSOR,MOBILE_APP,ENGLISH,SUNNY,True,False,True,True,LOCAL_AUTHORITY,0,0,0,0,False,NONE,0,False,1,2,1
INC-2026-0468,2026-01-22T14:52:19.000Z,Kegalle,Sabaragamuwa,WET,7.308353,80.414695,Flood,1,LOW,5758,0,0,0,Medical Kits|Dry Rations|Tarpaulins|Water Pumps,285,CLOSED,CITIZEN,MOBILE_APP,ENGLISH,PARTLY_CLOUDY,False,True,False,True,VOLUNTEER,0,0,0,0,False,INFRASTRUCTURE,0,False,1,14,3
INC-2026-1140,2026-01-23T00:10:05.000Z,Matale,Central,HILL,7.55214,80.721849,Forest Fire,1,LOW,950,0,0,0,Medical Kits|Helicopters,89,RESOLVED,VOLUNTEER,WEB_DASHBOARD,SINHALA,FOG,False,False,True,True,VOLUNTEER,0,0,0,0,False,RESIDENTIAL,0,False,1,0,4
INC-2026-0975,2026-01-23T04:59:07.000Z,Jaffna,Northern,EAST_NORTH,9.58641,80.100406,Landslide,1,LOW,1076,0,0,0,Dry Rations|Excavators|Ambulances,154,RESOLVED,CITIZEN,WEB_DASHBOARD,SINHALA,RAINY,False,False,False,False,,0,0,0,0,False,RESIDENTIAL,0,False,1,4,4
INC-2026-1037,2026-01-27T23:51:46.000Z,NuwaraEliya,Central,HILL,6.960239,80.620181,Landslide,3,HIGH,4089,1437,2,0,Rescue Teams|Excavators|Medical Kits|Ambulances,67,IN_PROGRESS,CITIZEN,MOBILE_APP,ENGLISH,PARTLY_CLOUDY,True,False,False,False,,6,6,4,359,True,AGRICULTURAL,4308408,False,1,23,1
INC-2026-1086,2026-01-28T13:05:11.000Z,Polonnaruwa,NorthCentral,DRY,7.887607,81.03936,High Winds/Cyclone,1,LOW,3860,0,0,0,Generators|Dry Rations|Rescue Teams|Medical Kits,189,RESOLVED,CITIZEN,MOBILE_APP,ENGLISH,FOG,False,True,False,True,GRAMA_NILADHARI,0,0,0,0,False,RESIDENTIAL,0,False,1,13,2
INC-2026-0483,2026-01-28T14:26:25.000Z,Vavuniya,Northern,EAST_NORTH,8.802513,80.36485,Drought,3,HIGH,19546,3909,0,0,Water Tankers,21,RESOLVED,DMC_OFFICER,SMS,ENGLISH,PARTLY_CLOUDY,False,False,True,True,VOLUNTEER,4,3,1,1303,False,RESIDENTIAL,409008,False,1,14,2
INC-2026-1218,2026-01-28T14:42:37.000Z,NuwaraEliya,Central,HILL,6.833635,80.899361,Forest Fire,1,LOW,95,0,0,0,Medical Kits|Helicopters,143,CLOSED,VOLUNTEER,WEB_DASHBOARD,ENGLISH,OVERCAST,False,False,False,False,,0,0,0,0,True,RESIDENTIAL,0,False,1,14,2
INC-2026-0730,2026-01-30T03:08:25.000Z,Kilinochchi,Northern,EAST_NORTH,9.245781,80.431898,Drought,1,LOW,1549,0,0,0,Medical Kits|Water Tankers,278,RESOLVED,MEDIA,WEB_DASHBOARD,SINHALA,STORMY,False,False,True,True,DMC_OFFICER,0,0,0,0,False,INFRASTRUCTURE,0,False,1,3,4
INC-2026-0553,2026-01-30T04:22:39.000Z,Vavuniya,Northern,EAST_NORTH,8.773363,80.50805,Landslide,2,MEDIUM,8516,0,0,0,Ambulances|Excavators,131,RESOLVED,MEDIA,MOBILE_APP,SINHALA,RAINY,True,False,True,False,,1,1,0,0,False,INFRASTRUCTURE,2937990,False,1,4,4
INC-2026-0119,2026-02-05T09:16:40.000Z,Matale,Central,HILL,7.427282,80.653113,Flash Flood,1,LOW,504,0,0,0,Water Pumps,241,RESOLVED,CITIZEN,PHONE_CALL,ENGLISH,RAINY,False,False,False,False,,0,0,0,0,False,RESIDENTIAL,0,False,2,9,3
INC-2026-0096,2026-02-05T10:26:37.000Z,Monaragala,Uva,DRY,6.810278,81.430749,Forest Fire,1,LOW,635,0,0,0,Helicopters,104,IN_PROGRESS,DMC_OFFICER,WEB_DASHBOARD,SINHALA,RAINY,False,False,False,True,VOLUNTEER,0,0,0,0,False,AGRICULTURAL,0,False,2,10,3
INC-2026-0507,2026-02-07T00:24:27.000Z,Jaffna,Northern,EAST_NORTH,9.717508,80.130784,High Winds/Cyclone,2,MEDIUM,1710,0,0,0,Emergency Shelters|Medical Kits|Generators|Rescue Teams,82,RESOLVED,CITIZEN,WEB_DASHBOARD,TAMIL,SUNNY,True,False,False,True,GRAMA_NILADHARI,2,1,1,0,False,NONE,0,False,2,0,5
INC-2026-0433,2026-02-07T14:03:10.000Z,Jaffna,Northern,EAST_NORTH,9.783093,80.016956,Coastal Erosion,1,LOW,555,0,0,0,Dry Rations|Rescue Teams|Boats,253,RESOLVED,SENSOR,FIELD_REPORT,ENGLISH,PARTLY_CLOUDY,False,False,False,False,,0,0,0,0,False,NONE,0,False,2,14,5
INC-2026-0307,2026-02-09T21:54:05.000Z,Anuradhapura,NorthCentral,DRY,8.136476,80.482491,High Winds/Cyclone,1,LOW,2461,0,0,0,Rescue Teams|Generators|Dry Rations,149,RESOLVED,VOLUNTEER,MOBILE_APP,SINHALA,RAINY,True,False,False,True,VOLUNTEER,0,0,0,0,False,NONE,0,False,2,21,0
INC-2026-1359,2026-02-10T14:46:36.000Z,Galle,Southern,WET,6.111167,80.364156,Flood,2,MEDIUM,709,0,0,0,Tarpaulins,51,CLOSED,SENSOR,SMS,ENGLISH,OVERCAST,True,False,False,True,DMC_OFFICER,0,0,0,0,True,RESIDENTIAL,656748,False,2,14,1
INC-2026-0763,2026-02-11T10:44:33.000Z,Polonnaruwa,NorthCentral,DRY,7.900805,81.268959,Coastal Erosion,2,MEDIUM,1063,0,0,0,Dry Rations,41,RESOLVED,DMC_OFFICER,MOBILE_APP,TAMIL,STORMY,False,True,False,False,,2,3,2,0,False,NONE,0,False,2,10,2
INC-2026-0629,2026-02-14T10:10:49.000Z,Jaffna,Northern,EAST_NORTH,9.517065,80.011331,Forest Fire,1,LOW,469,0,0,0,Helicopters|Rescue Teams|Fire Trucks|Water Tankers,127,RESOLVED,SENSOR,FIELD_REPORT,TAMIL,SUNNY,False,False,False,False,,0,0,0,0,False,RESIDENTIAL,0,False,2,10,5
INC-2026-1469,2026-02-15T02:10:45.000Z,Batticaloa,Eastern,EAST_NORTH,7.687653,81.775432,Flash Flood,3,HIGH,2411,1372,0,0,Water Pumps|Medical Kits,54,IN_PROGRESS,DMC_OFFICER,WEB_DASHBOARD,SINHALA,OVERCAST,False,False,False,True,LOCAL_AUTHORITY,7,1,0,228,False,RESIDENTIAL,1847560,False,2,2,6
INC-2026-0187,2026-02-16T05:55:50.000Z,Ampara,Eastern,EAST_NORTH,7.254375,81.793034,Landslide,2,MEDIUM,6600,0,0,0,Search Dogs|Ambulances,124,CLOSED,CITIZEN,PHONE_CALL,SINHALA,PARTLY_CLOUDY,False,False,False,False,,1,1,1,0,False,RESIDENTIAL,38023,False,2,5,0
INC-2026-1458,2026-02-16T09:31:10.000Z,Gampaha,Western,WET,7.102526,79.982817,Earthquake,2,MEDIUM,10039,0,0,0,Search Dogs|Emergency Shelters|Medical Kits|Ambulances,92,RESOLVED,VOLUNTEER,MOBILE_APP,TAMIL,RAINY,True,True,False,True,DMC_OFFICER,1,1,0,0,False,RESIDENTIAL,2288098,False,2,9,0
INC-2026-0926,2026-02-18T10:54:42.000Z,Matale,Central,HILL,7.501979,80.704955,Building Collapse,2,MEDIUM,296,0,0,0,Search Dogs|Excavators|Rescue Teams,161,RESOLVED,DMC_OFFICER,MOBILE_APP,ENGLISH,STORMY,True,False,False,True,GRAMA_NILADHARI,1,1,1,0,False,NONE,0,False,2,10,2
INC-2026-1492,2026-02-22T08:41:55.000Z,NuwaraEliya,Central,HILL,6.810483,80.846227,Landslide,2,MEDIUM,1858,0,0,0,Excavators|Dry Rations,126,RESOLVED,MEDIA,MOBILE_APP,TAMIL,STORMY,True,True,False,False,,0,0,0,0,False,AGRICULTURAL,723277,False,2,8,6
INC-2026-0859,2026-02-24T22:20:02.000Z,Puttalam,NorthWestern,DRY,7.874723,80.114763,Flash Flood,3,HIGH,922,489,1,0,Rescue Teams|Medical Kits|Water Pumps,20,IN_PROGRESS,CITIZEN,MOBILE_APP,SINHALA,STORMY,True,False,False,True,LOCAL_AUTHORITY,3,2,0,97,False,INFRASTRUCTURE,53333,False,2,22,1
INC-2026-1185,2026-02-28T00:03:10.000Z,Polonnaruwa,NorthCentral,DRY,7.948285,81.051209,Flood,1,LOW,9421,0,0,0,Medical Kits|Dry Rations|Water Pumps,54,RESOLVED,SENSOR,WEB_DASHBOARD,ENGLISH,OVERCAST,True,False,True,False,,0,0,0,0,False,RESIDENTIAL,0,False,2,0,5
INC-2026-0546,2026-02-28T08:14:18.000Z,Kegalle,Sabaragamuwa,WET,7.318029,80.442398,Landslide,1,LOW,301,0,0,0,Search Dogs,105,RESOLVED,VOLUNTEER,MOBILE_APP,SINHALA,SUNNY,True,True,False,False,,0,0,0,0,False,RESIDENTIAL,0,False,2,8,5
INC-2026-0281,2026-02-28T15:06:59.000Z,Trincomalee,Eastern,EAST_NORTH,8.545591,81.13125,Medical Emergency,2,MEDIUM,405,0,1,0,Blood Supplies|Ambulances|Rescue Teams,130,RESOLVED,CITIZEN,FIELD_REPORT,SINHALA,RAINY,False,False,False,False,,1,1,0,0,False,INFRASTRUCTURE,23500628,False,2,15,5
INC-2026-1396,2026-03-03T02:41:02.000Z,Trincomalee,Eastern,EAST_NORTH,8.527013,81.066212,Flood,1,LOW,159,0,0,0,Medical Kits|Dry Rations|Boats|Tarpaulins,179,RESOLVED,CITIZEN,MOBILE_APP,TAMIL,OVERCAST,True,True,False,True,LOCAL_AUTHORITY,0,0,0,0,False,INFRASTRUCTURE,0,False,3,2,1
INC-2026-0502,2026-03-03T04:20:11.000Z,Anuradhapura,NorthCentral,DRY,8.470015,80.210272,Flood,1,LOW,5828,0,0,0,Water Pumps,68,RESOLVED,CITIZEN,MOBILE_APP,SINHALA,OVERCAST,False,False,False,False,,0,0,0,0,False,MIXED,0,False,3,4,1
INC-2026-0239,2026-03-04T07:51:22.000Z,Hambantota,Southern,DRY,6.285462,81.107142,Medical Emergency,3,HIGH,14270,8267,0,0,Ambulances|Medical Kits,46,RESOLVED,CITIZEN,MOBILE_APP,ENGLISH,FOG,False,False,False,True,DMC_OFFICER,3,3,2,2066,True,AGRICULTURAL,596804,False,3,7,2
INC-2026-0695,2026-03-08T01:11:49.000Z,Matale,Central,HILL,7.667815,80.603616,Medical Emergency,2,MEDIUM,5171,0,1,0,Medical Kits|Rescue Teams|Blood Supplies|Ambulances,88,RESOLVED,CITIZEN,MOBILE_APP,SINHALA,RAINY,True,True,False,False,,0,0,0,0,False,RESIDENTIAL,3981183,False,3,1,6
INC-2026-1159,2026-03-12T19:41:31.000Z,Ratnapura,Sabaragamuwa,WET,6.658506,80.39761,Landslide,2,MEDIUM,369,0,0,0,Search Dogs,170,IN_PROGRESS,CITIZEN,MOBILE_APP,TAMIL,RAINY,True,False,False,True,DMC_OFFICER,1,1,0,0,False,INFRASTRUCTURE,112582,False,3,19,3
INC-2026-1063,2026-03-12T23:21:19.000Z,Galle,Southern,WET,5.97681,80.329182,Flood,1,LOW,63,0,0,0,Dry Rations|Rescue Teams,147,RESOLVED,DMC_OFFICER,MOBILE_APP,SINHALA,RAINY,True,False,False,True,LOCAL_AUTHORITY,0,0,0,0,False,NONE,0,False,3,23,3
INC-2026-1264,2026-03-13T10:57:12.000Z,Gampaha,Western,WET,7.197328,79.96501,Forest Fire,2,MEDIUM,1174,0,0,0,Water Tankers|Helicopters,49,RESOLVED,DMC_OFFICER,MOBILE_APP,SINHALA,PARTLY_CLOUDY,False,False,False,False,,0,0,0,0,False,NONE,0,False,3,10,4
INC-2026-0382,2026-03-13T12:55:48.000Z,Ampara,Eastern,EAST_NORTH,7.301964,81.527335,Forest Fire,2,MEDIUM,1150,0,0,0,Water Tankers,72,RESOLVED,VOLUNTEER,WEB_DASHBOARD,SINHALA,RAINY,True,False,False,False,,0,0,0,0,False,NONE,0,False,3,12,4
INC-2026-0372,2026-03-13T16:45:52.000Z,Ampara,Eastern,EAST_NORTH,7.155827,81.734872,High Winds/Cyclone,1,LOW,201,0,0,0,Emergency Shelters,368,RESOLVED,LOCAL_AUTHORITY,WEB_DASHBOARD,SINHALA,RAINY,False,False,False,True,LOCAL_AUTHORITY,0,0,0,0,False,MIXED,0,False,3,16,4
INC-2026-0822,2026-03-14T03:24:22.000Z,Puttalam,NorthWestern,DRY,7.863795,79.821415,Flood,2,MEDIUM,730,0,0,0,Tarpaulins|Rescue Teams,65,IN_PROGRESS,CITIZEN,MOBILE_APP,SINHALA,STORMY,False,False,False,False,,2,1,0,0,False,INFRASTRUCTURE,2329229,False,3,3,5
INC-2026-0921,2026-03-16T18:53:45.000Z,Anuradhapura,NorthCentral,DRY,8.385715,80.450007,Flood,1,LOW,46,0,0,0,Medical Kits,228,RESOLVED,VOLUNTEER,FIELD_REPORT,SINHALA,PARTLY_CLOUDY,False,False,False,False,,0,0,0,0,False,RESIDENTIAL,0,False,3,18,0
INC-2026-0765,2026-03-25T23:21:34.000Z,Vavuniya,Northern,EAST_NORTH,8.893935,80.53212,Forest Fire,1,LOW,1110,0,0,0,Helicopters|Fire Trucks,233,RESOLVED,VOLUNTEER,MOBILE_APP,SINHALA,FOG,True,True,True,False,,0,0,0,0,False,MIXED,0,False,3,23,2
INC-2026-1212,2026-03-26T00:15:27.000Z,Matara,Southern,WET,5.999296,80.406807,Building Collapse,2,MEDIUM,1933,0,0,0,Rescue Teams|Medical Kits|Search Dogs,59,CLOSED,CITIZEN,MOBILE_APP,SINHALA,SUNNY,True,True,False,True,DMC_OFFICER,2,1,0,0,False,MIXED,482257,False,3,0,3
INC-2026-0608,2026-03-27T12:24:12.000Z,Vavuniya,Northern,EAST_NORTH,8.775567,80.324215,Flash Flood,1,LOW,453,0,0,0,Boats|Water Pumps,169,CLOSED,VOLUNTEER,WEB_DASHBOARD,ENGLISH,STORMY,False,False,False,True,GRAMA_NILADHARI,0,0,0,0,False,INFRASTRUCTURE,0,False,3,12,4
INC-2026-0215,2026-03-27T13:30:28.000Z,Ratnapura,Sabaragamuwa,WET,6.554861,80.420233,Landslide,2,MEDIUM,6245,0,3,0,Medical Kits|Search Dogs|Dry Rations|Rescue Teams,44,RESOLVED,DMC_OFFICER,FIELD_REPORT,SINHALA,SUNNY,False,False,False,True,VOLUNTEER,0,0,0,0,False,NONE,0,False,3,13,4
INC-2026-1129,2026-03-29T22:59:29.000Z,Colombo,Western,WET,6.883332,79.889348,Building Collapse,1,LOW,150,0,0,0,Ambulances|Medical Kits|Excavators,144,RESOLVED,LOCAL_AUTHORITY,MOBILE_APP,SINHALA,STORMY,True,False,False,True,LOCAL_AUTHORITY,0,0,0,0,False,RESIDENTIAL,0,False,3,22,6
