Incident_ID,Timestamp,District,Zone,Incident_Type,Severity_Level,Priority_Label,Affected_Population,Casualties,Required_Resources,Response_Time_Mins,Status,Reported_By,Report_Channel,Report_Language,Weather_Condition,Has_Photo_Evidence,Has_Video_Evidence,Offline_Submission,Is_Verified,Verified_By,Volunteers_Dispatched,Tasks_Created,Tasks_Completed,Relief_Tokens_Issued,Psych_Support_Needed,Damage_Category,Estimated_Loss_LKR,Is_Monsoon_Season,Month,Hour_Of_Day,Day_Of_Week,Has_Children,Has_Elderly,Has_Disabled
INC-2025-0001,2025-01-20T10:14:03,Puttalam,WET,High Winds/Cyclone,2,MEDIUM,340,0,Rescue Teams|Medical Kits,92,RESOLVED,CITIZEN,MOBILE_APP,SINHALA,RAIN,True,True,False,True,OFFICER-01,8,1,5,83,False,MODERATE,0,True,1,13,0,False,False,True
INC-2025-0002,2025-06-21T05:18:39,Badulla,WET,Forest Fire,1,LOW,67,0,Rescue Teams|Medical Kits,28,RESOLVED,CITIZEN,MOBILE_APP,SINHALA,RAIN,True,True,False,True,OFFICER-01,6,0,2,44,False,MODERATE,0,True,6,10,5,True,False,False
INC-2025-0003,2025-02-03T17:58:29,Kandy,WET,Landslide,4,CRITICAL,1994,8,Rescue Teams|Medical Kits,23,RESOLVED,CITIZEN,MOBILE_APP,SINHALA,RAIN,False,False,False,True,OFFICER-01,10,1,2,10,False,MODERATE,0,True,2,19,0,True,False,False
INC-2025-0004,2025-03-20T10:48:11,Kegalle,WET,High Winds/Cyclone,1,LOW,494,0,Rescue Teams|Medical Kits,36,RESOLVED,CITIZEN,MOBILE_APP,TAMIL,RAIN,False,False,False,True,OFFICER-01,3,1,3,48,False,MODERATE,0,True,3,8,3,True,True,False
INC-2026-0005,2026-05-13T02:27:36,Kandy,WET,Landslide,4,CRITICAL,1909,21,Rescue Teams|Medical Kits,87,RESOLVED,CITIZEN,MOBILE_APP,TAMIL,RAIN,True,True,False,True,OFFICER-01,5,1,5,63,False,MODERATE,0,True,5,10,2,False,True,True
INC-2026-0006,2026-05-15T07:37:38,Colombo,WET,Building Collapse,2,MEDIUM,78,1,Rescue Teams|Medical Kits,80,RESOLVED,CITIZEN,MOBILE_APP,ENGLISH,RAIN,True,True,False,True,OFFICER-01,1,0,0,19,False,MODERATE,0,True,5,18,4,True,False,False
INC-2026-0007,2026-06-13T13:05:21,Hambantota,WET,High Winds/Cyclone,2,MEDIUM,104,0,Rescue Teams|Medical Kits,102,RESOLVED,CITIZEN,MOBILE_APP,TAMIL,RAIN,False,True,False,True,OFFICER-01,4,5,2,14,False,MODERATE,0,True,6,17,5,True,False,False
INC-2025-0008,2025-12-04T16:36:42,Nuwara Eliya,WET,Landslide,3,HIGH,1123,9,Rescue Teams|Medical Kits,34,RESOLVED,CITIZEN,MOBILE_APP,ENGLISH,RAIN,True,False,False,True,OFFICER-01,2,4,4,0,False,MODERATE,0,True,12,20,3,False,False,False
INC-2026-0009,2026-01-15T12:16:14,Colombo,WET,Medical Emergency,2,MEDIUM,11,1,Rescue Teams|Medical Kits,23,RESOLVED,CITIZEN,MOBILE_APP,TAMIL,RAIN,False,True,False,True,OFFICER-01,2,1,5,60,False,MODERATE,0,True,1,18,3,False,True,True
INC-2025-0010,2025-07-25T21:00:49,Hambantota,WET,High Winds/Cyclone,2,MEDIUM,117,0,Rescue Teams|Medical Kits,62,RESOLVED,CITIZEN,MOBILE_APP,ENGLISH,RAIN,False,False,False,True,OFFICER-01,8,3,0,31,False,MODERATE,0,True,7,6,4,True,False,False
INC-2025-0011,2025-02-19T17:31:45,Kegalle,WET,High Winds/Cyclone,2,MEDIUM,473,9,Rescue Teams|Medical Kits,80,RESOLVED,CITIZEN,MOBILE_APP,SINHALA,RAIN,True,True,False,True,OFFICER-01,4,5,3,27,False,MODERATE,0,True,2,7,2,True,True,False
INC-2026-0012,2026-07-16T20:16:08,Galle,WET,High Winds/Cyclone,2,MEDIUM,196,0,Rescue Teams|Medical Kits,108,RESOLVED,CITIZEN,MOBILE_APP,SINHALA,RAIN,True,False,False,True,OFFICER-01,10,5,5,12,False,MODERATE,0,True,7,21,3,True,False,True
INC-2025-0013,2025-11-09T17:24:16,Kandy,WET,Flood,3,HIGH,4982,14,Rescue Teams|Medical Kits,85,RESOLVED,CITIZEN,MOBILE_APP,SINHALA,RAIN,True,False,False,True,OFFICER-01,0,5,4,1,False,MODERATE,0,True,11,14,6,True,True,False
INC-2026-0014,2026-08-09T07:28:44,Rathnapura,WET,Flood,4,CRITICAL,2738,27,Rescue Teams|Medical Kits,115,RESOLVED,CITIZEN,MOBILE_APP,ENGLISH,RAIN,True,False,False,True,OFFICER-01,4,3,5,93,False,MODERATE,0,True,8,12,6,True,False,True
INC-2025-0015,2025-05-01T05:37:19,Anuradhapura,WET,Drought,2,MEDIUM,888,0,Rescue Teams|Medical Kits,82,RESOLVED,CITIZEN,MOBILE_APP,SINHALA,RAIN,True,False,False,True,OFFICER-01,0,4,0,23,False,MODERATE,0,True,5,1,3,True,False,False
INC-2026-0016,2026-04-08T04:15:30,Rathnapura,WET,Flood,3,HIGH,1139,0,Rescue Teams|Medical Kits,81,RESOLVED,CITIZEN,MOBILE_APP,ENGLISH,RAIN,False,False,False,True,OFFICER-01,4,1,5,91,False,MODERATE,0,True,4,1,2,False,False,False
INC-2025-0017,2025-07-05T09:25:43,Colombo,WET,Medical Emergency,4,CRITICAL,26,1,Rescue Teams|Medical Kits,79,RESOLVED,CITIZEN,MOBILE_APP,ENGLISH,RAIN,False,False,False,True,OFFICER-01,2,2,0,31,False,MODERATE,0,True,7,19,5,False,False,True
INC-2025-0018,2025-08-10T08:33:00,Gampaha,WET,Medical Emergency,1,LOW,20,0,Rescue Teams|Medical Kits,99,RESOLVED,CITIZEN,MOBILE_APP,SINHALA,RAIN,True,False,False,True,OFFICER-01,2,2,0,13,False,MODERATE,0,True,8,16,6,True,False,False
INC-2025-0019,2025-07-31T12:56:19,Galle,WET,High Winds/Cyclone,1,LOW,122,0,Rescue Teams|Medical Kits,69,RESOLVED,CITIZEN,MOBILE_APP,ENGLISH,RAIN,True,False,False,True,OFFICER-01,0,0,2,98,False,MODERATE,0,True,7,15,3,True,False,False
INC-2026-0020,2026-05-10T20:39:14,Galle,WET,High Winds/Cyclone,1,LOW,117,0,Rescue Teams|Medical Kits,89,RESOLVED,CITIZEN,MOBILE_APP,TAMIL,RAIN,False,False,False,True,OFFICER-01,2,3,1,5,False,MODERATE,0,True,5,22,6,False,False,False
INC-2025-0021,2025-10-11T05:35:48,Nuwara Eliya,WET,Landslide,4,CRITICAL,2430,0,Rescue Teams|Medical Kits,34,RESOLVED,CITIZEN,MOBILE_APP,SINHALA,RAIN,False,False,False,True,OFFICER-01,2,1,3,3,False,MODERATE,0,True,10,17,5,True,True,False
INC-2026-0022,2026-07-27T02:33:24,Hambantota,WET,High Winds/Cyclone,1,LOW,92,0,Rescue Teams|Medical Kits,75,RESOLVED,CITIZEN,MOBILE_APP,SINHALA,RAIN,False,True,False,True,OFFICER-01,3,3,2,39,False,MODERATE,0,True,7,5,0,False,False,False
INC-2025-0023,2025-06-23T03:35:46,Kegalle,WET,High Winds/Cyclone,2,MEDIUM,312,0,Rescue Teams|Medical Kits,83,RESOLVED,CITIZEN,MOBILE_APP,ENGLISH,RAIN,False,False,False,True,OFFICER-01,0,0,2,22,False,MODERATE,0,True,6,11,0,True,True,False
INC-2025-0024,2025-01-30T17:09:57,Kandy,WET,Landslide,3,HIGH,722,6,Rescue Teams|Medical Kits,81,RESOLVED,CITIZEN,MOBILE_APP,TAMIL,RAIN,True,True,False,True,OFFICER-01,10,5,5,94,False,MODERATE,0,True,1,18,3,True,False,False
INC-2025-0025,2025-10-10T21:34:49,Matara,WET,High Winds/Cyclone,1,LOW,320,6,Rescue Teams|Medical Kits,104,RESOLVED,CITIZEN,MOBILE_APP,ENGLISH,RAIN,True,False,False,True,OFFICER-01,8,1,1,53,False,MODERATE,0,True,10,9,4,False,False,False
INC-2026-0026,2026-06-11T02:07:17,Colombo,WET,Building Collapse,2,MEDIUM,42,1,Rescue Teams|Medical Kits,42,RESOLVED,CITIZEN,MOBILE_APP,TAMIL,RAIN,False,False,False,True,OFFICER-01,7,5,1,84,False,MODERATE,0,True,6,19,3,True,True,False
INC-2025-0027,2025-08-09T10:09:43,Rathnapura,WET,Flood,4,CRITICAL,2055,0,Rescue Teams|Medical Kits,75,RESOLVED,CITIZEN,MOBILE_APP,TAMIL,RAIN,True,True,False,True,OFFICER-01,1,3,3,80,False,MODERATE,0,True,8,9,5,True,False,False
INC-2026-0028,2026-07-12T22:56:18,Matara,WET,High Winds/Cyclone,2,MEDIUM,296,0,Rescue Teams|Medical Kits,104,RESOLVED,CITIZEN,MOBILE_APP,TAMIL,RAIN,False,True,False,True,OFFICER-01,7,0,4,31,False,MODERATE,0,True,7,3,6,False,True,False
INC-2025-0029,2025-12-21T13:03:54,Puttalam,WET,High Winds/Cyclone,1,LOW,268,0,Rescue Teams|Medical Kits,85,RESOLVED,CITIZEN,MOBILE_APP,ENGLISH,RAIN,False,False,False,True,OFFICER-01,2,5,3,57,False,MODERATE,0,True,12,14,6,False,False,False
INC-2026-0030,2026-08-07T22:08:06,Kandy,WET,Landslide,4,CRITICAL,1006,0,Rescue Teams|Medical Kits,84,RESOLVED,CITIZEN,MOBILE_APP,SINHALA,RAIN,False,True,False,True,OFFICER-01,2,1,1,49,False,MODERATE,0,True,8,2,4,True,False,False
INC-2026-0031,2026-07-03T16:36:26,Galle,WET,High Winds/Cyclone,2,MEDIUM,104,2,Rescue Teams|Medical Kits,112,RESOLVED,CITIZEN,MOBILE_APP,TAMIL,RAIN,False,False,False,True,OFFICER-01,6,3,0,45,False,MODERATE,0,True,7,12,4,True,True,False
INC-2026-0032,2026-08-09T05:47:39,Nuwara Eliya,WET,Landslide,3,HIGH,1598,31,Rescue Teams|Medical Kits,64,RESOLVED,CITIZEN,MOBILE_APP,ENGLISH,RAIN,True,True,False,True,OFFICER-01,10,5,3,92,False,MODERATE,0,True,8,7,6,False,False,False
INC-2025-0033,2025-12-30T00:47:01,Hambantota,WET,High Winds/Cyclone,1,LOW,66,0,Rescue Teams|Medical Kits,21,RESOLVED,CITIZEN,MOBILE_APP,ENGLISH,RAIN,False,True,False,True,OFFICER-01,6,2,1,58,False,MODERATE,0,True,12,2,1,False,False,False
INC-2025-0034,2025-09-20T03:27:58,Colombo,WET,Medical Emergency,1,LOW,34,1,Rescue Teams|Medical Kits,20,RESOLVED,CITIZEN,MOBILE_APP,SINHALA,RAIN,True,True,False,True,OFFICER-01,3,1,0,79,False,MODERATE,0,True,9,11,5,True,True,False
INC-2025-0035,2025-07-05T06:48:00,Galle,WET,High Winds/Cyclone,1,LOW,82,0,Rescue Teams|Medical Kits,29,RESOLVED,CITIZEN,MOBILE_APP,SINHALA,RAIN,True,False,False,True,OFFICER-01,4,0,4,3,False,MODERATE,0,True,7,11,5,False,False,False
INC-2026-0036,2026-03-24T05:37:44,Nuwara Eliya,WET,Landslide,4,CRITICAL,2187,0,Rescue Teams|Medical Kits,118,RESOLVED,CITIZEN,MOBILE_APP,SINHALA,RAIN,False,False,False,True,OFFICER-01,9,0,2,68,False,MODERATE,0,True,3,3,1,True,False,False
INC-2026-0037,2026-05-29T19:39:05,Badulla,WET,Forest Fire,4,CRITICAL,57,1,Rescue Teams|Medical Kits,108,RESOLVED,CITIZEN,MOBILE_APP,TAMIL,RAIN,False,False,False,True,OFFICER-01,10,2,4,68,False,MODERATE,0,True,5,20,4,False,True,False
INC-2025-0038,2025-12-28T01:52:30,Anuradhapura,WET,Drought,3,HIGH,1392,0,Rescue Teams|Medical Kits,93,RESOLVED,CITIZEN,MOBILE_APP,TAMIL,RAIN,False,True,False,True,OFFICER-01,6,2,0,63,False,MODERATE,0,True,12,8,6,True,True,False
INC-2025-0039,2025-05-22T05:44:26,Colombo,WET,Medical Emergency,1,LOW,41,1,Rescue Teams|Medical Kits,67,RESOLVED,CITIZEN,MOBILE_APP,ENGLISH,RAIN,True,True,False,True,OFFICER-01,8,1,5,60,False,MODERATE,0,True,5,0,3,False,False,False
INC-2025-0040,2025-12-15T02:34:44,Anuradhapura,WET,Drought,2,MEDIUM,535,0,Rescue Teams|Medical Kits,85,RESOLVED,CITIZEN,MOBILE_APP,ENGLISH,RAIN,True,False,False,True,OFFICER-01,5,5,3,34,False,MODERATE,0,True,12,15,0,False,True,False
INC-2025-0041,2025-07-15T06:30:15,Nuwara Eliya,WET,Landslide,3,HIGH,1272,7,Rescue Teams|Medical Kits,82,RESOLVED,CITIZEN,MOBILE_APP,TAMIL,RAIN,True,False,False,True,OFFICER-01,4,0,1,37,False,MODERATE,0,True,7,23,1,False,False,False
INC-2025-0042,2025-10-08T07:18:38,Kegalle,WET,High Winds/Cyclone,2,MEDIUM,391,0,Rescue Teams|Medical Kits,77,RESOLVED,CITIZEN,MOBILE_APP,SINHALA,RAIN,False,True,False,True,OFFICER-01,0,4,2,60,False,MODERATE,0,True,10,9,2,True,True,True
INC-2025-0043,2025-12-09T02:56:00,Anuradhapura,WET,Drought,2,MEDIUM,1197,0,Rescue Teams|Medical Kits,34,RESOLVED,CITIZEN,MOBILE_APP,SINHALA,RAIN,True,False,False,True,OFFICER-01,9,2,0,31,False,MODERATE,0,True,12,12,1,False,False,False
INC-2026-0044,2026-03-10T11:14:07,Puttalam,WET,High Winds/Cyclone,2,MEDIUM,413,0,Rescue Teams|Medical Kits,87,RESOLVED,CITIZEN,MOBILE_APP,TAMIL,RAIN,True,False,False,True,OFFICER-01,0,4,5,12,False,MODERATE,0,True,3,14,1,True,False,False
INC-2026-0045,2026-05-01T20:26:43,Matara,WET,High Winds/Cyclone,3,HIGH,208,0,Rescue Teams|Medical Kits,105,RESOLVED,CITIZEN,MOBILE_APP,ENGLISH,RAIN,False,False,False,True,OFFICER-01,7,0,5,29,False,MODERATE,0,True,5,14,4,True,True,True
INC-2026-0046,2026-05-01T11:55:32,Kandy,WET,Landslide,4,CRITICAL,1707,13,Rescue Teams|Medical Kits,110,RESOLVED,CITIZEN,MOBILE_APP,TAMIL,RAIN,True,True,False,True,OFFICER-01,4,3,0,59,False,MODERATE,0,True,5,4,4,True,True,False
INC-2026-0047,2026-06-28T11:58:52,Nuwara Eliya,WET,Landslide,1,LOW,1624,0,Rescue Teams|Medical Kits,88,RESOLVED,CITIZEN,MOBILE_APP,TAMIL,RAIN,True,True,False,True,OFFICER-01,0,5,2,73,False,MODERATE,0,True,6,23,6,True,False,False
INC-2026-0048,2026-08-16T17:22:58,Kandy,WET,Flood,3,HIGH,5097,67,Rescue Teams|Medical Kits,67,RESOLVED,CITIZEN,MOBILE_APP,ENGLISH,RAIN,False,False,False,True,OFFICER-01,5,5,0,20,False,MODERATE,0,True,8,20,6,False,True,False
INC-2025-0049,2025-11-16T17:37:14,Colombo,WET,Medical Emergency,1,LOW,41,1,Rescue Teams|Medical Kits,120,RESOLVED,CITIZEN,MOBILE_APP,SINHALA,RAIN,True,False,False,True,OFFICER-01,10,4,3,52,False,MODERATE,0,True,11,10,6,True,False,False
INC-2025-0050,2025-05-26T16:47:31,Kandy,WET,Flood,1,LOW,4123,64,Rescue Teams|Medical Kits,92,RESOLVED,CITIZEN,MOBILE_APP,SINHALA,RAIN,True,False,False,True,OFFICER-01,2,2,4,1,False,MODERATE,0,True,5,9,0,False,True,False
INC-2025-0051,2025-03-14T09:32:43,Badulla,WET,Forest Fire,1,LOW,38,0,Rescue Teams|Medical Kits,68,RESOLVED,CITIZEN,MOBILE_APP,ENGLISH,RAIN,False,True,False,True,OFFICER-01,7,1,3,70,False,MODERATE,0,True,3,15,4,True,True,False
INC-2025-0052,2025-10-25T22:33:41,Galle,WET,High Winds/Cyclone,1,LOW,98,0,Rescue Teams|Medical Kits,15,RESOLVED,CITIZEN,MOBILE_APP,ENGLISH,RAIN,True,False,False,True,OFFICER-01,4,4,4,84,False,MODERATE,0,True,10,13,5,False,False,False
INC-2025-0053,2025-04-26T10:01:09,Anuradhapura,WET,Drought,3,HIGH,1414,0,Rescue Teams|Medical Kits,64,RESOLVED,CITIZEN,MOBILE_APP,SINHALA,RAIN,False,False,False,True,OFFICER-01,6,0,2,95,False,MODERATE,0,True,4,10,5,True,False,False
INC-2026-0054,2026-07-02T18:24:01,Anuradhapura,WET,Drought,2,MEDIUM,1280,0,Rescue Teams|Medical Kits,27,RESOLVED,CITIZEN,MOBILE_APP,ENGLISH,RAIN,True,False,False,True,OFFICER-01,1,4,3,1,False,MODERATE,0,True,7,1,3,False,False,False
INC-2025-0055,2025-11-15T10:33:19,Galle,WET,High Winds/Cyclone,1,LOW,89,1,Rescue Teams|Medical Kits,106,RESOLVED,CITIZEN,MOBILE_APP,ENGLISH,RAIN,False,False,False,True,OFFICER-01,8,0,4,8,False,MODERATE,0,True,11,21,5,False,False,False
INC-2026-0056,2026-05-06T05:41:38,Kegalle,WET,High Winds/Cyclone,2,MEDIUM,447,0,Rescue Teams|Medical Kits,20,RESOLVED,CITIZEN,MOBILE_APP,ENGLISH,RAIN,True,False,False,True,OFFICER-01,0,2,2,47,False,MODERATE,0,True,5,3,2,True,True,False
INC-2025-0057,2025-04-24T01:37:03,Badulla,WET,Forest Fire,2,MEDIUM,41,0,Rescue Teams|Medical Kits,33,RESOLVED,CITIZEN,MOBILE_APP,SINHALA,RAIN,False,True,False,True,OFFICER-01,7,5,2,58,False,MODERATE,0,True,4,12,3,False,True,True
INC-2026-0058,2026-06-02T22:48:43,Kandy,WET,Landslide,3,HIGH,519,0,Rescue Teams|Medical Kits,103,RESOLVED,CITIZEN,MOBILE_APP,ENGLISH,RAIN,False,True,False,True,OFFICER-01,7,2,1,49,False,MODERATE,0,True,6,11,1,False,True,False
INC-2025-0059,2025-03-24T20:09:39,Anuradhapura,WET,Drought,3,HIGH,985,0,Rescue Teams|Medical Kits,114,RESOLVED,CITIZEN,MOBILE_APP,TAMIL,RAIN,True,True,False,True,OFFICER-01,0,4,5,63,False,MODERATE,0,True,3,21,0,True,False,True
INC-2025-0060,2025-06-28T17:43:03,Nuwara Eliya,WET,Landslide,4,CRITICAL,2043,15,Rescue Teams|Medical Kits,97,RESOLVED,CITIZEN,MOBILE_APP,SINHALA,RAIN,False,False,False,True,OFFICER-01,4,3,0,74,False,MODERATE,0,True,6,21,5,True,False,False
INC-2026-0061,2026-07-23T20:10:32,Gampaha,WET,Medical Emergency,1,LOW,18,1,Rescue Teams|Medical Kits,47,RESOLVED,CITIZEN,MOBILE_APP,ENGLISH,RAIN,True,False,False,True,OFFICER-01,4,5,2,14,False,MODERATE,0,True,7,11,3,True,True,False
INC-2025-0062,2025-02-28T11:40:54,Monaragala,WET,Forest Fire,2,MEDIUM,28,0,Rescue Teams|Medical Kits,30,RESOLVED,CITIZEN,MOBILE_APP,ENGLISH,RAIN,True,False,False,True,OFFICER-01,5,5,5,86,False,MODERATE,0,True,2,17,4,False,False,False
INC-2026-0063,2026-03-31T00:59:23,Kandy,WET,Landslide,4,CRITICAL,1280,0,Rescue Teams|Medical Kits,96,RESOLVED,CITIZEN,MOBILE_APP,ENGLISH,RAIN,True,False,False,True,OFFICER-01,4,5,3,14,False,MODERATE,0,True,3,17,1,True,True,True
INC-2025-0064,2025-02-05T05:19:32,Galle,WET,High Winds/Cyclone,1,LOW,59,0,Rescue Teams|Medical Kits,84,RESOLVED,CITIZEN,MOBILE_APP,ENGLISH,RAIN,True,False,False,True,OFFICER-01,9,5,5,19,False,MODERATE,0,True,2,14,2,True,False,False
INC-2026-0065,2026-05-24T16:37:44,Badulla,WET,Forest Fire,1,LOW,22,0,Rescue Teams|Medical Kits,27,RESOLVED,CITIZEN,MOBILE_APP,TAMIL,RAIN,True,False,False,True,OFFICER-01,5,4,5,45,False,MODERATE,0,True,5,6,6,False,True,False
INC-2025-0066,2025-11-06T05:51:39,Kandy,WET,Flood,3,HIGH,3130,8,Rescue Teams|Medical Kits,46,RESOLVED,CITIZEN,MOBILE_APP,SINHALA,RAIN,True,True,False,True,OFFICER-01,9,1,0,97,False,MODERATE,0,True,11,20,3,False,True,False
INC-2026-0067,2026-04-01T10:58:22,Matara,WET,High Winds/Cyclone,3,HIGH,210,0,Rescue Teams|Medical Kits,117,RESOLVED,CITIZEN,MOBILE_APP,SINHALA,RAIN,False,True,False,True,OFFICER-01,1,5,0,16,False,MODERATE,0,True,4,8,2,False,False,False
INC-2025-0068,2025-10-06T06:07:12,Nuwara Eliya,WET,Flood,3,HIGH,4949,3,Rescue Teams|Medical Kits,28,RESOLVED,CITIZEN,MOBILE_APP,ENGLISH,RAIN,True,False,False,True,OFFICER-01,8,1,4,5,False,MODERATE,0,True,10,2,0,True,False,False
INC-2025-0069,2025-08-23T06:47:48,Polonnaruwa,WET,Drought,4,CRITICAL,969,0,Rescue Teams|Medical Kits,56,RESOLVED,CITIZEN,MOBILE_APP,TAMIL,RAIN,True,False,False,True,OFFICER-01,2,0,1,35,False,MODERATE,0,True,8,3,5,False,False,False
INC-2025-0070,2025-10-23T20:34:21,Colombo,WET,Medical Emergency,1,LOW,48,0,Rescue Teams|Medical Kits,42,RESOLVED,CITIZEN,MOBILE_APP,ENGLISH,RAIN,False,False,False,True,OFFICER-01,7,1,3,43,False,MODERATE,0,True,10,20,3,False,True,False
INC-2025-0071,2025-11-06T16:52:09,Monaragala,WET,Forest Fire,1,LOW,63,0,Rescue Teams|Medical Kits,26,RESOLVED,CITIZEN,MOBILE_APP,ENGLISH,RAIN,False,True,False,True,OFFICER-01,1,5,5,47,False,MODERATE,0,True,11,21,3,True,True,False
INC-2026-0072,2026-03-09T03:30:08,Galle,WET,High Winds/Cyclone,1,LOW,65,0,Rescue Teams|Medical Kits,21,RESOLVED,CITIZEN,MOBILE_APP,ENGLISH,RAIN,False,False,False,True,OFFICER-01,9,2,2,13,False,MODERATE,0,True,3,21,0,True,True,False
INC-2025-0073,2025-06-15T05:44:19,Polonnaruwa,WET,Drought,2,MEDIUM,658,0,Rescue Teams|Medical Kits,113,RESOLVED,CITIZEN,MOBILE_APP,TAMIL,RAIN,True,False,False,True,OFFICER-01,9,5,5,71,False,MODERATE,0,True,6,8,6,True,False,False
INC-2026-0074,2026-04-19T00:29:16,Nuwara Eliya,WET,Flood,1,LOW,5190,35,Rescue Teams|Medical Kits,18,RESOLVED,CITIZEN,MOBILE_APP,SINHALA,RAIN,True,False,False,True,OFFICER-01,8,1,3,53,False,MODERATE,0,True,4,4,6,True,True,True
INC-2025-0075,2025-09-22T18:45:42,Monaragala,WET,Forest Fire,4,CRITICAL,30,0,Rescue Teams|Medical Kits,49,RESOLVED,CITIZEN,MOBILE_APP,ENGLISH,RAIN,True,False,False,True,OFFICER-01,10,3,3,77,False,MODERATE,0,True,9,1,0,False,False,True
INC-2025-0076,2025-11-18T16:56:40,Monaragala,WET,Forest Fire,3,HIGH,44,0,Rescue Teams|Medical Kits,91,RESOLVED,CITIZEN,MOBILE_APP,SINHALA,RAIN,True,False,False,True,OFFICER-01,0,1,2,27,False,MODERATE,0,True,11,18,1,True,True,False
INC-2026-0077,2026-08-17T12:59:29,Galle,WET,High Winds/Cyclone,2,MEDIUM,115,0,Rescue Teams|Medical Kits,118,RESOLVED,CITIZEN,MOBILE_APP,ENGLISH,RAIN,False,False,False,True,OFFICER-01,1,3,5,5,False,MODERATE,0,True,8,17,0,True,False,False
INC-2025-0078,2025-01-15T13:22:03,Badulla,WET,Forest Fire,1,LOW,68,0,Rescue Teams|Medical Kits,36,RESOLVED,CITIZEN,MOBILE_APP,TAMIL,RAIN,True,False,False,True,OFFICER-01,7,5,2,11,False,MODERATE,0,True,1,13,2,True,False,False
INC-2025-0079,2025-03-24T05:25:54,Badulla,WET,Forest Fire,1,LOW,41,0,Rescue Teams|Medical Kits,29,RESOLVED,CITIZEN,MOBILE_APP,TAMIL,RAIN,True,True,False,True,OFFICER-01,8,1,2,44,False,MODERATE,0,True,3,7,0,True,False,False
INC-2025-0080,2025-07-03T12:22:14,Galle,WET,High Winds/Cyclone,1,LOW,76,0,Rescue Teams|Medical Kits,87,RESOLVED,CITIZEN,MOBILE_APP,TAMIL,RAIN,False,False,False,True,OFFICER-01,7,5,4,82,False,MODERATE,0,True,7,5,3,False,False,False
INC-2026-0081,2026-05-03T04:10:47,Colombo,WET,Medical Emergency,1,LOW,30,1,Rescue Teams|Medical Kits,22,RESOLVED,CITIZEN,MOBILE_APP,ENGLISH,RAIN,True,False,False,True,OFFICER-01,4,0,5,11,False,MODERATE,0,True,5,11,6,False,False,False
INC-2025-0082,2025-10-26T15:16:22,Polonnaruwa,WET,Drought,2,MEDIUM,973,0,Rescue Teams|Medical Kits,34,RESOLVED,CITIZEN,MOBILE_APP,SINHALA,RAIN,False,False,False,True,OFFICER-01,7,0,2,91,False,MODERATE,0,True,10,18,6,False,True,False
INC-2026-0083,2026-01-27T21:28:30,Rathnapura,WET,Flood,3,HIGH,2323,16,Rescue Teams|Medical Kits,58,RESOLVED,CITIZEN,MOBILE_APP,TAMIL,RAIN,True,True,False,True,OFFICER-01,9,0,5,82,False,MODERATE,0,True,1,11,1,False,False,False
INC-2025-0084,2025-02-21T04:41:09,Colombo,WET,Medical Emergency,3,HIGH,31,1,Rescue Teams|Medical Kits,54,RESOLVED,CITIZEN,MOBILE_APP,TAMIL,RAIN,True,False,False,True,OFFICER-01,10,3,1,76,False,MODERATE,0,True,2,4,4,False,False,False
INC-2025-0085,2025-08-29T11:01:28,Rathnapura,WET,Flood,1,LOW,2144,0,Rescue Teams|Medical Kits,69,RESOLVED,CITIZEN,MOBILE_APP,TAMIL,RAIN,False,False,False,True,OFFICER-01,5,0,2,39,False,MODERATE,0,True,8,23,4,False,False,False
INC-2025-0086,2025-06-16T08:50:26,Hambantota,WET,High Winds/Cyclone,2,MEDIUM,93,0,Rescue Teams|Medical Kits,82,RESOLVED,CITIZEN,MOBILE_APP,SINHALA,RAIN,True,False,False,True,OFFICER-01,10,2,4,16,False,MODERATE,0,True,6,3,0,True,True,True
INC-2025-0087,2025-04-30T19:28:47,Colombo,WET,Building Collapse,2,MEDIUM,40,1,Rescue Teams|Medical Kits,44,RESOLVED,CITIZEN,MOBILE_APP,TAMIL,RAIN,False,False,False,True,OFFICER-01,3,2,3,24,False,MODERATE,0,True,4,14,2,True,False,False
INC-2026-0088,2026-06-11T20:33:20,Gampaha,WET,Medical Emergency,3,HIGH,46,0,Rescue Teams|Medical Kits,21,RESOLVED,CITIZEN,MOBILE_APP,TAMIL,RAIN,False,False,False,True,OFFICER-01,7,2,4,13,False,MODERATE,0,True,6,5,3,True,True,False
INC-2025-0089,2025-04-07T20:09:43,Polonnaruwa,WET,Drought,2,MEDIUM,791,0,Rescue Teams|Medical Kits,59,RESOLVED,CITIZEN,MOBILE_APP,SINHALA,RAIN,False,True,False,True,OFFICER-01,6,0,3,64,False,MODERATE,0,True,4,2,0,True,False,False
INC-2025-0090,2025-07-03T03:13:18,Gampaha,WET,Medical Emergency,3,HIGH,34,0,Rescue Teams|Medical Kits,104,RESOLVED,CITIZEN,MOBILE_APP,SINHALA,RAIN,True,True,False,True,OFFICER-01,7,3,4,0,False,MODERATE,0,True,7,20,3,True,False,False
INC-2025-0091,2025-01-15T18:15:29,Rathnapura,WET,Flood,3,HIGH,1524,5,Rescue Teams|Medical Kits,96,RESOLVED,CITIZEN,MOBILE_APP,TAMIL,RAIN,True,True,False,True,OFFICER-01,7,0,0,63,False,MODERATE,0,True,1,9,2,False,False,False
INC-2026-0092,2026-05-06T20:29:38,Nuwara Eliya,WET,Flood,3,HIGH,7221,37,Rescue Teams|Medical Kits,82,RESOLVED,CITIZEN,MOBILE_APP,TAMIL,RAIN,False,False,False,True,OFFICER-01,8,4,4,2,False,MODERATE,0,True,5,21,2,False,True,False
INC-2026-0093,2026-01-01T03:57:11,Colombo,WET,Building Collapse,2,MEDIUM,25,1,Rescue Teams|Medical Kits,57,RESOLVED,CITIZEN,MOBILE_APP,SINHALA,RAIN,False,False,False,True,OFFICER-01,0,2,4,43,False,MODERATE,0,True,1,21,3,True,True,False
INC-2026-0094,2026-06-16T19:24:29,Hambantota,WET,High Winds/Cyclone,2,MEDIUM,109,0,Rescue Teams|Medical Kits,20,RESOLVED,CITIZEN,MOBILE_APP,ENGLISH,RAIN,True,True,False,True,OFFICER-01,4,4,3,69,False,MODERATE,0,True,6,14,1,True,True,False
INC-2025-0095,2025-07-16T18:06:39,Anuradhapura,WET,Drought,2,MEDIUM,574,0,Rescue Teams|Medical Kits,66,RESOLVED,CITIZEN,MOBILE_APP,TAMIL,RAIN,True,False,False,True,OFFICER-01,7,3,2,23,False,MODERATE,0,True,7,10,2,True,False,False
INC-2026-0096,2026-06-22T13:05:30,Anuradhapura,WET,Drought,3,HIGH,1518,0,Rescue Teams|Medical Kits,56,RESOLVED,CITIZEN,MOBILE_APP,SINHALA,RAIN,False,False,False,True,OFFICER-01,1,2,5,37,False,MODERATE,0,True,6,13,0,True,True,False
INC-2025-0097,2025-12-13T08:28:20,Nuwara Eliya,WET,Landslide,4,CRITICAL,2034,11,Rescue Teams|Medical Kits,22,RESOLVED,CITIZEN,MOBILE_APP,SINHALA,RAIN,False,True,False,True,OFFICER-01,10,5,3,46,False,MODERATE,0,True,12,19,5,True,False,False
INC-2026-0098,2026-08-06T11:06:41,Polonnaruwa,WET,Drought,2,MEDIUM,1195,0,Rescue Teams|Medical Kits,64,RESOLVED,CITIZEN,MOBILE_APP,TAMIL,RAIN,True,False,False,True,OFFICER-01,0,4,1,86,False,MODERATE,0,True,8,4,3,False,False,False
INC-2025-0099,2025-10-16T03:16:46,Monaragala,WET,Forest Fire,1,LOW,57,0,Rescue Teams|Medical Kits,81,RESOLVED,CITIZEN,MOBILE_APP,ENGLISH,RAIN,False,True,False,True,OFFICER-01,8,0,2,99,False,MODERATE,0,True,10,7,3,True,True,False
INC-2026-0100,2026-07-01T20:12:57,Kandy,WET,Landslide,1,LOW,1413,20,Rescue Teams|Medical Kits,55,RESOLVED,CITIZEN,MOBILE_APP,TAMIL,RAIN,False,False,False,True,OFFICER-01,5,5,0,70,False,MODERATE,0,True,7,5,2,True,True,True
INC-2025-0101,2025-08-21T23:35:51,Nuwara Eliya,WET,Landslide,4,CRITICAL,1122,21,Rescue Teams|Medical Kits,88,RESOLVED,CITIZEN,MOBILE_APP,ENGLISH,RAIN,True,False,False,True,OFFICER-01,7,4,1,78,False,MODERATE,0,True,8,4,3,True,True,False
INC-2025-0102,2025-02-21T01:38:00,Rathnapura,WET,Flood,3,HIGH,1633,0,Rescue Teams|Medical Kits,72,RESOLVED,CITIZEN,MOBILE_APP,ENGLISH,RAIN,True,False,False,True,OFFICER-01,10,4,2,16,False,MODERATE,0,True,2,18,4,True,False,False
INC-2026-0103,2026-08-20T08:29:13,Hambantota,WET,High Winds/Cyclone,1,LOW,66,0,Rescue Teams|Medical Kits,81,RESOLVED,CITIZEN,MOBILE_APP,ENGLISH,RAIN,True,False,False,True,OFFICER-01,1,2,1,81,False,MODERATE,0,True,8,5,3,True,True,False
INC-2025-0104,2025-04-08T05:20:36,Kandy,WET,Landslide,4,CRITICAL,1780,35,Rescue Teams|Medical Kits,87,RESOLVED,CITIZEN,MOBILE_APP,SINHALA,RAIN,False,False,False,True,OFFICER-01,0,0,0,82,False,MODERATE,0,True,4,21,1,True,False,False
INC-2026-0105,2026-05-21T17:56:33,Kandy,WET,Landslide,3,HIGH,931,0,Rescue Teams|Medical Kits,102,RESOLVED,CITIZEN,MOBILE_APP,ENGLISH,RAIN,False,False,False,True,OFFICER-01,4,3,0,88,False,MODERATE,0,True,5,20,3,True,False,False
INC-2025-0106,2025-05-03T18:49:59,Kandy,WET,Flood,3,HIGH,3800,60,Rescue Teams|Medical Kits,86,RESOLVED,CITIZEN,MOBILE_APP,SINHALA,RAIN,False,True,False,True,OFFICER-01,5,1,3,15,False,MODERATE,0,True,5,11,5,True,False,False
INC-2025-0107,2025-12-16T05:04:37,Kandy,WET,Landslide,3,HIGH,1007,2,Rescue Teams|Medical Kits,39,RESOLVED,CITIZEN,MOBILE_APP,SINHALA,RAIN,False,False,False,True,OFFICER-01,7,4,3,63,False,MODERATE,0,True,12,5,1,False,False,False
INC-2026-0108,2026-01-22T07:39:14,Nuwara Eliya,WET,Landslide,4,CRITICAL,847,13,Rescue Teams|Medical Kits,51,RESOLVED,CITIZEN,MOBILE_APP,TAMIL,RAIN,True,False,False,True,OFFICER-01,0,0,3,17,False,MODERATE,0,True,1,15,3,True,True,True
INC-2026-0109,2026-07-20T01:43:59,Kandy,WET,Landslide,4,CRITICAL,1249,0,Rescue Teams|Medical Kits,50,RESOLVED,CITIZEN,MOBILE_APP,TAMIL,RAIN,True,False,False,True,OFFICER-01,10,4,0,16,False,MODERATE,0,True,7,9,0,True,False,False
INC-2025-0110,2025-11-02T22:53:50,Puttalam,WET,High Winds/Cyclone,2,MEDIUM,391,0,Rescue Teams|Medical Kits,57,RESOLVED,CITIZEN,MOBILE_APP,ENGLISH,RAIN,True,True,False,True,OFFICER-01,8,3,1,77,False,MODERATE,0,True,11,16,6,False,False,False
INC-2025-0111,2025-04-19T13:42:23,Polonnaruwa,WET,Drought,2,MEDIUM,835,0,Rescue Teams|Medical Kits,105,RESOLVED,CITIZEN,MOBILE_APP,TAMIL,RAIN,True,False,False,True,OFFICER-01,4,3,0,47,False,MODERATE,0,True,4,18,5,True,False,False
INC-2026-0112,2026-06-08T08:39:41,Colombo,WET,Medical Emergency,1,LOW,17,0,Rescue Teams|Medical Kits,114,RESOLVED,CITIZEN,MOBILE_APP,TAMIL,RAIN,True,True,False,True,OFFICER-01,9,1,5,6,False,MODERATE,0,True,6,0,0,False,False,False
INC-2025-0113,2025-05-13T10:34:30,Anuradhapura,WET,Drought,3,HIGH,1573,0,Rescue Teams|Medical Kits,71,RESOLVED,CITIZEN,MOBILE_APP,ENGLISH,RAIN,True,False,False,True,OFFICER-01,6,1,3,88,False,MODERATE,0,True,5,1,1,False,True,False
INC-2025-0114,2025-11-15T17:59:21,Matara,WET,High Winds/Cyclone,2,MEDIUM,356,0,Rescue Teams|Medical Kits,76,RESOLVED,CITIZEN,MOBILE_APP,TAMIL,RAIN,True,False,False,True,OFFICER-01,6,2,1,58,False,MODERATE,0,True,11,4,5,False,False,True
INC-2026-0115,2026-03-01T07:16:15,Colombo,WET,Medical Emergency,1,LOW,32,0,Rescue Teams|Medical Kits,43,RESOLVED,CITIZEN,MOBILE_APP,ENGLISH,RAIN,True,True,False,True,OFFICER-01,4,5,1,88,False,MODERATE,0,True,3,15,6,False,False,False
INC-2025-0116,2025-09-04T06:04:04,Anuradhapura,WET,Drought,3,HIGH,1482,0,Rescue Teams|Medical Kits,59,RESOLVED,CITIZEN,MOBILE_APP,SINHALA,RAIN,True,False,False,True,OFFICER-01,4,0,2,91,False,MODERATE,0,True,9,21,3,False,True,False
INC-2025-0117,2025-09-27T00:41:01,Rathnapura,WET,Flood,3,HIGH,2892,0,Rescue Teams|Medical Kits,90,RESOLVED,CITIZEN,MOBILE_APP,SINHALA,RAIN,False,True,False,True,OFFICER-01,3,0,5,67,False,MODERATE,0,True,9,17,5,True,False,False
INC-2026-0118,2026-05-11T12:08:55,Kegalle,WET,High Winds/Cyclone,2,MEDIUM,419,7,Rescue Teams|Medical Kits,75,RESOLVED,CITIZEN,MOBILE_APP,ENGLISH,RAIN,False,True,False,True,OFFICER-01,10,1,2,41,False,MODERATE,0,True,5,17,0,True,False,False
INC-2026-0119,2026-05-17T16:24:35,Nuwara Eliya,WET,Landslide,3,HIGH,921,0,Rescue Teams|Medical Kits,37,RESOLVED,CITIZEN,MOBILE_APP,SINHALA,RAIN,False,True,False,True,OFFICER-01,6,3,1,95,False,MODERATE,0,True,5,1,6,True,False,False
INC-2025-0120,2025-01-30T02:25:12,Nuwara Eliya,WET,Landslide,3,HIGH,818,4,Rescue Teams|Medical Kits,74,RESOLVED,CITIZEN,MOBILE_APP,ENGLISH,RAIN,True,False,False,True,OFFICER-01,3,0,2,20,False,MODERATE,0,True,1,16,3,True,False,False
INC-2026-0121,2026-05-19T12:54:52,Monaragala,WET,Forest Fire,1,LOW,42,0,Rescue Teams|Medical Kits,69,RESOLVED,CITIZEN,MOBILE_APP,TAMIL,RAIN,False,False,False,True,OFFICER-01,5,0,3,85,False,MODERATE,0,True,5,5,1,False,False,False
INC-2025-0122,2025-05-24T12:34:16,Puttalam,WET,High Winds/Cyclone,2,MEDIUM,271,0,Rescue Teams|Medical Kits,16,RESOLVED,CITIZEN,MOBILE_APP,ENGLISH,RAIN,False,False,False,True,OFFICER-01,10,2,5,30,False,MODERATE,0,True,5,8,5,True,True,False
INC-2026-0123,2026-06-03T16:26:07,Kandy,WET,Flood,3,HIGH,2484,11,Rescue Teams|Medical Kits,93,RESOLVED,CITIZEN,MOBILE_APP,SINHALA,RAIN,True,False,False,True,OFFICER-01,3,1,3,19,False,MODERATE,0,True,6,22,2,False,False,False
INC-2026-0124,2026-08-04T18:47:15,Monaragala,WET,Forest Fire,1,LOW,57,0,Rescue Teams|Medical Kits,115,RESOLVED,CITIZEN,MOBILE_APP,SINHALA,RAIN,False,False,False,True,OFFICER-01,8,3,4,90,False,MODERATE,0,True,8,6,1,True,False,False
INC-2025-0125,2025-03-02T15:56:24,Gampaha,WET,Medical Emergency,1,LOW,46,1,Rescue Teams|Medical Kits,80,RESOLVED,CITIZEN,MOBILE_APP,ENGLISH,RAIN,False,False,False,True,OFFICER-01,0,3,1,65,False,MODERATE,0,True,3,3,6,True,True,False
INC-2025-0126,2025-12-21T19:20:26,Badulla,WET,Forest Fire,3,HIGH,82,1,Rescue Teams|Medical Kits,104,RESOLVED,CITIZEN,MOBILE_APP,SINHALA,RAIN,False,False,False,True,OFFICER-01,8,0,0,60,False,MODERATE,0,True,12,0,6,True,True,False
INC-2025-0127,2025-08-11T23:45:31,Kandy,WET,Flood,3,HIGH,3674,18,Rescue Teams|Medical Kits,25,RESOLVED,CITIZEN,MOBILE_APP,TAMIL,RAIN,True,False,False,True,OFFICER-01,10,4,1,83,False,MODERATE,0,True,8,12,0,False,False,False
INC-2025-0128,2025-04-03T03:28:57,Gampaha,WET,Medical Emergency,1,LOW,21,0,Rescue Teams|Medical Kits,69,RESOLVED,CITIZEN,MOBILE_APP,TAMIL,RAIN,False,False,False,True,OFFICER-01,6,1,1,58,False,MODERATE,0,True,4,0,3,True,False,False
INC-2025-0129,2025-05-01T11:40:19,Gampaha,WET,Medical Emergency,1,LOW,27,1,Rescue Teams|Medical Kits,72,RESOLVED,CITIZEN,MOBILE_APP,TAMIL,RAIN,True,True,False,True,OFFICER-01,10,5,0,31,False,MODERATE,0,True,5,0,3,False,False,False
INC-2025-0130,2025-11-09T10:46:10,Kandy,WET,Flood,3,HIGH,3797,28,Rescue Teams|Medical Kits,91,RESOLVED,CITIZEN,MOBILE_APP,TAMIL,RAIN,False,False,False,True,OFFICER-01,5,1,2,18,False,MODERATE,0,True,11,7,6,False,True,False
INC-2025-0131,2025-06-21T16:32:07,Polonnaruwa,WET,Drought,3,HIGH,923,0,Rescue Teams|Medical Kits,97,RESOLVED,CITIZEN,MOBILE_APP,TAMIL,RAIN,False,False,False,True,OFFICER-01,6,4,2,89,False,MODERATE,0,True,6,20,5,False,False,False
INC-2025-0132,2025-11-14T02:30:09,Badulla,WET,Forest Fire,3,HIGH,29,0,Rescue Teams|Medical Kits,68,RESOLVED,CITIZEN,MOBILE_APP,TAMIL,RAIN,True,False,False,True,OFFICER-01,8,1,3,31,False,MODERATE,0,True,11,22,4,True,False,False
INC-2025-0133,2025-06-07T22:28:17,Kandy,WET,Landslide,3,HIGH,1176,15,Rescue Teams|Medical Kits,39,RESOLVED,CITIZEN,MOBILE_APP,TAMIL,RAIN,True,False,False,True,OFFICER-01,10,4,1,61,False,MODERATE,0,True,6,8,5,True,False,False
INC-2025-0134,2025-09-16T14:54:16,Matara,WET,High Winds/Cyclone,2,MEDIUM,255,0,Rescue Teams|Medical Kits,65,RESOLVED,CITIZEN,MOBILE_APP,SINHALA,RAIN,False,False,False,True,OFFICER-01,8,2,2,48,False,MODERATE,0,True,9,15,1,True,False,False
INC-2026-0135,2026-02-19T11:57:33,Monaragala,WET,Forest Fire,1,LOW,55,0,Rescue Teams|Medical Kits,62,RESOLVED,CITIZEN,MOBILE_APP,ENGLISH,RAIN,True,False,False,True,OFFICER-01,6,0,4,28,False,MODERATE,0,True,2,23,3,False,False,False
INC-2025-0136,2025-01-13T14:21:39,Galle,WET,High Winds/Cyclone,2,MEDIUM,116,0,Rescue Teams|Medical Kits,98,RESOLVED,CITIZEN,MOBILE_APP,TAMIL,RAIN,True,False,False,True,OFFICER-01,5,2,3,92,False,MODERATE,0,True,1,7,0,False,True,False
INC-2025-0137,2025-12-24T22:28:30,Anuradhapura,WET,Drought,2,MEDIUM,844,0,Rescue Teams|Medical Kits,24,RESOLVED,CITIZEN,MOBILE_APP,TAMIL,RAIN,False,False,False,True,OFFICER-01,0,0,3,17,False,MODERATE,0,True,12,17,2,True,False,False
INC-2025-0138,2025-02-22T19:00:51,Kegalle,WET,High Winds/Cyclone,2,MEDIUM,377,5,Rescue Teams|Medical Kits,67,RESOLVED,CITIZEN,MOBILE_APP,SINHALA,RAIN,False,True,False,True,OFFICER-01,0,4,5,35,False,MODERATE,0,True,2,15,5,True,False,False
INC-2025-0139,2025-01-14T07:33:40,Nuwara Eliya,WET,Landslide,4,CRITICAL,1828,28,Rescue Teams|Medical Kits,116,RESOLVED,CITIZEN,MOBILE_APP,ENGLISH,RAIN,False,True,False,True,OFFICER-01,1,2,3,58,False,MODERATE,0,True,1,6,1,True,True,False
INC-2026-0140,2026-06-26T13:25:37,Kegalle,WET,High Winds/Cyclone,2,MEDIUM,415,0,Rescue Teams|Medical Kits,22,RESOLVED,CITIZEN,MOBILE_APP,TAMIL,RAIN,True,False,False,True,OFFICER-01,0,5,1,10,False,MODERATE,0,True,6,1,4,True,False,False
INC-2025-0141,2025-12-04T00:39:43,Anuradhapura,WET,Drought,3,HIGH,1820,0,Rescue Teams|Medical Kits,87,RESOLVED,CITIZEN,MOBILE_APP,ENGLISH,RAIN,True,False,False,True,OFFICER-01,4,0,0,87,False,MODERATE,0,True,12,1,3,False,True,False
INC-2026-0142,2026-02-26T18:49:33,Kandy,WET,Landslide,4,CRITICAL,1654,12,Rescue Teams|Medical Kits,87,RESOLVED,CITIZEN,MOBILE_APP,SINHALA,RAIN,False,False,False,True,OFFICER-01,9,3,5,69,False,MODERATE,0,True,2,22,3,True,False,False
INC-2025-0143,2025-10-26T03:24:43,Colombo,WET,Medical Emergency,1,LOW,18,0,Rescue Teams|Medical Kits,113,RESOLVED,CITIZEN,MOBILE_APP,TAMIL,RAIN,True,False,False,True,OFFICER-01,9,3,2,3,False,MODERATE,0,True,10,3,6,True,False,False
INC-2025-0144,2025-12-16T22:51:51,Kandy,WET,Landslide,4,CRITICAL,1504,18,Rescue Teams|Medical Kits,24,RESOLVED,CITIZEN,MOBILE_APP,SINHALA,RAIN,False,True,False,True,OFFICER-01,4,1,3,91,False,MODERATE,0,True,12,2,1,True,False,False
INC-2026-0145,2026-07-29T12:10:26,Galle,WET,High Winds/Cyclone,2,MEDIUM,149,0,Rescue Teams|Medical Kits,86,RESOLVED,CITIZEN,MOBILE_APP,TAMIL,RAIN,True,True,False,True,OFFICER-01,8,3,0,3,False,MODERATE,0,True,7,8,2,True,True,False
INC-2025-0146,2025-10-02T21:26:25,Rathnapura,WET,Flood,3,HIGH,2135,39,Rescue Teams|Medical Kits,46,RESOLVED,CITIZEN,MOBILE_APP,TAMIL,RAIN,False,False,False,True,OFFICER-01,8,1,5,48,False,MODERATE,0,True,10,2,3,False,True,False
INC-2025-0147,2025-04-18T20:09:58,Hambantota,WET,High Winds/Cyclone,1,LOW,84,0,Rescue Teams|Medical Kits,107,RESOLVED,CITIZEN,MOBILE_APP,TAMIL,RAIN,False,False,False,True,OFFICER-01,7,4,4,25,False,MODERATE,0,True,4,15,4,True,False,False
INC-2025-0148,2025-03-25T02:06:34,Monaragala,WET,Forest Fire,1,LOW,27,0,Rescue Teams|Medical Kits,98,RESOLVED,CITIZEN,MOBILE_APP,TAMIL,RAIN,True,False,False,True,OFFICER-01,2,2,2,77,False,MODERATE,0,True,3,10,1,True,False,False
INC-2026-0149,2026-01-08T01:23:19,Matara,WET,High Winds/Cyclone,2,MEDIUM,260,0,Rescue Teams|Medical Kits,115,RESOLVED,CITIZEN,MOBILE_APP,ENGLISH,RAIN,False,False,False,True,OFFICER-01,5,0,4,25,False,MODERATE,0,True,1,18,3,True,False,False
INC-2026-0150,2026-06-14T12:02:40,Hambantota,WET,High Winds/Cyclone,2,MEDIUM,148,0,Rescue Teams|Medical Kits,116,RESOLVED,CITIZEN,MOBILE_APP,ENGLISH,RAIN,False,True,False,True,OFFICER-01,10,3,1,81,False,MODERATE,0,True,6,9,6,True,False,False
INC-2025-0151,2025-07-07T23:36:05,Nuwara Eliya,WET,Landslide,4,CRITICAL,1317,23,Rescue Teams|Medical Kits,68,RESOLVED,CITIZEN,MOBILE_APP,TAMIL,RAIN,True,False,False,True,OFFICER-01,0,2,5,68,False,MODERATE,0,True,7,12,0,True,False,False
INC-2025-0152,2025-03-26T22:47:37,Rathnapura,WET,Flood,3,HIGH,2574,43,Rescue Teams|Medical Kits,28,RESOLVED,CITIZEN,MOBILE_APP,SINHALA,RAIN,False,False,False,True,OFFICER-01,1,2,1,65,False,MODERATE,0,True,3,12,2,True,False,False
INC-2026-0153,2026-03-10T09:45:04,Polonnaruwa,WET,Drought,4,CRITICAL,1094,0,Rescue Teams|Medical Kits,52,RESOLVED,CITIZEN,MOBILE_APP,ENGLISH,RAIN,True,False,False,True,OFFICER-01,1,0,5,18,False,MODERATE,0,True,3,22,1,True,False,False
INC-2025-0154,2025-08-31T06:03:26,Gampaha,WET,Medical Emergency,2,MEDIUM,31,0,Rescue Teams|Medical Kits,29,RESOLVED,CITIZEN,MOBILE_APP,SINHALA,RAIN,True,True,False,True,OFFICER-01,5,5,0,86,False,MODERATE,0,True,8,22,6,True,False,False
INC-2026-0155,2026-07-30T03:43:28,Hambantota,WET,High Winds/Cyclone,1,LOW,81,0,Rescue Teams|Medical Kits,65,RESOLVED,CITIZEN,MOBILE_APP,SINHALA,RAIN,False,True,False,True,OFFICER-01,9,1,3,75,False,MODERATE,0,True,7,12,3,True,False,False
INC-2025-0156,2025-10-30T00:25:27,Badulla,WET,Forest Fire,1,LOW,10,0,Rescue Teams|Medical Kits,77,RESOLVED,CITIZEN,MOBILE_APP,TAMIL,RAIN,True,False,False,True,OFFICER-01,10,2,4,49,False,MODERATE,0,True,10,11,3,True,False,False
INC-2026-0157,2026-04-01T22:33:39,Colombo,WET,Building Collapse,2,MEDIUM,34,1,Rescue Teams|Medical Kits,103,RESOLVED,CITIZEN,MOBILE_APP,SINHALA,RAIN,True,False,False,True,OFFICER-01,8,3,3,76,False,MODERATE,0,True,4,10,2,False,False,False
INC-2026-0158,2026-03-23T11:09:40,Galle,WET,High Winds/Cyclone,3,HIGH,148,0,Rescue Teams|Medical Kits,72,RESOLVED,CITIZEN,MOBILE_APP,TAMIL,RAIN,True,False,False,True,OFFICER-01,0,2,0,62,False,MODERATE,0,True,3,5,0,True,False,False
INC-2025-0159,2025-06-01T13:27:31,Galle,WET,High Winds/Cyclone,4,CRITICAL,148,0,Rescue Teams|Medical Kits,52,RESOLVED,CITIZEN,MOBILE_APP,SINHALA,RAIN,True,True,False,True,OFFICER-01,4,1,4,36,False,MODERATE,0,True,6,14,6,True,False,False
INC-2025-0160,2025-12-22T05:05:18,Hambantota,WET,High Winds/Cyclone,2,MEDIUM,122,0,Rescue Teams|Medical Kits,20,RESOLVED,CITIZEN,MOBILE_APP,TAMIL,RAIN,False,False,False,True,OFFICER-01,7,4,1,54,False,MODERATE,0,True,12,17,0,True,True,False
INC-2026-0161,2026-07-26T15:49:25,Puttalam,WET,High Winds/Cyclone,2,MEDIUM,326,0,Rescue Teams|Medical Kits,41,RESOLVED,CITIZEN,MOBILE_APP,TAMIL,RAIN,False,True,False,True,OFFICER-01,9,5,2,90,False,MODERATE,0,True,7,14,6,True,True,False
INC-2025-0162,2025-05-09T22:07:17,Badulla,WET,Forest Fire,1,LOW,88,1,Rescue Teams|Medical Kits,52,RESOLVED,CITIZEN,MOBILE_APP,TAMIL,RAIN,True,False,False,True,OFFICER-01,4,4,5,12,False,MODERATE,0,True,5,19,4,False,False,False
INC-2026-0163,2026-08-06T14:46:05,Galle,WET,High Winds/Cyclone,2,MEDIUM,155,0,Rescue Teams|Medical Kits,101,RESOLVED,CITIZEN,MOBILE_APP,ENGLISH,RAIN,True,False,False,True,OFFICER-01,7,1,4,80,False,MODERATE,0,True,8,7,3,False,True,False
INC-2026-0164,2026-05-03T15:16:45,Kandy,WET,Landslide,4,CRITICAL,1348,3,Rescue Teams|Medical Kits,114,RESOLVED,CITIZEN,MOBILE_APP,TAMIL,RAIN,True,False,False,True,OFFICER-01,1,5,3,81,False,MODERATE,0,True,5,11,6,True,False,False
INC-2025-0165,2025-02-19T04:34:10,Gampaha,WET,Medical Emergency,1,LOW,44,1,Rescue Teams|Medical Kits,58,RESOLVED,CITIZEN,MOBILE_APP,TAMIL,RAIN,True,False,False,True,OFFICER-01,0,0,0,80,False,MODERATE,0,True,2,17,2,True,True,False
INC-2025-0166,2025-01-13T15:30:23,Monaragala,WET,Forest Fire,1,LOW,25,0,Rescue Teams|Medical Kits,50,RESOLVED,CITIZEN,MOBILE_APP,SINHALA,RAIN,False,False,False,True,OFFICER-01,10,2,2,10,False,MODERATE,0,True,1,22,0,True,False,False
INC-2026-0167,2026-06-01T03:20:31,Gampaha,WET,Medical Emergency,4,CRITICAL,20,1,Rescue Teams|Medical Kits,81,RESOLVED,CITIZEN,MOBILE_APP,TAMIL,RAIN,True,False,False,True,OFFICER-01,7,0,0,89,False,MODERATE,0,True,6,3,0,False,False,True
INC-2025-0168,2025-04-04T16:01:51,Colombo,WET,Medical Emergency,4,CRITICAL,37,0,Rescue Teams|Medical Kits,97,RESOLVED,CITIZEN,MOBILE_APP,TAMIL,RAIN,True,False,False,True,OFFICER-01,2,0,4,72,False,MODERATE,0,True,4,3,4,True,True,False
INC-2026-0169,2026-04-20T01:10:30,Nuwara Eliya,WET,Flood,3,HIGH,4344,28,Rescue Teams|Medical Kits,90,RESOLVED,CITIZEN,MOBILE_APP,TAMIL,RAIN,True,True,False,True,OFFICER-01,6,2,3,40,False,MODERATE,0,True,4,6,0,False,False,False
INC-2025-0170,2025-07-12T11:04:22,Galle,WET,High Winds/Cyclone,1,LOW,120,0,Rescue Teams|Medical Kits,41,RESOLVED,CITIZEN,MOBILE_APP,TAMIL,RAIN,True,False,False,True,OFFICER-01,9,4,1,95,False,MODERATE,0,True,7,22,5,False,False,False
INC-2025-0171,2025-08-18T13:18:11,Colombo,WET,Building Collapse,1,LOW,26,1,Rescue Teams|Medical Kits,68,RESOLVED,CITIZEN,MOBILE_APP,ENGLISH,RAIN,False,False,False,True,OFFICER-01,8,5,1,97,False,MODERATE,0,True,8,0,0,True,False,True
INC-2026-0172,2026-08-22T08:40:57,Anuradhapura,WET,Drought,3,HIGH,649,0,Rescue Teams|Medical Kits,68,RESOLVED,CITIZEN,MOBILE_APP,ENGLISH,RAIN,True,False,False,True,OFFICER-01,6,0,5,68,False,MODERATE,0,True,8,12,5,True,True,True
INC-2025-0173,2025-08-04T12:22:24,Galle,WET,High Winds/Cyclone,1,LOW,71,0,Rescue Teams|Medical Kits,97,RESOLVED,CITIZEN,MOBILE_APP,SINHALA,RAIN,True,False,False,True,OFFICER-01,4,5,3,93,False,MODERATE,0,True,8,12,0,True,False,False
INC-2025-0174,2025-02-14T23:26:42,Kegalle,WET,High Winds/Cyclone,4,CRITICAL,425,7,Rescue Teams|Medical Kits,35,RESOLVED,CITIZEN,MOBILE_APP,ENGLISH,RAIN,True,True,False,True,OFFICER-01,5,4,4,100,False,MODERATE,0,True,2,23,4,False,True,False
INC-2025-0175,2025-05-10T16:24:54,Kandy,WET,Landslide,1,LOW,1261,25,Rescue Teams|Medical Kits,88,RESOLVED,CITIZEN,MOBILE_APP,TAMIL,RAIN,False,True,False,True,OFFICER-01,1,3,3,65,False,MODERATE,0,True,5,10,5,False,True,False
INC-2025-0176,2025-02-13T01:27:35,Gampaha,WET,Medical Emergency,1,LOW,41,0,Rescue Teams|Medical Kits,20,RESOLVED,CITIZEN,MOBILE_APP,SINHALA,RAIN,False,True,False,True,OFFICER-01,3,0,3,46,False,MODERATE,0,True,2,21,3,True,False,False
INC-2025-0177,2025-04-27T13:46:51,Colombo,WET,Building Collapse,2,MEDIUM,42,0,Rescue Teams|Medical Kits,49,RESOLVED,CITIZEN,MOBILE_APP,SINHALA,RAIN,True,False,False,True,OFFICER-01,9,2,0,64,False,MODERATE,0,True,4,7,6,False,False,False
INC-2025-0178,2025-05-20T07:13:15,Kandy,WET,Flood,2,MEDIUM,2914,0,Rescue Teams|Medical Kits,16,RESOLVED,CITIZEN,MOBILE_APP,ENGLISH,RAIN,False,False,False,True,OFFICER-01,3,2,4,100,False,MODERATE,0,True,5,9,1,False,True,False
INC-2026-0179,2026-07-29T10:41:44,Nuwara Eliya,WET,Landslide,2,MEDIUM,2075,24,Rescue Teams|Medical Kits,18,RESOLVED,CITIZEN,MOBILE_APP,SINHALA,RAIN,False,True,False,True,OFFICER-01,8,2,5,88,False,MODERATE,0,True,7,17,2,False,False,False
INC-2025-0180,2025-09-18T05:10:35,Nuwara Eliya,WET,Flood,3,HIGH,3011,25,Rescue Teams|Medical Kits,33,RESOLVED,CITIZEN,MOBILE_APP,TAMIL,RAIN,True,False,False,True,OFFICER-01,4,0,0,29,False,MODERATE,0,True,9,7,3,False,True,False
INC-2025-0181,2025-11-17T19:56:12,Polonnaruwa,WET,Drought,2,MEDIUM,1217,0,Rescue Teams|Medical Kits,70,RESOLVED,CITIZEN,MOBILE_APP,TAMIL,RAIN,False,True,False,True,OFFICER-01,2,1,2,33,False,MODERATE,0,True,11,20,0,False,False,False
INC-2025-0182,2025-11-02T05:10:07,Colombo,WET,Medical Emergency,1,LOW,30,1,Rescue Teams|Medical Kits,67,RESOLVED,CITIZEN,MOBILE_APP,SINHALA,RAIN,True,True,False,True,OFFICER-01,8,2,1,57,False,MODERATE,0,True,11,3,6,False,True,False
INC-2025-0183,2025-12-26T21:24:23,Nuwara Eliya,WET,Landslide,4,CRITICAL,1342,3,Rescue Teams|Medical Kits,65,RESOLVED,CITIZEN,MOBILE_APP,TAMIL,RAIN,True,False,False,True,OFFICER-01,0,5,2,33,False,MODERATE,0,True,12,10,4,False,False,True
INC-2025-0184,2025-01-25T03:24:43,Hambantota,WET,High Winds/Cyclone,2,MEDIUM,101,0,Rescue Teams|Medical Kits,43,RESOLVED,CITIZEN,MOBILE_APP,SINHALA,RAIN,True,True,False,True,OFFICER-01,3,3,2,87,False,MODERATE,0,True,1,4,5,True,True,False
INC-2026-0185,2026-03-29T07:18:08,Rathnapura,WET,Flood,3,HIGH,2200,5,Rescue Teams|Medical Kits,20,RESOLVED,CITIZEN,MOBILE_APP,ENGLISH,RAIN,False,False,False,True,OFFICER-01,0,1,4,55,False,MODERATE,0,True,3,2,6,True,False,False
INC-2026-0186,2026-01-21T08:27:58,Colombo,WET,Building Collapse,2,MEDIUM,23,1,Rescue Teams|Medical Kits,52,RESOLVED,CITIZEN,MOBILE_APP,ENGLISH,RAIN,True,False,False,True,OFFICER-01,6,4,3,7,False,MODERATE,0,True,1,4,2,False,True,False
INC-2025-0187,2025-08-06T07:24:08,Rathnapura,WET,Flood,3,HIGH,1784,13,Rescue Teams|Medical Kits,60,RESOLVED,CITIZEN,MOBILE_APP,ENGLISH,RAIN,False,False,False,True,OFFICER-01,8,3,2,72,False,MODERATE,0,True,8,17,2,False,True,False
INC-2025-0188,2025-09-07T19:08:27,Polonnaruwa,WET,Drought,2,MEDIUM,897,0,Rescue Teams|Medical Kits,113,RESOLVED,CITIZEN,MOBILE_APP,TAMIL,RAIN,True,False,False,True,OFFICER-01,3,1,0,31,False,MODERATE,0,True,9,8,6,True,True,False
INC-2025-0189,2025-07-27T00:25:24,Kegalle,WET,High Winds/Cyclone,2,MEDIUM,573,0,Rescue Teams|Medical Kits,37,RESOLVED,CITIZEN,MOBILE_APP,SINHALA,RAIN,True,False,False,True,OFFICER-01,9,2,5,89,False,MODERATE,0,True,7,12,6,True,False,False
INC-2026-0190,2026-04-05T11:31:27,Gampaha,WET,Medical Emergency,4,CRITICAL,11,0,Rescue Teams|Medical Kits,44,RESOLVED,CITIZEN,MOBILE_APP,TAMIL,RAIN,True,True,False,True,OFFICER-01,3,0,4,61,False,MODERATE,0,True,4,15,6,True,True,False
INC-2025-0191,2025-09-15T15:58:11,Nuwara Eliya,WET,Flood,4,CRITICAL,4650,0,Rescue Teams|Medical Kits,82,RESOLVED,CITIZEN,MOBILE_APP,ENGLISH,RAIN,True,False,False,True,OFFICER-01,1,2,5,84,False,MODERATE,0,True,9,0,0,False,False,False
INC-2026-0192,2026-04-01T04:08:32,Colombo,WET,Building Collapse,2,MEDIUM,32,1,Rescue Teams|Medical Kits,103,RESOLVED,CITIZEN,MOBILE_APP,TAMIL,RAIN,False,True,False,True,OFFICER-01,5,1,5,75,False,MODERATE,0,True,4,15,2,False,False,False
INC-2025-0193,2025-10-21T21:35:27,Hambantota,WET,High Winds/Cyclone,1,LOW,89,0,Rescue Teams|Medical Kits,19,RESOLVED,CITIZEN,MOBILE_APP,SINHALA,RAIN,True,False,False,True,OFFICER-01,9,2,4,28,False,MODERATE,0,True,10,18,1,True,True,False
INC-2026-0194,2026-01-21T09:33:35,Puttalam,WET,High Winds/Cyclone,2,MEDIUM,272,0,Rescue Teams|Medical Kits,57,RESOLVED,CITIZEN,MOBILE_APP,ENGLISH,RAIN,False,False,False,True,OFFICER-01,0,2,1,31,False,MODERATE,0,True,1,2,2,False,True,False
INC-2025-0195,2025-09-30T05:26:32,Rathnapura,WET,Flood,3,HIGH,1525,0,Rescue Teams|Medical Kits,84,RESOLVED,CITIZEN,MOBILE_APP,ENGLISH,RAIN,False,False,False,True,OFFICER-01,1,3,4,83,False,MODERATE,0,True,9,5,1,True,False,False
INC-2025-0196,2025-05-07T08:08:13,Kegalle,WET,High Winds/Cyclone,4,CRITICAL,531,1,Rescue Teams|Medical Kits,58,RESOLVED,CITIZEN,MOBILE_APP,TAMIL,RAIN,False,True,False,True,OFFICER-01,9,3,5,3,False,MODERATE,0,True,5,5,2,True,False,True
INC-2026-0197,2026-05-23T16:38:34,Badulla,WET,Forest Fire,1,LOW,31,0,Rescue Teams|Medical Kits,48,RESOLVED,CITIZEN,MOBILE_APP,TAMIL,RAIN,False,False,False,True,OFFICER-01,4,2,1,12,False,MODERATE,0,True,5,13,5,True,True,False
INC-2025-0198,2025-11-02T04:13:41,Kandy,WET,Flood,4,CRITICAL,4341,63,Rescue Teams|Medical Kits,96,RESOLVED,CITIZEN,MOBILE_APP,ENGLISH,RAIN,False,True,False,True,OFFICER-01,1,3,0,39,False,MODERATE,0,True,11,20,6,True,True,False
INC-2026-0199,2026-01-01T19:02:27,Colombo,WET,Building Collapse,2,MEDIUM,82,0,Rescue Teams|Medical Kits,43,RESOLVED,CITIZEN,MOBILE_APP,ENGLISH,RAIN,True,True,False,True,OFFICER-01,9,0,1,96,False,MODERATE,0,True,1,5,3,True,True,False
INC-2025-0200,2025-03-08T13:42:00,Puttalam,WET,High Winds/Cyclone,2,MEDIUM,376,0,Rescue Teams|Medical Kits,75,RESOLVED,CITIZEN,MOBILE_APP,TAMIL,RAIN,False,False,False,True,OFFICER-01,3,3,2,10,False,MODERATE,0,True,3,12,5,False,True,True
INC-2026-0201,2026-07-09T19:37:24,Colombo,WET,Building Collapse,2,MEDIUM,24,1,Rescue Teams|Medical Kits,70,RESOLVED,CITIZEN,MOBILE_APP,SINHALA,RAIN,True,False,False,True,OFFICER-01,10,1,4,33,False,MODERATE,0,True,7,6,3,True,False,False
INC-2026-0202,2026-07-19T18:10:56,Colombo,WET,Medical Emergency,1,LOW,14,1,Rescue Teams|Medical Kits,68,RESOLVED,CITIZEN,MOBILE_APP,SINHALA,RAIN,False,False,False,True,OFFICER-01,6,1,1,72,False,MODERATE,0,True,7,0,6,False,False,False
INC-2025-0203,2025-03-24T01:10:32,Puttalam,WET,High Winds/Cyclone,1,LOW,488,0,Rescue Teams|Medical Kits,19,RESOLVED,CITIZEN,MOBILE_APP,SINHALA,RAIN,True,False,False,True,OFFICER-01,4,3,1,79,False,MODERATE,0,True,3,8,0,False,False,False
INC-2025-0204,2025-01-31T02:57:31,Colombo,WET,Building Collapse,2,MEDIUM,70,0,Rescue Teams|Medical Kits,50,RESOLVED,CITIZEN,MOBILE_APP,ENGLISH,RAIN,True,False,False,True,OFFICER-01,10,0,1,17,False,MODERATE,0,True,1,11,4,True,False,False
INC-2026-0205,2026-08-01T16:00:48,Nuwara Eliya,WET,Landslide,4,CRITICAL,1707,21,Rescue Teams|Medical Kits,120,RESOLVED,CITIZEN,MOBILE_APP,SINHALA,RAIN,False,False,False,True,OFFICER-01,8,1,0,39,False,MODERATE,0,True,8,13,5,False,True,False
INC-2025-0206,2025-11-10T07:38:38,Polonnaruwa,WET,Drought,2,MEDIUM,638,0,Rescue Teams|Medical Kits,61,RESOLVED,CITIZEN,MOBILE_APP,TAMIL,RAIN,False,True,False,True,OFFICER-01,3,2,2,59,False,MODERATE,0,True,11,6,0,True,True,False
INC-2025-0207,2025-11-05T07:32:25,Polonnaruwa,WET,Drought,3,HIGH,1150,0,Rescue Teams|Medical Kits,48,RESOLVED,CITIZEN,MOBILE_APP,TAMIL,RAIN,True,False,False,True,OFFICER-01,1,2,0,49,False,MODERATE,0,True,11,15,2,True,False,False
INC-2025-0208,2025-05-07T12:48:50,Kandy,WET,Flood,3,HIGH,5497,28,Rescue Teams|Medical Kits,102,RESOLVED,CITIZEN,MOBILE_APP,SINHALA,RAIN,True,False,False,True,OFFICER-01,7,1,5,22,False,MODERATE,0,True,5,13,2,False,False,False
INC-2025-0209,2025-06-23T19:22:32,Nuwara Eliya,WET,Flood,3,HIGH,5067,40,Rescue Teams|Medical Kits,81,RESOLVED,CITIZEN,MOBILE_APP,TAMIL,RAIN,True,True,False,True,OFFICER-01,6,4,0,0,False,MODERATE,0,True,6,11,0,False,True,False
INC-2026-0210,2026-05-30T11:12:01,Polonnaruwa,WET,Drought,2,MEDIUM,1489,0,Rescue Teams|Medical Kits,56,RESOLVED,CITIZEN,MOBILE_APP,ENGLISH,RAIN,True,False,False,True,OFFICER-01,4,5,5,83,False,MODERATE,0,True,5,3,5,False,False,False
INC-2025-0211,2025-05-27T07:17:11,Nuwara Eliya,WET,Landslide,3,HIGH,1107,8,Rescue Teams|Medical Kits,66,RESOLVED,CITIZEN,MOBILE_APP,ENGLISH,RAIN,True,True,False,True,OFFICER-01,0,4,5,73,False,MODERATE,0,True,5,20,1,False,False,False
INC-2025-0212,2025-09-24T13:05:50,Matara,WET,High Winds/Cyclone,2,MEDIUM,213,0,Rescue Teams|Medical Kits,38,RESOLVED,CITIZEN,MOBILE_APP,ENGLISH,RAIN,False,False,False,True,OFFICER-01,1,3,1,94,False,MODERATE,0,True,9,9,2,True,False,False
INC-2026-0213,2026-07-18T06:27:31,Kandy,WET,Landslide,3,HIGH,1644,0,Rescue Teams|Medical Kits,57,RESOLVED,CITIZEN,MOBILE_APP,ENGLISH,RAIN,False,False,False,True,OFFICER-01,4,4,2,59,False,MODERATE,0,True,7,7,5,False,False,False
INC-2026-0214,2026-01-01T11:26:14,Puttalam,WET,High Winds/Cyclone,2,MEDIUM,227,0,Rescue Teams|Medical Kits,67,RESOLVED,CITIZEN,MOBILE_APP,SINHALA,RAIN,True,False,False,True,OFFICER-01,2,1,1,43,False,MODERATE,0,True,1,16,3,False,True,False
INC-2026-0215,2026-03-19T06:27:07,Badulla,WET,Forest Fire,1,LOW,68,1,Rescue Teams|Medical Kits,114,RESOLVED,CITIZEN,MOBILE_APP,SINHALA,RAIN,True,False,False,True,OFFICER-01,9,1,3,100,False,MODERATE,0,True,3,20,3,True,False,False
INC-2025-0216,2025-04-11T12:18:06,Rathnapura,WET,Flood,2,MEDIUM,2258,0,Rescue Teams|Medical Kits,111,RESOLVED,CITIZEN,MOBILE_APP,TAMIL,RAIN,True,False,False,True,OFFICER-01,3,0,5,0,False,MODERATE,0,True,4,17,4,True,False,True
INC-2025-0217,2025-06-25T17:53:54,Kegalle,WET,High Winds/Cyclone,2,MEDIUM,476,0,Rescue Teams|Medical Kits,82,RESOLVED,CITIZEN,MOBILE_APP,ENGLISH,RAIN,False,False,False,True,OFFICER-01,6,5,1,43,False,MODERATE,0,True,6,9,2,True,True,False
INC-2025-0218,2025-10-07T00:55:18,Anuradhapura,WET,Drought,2,MEDIUM,885,0,Rescue Teams|Medical Kits,30,RESOLVED,CITIZEN,MOBILE_APP,ENGLISH,RAIN,True,True,False,True,OFFICER-01,10,0,3,81,False,MODERATE,0,True,10,4,1,False,True,False
INC-2026-0219,2026-08-23T01:08:08,Kandy,WET,Landslide,2,MEDIUM,1595,20,Rescue Teams|Medical Kits,75,RESOLVED,CITIZEN,MOBILE_APP,TAMIL,RAIN,True,False,False,True,OFFICER-01,2,1,5,87,False,MODERATE,0,True,8,22,6,False,False,True
INC-2025-0220,2025-08-22T21:13:03,Nuwara Eliya,WET,Flood,3,HIGH,6447,70,Rescue Teams|Medical Kits,78,RESOLVED,CITIZEN,MOBILE_APP,SINHALA,RAIN,False,True,False,True,OFFICER-01,9,1,2,66,False,MODERATE,0,True,8,23,4,True,False,False
INC-2025-0221,2025-10-06T00:08:47,Matara,WET,High Winds/Cyclone,1,LOW,309,0,Rescue Teams|Medical Kits,88,RESOLVED,CITIZEN,MOBILE_APP,TAMIL,RAIN,True,False,False,True,OFFICER-01,7,1,0,99,False,MODERATE,0,True,10,7,0,False,False,False
INC-2025-0222,2025-02-28T07:00:00,Polonnaruwa,WET,Drought,2,MEDIUM,1240,0,Rescue Teams|Medical Kits,20,RESOLVED,CITIZEN,MOBILE_APP,ENGLISH,RAIN,True,True,False,True,OFFICER-01,5,5,2,54,False,MODERATE,0,True,2,8,4,False,False,False
INC-2025-0223,2025-03-15T18:53:59,Puttalam,WET,High Winds/Cyclone,2,MEDIUM,223,2,Rescue Teams|Medical Kits,58,RESOLVED,CITIZEN,MOBILE_APP,SINHALA,RAIN,True,False,False,True,OFFICER-01,1,3,3,58,False,MODERATE,0,True,3,19,5,True,True,False
INC-2025-0224,2025-10-27T14:15:28,Kandy,WET,Landslide,2,MEDIUM,1912,0,Rescue Teams|Medical Kits,90,RESOLVED,CITIZEN,MOBILE_APP,ENGLISH,RAIN,True,False,False,True,OFFICER-01,9,5,3,23,False,MODERATE,0,True,10,23,0,False,True,False
INC-2025-0225,2025-10-06T12:46:05,Colombo,WET,Building Collapse,3,HIGH,98,1,Rescue Teams|Medical Kits,82,RESOLVED,CITIZEN,MOBILE_APP,TAMIL,RAIN,False,True,False,True,OFFICER-01,9,5,4,28,False,MODERATE,0,True,10,8,0,True,False,True
INC-2026-0226,2026-02-08T04:43:09,Colombo,WET,Medical Emergency,1,LOW,43,0,Rescue Teams|Medical Kits,86,RESOLVED,CITIZEN,MOBILE_APP,TAMIL,RAIN,False,False,False,True,OFFICER-01,0,0,5,20,False,MODERATE,0,True,2,21,6,True,False,False
INC-2025-0227,2025-12-31T12:10:47,Polonnaruwa,WET,Drought,3,HIGH,1372,0,Rescue Teams|Medical Kits,66,RESOLVED,CITIZEN,MOBILE_APP,SINHALA,RAIN,True,True,False,True,OFFICER-01,1,3,3,73,False,MODERATE,0,True,12,8,2,False,True,False
INC-2025-0228,2025-03-10T08:48:32,Monaragala,WET,Forest Fire,2,MEDIUM,73,0,Rescue Teams|Medical Kits,94,RESOLVED,CITIZEN,MOBILE_APP,TAMIL,RAIN,True,True,False,True,OFFICER-01,4,4,4,26,False,MODERATE,0,True,3,1,0,False,True,False
INC-2025-0229,2025-09-22T17:58:58,Monaragala,WET,Forest Fire,1,LOW,56,0,Rescue Teams|Medical Kits,29,RESOLVED,CITIZEN,MOBILE_APP,SINHALA,RAIN,True,False,False,True,OFFICER-01,10,1,0,43,False,MODERATE,0,True,9,19,0,False,True,False
INC-2026-0230,2026-05-08T04:18:01,Gampaha,WET,Medical Emergency,1,LOW,28,0,Rescue Teams|Medical Kits,40,RESOLVED,CITIZEN,MOBILE_APP,SINHALA,RAIN,False,False,False,True,OFFICER-01,1,3,1,58,False,MODERATE,0,True,5,22,4,True,False,False
INC-2026-0231,2026-07-11T17:53:42,Matara,WET,High Winds/Cyclone,1,LOW,273,0,Rescue Teams|Medical Kits,78,RESOLVED,CITIZEN,MOBILE_APP,SINHALA,RAIN,True,False,False,True,OFFICER-01,8,5,0,70,False,MODERATE,0,True,7,14,5,False,False,False
INC-2026-0232,2026-03-31T11:26:26,Badulla,WET,Forest Fire,1,LOW,71,0,Rescue Teams|Medical Kits,56,RESOLVED,CITIZEN,MOBILE_APP,TAMIL,RAIN,True,False,False,True,OFFICER-01,6,3,4,88,False,MODERATE,0,True,3,4,1,False,False,False
INC-2025-0233,2025-08-01T12:11:48,Kegalle,WET,High Winds/Cyclone,2,MEDIUM,503,0,Rescue Teams|Medical Kits,85,RESOLVED,CITIZEN,MOBILE_APP,ENGLISH,RAIN,False,False,False,True,OFFICER-01,8,5,1,25,False,MODERATE,0,True,8,22,4,True,True,False
INC-2026-0234,2026-04-30T19:19:37,Matara,WET,High Winds/Cyclone,2,MEDIUM,248,0,Rescue Teams|Medical Kits,29,RESOLVED,CITIZEN,MOBILE_APP,ENGLISH,RAIN,True,False,False,True,OFFICER-01,8,3,4,73,False,MODERATE,0,True,4,5,3,True,False,False
INC-2026-0235,2026-06-08T16:48:34,Badulla,WET,Forest Fire,2,MEDIUM,78,0,Rescue Teams|Medical Kits,115,RESOLVED,CITIZEN,MOBILE_APP,SINHALA,RAIN,True,True,False,True,OFFICER-01,4,5,2,18,False,MODERATE,0,True,6,4,0,False,False,True
INC-2026-0236,2026-06-21T09:37:15,Kandy,WET,Flood,3,HIGH,5212,97,Rescue Teams|Medical Kits,64,RESOLVED,CITIZEN,MOBILE_APP,SINHALA,RAIN,True,True,False,True,OFFICER-01,8,5,2,88,False,MODERATE,0,True,6,23,6,False,True,False
INC-2025-0237,2025-10-24T09:12:56,Kandy,WET,Flood,3,HIGH,3587,41,Rescue Teams|Medical Kits,97,RESOLVED,CITIZEN,MOBILE_APP,ENGLISH,RAIN,False,False,False,True,OFFICER-01,9,4,5,77,False,MODERATE,0,True,10,14,4,True,False,False
INC-2026-0238,2026-07-18T01:23:09,Matara,WET,High Winds/Cyclone,2,MEDIUM,199,0,Rescue Teams|Medical Kits,31,RESOLVED,CITIZEN,MOBILE_APP,SINHALA,RAIN,True,False,False,True,OFFICER-01,9,2,0,42,False,MODERATE,0,True,7,3,5,True,False,False
INC-2026-0239,2026-07-06T05:34:02,Monaragala,WET,Forest Fire,1,LOW,29,1,Rescue Teams|Medical Kits,115,RESOLVED,CITIZEN,MOBILE_APP,TAMIL,RAIN,True,False,False,True,OFFICER-01,5,4,1,23,False,MODERATE,0,True,7,9,0,False,False,False
INC-2025-0240,2025-02-22T22:54:05,Polonnaruwa,WET,Drought,3,HIGH,1305,0,Rescue Teams|Medical Kits,111,RESOLVED,CITIZEN,MOBILE_APP,TAMIL,RAIN,False,False,False,True,OFFICER-01,8,3,4,96,False,MODERATE,0,True,2,6,5,True,True,False
INC-2025-0241,2025-03-31T02:34:19,Nuwara Eliya,WET,Flood,3,HIGH,5834,116,Rescue Teams|Medical Kits,84,RESOLVED,CITIZEN,MOBILE_APP,TAMIL,RAIN,False,False,False,True,OFFICER-01,4,0,4,98,False,MODERATE,0,True,3,12,0,True,True,False
INC-2026-0242,2026-02-04T11:24:56,Gampaha,WET,Medical Emergency,1,LOW,42,0,Rescue Teams|Medical Kits,15,RESOLVED,CITIZEN,MOBILE_APP,TAMIL,RAIN,True,False,False,True,OFFICER-01,1,1,5,80,False,MODERATE,0,True,2,3,2,False,True,False
INC-2026-0243,2026-06-17T08:52:43,Matara,WET,High Winds/Cyclone,1,LOW,317,0,Rescue Teams|Medical Kits,34,RESOLVED,CITIZEN,MOBILE_APP,SINHALA,RAIN,False,False,False,True,OFFICER-01,7,5,2,4,False,MODERATE,0,True,6,13,2,False,False,False
INC-2025-0244,2025-02-26T21:26:32,Rathnapura,WET,Flood,3,HIGH,1111,9,Rescue Teams|Medical Kits,64,RESOLVED,CITIZEN,MOBILE_APP,TAMIL,RAIN,True,False,False,True,OFFICER-01,1,4,0,82,False,MODERATE,0,True,2,12,2,True,True,False
INC-2026-0245,2026-08-11T04:07:36,Rathnapura,WET,Flood,3,HIGH,2527,0,Rescue Teams|Medical Kits,71,RESOLVED,CITIZEN,MOBILE_APP,ENGLISH,RAIN,True,True,False,True,OFFICER-01,6,5,0,60,False,MODERATE,0,True,8,21,1,True,False,False
INC-2026-0246,2026-02-19T08:33:35,Hambantota,WET,High Winds/Cyclone,1,LOW,78,0,Rescue Teams|Medical Kits,108,RESOLVED,CITIZEN,MOBILE_APP,TAMIL,RAIN,True,False,False,True,OFFICER-01,5,0,4,71,False,MODERATE,0,True,2,4,3,False,False,False
INC-2025-0247,2025-04-06T17:16:11,Galle,WET,High Winds/Cyclone,1,LOW,60,1,Rescue Teams|Medical Kits,80,RESOLVED,CITIZEN,MOBILE_APP,SINHALA,RAIN,True,False,False,True,OFFICER-01,2,1,1,78,False,MODERATE,0,True,4,23,6,False,True,False
INC-2025-0248,2025-05-31T22:30:11,Kandy,WET,Landslide,3,HIGH,734,13,Rescue Teams|Medical Kits,47,RESOLVED,CITIZEN,MOBILE_APP,SINHALA,RAIN,False,True,False,True,OFFICER-01,3,5,4,62,False,MODERATE,0,True,5,14,5,False,False,False
INC-2025-0249,2025-10-05T09:32:29,Colombo,WET,Medical Emergency,1,LOW,18,0,Rescue Teams|Medical Kits,89,RESOLVED,CITIZEN,MOBILE_APP,SINHALA,RAIN,True,False,False,True,OFFICER-01,9,4,2,40,False,MODERATE,0,True,10,15,6,True,True,False
INC-2025-0250,2025-05-11T23:40:06,Badulla,WET,Forest Fire,1,LOW,10,0,Rescue Teams|Medical Kits,74,RESOLVED,CITIZEN,MOBILE_APP,ENGLISH,RAIN,True,False,False,True,OFFICER-01,5,2,3,70,False,MODERATE,0,True,5,11,6,False,False,False
INC-2025-0251,2025-05-17T12:35:35,Puttalam,WET,High Winds/Cyclone,1,LOW,241,0,Rescue Teams|Medical Kits,95,RESOLVED,CITIZEN,MOBILE_APP,SINHALA,RAIN,True,True,False,True,OFFICER-01,9,4,3,98,False,MODERATE,0,True,5,20,5,True,False,False
INC-2025-0252,2025-01-29T11:19:23,Matara,WET,High Winds/Cyclone,2,MEDIUM,382,0,Rescue Teams|Medical Kits,52,RESOLVED,CITIZEN,MOBILE_APP,SINHALA,RAIN,True,False,False,True,OFFICER-01,7,4,4,11,False,MODERATE,0,True,1,12,2,True,False,False
INC-2025-0253,2025-10-10T14:56:44,Colombo,WET,Building Collapse,2,MEDIUM,84,1,Rescue Teams|Medical Kits,33,RESOLVED,CITIZEN,MOBILE_APP,TAMIL,RAIN,True,False,False,True,OFFICER-01,7,2,0,28,False,MODERATE,0,True,10,5,4,False,False,False
INC-2025-0254,2025-06-30T00:07:53,Anuradhapura,WET,Drought,1,LOW,628,0,Rescue Teams|Medical Kits,56,RESOLVED,CITIZEN,MOBILE_APP,SINHALA,RAIN,True,False,False,True,OFFICER-01,8,5,2,94,False,MODERATE,0,True,6,12,0,False,False,False
INC-2026-0255,2026-03-26T10:28:18,Kandy,WET,Landslide,4,CRITICAL,1614,25,Rescue Teams|Medical Kits,60,RESOLVED,CITIZEN,MOBILE_APP,ENGLISH,RAIN,True,False,False,True,OFFICER-01,7,3,4,0,False,MODERATE,0,True,3,8,3,True,False,True
INC-2025-0256,2025-04-18T22:33:25,Polonnaruwa,WET,Drought,2,MEDIUM,950,0,Rescue Teams|Medical Kits,68,RESOLVED,CITIZEN,MOBILE_APP,ENGLISH,RAIN,False,False,False,True,OFFICER-01,1,3,5,61,False,MODERATE,0,True,4,11,4,False,True,False
INC-2025-0257,2025-06-13T15:48:22,Anuradhapura,WET,Drought,3,HIGH,1709,0,Rescue Teams|Medical Kits,33,RESOLVED,CITIZEN,MOBILE_APP,SINHALA,RAIN,True,False,False,True,OFFICER-01,2,2,1,66,False,MODERATE,0,True,6,5,4,True,True,False
INC-2026-0258,2026-04-11T12:50:02,Colombo,WET,Building Collapse,1,LOW,92,1,Rescue Teams|Medical Kits,120,RESOLVED,CITIZEN,MOBILE_APP,SINHALA,RAIN,True,False,False,True,OFFICER-01,9,5,4,33,False,MODERATE,0,True,4,5,5,True,False,False
INC-2026-0259,2026-07-17T11:49:13,Hambantota,WET,High Winds/Cyclone,2,MEDIUM,137,0,Rescue Teams|Medical Kits,102,RESOLVED,CITIZEN,MOBILE_APP,ENGLISH,RAIN,True,False,False,True,OFFICER-01,2,4,0,22,False,MODERATE,0,True,7,3,4,True,True,False
INC-2026-0260,2026-04-23T11:44:11,Anuradhapura,WET,Drought,1,LOW,1728,0,Rescue Teams|Medical Kits,98,RESOLVED,CITIZEN,MOBILE_APP,ENGLISH,RAIN,False,False,False,True,OFFICER-01,8,3,2,5,False,MODERATE,0,True,4,4,3,True,True,False
INC-2025-0261,2025-11-30T04:19:27,Polonnaruwa,WET,Drought,2,MEDIUM,734,0,Rescue Teams|Medical Kits,113,RESOLVED,CITIZEN,MOBILE_APP,SINHALA,RAIN,True,False,False,True,OFFICER-01,1,2,4,69,False,MODERATE,0,True,11,22,6,False,True,False
INC-2025-0262,2025-07-20T05:49:59,Badulla,WET,Forest Fire,3,HIGH,34,1,Rescue Teams|Medical Kits,98,RESOLVED,CITIZEN,MOBILE_APP,TAMIL,RAIN,False,False,False,True,OFFICER-01,4,2,4,54,False,MODERATE,0,True,7,22,6,True,True,False
INC-2026-0263,2026-04-21T06:16:57,Gampaha,WET,Medical Emergency,1,LOW,27,0,Rescue Teams|Medical Kits,54,RESOLVED,CITIZEN,MOBILE_APP,TAMIL,RAIN,True,False,False,True,OFFICER-01,5,5,3,94,False,MODERATE,0,True,4,5,1,True,False,False
INC-2026-0264,2026-05-28T01:55:23,Galle,WET,High Winds/Cyclone,1,LOW,80,0,Rescue Teams|Medical Kits,102,RESOLVED,CITIZEN,MOBILE_APP,TAMIL,RAIN,False,False,False,True,OFFICER-01,0,1,3,81,False,MODERATE,0,True,5,12,3,False,True,False
INC-2025-0265,2025-03-12T18:00:51,Nuwara Eliya,WET,Flood,3,HIGH,4190,77,Rescue Teams|Medical Kits,81,RESOLVED,CITIZEN,MOBILE_APP,ENGLISH,RAIN,True,False,False,True,OFFICER-01,9,0,1,81,False,MODERATE,0,True,3,23,2,True,True,False
INC-2025-0266,2025-12-07T23:01:55,Anuradhapura,WET,Drought,3,HIGH,521,0,Rescue Teams|Medical Kits,101,RESOLVED,CITIZEN,MOBILE_APP,SINHALA,RAIN,True,False,False,True,OFFICER-01,5,1,5,0,False,MODERATE,0,True,12,19,6,False,True,True
INC-2025-0267,2025-03-09T10:52:02,Hambantota,WET,High Winds/Cyclone,1,LOW,85,0,Rescue Teams|Medical Kits,107,RESOLVED,CITIZEN,MOBILE_APP,TAMIL,RAIN,False,False,False,True,OFFICER-01,9,2,2,35,False,MODERATE,0,True,3,23,6,True,False,False
INC-2026-0268,2026-04-16T23:25:59,Kegalle,WET,High Winds/Cyclone,2,MEDIUM,399,0,Rescue Teams|Medical Kits,117,RESOLVED,CITIZEN,MOBILE_APP,TAMIL,RAIN,True,True,False,True,OFFICER-01,4,4,4,32,False,MODERATE,0,True,4,17,3,True,True,False
INC-2025-0269,2025-10-20T21:17:09,Monaragala,WET,Forest Fire,1,LOW,71,0,Rescue Teams|Medical Kits,63,RESOLVED,CITIZEN,MOBILE_APP,TAMIL,RAIN,False,False,False,True,OFFICER-01,3,5,5,29,False,MODERATE,0,True,10,18,0,False,False,False
INC-2025-0270,2025-11-17T08:10:38,Colombo,WET,Medical Emergency,2,MEDIUM,32,0,Rescue Teams|Medical Kits,37,RESOLVED,CITIZEN,MOBILE_APP,ENGLISH,RAIN,False,False,False,True,OFFICER-01,5,2,1,73,False,MODERATE,0,True,11,21,0,False,True,True
INC-2025-0271,2025-05-22T23:20:56,Kandy,WET,Landslide,4,CRITICAL,1899,0,Rescue Teams|Medical Kits,60,RESOLVED,CITIZEN,MOBILE_APP,SINHALA,RAIN,True,False,False,True,OFFICER-01,1,0,0,86,False,MODERATE,0,True,5,6,3,True,False,False
INC-2026-0272,2026-04-22T18:33:51,Anuradhapura,WET,Drought,2,MEDIUM,513,0,Rescue Teams|Medical Kits,50,RESOLVED,CITIZEN,MOBILE_APP,ENGLISH,RAIN,False,False,False,True,OFFICER-01,2,4,2,50,False,MODERATE,0,True,4,15,2,True,False,False
INC-2026-0273,2026-08-06T16:10:15,Kegalle,WET,High Winds/Cyclone,3,HIGH,595,0,Rescue Teams|Medical Kits,30,RESOLVED,CITIZEN,MOBILE_APP,TAMIL,RAIN,True,False,False,True,OFFICER-01,8,3,2,88,False,MODERATE,0,True,8,11,3,True,False,True
INC-2025-0274,2025-01-10T04:20:25,Nuwara Eliya,WET,Flood,3,HIGH,4726,13,Rescue Teams|Medical Kits,68,RESOLVED,CITIZEN,MOBILE_APP,TAMIL,RAIN,True,True,False,True,OFFICER-01,5,2,3,35,False,MODERATE,0,True,1,19,4,True,True,False
INC-2025-0275,2025-05-20T17:22:41,Monaragala,WET,Forest Fire,2,MEDIUM,26,0,Rescue Teams|Medical Kits,34,RESOLVED,CITIZEN,MOBILE_APP,ENGLISH,RAIN,True,False,False,True,OFFICER-01,0,1,3,63,False,MODERATE,0,True,5,17,1,False,False,False
INC-2026-0276,2026-05-05T20:12:18,Galle,WET,High Winds/Cyclone,3,HIGH,182,0,Rescue Teams|Medical Kits,75,RESOLVED,CITIZEN,MOBILE_APP,TAMIL,RAIN,True,False,False,True,OFFICER-01,1,3,5,42,False,MODERATE,0,True,5,1,1,True,True,False
INC-2025-0277,2025-10-08T08:49:11,Kandy,WET,Landslide,4,CRITICAL,1237,9,Rescue Teams|Medical Kits,114,RESOLVED,CITIZEN,MOBILE_APP,ENGLISH,RAIN,True,False,False,True,OFFICER-01,5,2,5,65,False,MODERATE,0,True,10,6,2,True,False,False
INC-2026-0278,2026-08-25T18:16:54,Anuradhapura,WET,Drought,3,HIGH,1415,0,Rescue Teams|Medical Kits,93,RESOLVED,CITIZEN,MOBILE_APP,TAMIL,RAIN,False,False,False,True,OFFICER-01,6,0,0,20,False,MODERATE,0,True,8,5,1,True,False,False
INC-2025-0279,2025-06-27T06:17:26,Colombo,WET,Medical Emergency,1,LOW,30,1,Rescue Teams|Medical Kits,36,RESOLVED,CITIZEN,MOBILE_APP,SINHALA,RAIN,False,False,False,True,OFFICER-01,0,1,5,30,False,MODERATE,0,True,6,11,4,False,True,False
INC-2026-0280,2026-08-01T18:50:29,Kandy,WET,Landslide,4,CRITICAL,1935,0,Rescue Teams|Medical Kits,25,RESOLVED,CITIZEN,MOBILE_APP,SINHALA,RAIN,True,False,False,True,OFFICER-01,4,4,1,10,False,MODERATE,0,True,8,17,5,True,True,False
INC-2025-0281,2025-08-29T07:05:13,Colombo,WET,Building Collapse,3,HIGH,49,1,Rescue Teams|Medical Kits,74,RESOLVED,CITIZEN,MOBILE_APP,TAMIL,RAIN,True,False,False,True,OFFICER-01,4,4,3,17,False,MODERATE,0,True,8,21,4,True,False,True
INC-2026-0282,2026-04-04T21:53:12,Hambantota,WET,High Winds/Cyclone,1,LOW,126,0,Rescue Teams|Medical Kits,118,RESOLVED,CITIZEN,MOBILE_APP,SINHALA,RAIN,True,False,False,True,OFFICER-01,7,2,2,52,False,MODERATE,0,True,4,17,5,False,False,False
INC-2025-0283,2025-05-01T22:47:07,Kandy,WET,Landslide,4,CRITICAL,1121,17,Rescue Teams|Medical Kits,53,RESOLVED,CITIZEN,MOBILE_APP,SINHALA,RAIN,False,False,False,True,OFFICER-01,6,2,4,29,False,MODERATE,0,True,5,0,3,False,True,False
INC-2026-0284,2026-03-02T19:24:57,Nuwara Eliya,WET,Flood,3,HIGH,6060,113,Rescue Teams|Medical Kits,81,RESOLVED,CITIZEN,MOBILE_APP,TAMIL,RAIN,True,True,False,True,OFFICER-01,10,2,2,83,False,MODERATE,0,True,3,12,0,True,False,False
INC-2025-0285,2025-11-17T17:05:10,Kandy,WET,Landslide,4,CRITICAL,885,0,Rescue Teams|Medical Kits,83,RESOLVED,CITIZEN,MOBILE_APP,SINHALA,RAIN,False,True,False,True,OFFICER-01,2,0,2,34,False,MODERATE,0,True,11,22,0,True,False,False
INC-2026-0286,2026-07-10T12:13:07,Galle,WET,High Winds/Cyclone,2,MEDIUM,162,0,Rescue Teams|Medical Kits,104,RESOLVED,CITIZEN,MOBILE_APP,SINHALA,RAIN,False,False,False,True,OFFICER-01,5,0,1,7,False,MODERATE,0,True,7,9,4,True,False,False
INC-2025-0287,2025-11-01T19:16:19,Kandy,WET,Landslide,3,HIGH,646,3,Rescue Teams|Medical Kits,109,RESOLVED,CITIZEN,MOBILE_APP,SINHALA,RAIN,True,False,False,True,OFFICER-01,3,3,5,98,False,MODERATE,0,True,11,22,5,False,False,False
INC-2026-0288,2026-02-09T18:44:14,Puttalam,WET,High Winds/Cyclone,3,HIGH,306,0,Rescue Teams|Medical Kits,96,RESOLVED,CITIZEN,MOBILE_APP,ENGLISH,RAIN,False,False,False,True,OFFICER-01,3,2,0,85,False,MODERATE,0,True,2,1,0,True,True,False
INC-2025-0289,2025-03-29T17:08:20,Matara,WET,High Winds/Cyclone,2,MEDIUM,220,0,Rescue Teams|Medical Kits,75,RESOLVED,CITIZEN,MOBILE_APP,TAMIL,RAIN,True,True,False,True,OFFICER-01,9,1,2,98,False,MODERATE,0,True,3,7,5,True,True,False
INC-2025-0290,2025-07-13T04:31:08,Rathnapura,WET,Flood,3,HIGH,1322,0,Rescue Teams|Medical Kits,116,RESOLVED,CITIZEN,MOBILE_APP,SINHALA,RAIN,True,False,False,True,OFFICER-01,2,3,1,40,False,MODERATE,0,True,7,1,6,True,False,False
INC-2025-0291,2025-12-07T18:18:46,Gampaha,WET,Medical Emergency,1,LOW,22,1,Rescue Teams|Medical Kits,87,RESOLVED,CITIZEN,MOBILE_APP,SINHALA,RAIN,True,False,False,True,OFFICER-01,8,2,2,93,False,MODERATE,0,True,12,14,6,True,False,False
INC-2025-0292,2025-08-02T20:25:11,Monaragala,WET,Forest Fire,1,LOW,80,0,Rescue Teams|Medical Kits,38,RESOLVED,CITIZEN,MOBILE_APP,SINHALA,RAIN,True,False,False,True,OFFICER-01,9,2,4,30,False,MODERATE,0,True,8,14,5,True,False,False
INC-2026-0293,2026-07-15T00:28:50,Colombo,WET,Medical Emergency,1,LOW,14,0,Rescue Teams|Medical Kits,56,RESOLVED,CITIZEN,MOBILE_APP,SINHALA,RAIN,True,True,False,True,OFFICER-01,1,4,5,8,False,MODERATE,0,True,7,17,2,True,False,False
INC-2025-0294,2025-04-11T19:10:03,Kandy,WET,Flood,3,HIGH,2731,0,Rescue Teams|Medical Kits,47,RESOLVED,CITIZEN,MOBILE_APP,SINHALA,RAIN,False,False,False,True,OFFICER-01,5,1,4,91,False,MODERATE,0,True,4,12,4,True,True,False
INC-2025-0295,2025-01-11T03:56:33,Rathnapura,WET,Flood,3,HIGH,2905,0,Rescue Teams|Medical Kits,68,RESOLVED,CITIZEN,MOBILE_APP,ENGLISH,RAIN,True,False,False,True,OFFICER-01,0,4,2,67,False,MODERATE,0,True,1,20,5,False,False,False
INC-2026-0296,2026-07-25T08:21:01,Kandy,WET,Flood,3,HIGH,2288,0,Rescue Teams|Medical Kits,87,RESOLVED,CITIZEN,MOBILE_APP,TAMIL,RAIN,True,True,False,True,OFFICER-01,2,4,5,71,False,MODERATE,0,True,7,17,5,False,True,False
INC-2026-0297,2026-08-03T12:28:05,Badulla,WET,Forest Fire,1,LOW,23,0,Rescue Teams|Medical Kits,58,RESOLVED,CITIZEN,MOBILE_APP,TAMIL,RAIN,True,True,False,True,OFFICER-01,2,4,4,56,False,MODERATE,0,True,8,3,0,False,False,False
INC-2025-0298,2025-09-02T18:54:53,Gampaha,WET,Medical Emergency,1,LOW,45,0,Rescue Teams|Medical Kits,63,RESOLVED,CITIZEN,MOBILE_APP,TAMIL,RAIN,True,True,False,True,OFFICER-01,4,2,3,57,False,MODERATE,0,True,9,23,1,True,False,False
INC-2025-0299,2025-01-01T03:38:48,Colombo,WET,Building Collapse,3,HIGH,24,0,Rescue Teams|Medical Kits,103,RESOLVED,CITIZEN,MOBILE_APP,ENGLISH,RAIN,True,False,False,True,OFFICER-01,8,4,4,73,False,MODERATE,0,True,1,7,2,True,False,True
INC-2025-0300,2025-03-15T05:38:22,Galle,WET,High Winds/Cyclone,1,LOW,59,0,Rescue Teams|Medical Kits,42,RESOLVED,CITIZEN,MOBILE_APP,TAMIL,RAIN,False,True,False,True,OFFICER-01,1,5,2,61,False,MODERATE,0,True,3,8,5,True,False,False
INC-2026-0301,2026-01-15T06:07:54,Hambantota,WET,High Winds/Cyclone,2,MEDIUM,138,0,Rescue Teams|Medical Kits,57,RESOLVED,CITIZEN,MOBILE_APP,ENGLISH,RAIN,True,False,False,True,OFFICER-01,6,3,0,98,False,MODERATE,0,True,1,18,3,True,False,True
INC-2026-0302,2026-08-04T17:44:25,Kegalle,WET,High Winds/Cyclone,2,MEDIUM,305,0,Rescue Teams|Medical Kits,21,RESOLVED,CITIZEN,MOBILE_APP,TAMIL,RAIN,True,False,False,True,OFFICER-01,6,3,4,73,False,MODERATE,0,True,8,18,1,True,False,False
INC-2025-0303,2025-03-11T23:16:04,Polonnaruwa,WET,Drought,1,LOW,727,0,Rescue Teams|Medical Kits,70,RESOLVED,CITIZEN,MOBILE_APP,TAMIL,RAIN,True,False,False,True,OFFICER-01,2,1,3,71,False,MODERATE,0,True,3,23,1,True,True,False
INC-2026-0304,2026-01-14T22:23:24,Matara,WET,High Winds/Cyclone,3,HIGH,302,0,Rescue Teams|Medical Kits,69,RESOLVED,CITIZEN,MOBILE_APP,ENGLISH,RAIN,False,False,False,True,OFFICER-01,5,1,2,44,False,MODERATE,0,True,1,10,2,True,True,False
INC-2026-0305,2026-08-21T19:53:57,Nuwara Eliya,WET,Flood,3,HIGH,5497,45,Rescue Teams|Medical Kits,25,RESOLVED,CITIZEN,MOBILE_APP,SINHALA,RAIN,True,False,False,True,OFFICER-01,0,1,4,18,False,MODERATE,0,True,8,7,4,False,False,False
INC-2025-0306,2025-01-11T16:00:25,Nuwara Eliya,WET,Landslide,4,CRITICAL,1503,4,Rescue Teams|Medical Kits,94,RESOLVED,CITIZEN,MOBILE_APP,TAMIL,RAIN,True,False,False,True,OFFICER-01,2,5,5,85,False,MODERATE,0,True,1,6,5,True,True,False
INC-2025-0307,2025-10-20T12:27:25,Nuwara Eliya,WET,Flood,3,HIGH,7775,0,Rescue Teams|Medical Kits,23,RESOLVED,CITIZEN,MOBILE_APP,ENGLISH,RAIN,True,False,False,True,OFFICER-01,10,2,5,84,False,MODERATE,0,True,10,19,0,True,True,False
INC-2025-0308,2025-03-25T19:14:31,Gampaha,WET,Medical Emergency,4,CRITICAL,11,1,Rescue Teams|Medical Kits,79,RESOLVED,CITIZEN,MOBILE_APP,ENGLISH,RAIN,True,False,False,True,OFFICER-01,8,5,0,5,False,MODERATE,0,True,3,10,1,True,False,True
INC-2026-0309,2026-02-16T05:01:03,Kegalle,WET,High Winds/Cyclone,2,MEDIUM,456,0,Rescue Teams|Medical Kits,50,RESOLVED,CITIZEN,MOBILE_APP,SINHALA,RAIN,True,False,False,True,OFFICER-01,10,2,3,3,False,MODERATE,0,True,2,20,0,True,True,False
INC-2025-0310,2025-06-25T05:09:58,Kandy,WET,Landslide,3,HIGH,810,13,Rescue Teams|Medical Kits,69,RESOLVED,CITIZEN,MOBILE_APP,ENGLISH,RAIN,False,False,False,True,OFFICER-01,9,2,3,69,False,MODERATE,0,True,6,20,2,False,False,False
INC-2025-0311,2025-06-10T14:14:05,Galle,WET,High Winds/Cyclone,1,LOW,85,0,Rescue Teams|Medical Kits,113,RESOLVED,CITIZEN,MOBILE_APP,SINHALA,RAIN,False,False,False,True,OFFICER-01,10,4,1,40,False,MODERATE,0,True,6,16,1,True,True,False
INC-2026-0312,2026-03-09T21:34:34,Rathnapura,WET,Flood,4,CRITICAL,2091,0,Rescue Teams|Medical Kits,71,RESOLVED,CITIZEN,MOBILE_APP,TAMIL,RAIN,False,False,False,True,OFFICER-01,10,5,2,19,False,MODERATE,0,True,3,10,0,False,True,True
INC-2025-0313,2025-03-24T22:21:49,Matara,WET,High Winds/Cyclone,4,CRITICAL,167,0,Rescue Teams|Medical Kits,103,RESOLVED,CITIZEN,MOBILE_APP,ENGLISH,RAIN,True,True,False,True,OFFICER-01,2,4,4,60,False,MODERATE,0,True,3,7,0,False,True,False
INC-2025-0314,2025-05-23T21:34:12,Gampaha,WET,Medical Emergency,1,LOW,34,0,Rescue Teams|Medical Kits,100,RESOLVED,CITIZEN,MOBILE_APP,SINHALA,RAIN,False,False,False,True,OFFICER-01,3,0,1,56,False,MODERATE,0,True,5,0,4,True,True,False
INC-2026-0315,2026-06-19T06:41:24,Anuradhapura,WET,Drought,3,HIGH,1165,0,Rescue Teams|Medical Kits,88,RESOLVED,CITIZEN,MOBILE_APP,TAMIL,RAIN,False,False,False,True,OFFICER-01,8,4,5,90,False,MODERATE,0,True,6,12,4,True,False,False
INC-2026-0316,2026-02-09T09:36:09,Kandy,WET,Flood,3,HIGH,2447,3,Rescue Teams|Medical Kits,21,RESOLVED,CITIZEN,MOBILE_APP,SINHALA,RAIN,True,False,False,True,OFFICER-01,4,3,3,38,False,MODERATE,0,True,2,1,0,True,False,False
INC-2025-0317,2025-12-25T08:08:04,Nuwara Eliya,WET,Landslide,1,LOW,1140,20,Rescue Teams|Medical Kits,104,RESOLVED,CITIZEN,MOBILE_APP,TAMIL,RAIN,True,False,False,True,OFFICER-01,2,3,3,41,False,MODERATE,0,True,12,20,3,False,False,False
INC-2025-0318,2025-01-20T08:23:43,Monaragala,WET,Forest Fire,2,MEDIUM,32,0,Rescue Teams|Medical Kits,106,RESOLVED,CITIZEN,MOBILE_APP,TAMIL,RAIN,False,False,False,True,OFFICER-01,1,0,0,90,False,MODERATE,0,True,1,10,0,False,False,True
INC-2026-0319,2026-05-08T11:57:59,Monaragala,WET,Forest Fire,1,LOW,56,1,Rescue Teams|Medical Kits,87,RESOLVED,CITIZEN,MOBILE_APP,TAMIL,RAIN,True,False,False,True,OFFICER-01,2,1,1,22,False,MODERATE,0,True,5,17,4,False,False,False
INC-2025-0320,2025-11-22T21:34:10,Kandy,WET,Flood,3,HIGH,3261,58,Rescue Teams|Medical Kits,78,RESOLVED,CITIZEN,MOBILE_APP,TAMIL,RAIN,False,True,False,True,OFFICER-01,0,4,3,30,False,MODERATE,0,True,11,19,5,True,True,False
INC-2026-0321,2026-04-03T09:11:21,Matara,WET,High Winds/Cyclone,2,MEDIUM,343,0,Rescue Teams|Medical Kits,21,RESOLVED,CITIZEN,MOBILE_APP,SINHALA,RAIN,False,False,False,True,OFFICER-01,2,0,5,44,False,MODERATE,0,True,4,8,4,False,True,False
INC-2025-0322,2025-04-23T21:58:31,Kandy,WET,Flood,4,CRITICAL,5497,74,Rescue Teams|Medical Kits,99,RESOLVED,CITIZEN,MOBILE_APP,TAMIL,RAIN,False,True,False,True,OFFICER-01,9,4,4,22,False,MODERATE,0,True,4,13,2,True,False,True
INC-2026-0323,2026-08-06T00:36:47,Monaragala,WET,Forest Fire,1,LOW,56,0,Rescue Teams|Medical Kits,30,RESOLVED,CITIZEN,MOBILE_APP,TAMIL,RAIN,False,True,False,True,OFFICER-01,4,2,4,52,False,MODERATE,0,True,8,13,3,True,False,False
INC-2025-0324,2025-06-12T23:48:04,Polonnaruwa,WET,Drought,3,HIGH,1212,0,Rescue Teams|Medical Kits,105,RESOLVED,CITIZEN,MOBILE_APP,ENGLISH,RAIN,True,False,False,True,OFFICER-01,6,4,2,33,False,MODERATE,0,True,6,2,3,True,False,False
INC-2026-0325,2026-03-23T17:26:12,Polonnaruwa,WET,Drought,3,HIGH,1138,0,Rescue Teams|Medical Kits,52,RESOLVED,CITIZEN,MOBILE_APP,SINHALA,RAIN,False,False,False,True,OFFICER-01,0,0,0,59,False,MODERATE,0,True,3,15,0,True,False,False
INC-2026-0326,2026-07-27T19:24:24,Puttalam,WET,High Winds/Cyclone,2,MEDIUM,306,0,Rescue Teams|Medical Kits,47,RESOLVED,CITIZEN,MOBILE_APP,SINHALA,RAIN,True,False,False,True,OFFICER-01,4,2,4,70,False,MODERATE,0,True,7,20,0,True,True,False
INC-2026-0327,2026-08-19T18:31:26,Colombo,WET,Medical Emergency,2,MEDIUM,10,1,Rescue Teams|Medical Kits,76,RESOLVED,CITIZEN,MOBILE_APP,ENGLISH,RAIN,True,False,False,True,OFFICER-01,0,5,1,61,False,MODERATE,0,True,8,5,2,False,False,True
INC-2026-0328,2026-05-03T03:51:52,Galle,WET,High Winds/Cyclone,2,MEDIUM,167,0,Rescue Teams|Medical Kits,101,RESOLVED,CITIZEN,MOBILE_APP,ENGLISH,RAIN,True,False,False,True,OFFICER-01,8,4,0,26,False,MODERATE,0,True,5,23,6,True,False,False
INC-2025-0329,2025-10-02T15:29:55,Colombo,WET,Medical Emergency,1,LOW,14,0,Rescue Teams|Medical Kits,115,RESOLVED,CITIZEN,MOBILE_APP,ENGLISH,RAIN,True,False,False,True,OFFICER-01,5,5,0,34,False,MODERATE,0,True,10,5,3,True,False,False
INC-2025-0330,2025-03-09T10:01:40,Badulla,WET,Forest Fire,1,LOW,73,0,Rescue Teams|Medical Kits,26,RESOLVED,CITIZEN,MOBILE_APP,ENGLISH,RAIN,True,False,False,True,OFFICER-01,8,0,3,64,False,MODERATE,0,True,3,5,6,False,True,False
INC-2025-0331,2025-05-28T17:48:09,Galle,WET,High Winds/Cyclone,2,MEDIUM,137,0,Rescue Teams|Medical Kits,31,RESOLVED,CITIZEN,MOBILE_APP,SINHALA,RAIN,False,False,False,True,OFFICER-01,0,3,3,91,False,MODERATE,0,True,5,3,2,True,False,False
INC-2025-0332,2025-03-31T23:20:21,Polonnaruwa,WET,Drought,2,MEDIUM,504,0,Rescue Teams|Medical Kits,17,RESOLVED,CITIZEN,MOBILE_APP,TAMIL,RAIN,True,False,False,True,OFFICER-01,4,5,1,41,False,MODERATE,0,True,3,1,0,False,False,False
INC-2025-0333,2025-05-30T13:18:39,Matara,WET,High Winds/Cyclone,2,MEDIUM,246,0,Rescue Teams|Medical Kits,28,RESOLVED,CITIZEN,MOBILE_APP,SINHALA,RAIN,True,False,False,True,OFFICER-01,8,2,4,40,False,MODERATE,0,True,5,8,4,True,True,False
INC-2025-0334,2025-04-20T22:48:37,Kandy,WET,Landslide,4,CRITICAL,1942,0,Rescue Teams|Medical Kits,21,RESOLVED,CITIZEN,MOBILE_APP,SINHALA,RAIN,True,True,False,True,OFFICER-01,6,0,0,54,False,MODERATE,0,True,4,14,6,True,False,False
INC-2025-0335,2025-05-20T00:29:05,Colombo,WET,Building Collapse,2,MEDIUM,96,0,Rescue Teams|Medical Kits,111,RESOLVED,CITIZEN,MOBILE_APP,ENGLISH,RAIN,False,False,False,True,OFFICER-01,9,1,0,89,False,MODERATE,0,True,5,6,1,False,False,False
INC-2025-0336,2025-03-17T13:06:49,Monaragala,WET,Forest Fire,1,LOW,68,0,Rescue Teams|Medical Kits,65,RESOLVED,CITIZEN,MOBILE_APP,SINHALA,RAIN,False,False,False,True,OFFICER-01,10,2,2,58,False,MODERATE,0,True,3,4,0,False,False,False
INC-2025-0337,2025-01-24T12:09:51,Anuradhapura,WET,Drought,2,MEDIUM,633,0,Rescue Teams|Medical Kits,106,RESOLVED,CITIZEN,MOBILE_APP,SINHALA,RAIN,True,False,False,True,OFFICER-01,5,4,5,9,False,MODERATE,0,True,1,19,4,True,True,False
INC-2026-0338,2026-02-18T19:05:49,Nuwara Eliya,WET,Landslide,4,CRITICAL,1744,27,Rescue Teams|Medical Kits,70,RESOLVED,CITIZEN,MOBILE_APP,TAMIL,RAIN,True,False,False,True,OFFICER-01,5,4,5,30,False,MODERATE,0,True,2,10,2,True,False,False
INC-2026-0339,2026-05-30T15:59:15,Hambantota,WET,High Winds/Cyclone,4,CRITICAL,135,2,Rescue Teams|Medical Kits,102,RESOLVED,CITIZEN,MOBILE_APP,TAMIL,RAIN,True,False,False,True,OFFICER-01,6,2,3,82,False,MODERATE,0,True,5,14,5,True,True,True
INC-2025-0340,2025-03-12T07:39:27,Kandy,WET,Flood,4,CRITICAL,2891,0,Rescue Teams|Medical Kits,93,RESOLVED,CITIZEN,MOBILE_APP,TAMIL,RAIN,False,False,False,True,OFFICER-01,7,1,1,87,False,MODERATE,0,True,3,4,2,False,False,True
INC-2025-0341,2025-08-21T19:28:17,Colombo,WET,Medical Emergency,1,LOW,46,0,Rescue Teams|Medical Kits,80,RESOLVED,CITIZEN,MOBILE_APP,ENGLISH,RAIN,False,False,False,True,OFFICER-01,2,2,0,47,False,MODERATE,0,True,8,11,3,False,False,False
INC-2025-0342,2025-01-01T15:43:13,Kandy,WET,Flood,3,HIGH,4880,46,Rescue Teams|Medical Kits,70,RESOLVED,CITIZEN,MOBILE_APP,TAMIL,RAIN,False,False,False,True,OFFICER-01,3,5,1,60,False,MODERATE,0,True,1,12,2,False,True,False
INC-2025-0343,2025-05-27T04:48:09,Galle,WET,High Winds/Cyclone,2,MEDIUM,192,0,Rescue Teams|Medical Kits,33,RESOLVED,CITIZEN,MOBILE_APP,TAMIL,RAIN,True,True,False,True,OFFICER-01,7,5,3,17,False,MODERATE,0,True,5,21,1,False,True,False
INC-2025-0344,2025-04-17T13:58:16,Rathnapura,WET,Flood,3,HIGH,2315,0,Rescue Teams|Medical Kits,72,RESOLVED,CITIZEN,MOBILE_APP,ENGLISH,RAIN,True,False,False,True,OFFICER-01,5,1,1,54,False,MODERATE,0,True,4,19,3,False,False,False
INC-2026-0345,2026-03-25T21:33:16,Nuwara Eliya,WET,Flood,3,HIGH,7080,0,Rescue Teams|Medical Kits,29,RESOLVED,CITIZEN,MOBILE_APP,TAMIL,RAIN,False,False,False,True,OFFICER-01,7,5,0,18,False,MODERATE,0,True,3,1,2,True,False,False
INC-2026-0346,2026-08-06T23:51:59,Polonnaruwa,WET,Drought,1,LOW,1297,0,Rescue Teams|Medical Kits,84,RESOLVED,CITIZEN,MOBILE_APP,TAMIL,RAIN,False,False,False,True,OFFICER-01,4,4,0,43,False,MODERATE,0,True,8,20,3,True,False,False
INC-2025-0347,2025-12-31T04:20:53,Nuwara Eliya,WET,Flood,3,HIGH,6719,121,Rescue Teams|Medical Kits,53,RESOLVED,CITIZEN,MOBILE_APP,TAMIL,RAIN,True,False,False,True,OFFICER-01,9,2,0,80,False,MODERATE,0,True,12,9,2,True,False,False
INC-2026-0348,2026-03-26T01:19:51,Anuradhapura,WET,Drought,3,HIGH,846,0,Rescue Teams|Medical Kits,50,RESOLVED,CITIZEN,MOBILE_APP,ENGLISH,RAIN,True,False,False,True,OFFICER-01,2,4,2,35,False,MODERATE,0,True,3,15,3,True,False,True
INC-2025-0349,2025-01-12T00:45:47,Kandy,WET,Landslide,3,HIGH,728,10,Rescue Teams|Medical Kits,19,RESOLVED,CITIZEN,MOBILE_APP,ENGLISH,RAIN,True,True,False,True,OFFICER-01,1,1,4,19,False,MODERATE,0,True,1,22,6,True,False,False
INC-2026-0350,2026-08-08T16:29:15,Anuradhapura,WET,Drought,3,HIGH,1345,0,Rescue Teams|Medical Kits,119,RESOLVED,CITIZEN,MOBILE_APP,SINHALA,RAIN,False,True,False,True,OFFICER-01,0,1,3,51,False,MODERATE,0,True,8,23,5,True,False,False
INC-2025-0351,2025-08-23T01:53:25,Anuradhapura,WET,Drought,3,HIGH,1475,0,Rescue Teams|Medical Kits,51,RESOLVED,CITIZEN,MOBILE_APP,ENGLISH,RAIN,True,False,False,True,OFFICER-01,6,5,2,67,False,MODERATE,0,True,8,15,5,True,True,False
INC-2025-0352,2025-03-17T15:00:08,Kandy,WET,Flood,3,HIGH,5758,46,Rescue Teams|Medical Kits,89,RESOLVED,CITIZEN,MOBILE_APP,ENGLISH,RAIN,True,False,False,True,OFFICER-01,7,5,5,30,False,MODERATE,0,True,3,10,0,True,False,False
INC-2026-0353,2026-02-08T20:36:49,Matara,WET,High Winds/Cyclone,3,HIGH,272,0,Rescue Teams|Medical Kits,59,RESOLVED,CITIZEN,MOBILE_APP,SINHALA,RAIN,True,True,False,True,OFFICER-01,4,2,1,4,False,MODERATE,0,True,2,2,6,True,True,True
INC-2026-0354,2026-04-27T02:24:04,Nuwara Eliya,WET,Flood,3,HIGH,3753,28,Rescue Teams|Medical Kits,87,RESOLVED,CITIZEN,MOBILE_APP,SINHALA,RAIN,True,False,False,True,OFFICER-01,1,5,1,32,False,MODERATE,0,True,4,19,0,False,False,False
INC-2025-0355,2025-12-29T16:40:58,Nuwara Eliya,WET,Landslide,3,HIGH,2152,0,Rescue Teams|Medical Kits,22,RESOLVED,CITIZEN,MOBILE_APP,ENGLISH,RAIN,True,False,False,True,OFFICER-01,6,2,0,33,False,MODERATE,0,True,12,10,0,False,False,False
INC-2025-0356,2025-05-19T04:50:45,Kandy,WET,Landslide,4,CRITICAL,1402,7,Rescue Teams|Medical Kits,106,RESOLVED,CITIZEN,MOBILE_APP,ENGLISH,RAIN,True,False,False,True,OFFICER-01,1,0,0,9,False,MODERATE,0,True,5,13,0,False,True,False
INC-2025-0357,2025-12-13T07:50:38,Kandy,WET,Landslide,1,LOW,538,0,Rescue Teams|Medical Kits,113,RESOLVED,CITIZEN,MOBILE_APP,ENGLISH,RAIN,True,False,False,True,OFFICER-01,7,3,3,93,False,MODERATE,0,True,12,22,5,False,False,False
INC-2026-0358,2026-02-24T12:43:44,Rathnapura,WET,Flood,1,LOW,1462,23,Rescue Teams|Medical Kits,26,RESOLVED,CITIZEN,MOBILE_APP,ENGLISH,RAIN,True,False,False,True,OFFICER-01,8,2,0,58,False,MODERATE,0,True,2,11,1,True,False,False
INC-2026-0359,2026-05-19T03:43:43,Nuwara Eliya,WET,Landslide,1,LOW,1215,2,Rescue Teams|Medical Kits,71,RESOLVED,CITIZEN,MOBILE_APP,TAMIL,RAIN,False,False,False,True,OFFICER-01,3,1,0,24,False,MODERATE,0,True,5,3,1,False,True,False
INC-2026-0360,2026-07-14T00:54:28,Nuwara Eliya,WET,Flood,3,HIGH,7857,100,Rescue Teams|Medical Kits,58,RESOLVED,CITIZEN,MOBILE_APP,TAMIL,RAIN,False,True,False,True,OFFICER-01,0,3,0,27,False,MODERATE,0,True,7,14,1,False,False,False
INC-2025-0361,2025-12-23T00:38:34,Polonnaruwa,WET,Drought,1,LOW,1462,0,Rescue Teams|Medical Kits,20,RESOLVED,CITIZEN,MOBILE_APP,SINHALA,RAIN,False,False,False,True,OFFICER-01,10,1,0,22,False,MODERATE,0,True,12,1,1,True,False,False
INC-2025-0362,2025-08-27T17:10:59,Kandy,WET,Flood,3,HIGH,5361,0,Rescue Teams|Medical Kits,117,RESOLVED,CITIZEN,MOBILE_APP,SINHALA,RAIN,True,False,False,True,OFFICER-01,6,2,5,86,False,MODERATE,0,True,8,3,2,False,True,False
INC-2025-0363,2025-09-09T20:10:38,Colombo,WET,Building Collapse,4,CRITICAL,35,0,Rescue Teams|Medical Kits,111,RESOLVED,CITIZEN,MOBILE_APP,ENGLISH,RAIN,True,False,False,True,OFFICER-01,2,5,2,70,False,MODERATE,0,True,9,1,1,True,False,False
INC-2025-0364,2025-12-07T17:14:15,Hambantota,WET,High Winds/Cyclone,4,CRITICAL,81,0,Rescue Teams|Medical Kits,26,RESOLVED,CITIZEN,MOBILE_APP,TAMIL,RAIN,True,False,False,True,OFFICER-01,10,4,2,53,False,MODERATE,0,True,12,5,6,False,False,False
INC-2026-0365,2026-06-22T18:29:41,Anuradhapura,WET,Drought,2,MEDIUM,759,0,Rescue Teams|Medical Kits,93,RESOLVED,CITIZEN,MOBILE_APP,SINHALA,RAIN,False,False,False,True,OFFICER-01,10,2,2,53,False,MODERATE,0,True,6,19,0,True,False,False
INC-2026-0366,2026-03-10T04:28:31,Nuwara Eliya,WET,Flood,3,HIGH,4930,68,Rescue Teams|Medical Kits,50,RESOLVED,CITIZEN,MOBILE_APP,SINHALA,RAIN,True,False,False,True,OFFICER-01,3,0,1,87,False,MODERATE,0,True,3,16,1,False,False,False
INC-2026-0367,2026-01-22T10:20:55,Anuradhapura,WET,Drought,2,MEDIUM,861,0,Rescue Teams|Medical Kits,20,RESOLVED,CITIZEN,MOBILE_APP,SINHALA,RAIN,True,False,False,True,OFFICER-01,0,4,1,20,False,MODERATE,0,True,1,8,3,True,True,False
INC-2026-0368,2026-01-12T18:11:59,Nuwara Eliya,WET,Flood,4,CRITICAL,7218,61,Rescue Teams|Medical Kits,27,RESOLVED,CITIZEN,MOBILE_APP,SINHALA,RAIN,False,True,False,True,OFFICER-01,6,1,3,28,False,MODERATE,0,True,1,21,0,True,True,False
INC-2026-0369,2026-01-01T19:53:41,Rathnapura,WET,Flood,3,HIGH,2198,0,Rescue Teams|Medical Kits,60,RESOLVED,CITIZEN,MOBILE_APP,ENGLISH,RAIN,True,False,False,True,OFFICER-01,3,2,1,4,False,MODERATE,0,True,1,12,3,True,False,False
INC-2025-0370,2025-08-06T22:50:26,Kandy,WET,Flood,3,HIGH,2559,30,Rescue Teams|Medical Kits,36,RESOLVED,CITIZEN,MOBILE_APP,TAMIL,RAIN,False,False,False,True,OFFICER-01,8,1,0,52,False,MODERATE,0,True,8,5,2,False,True,False
INC-2026-0371,2026-01-15T23:35:55,Polonnaruwa,WET,Drought,3,HIGH,1382,0,Rescue Teams|Medical Kits,43,RESOLVED,CITIZEN,MOBILE_APP,TAMIL,RAIN,False,True,False,True,OFFICER-01,2,4,0,53,False,MODERATE,0,True,1,23,3,False,True,False
INC-2025-0372,2025-02-01T02:44:52,Kandy,WET,Flood,3,HIGH,3927,0,Rescue Teams|Medical Kits,16,RESOLVED,CITIZEN,MOBILE_APP,TAMIL,RAIN,True,True,False,True,OFFICER-01,6,1,1,45,False,MODERATE,0,True,2,3,5,True,False,False
INC-2025-0373,2025-07-05T16:26:45,Nuwara Eliya,WET,Landslide,4,CRITICAL,2126,0,Rescue Teams|Medical Kits,105,RESOLVED,CITIZEN,MOBILE_APP,ENGLISH,RAIN,True,False,False,True,OFFICER-01,2,2,5,59,False,MODERATE,0,True,7,18,5,True,False,False
INC-2026-0374,2026-05-03T05:48:47,Nuwara Eliya,WET,Flood,3,HIGH,3579,43,Rescue Teams|Medical Kits,94,RESOLVED,CITIZEN,MOBILE_APP,ENGLISH,RAIN,True,True,False,True,OFFICER-01,0,4,5,46,False,MODERATE,0,True,5,17,6,True,True,False
INC-2025-0375,2025-03-28T04:33:58,Kandy,WET,Flood,3,HIGH,3568,6,Rescue Teams|Medical Kits,98,RESOLVED,CITIZEN,MOBILE_APP,ENGLISH,RAIN,True,False,False,True,OFFICER-01,9,5,1,96,False,MODERATE,0,True,3,6,4,False,False,False
INC-2025-0376,2025-09-06T21:52:42,Kegalle,WET,High Winds/Cyclone,1,LOW,480,0,Rescue Teams|Medical Kits,83,RESOLVED,CITIZEN,MOBILE_APP,TAMIL,RAIN,True,False,False,True,OFFICER-01,8,2,3,79,False,MODERATE,0,True,9,14,5,True,True,False
INC-2026-0377,2026-06-07T23:20:32,Gampaha,WET,Medical Emergency,1,LOW,14,1,Rescue Teams|Medical Kits,78,RESOLVED,CITIZEN,MOBILE_APP,SINHALA,RAIN,True,True,False,True,OFFICER-01,3,4,5,2,False,MODERATE,0,True,6,2,6,True,True,False
INC-2025-0378,2025-11-20T12:48:21,Nuwara Eliya,WET,Landslide,4,CRITICAL,2197,9,Rescue Teams|Medical Kits,81,RESOLVED,CITIZEN,MOBILE_APP,TAMIL,RAIN,True,False,False,True,OFFICER-01,5,3,4,43,False,MODERATE,0,True,11,2,3,True,False,False
INC-2026-0379,2026-01-13T14:27:46,Colombo,WET,Medical Emergency,1,LOW,47,0,Rescue Teams|Medical Kits,51,RESOLVED,CITIZEN,MOBILE_APP,SINHALA,RAIN,True,True,False,True,OFFICER-01,2,2,2,58,False,MODERATE,0,True,1,9,1,True,False,False
INC-2026-0380,2026-04-26T12:06:11,Hambantota,WET,High Winds/Cyclone,3,HIGH,70,0,Rescue Teams|Medical Kits,88,RESOLVED,CITIZEN,MOBILE_APP,SINHALA,RAIN,False,True,False,True,OFFICER-01,7,2,2,23,False,MODERATE,0,True,4,21,6,False,False,False
INC-2026-0381,2026-03-13T21:31:19,Matara,WET,High Winds/Cyclone,2,MEDIUM,117,0,Rescue Teams|Medical Kits,78,RESOLVED,CITIZEN,MOBILE_APP,SINHALA,RAIN,True,False,False,True,OFFICER-01,7,2,1,0,False,MODERATE,0,True,3,17,4,True,False,False
INC-2025-0382,2025-09-15T07:31:07,Polonnaruwa,WET,Drought,3,HIGH,1162,0,Rescue Teams|Medical Kits,71,RESOLVED,CITIZEN,MOBILE_APP,ENGLISH,RAIN,False,False,False,True,OFFICER-01,1,5,3,5,False,MODERATE,0,True,9,18,0,True,False,False
INC-2026-0383,2026-06-11T14:59:29,Galle,WET,High Winds/Cyclone,2,MEDIUM,191,0,Rescue Teams|Medical Kits,115,RESOLVED,CITIZEN,MOBILE_APP,ENGLISH,RAIN,False,True,False,True,OFFICER-01,3,0,0,68,False,MODERATE,0,True,6,1,3,False,False,True
INC-2026-0384,2026-06-10T21:22:34,Monaragala,WET,Forest Fire,3,HIGH,21,0,Rescue Teams|Medical Kits,62,RESOLVED,CITIZEN,MOBILE_APP,ENGLISH,RAIN,False,False,False,True,OFFICER-01,5,0,2,44,False,MODERATE,0,True,6,1,2,True,False,False
INC-2025-0385,2025-08-28T07:07:37,Gampaha,WET,Medical Emergency,1,LOW,38,0,Rescue Teams|Medical Kits,69,RESOLVED,CITIZEN,MOBILE_APP,TAMIL,RAIN,True,False,False,True,OFFICER-01,6,1,4,76,False,MODERATE,0,True,8,14,3,False,False,False
INC-2025-0386,2025-04-22T13:37:49,Rathnapura,WET,Flood,3,HIGH,1425,0,Rescue Teams|Medical Kits,49,RESOLVED,CITIZEN,MOBILE_APP,ENGLISH,RAIN,False,True,False,True,OFFICER-01,2,4,3,90,False,MODERATE,0,True,4,18,1,True,True,False
INC-2025-0387,2025-06-04T18:25:48,Galle,WET,High Winds/Cyclone,1,LOW,97,0,Rescue Teams|Medical Kits,18,RESOLVED,CITIZEN,MOBILE_APP,SINHALA,RAIN,True,False,False,True,OFFICER-01,2,2,2,81,False,MODERATE,0,True,6,18,2,True,False,False
INC-2025-0388,2025-04-07T10:49:32,Anuradhapura,WET,Drought,3,HIGH,1839,0,Rescue Teams|Medical Kits,23,RESOLVED,CITIZEN,MOBILE_APP,TAMIL,RAIN,True,True,False,True,OFFICER-01,5,4,3,72,False,MODERATE,0,True,4,0,0,True,False,False
INC-2025-0389,2025-07-20T07:49:10,Badulla,WET,Forest Fire,3,HIGH,90,0,Rescue Teams|Medical Kits,74,RESOLVED,CITIZEN,MOBILE_APP,TAMIL,RAIN,False,True,False,True,OFFICER-01,2,2,1,6,False,MODERATE,0,True,7,0,6,False,True,False
INC-2025-0390,2025-10-08T12:34:28,Kandy,WET,Landslide,4,CRITICAL,1359,12,Rescue Teams|Medical Kits,84,RESOLVED,CITIZEN,MOBILE_APP,ENGLISH,RAIN,True,True,False,True,OFFICER-01,5,5,2,34,False,MODERATE,0,True,10,20,2,True,False,False
INC-2025-0391,2025-03-16T10:27:51,Gampaha,WET,Medical Emergency,1,LOW,44,0,Rescue Teams|Medical Kits,42,RESOLVED,CITIZEN,MOBILE_APP,SINHALA,RAIN,True,False,False,True,OFFICER-01,8,1,1,71,False,MODERATE,0,True,3,15,6,True,False,False
INC-2026-0392,2026-02-18T06:58:54,Polonnaruwa,WET,Drought,3,HIGH,1229,0,Rescue Teams|Medical Kits,61,RESOLVED,CITIZEN,MOBILE_APP,SINHALA,RAIN,False,False,False,True,OFFICER-01,7,4,4,97,False,MODERATE,0,True,2,4,2,True,False,True
INC-2025-0393,2025-05-14T18:10:26,Colombo,WET,Medical Emergency,1,LOW,29,1,Rescue Teams|Medical Kits,112,RESOLVED,CITIZEN,MOBILE_APP,SINHALA,RAIN,True,False,False,True,OFFICER-01,1,0,3,96,False,MODERATE,0,True,5,4,2,False,True,False
INC-2025-0394,2025-02-03T00:34:23,Badulla,WET,Forest Fire,1,LOW,35,1,Rescue Teams|Medical Kits,41,RESOLVED,CITIZEN,MOBILE_APP,TAMIL,RAIN,False,False,False,True,OFFICER-01,3,1,5,44,False,MODERATE,0,True,2,0,0,False,True,False
INC-2025-0395,2025-03-12T12:14:56,Nuwara Eliya,WET,Flood,3,HIGH,4192,0,Rescue Teams|Medical Kits,23,RESOLVED,CITIZEN,MOBILE_APP,SINHALA,RAIN,False,False,False,True,OFFICER-01,9,0,4,27,False,MODERATE,0,True,3,16,2,False,True,False
INC-2025-0396,2025-08-07T22:11:29,Matara,WET,High Winds/Cyclone,2,MEDIUM,187,0,Rescue Teams|Medical Kits,38,RESOLVED,CITIZEN,MOBILE_APP,ENGLISH,RAIN,False,False,False,True,OFFICER-01,10,0,1,45,False,MODERATE,0,True,8,16,3,False,True,False
INC-2025-0397,2025-11-26T09:38:42,Colombo,WET,Building Collapse,3,HIGH,47,1,Rescue Teams|Medical Kits,78,RESOLVED,CITIZEN,MOBILE_APP,SINHALA,RAIN,False,False,False,True,OFFICER-01,6,2,3,76,False,MODERATE,0,True,11,11,2,True,True,False
INC-2026-0398,2026-06-18T15:28:33,Nuwara Eliya,WET,Landslide,1,LOW,1709,27,Rescue Teams|Medical Kits,77,RESOLVED,CITIZEN,MOBILE_APP,TAMIL,RAIN,False,False,False,True,OFFICER-01,1,3,3,66,False,MODERATE,0,True,6,15,3,True,True,False
INC-2025-0399,2025-04-03T14:22:54,Rathnapura,WET,Flood,3,HIGH,1293,0,Rescue Teams|Medical Kits,91,RESOLVED,CITIZEN,MOBILE_APP,ENGLISH,RAIN,True,False,False,True,OFFICER-01,1,1,3,92,False,MODERATE,0,True,4,5,3,False,False,False
INC-2025-0400,2025-08-05T07:57:28,Anuradhapura,WET,Drought,2,MEDIUM,1961,0,Rescue Teams|Medical Kits,77,RESOLVED,CITIZEN,MOBILE_APP,TAMIL,RAIN,True,False,False,True,OFFICER-01,4,1,3,13,False,MODERATE,0,True,8,11,1,False,False,False
INC-2025-0401,2025-07-14T17:11:51,Puttalam,WET,High Winds/Cyclone,2,MEDIUM,450,0,Rescue Teams|Medical Kits,92,RESOLVED,CITIZEN,MOBILE_APP,TAMIL,RAIN,True,True,False,True,OFFICER-01,5,1,2,79,False,MODERATE,0,True,7,2,0,True,True,True
INC-2026-0402,2026-08-14T10:37:22,Puttalam,WET,High Winds/Cyclone,2,MEDIUM,239,0,Rescue Teams|Medical Kits,84,RESOLVED,CITIZEN,MOBILE_APP,TAMIL,RAIN,True,True,False,True,OFFICER-01,0,0,3,15,False,MODERATE,0,True,8,15,4,True,False,False
INC-2025-0403,2025-12-16T14:45:41,Colombo,WET,Building Collapse,2,MEDIUM,60,0,Rescue Teams|Medical Kits,54,RESOLVED,CITIZEN,MOBILE_APP,TAMIL,RAIN,False,True,False,True,OFFICER-01,6,3,0,72,False,MODERATE,0,True,12,9,1,True,False,False
INC-2026-0404,2026-05-28T16:45:24,Anuradhapura,WET,Drought,3,HIGH,1634,0,Rescue Teams|Medical Kits,101,RESOLVED,CITIZEN,MOBILE_APP,ENGLISH,RAIN,True,False,False,True,OFFICER-01,4,2,0,3,False,MODERATE,0,True,5,12,3,True,False,False
INC-2025-0405,2025-04-10T13:47:06,Kandy,WET,Flood,3,HIGH,5428,104,Rescue Teams|Medical Kits,22,RESOLVED,CITIZEN,MOBILE_APP,TAMIL,RAIN,True,False,False,True,OFFICER-01,3,1,1,82,False,MODERATE,0,True,4,3,3,True,False,False
INC-2026-0406,2026-04-06T05:35:27,Nuwara Eliya,WET,Landslide,3,HIGH,973,0,Rescue Teams|Medical Kits,68,RESOLVED,CITIZEN,MOBILE_APP,ENGLISH,RAIN,True,False,False,True,OFFICER-01,0,5,3,75,False,MODERATE,0,True,4,1,0,True,True,False
INC-2025-0407,2025-09-03T20:15:17,Nuwara Eliya,WET,Flood,3,HIGH,6094,42,Rescue Teams|Medical Kits,53,RESOLVED,CITIZEN,MOBILE_APP,ENGLISH,RAIN,False,False,False,True,OFFICER-01,6,1,3,81,False,MODERATE,0,True,9,16,2,True,False,False
INC-2026-0408,2026-02-21T04:40:12,Rathnapura,WET,Flood,3,HIGH,1438,2,Rescue Teams|Medical Kits,49,RESOLVED,CITIZEN,MOBILE_APP,SINHALA,RAIN,False,False,False,True,OFFICER-01,9,4,3,54,False,MODERATE,0,True,2,2,5,True,True,False
INC-2025-0409,2025-09-27T18:26:54,Matara,WET,High Winds/Cyclone,1,LOW,139,0,Rescue Teams|Medical Kits,100,RESOLVED,CITIZEN,MOBILE_APP,TAMIL,RAIN,True,True,False,True,OFFICER-01,2,0,5,90,False,MODERATE,0,True,9,6,5,False,False,False
INC-2025-0410,2025-05-25T21:20:16,Polonnaruwa,WET,Drought,2,MEDIUM,1090,0,Rescue Teams|Medical Kits,70,RESOLVED,CITIZEN,MOBILE_APP,TAMIL,RAIN,True,False,False,True,OFFICER-01,10,0,4,25,False,MODERATE,0,True,5,20,6,False,False,False
INC-2025-0411,2025-12-26T05:22:36,Gampaha,WET,Medical Emergency,1,LOW,19,1,Rescue Teams|Medical Kits,97,RESOLVED,CITIZEN,MOBILE_APP,SINHALA,RAIN,True,False,False,True,OFFICER-01,4,5,4,30,False,MODERATE,0,True,12,20,4,True,False,False
INC-2025-0412,2025-07-05T05:39:11,Colombo,WET,Building Collapse,2,MEDIUM,34,1,Rescue Teams|Medical Kits,18,RESOLVED,CITIZEN,MOBILE_APP,ENGLISH,RAIN,False,True,False,True,OFFICER-01,4,5,4,22,False,MODERATE,0,True,7,20,5,True,False,False
INC-2026-0413,2026-07-16T03:53:29,Kandy,WET,Flood,3,HIGH,3990,0,Rescue Teams|Medical Kits,65,RESOLVED,CITIZEN,MOBILE_APP,TAMIL,RAIN,False,False,False,True,OFFICER-01,2,1,0,73,False,MODERATE,0,True,7,13,3,True,False,False
INC-2025-0414,2025-04-04T16:56:28,Polonnaruwa,WET,Drought,2,MEDIUM,1034,0,Rescue Teams|Medical Kits,57,RESOLVED,CITIZEN,MOBILE_APP,TAMIL,RAIN,True,True,False,True,OFFICER-01,6,5,5,30,False,MODERATE,0,True,4,2,4,False,False,False
INC-2025-0415,2025-06-19T07:58:15,Badulla,WET,Forest Fire,2,MEDIUM,28,1,Rescue Teams|Medical Kits,69,RESOLVED,CITIZEN,MOBILE_APP,ENGLISH,RAIN,True,False,False,True,OFFICER-01,10,1,2,100,False,MODERATE,0,True,6,15,3,True,True,False
INC-2025-0416,2025-10-09T22:46:24,Galle,WET,High Winds/Cyclone,2,MEDIUM,171,0,Rescue Teams|Medical Kits,115,RESOLVED,CITIZEN,MOBILE_APP,TAMIL,RAIN,False,False,False,True,OFFICER-01,3,2,4,49,False,MODERATE,0,True,10,23,3,True,False,False
INC-2026-0417,2026-05-12T06:52:25,Nuwara Eliya,WET,Landslide,4,CRITICAL,2234,44,Rescue Teams|Medical Kits,120,RESOLVED,CITIZEN,MOBILE_APP,SINHALA,RAIN,False,False,False,True,OFFICER-01,4,1,1,56,False,MODERATE,0,True,5,12,1,False,True,False
INC-2026-0418,2026-08-19T13:05:10,Colombo,WET,Medical Emergency,1,LOW,36,0,Rescue Teams|Medical Kits,119,RESOLVED,CITIZEN,MOBILE_APP,SINHALA,RAIN,True,False,False,True,OFFICER-01,2,5,2,64,False,MODERATE,0,True,8,23,2,True,False,False
INC-2025-0419,2025-10-01T07:04:39,Rathnapura,WET,Flood,4,CRITICAL,1861,0,Rescue Teams|Medical Kits,97,RESOLVED,CITIZEN,MOBILE_APP,SINHALA,RAIN,False,True,False,True,OFFICER-01,0,3,1,80,False,MODERATE,0,True,10,1,2,False,False,True
INC-2025-0420,2025-09-01T16:11:53,Nuwara Eliya,WET,Landslide,3,HIGH,1979,11,Rescue Teams|Medical Kits,76,RESOLVED,CITIZEN,MOBILE_APP,TAMIL,RAIN,False,False,False,True,OFFICER-01,2,2,1,87,False,MODERATE,0,True,9,19,0,False,False,False
INC-2025-0421,2025-08-07T21:04:58,Colombo,WET,Medical Emergency,1,LOW,22,1,Rescue Teams|Medical Kits,93,RESOLVED,CITIZEN,MOBILE_APP,TAMIL,RAIN,True,True,False,True,OFFICER-01,3,0,3,25,False,MODERATE,0,True,8,7,3,False,False,False
INC-2026-0422,2026-06-29T16:27:19,Kandy,WET,Landslide,3,HIGH,845,14,Rescue Teams|Medical Kits,73,RESOLVED,CITIZEN,MOBILE_APP,TAMIL,RAIN,True,False,False,True,OFFICER-01,7,0,1,91,False,MODERATE,0,True,6,3,0,True,True,False
INC-2025-0423,2025-05-29T00:00:02,Matara,WET,High Winds/Cyclone,2,MEDIUM,236,0,Rescue Teams|Medical Kits,116,RESOLVED,CITIZEN,MOBILE_APP,SINHALA,RAIN,False,True,False,True,OFFICER-01,0,2,2,30,False,MODERATE,0,True,5,9,3,True,False,False
INC-2025-0424,2025-07-12T20:58:56,Monaragala,WET,Forest Fire,1,LOW,57,0,Rescue Teams|Medical Kits,69,RESOLVED,CITIZEN,MOBILE_APP,TAMIL,RAIN,True,True,False,True,OFFICER-01,9,2,0,12,False,MODERATE,0,True,7,22,5,True,False,False
INC-2025-0425,2025-02-10T11:26:58,Kandy,WET,Flood,1,LOW,3363,0,Rescue Teams|Medical Kits,94,RESOLVED,CITIZEN,MOBILE_APP,ENGLISH,RAIN,False,False,False,True,OFFICER-01,4,3,5,47,False,MODERATE,0,True,2,19,0,False,False,False
INC-2026-0426,2026-03-11T14:57:42,Galle,WET,High Winds/Cyclone,1,LOW,60,0,Rescue Teams|Medical Kits,48,RESOLVED,CITIZEN,MOBILE_APP,SINHALA,RAIN,True,False,False,True,OFFICER-01,5,0,1,63,False,MODERATE,0,True,3,4,2,True,False,False
INC-2026-0427,2026-08-04T20:26:16,Kandy,WET,Landslide,3,HIGH,1238,0,Rescue Teams|Medical Kits,77,RESOLVED,CITIZEN,MOBILE_APP,SINHALA,RAIN,True,True,False,True,OFFICER-01,8,5,5,56,False,MODERATE,0,True,8,10,1,False,False,False
INC-2025-0428,2025-05-27T17:43:23,Kandy,WET,Flood,3,HIGH,2608,12,Rescue Teams|Medical Kits,77,RESOLVED,CITIZEN,MOBILE_APP,ENGLISH,RAIN,True,False,False,True,OFFICER-01,7,0,5,18,False,MODERATE,0,True,5,15,1,True,False,False
INC-2025-0429,2025-09-29T13:05:47,Puttalam,WET,High Winds/Cyclone,2,MEDIUM,247,0,Rescue Teams|Medical Kits,82,RESOLVED,CITIZEN,MOBILE_APP,TAMIL,RAIN,True,False,False,True,OFFICER-01,2,3,0,31,False,MODERATE,0,True,9,21,0,True,False,False
INC-2026-0430,2026-06-10T18:29:21,Anuradhapura,WET,Drought,2,MEDIUM,693,0,Rescue Teams|Medical Kits,18,RESOLVED,CITIZEN,MOBILE_APP,SINHALA,RAIN,False,True,False,True,OFFICER-01,7,5,5,61,False,MODERATE,0,True,6,18,2,False,False,False
INC-2026-0431,2026-05-04T01:25:06,Monaragala,WET,Forest Fire,1,LOW,44,0,Rescue Teams|Medical Kits,31,RESOLVED,CITIZEN,MOBILE_APP,SINHALA,RAIN,False,False,False,True,OFFICER-01,0,5,2,41,False,MODERATE,0,True,5,23,0,False,False,False
INC-2026-0432,2026-08-01T17:26:12,Kandy,WET,Flood,3,HIGH,2289,39,Rescue Teams|Medical Kits,114,RESOLVED,CITIZEN,MOBILE_APP,ENGLISH,RAIN,True,False,False,True,OFFICER-01,4,5,5,19,False,MODERATE,0,True,8,12,5,True,True,False
INC-2025-0433,2025-08-20T21:18:47,Puttalam,WET,High Winds/Cyclone,1,LOW,451,0,Rescue Teams|Medical Kits,77,RESOLVED,CITIZEN,MOBILE_APP,ENGLISH,RAIN,False,False,False,True,OFFICER-01,6,3,2,72,False,MODERATE,0,True,8,11,2,False,False,False
INC-2025-0434,2025-03-12T01:51:59,Badulla,WET,Forest Fire,2,MEDIUM,64,0,Rescue Teams|Medical Kits,106,RESOLVED,CITIZEN,MOBILE_APP,SINHALA,RAIN,False,False,False,True,OFFICER-01,7,4,5,82,False,MODERATE,0,True,3,10,2,True,False,True
INC-2025-0435,2025-03-07T05:18:58,Polonnaruwa,WET,Drought,2,MEDIUM,797,0,Rescue Teams|Medical Kits,52,RESOLVED,CITIZEN,MOBILE_APP,TAMIL,RAIN,False,False,False,True,OFFICER-01,0,4,0,5,False,MODERATE,0,True,3,21,4,False,True,False
INC-2025-0436,2025-03-25T14:24:32,Polonnaruwa,WET,Drought,1,LOW,1022,0,Rescue Teams|Medical Kits,99,RESOLVED,CITIZEN,MOBILE_APP,ENGLISH,RAIN,True,False,False,True,OFFICER-01,2,1,3,5,False,MODERATE,0,True,3,8,1,False,False,False
INC-2025-0437,2025-11-20T07:29:29,Rathnapura,WET,Flood,3,HIGH,2795,0,Rescue Teams|Medical Kits,38,RESOLVED,CITIZEN,MOBILE_APP,SINHALA,RAIN,False,False,False,True,OFFICER-01,9,2,5,13,False,MODERATE,0,True,11,10,3,False,False,False
INC-2026-0438,2026-02-20T01:29:26,Badulla,WET,Forest Fire,1,LOW,12,1,Rescue Teams|Medical Kits,93,RESOLVED,CITIZEN,MOBILE_APP,ENGLISH,RAIN,False,False,False,True,OFFICER-01,10,5,5,50,False,MODERATE,0,True,2,23,4,True,False,False
INC-2025-0439,2025-03-10T01:38:14,Nuwara Eliya,WET,Landslide,4,CRITICAL,1056,7,Rescue Teams|Medical Kits,95,RESOLVED,CITIZEN,MOBILE_APP,TAMIL,RAIN,False,False,False,True,OFFICER-01,3,0,2,98,False,MODERATE,0,True,3,15,0,False,True,True
INC-2025-0440,2025-04-26T02:00:28,Monaragala,WET,Forest Fire,1,LOW,70,0,Rescue Teams|Medical Kits,87,RESOLVED,CITIZEN,MOBILE_APP,ENGLISH,RAIN,False,False,False,True,OFFICER-01,0,2,0,13,False,MODERATE,0,True,4,0,5,False,False,False
INC-2025-0441,2025-11-19T20:56:48,Badulla,WET,Forest Fire,1,LOW,73,0,Rescue Teams|Medical Kits,119,RESOLVED,CITIZEN,MOBILE_APP,ENGLISH,RAIN,True,False,False,True,OFFICER-01,3,5,0,67,False,MODERATE,0,True,11,15,2,True,True,False
INC-2025-0442,2025-11-24T18:44:05,Nuwara Eliya,WET,Flood,2,MEDIUM,7721,17,Rescue Teams|Medical Kits,107,RESOLVED,CITIZEN,MOBILE_APP,SINHALA,RAIN,True,False,False,True,OFFICER-01,7,2,3,29,False,MODERATE,0,True,11,20,0,True,False,False
INC-2025-0443,2025-06-20T15:32:54,Polonnaruwa,WET,Drought,2,MEDIUM,1101,0,Rescue Teams|Medical Kits,68,RESOLVED,CITIZEN,MOBILE_APP,TAMIL,RAIN,False,False,False,True,OFFICER-01,10,5,2,60,False,MODERATE,0,True,6,4,4,False,False,False
INC-2026-0444,2026-04-28T23:58:55,Hambantota,WET,High Winds/Cyclone,1,LOW,76,0,Rescue Teams|Medical Kits,78,RESOLVED,CITIZEN,MOBILE_APP,ENGLISH,RAIN,True,False,False,True,OFFICER-01,3,1,4,6,False,MODERATE,0,True,4,19,1,False,True,False
INC-2025-0445,2025-10-06T16:16:11,Nuwara Eliya,WET,Flood,3,HIGH,5136,21,Rescue Teams|Medical Kits,58,RESOLVED,CITIZEN,MOBILE_APP,ENGLISH,RAIN,True,False,False,True,OFFICER-01,0,4,2,19,False,MODERATE,0,True,10,19,0,True,True,False
INC-2026-0446,2026-04-15T08:46:20,Polonnaruwa,WET,Drought,2,MEDIUM,1185,0,Rescue Teams|Medical Kits,28,RESOLVED,CITIZEN,MOBILE_APP,TAMIL,RAIN,False,False,False,True,OFFICER-01,0,4,0,21,False,MODERATE,0,True,4,3,2,False,False,False
INC-2025-0447,2025-06-09T12:40:36,Puttalam,WET,High Winds/Cyclone,4,CRITICAL,385,3,Rescue Teams|Medical Kits,71,RESOLVED,CITIZEN,MOBILE_APP,ENGLISH,RAIN,False,False,False,True,OFFICER-01,0,1,3,43,False,MODERATE,0,True,6,4,0,False,False,False
INC-2026-0448,2026-01-28T06:18:21,Nuwara Eliya,WET,Landslide,4,CRITICAL,1150,12,Rescue Teams|Medical Kits,67,RESOLVED,CITIZEN,MOBILE_APP,ENGLISH,RAIN,True,True,False,True,OFFICER-01,7,4,5,46,False,MODERATE,0,True,1,16,2,True,False,False
INC-2025-0449,2025-12-10T18:15:53,Nuwara Eliya,WET,Flood,1,LOW,4192,67,Rescue Teams|Medical Kits,34,RESOLVED,CITIZEN,MOBILE_APP,TAMIL,RAIN,True,False,False,True,OFFICER-01,0,5,5,84,False,MODERATE,0,True,12,5,2,True,True,False
INC-2025-0450,2025-08-18T16:42:10,Polonnaruwa,WET,Drought,2,MEDIUM,929,0,Rescue Teams|Medical Kits,33,RESOLVED,CITIZEN,MOBILE_APP,TAMIL,RAIN,True,True,False,True,OFFICER-01,6,3,5,26,False,MODERATE,0,True,8,11,0,True,True,False
INC-2026-0451,2026-06-26T17:48:04,Monaragala,WET,Forest Fire,1,LOW,54,0,Rescue Teams|Medical Kits,31,RESOLVED,CITIZEN,MOBILE_APP,TAMIL,RAIN,True,False,False,True,OFFICER-01,8,2,1,11,False,MODERATE,0,True,6,1,4,True,True,False
INC-2026-0452,2026-03-05T14:02:01,Polonnaruwa,WET,Drought,2,MEDIUM,819,0,Rescue Teams|Medical Kits,69,RESOLVED,CITIZEN,MOBILE_APP,TAMIL,RAIN,True,False,False,True,OFFICER-01,1,5,0,47,False,MODERATE,0,True,3,18,3,True,True,False
INC-2026-0453,2026-05-02T23:55:55,Kandy,WET,Landslide,4,CRITICAL,1539,2,Rescue Teams|Medical Kits,87,RESOLVED,CITIZEN,MOBILE_APP,TAMIL,RAIN,False,False,False,True,OFFICER-01,10,5,4,76,False,MODERATE,0,True,5,10,5,True,False,True
INC-2025-0454,2025-09-30T02:45:27,Kegalle,WET,High Winds/Cyclone,1,LOW,453,0,Rescue Teams|Medical Kits,39,RESOLVED,CITIZEN,MOBILE_APP,ENGLISH,RAIN,False,True,False,True,OFFICER-01,7,0,1,91,False,MODERATE,0,True,9,16,1,False,False,False
INC-2025-0455,2025-11-17T01:13:25,Badulla,WET,Forest Fire,1,LOW,20,1,Rescue Teams|Medical Kits,48,RESOLVED,CITIZEN,MOBILE_APP,TAMIL,RAIN,True,False,False,True,OFFICER-01,7,5,3,56,False,MODERATE,0,True,11,16,0,True,False,False
INC-2026-0456,2026-07-23T08:11:33,Anuradhapura,WET,Drought,3,HIGH,1353,0,Rescue Teams|Medical Kits,73,RESOLVED,CITIZEN,MOBILE_APP,ENGLISH,RAIN,True,False,False,True,OFFICER-01,0,5,1,71,False,MODERATE,0,True,7,22,3,True,False,False
INC-2025-0457,2025-04-03T05:57:35,Gampaha,WET,Medical Emergency,1,LOW,48,0,Rescue Teams|Medical Kits,77,RESOLVED,CITIZEN,MOBILE_APP,SINHALA,RAIN,True,False,False,True,OFFICER-01,2,1,4,53,False,MODERATE,0,True,4,3,3,True,True,False
INC-2025-0458,2025-08-26T00:40:06,Kandy,WET,Flood,3,HIGH,5641,24,Rescue Teams|Medical Kits,58,RESOLVED,CITIZEN,MOBILE_APP,ENGLISH,RAIN,True,False,False,True,OFFICER-01,7,5,4,16,False,MODERATE,0,True,8,1,1,True,True,False
INC-2026-0459,2026-01-28T01:28:49,Galle,WET,High Winds/Cyclone,2,MEDIUM,167,0,Rescue Teams|Medical Kits,65,RESOLVED,CITIZEN,MOBILE_APP,ENGLISH,RAIN,False,False,False,True,OFFICER-01,8,0,5,56,False,MODERATE,0,True,1,19,2,True,False,True
INC-2026-0460,2026-05-17T16:45:24,Kandy,WET,Landslide,3,HIGH,681,0,Rescue Teams|Medical Kits,94,RESOLVED,CITIZEN,MOBILE_APP,TAMIL,RAIN,True,False,False,True,OFFICER-01,9,0,4,66,False,MODERATE,0,True,5,20,6,False,False,False
INC-2026-0461,2026-08-06T23:25:33,Matara,WET,High Winds/Cyclone,2,MEDIUM,343,0,Rescue Teams|Medical Kits,71,RESOLVED,CITIZEN,MOBILE_APP,SINHALA,RAIN,True,False,False,True,OFFICER-01,8,4,2,51,False,MODERATE,0,True,8,6,3,False,True,True
INC-2026-0462,2026-01-17T17:43:17,Kandy,WET,Flood,3,HIGH,5530,0,Rescue Teams|Medical Kits,51,RESOLVED,CITIZEN,MOBILE_APP,SINHALA,RAIN,True,False,False,True,OFFICER-01,2,2,0,19,False,MODERATE,0,True,1,8,5,True,False,False
INC-2025-0463,2025-11-13T08:10:58,Nuwara Eliya,WET,Landslide,4,CRITICAL,2189,40,Rescue Teams|Medical Kits,63,RESOLVED,CITIZEN,MOBILE_APP,SINHALA,RAIN,True,False,False,True,OFFICER-01,0,1,1,96,False,MODERATE,0,True,11,3,3,True,False,False
INC-2026-0464,2026-01-18T21:48:10,Kegalle,WET,High Winds/Cyclone,2,MEDIUM,560,0,Rescue Teams|Medical Kits,17,RESOLVED,CITIZEN,MOBILE_APP,ENGLISH,RAIN,True,True,False,True,OFFICER-01,8,4,5,12,False,MODERATE,0,True,1,13,6,True,True,False
INC-2026-0465,2026-08-16T14:56:46,Kegalle,WET,High Winds/Cyclone,2,MEDIUM,584,0,Rescue Teams|Medical Kits,36,RESOLVED,CITIZEN,MOBILE_APP,SINHALA,RAIN,False,True,False,True,OFFICER-01,8,3,4,57,False,MODERATE,0,True,8,6,6,True,True,False
INC-2025-0466,2025-01-01T18:39:39,Kandy,WET,Flood,3,HIGH,5328,80,Rescue Teams|Medical Kits,95,RESOLVED,CITIZEN,MOBILE_APP,SINHALA,RAIN,True,False,False,True,OFFICER-01,9,4,2,5,False,MODERATE,0,True,1,19,2,True,False,False
INC-2026-0467,2026-07-29T03:22:07,Hambantota,WET,High Winds/Cyclone,2,MEDIUM,118,0,Rescue Teams|Medical Kits,79,RESOLVED,CITIZEN,MOBILE_APP,ENGLISH,RAIN,False,False,False,True,OFFICER-01,10,2,5,33,False,MODERATE,0,True,7,17,2,True,True,False
INC-2025-0468,2025-08-01T01:20:01,Monaragala,WET,Forest Fire,1,LOW,41,0,Rescue Teams|Medical Kits,15,RESOLVED,CITIZEN,MOBILE_APP,SINHALA,RAIN,True,False,False,True,OFFICER-01,10,1,3,71,False,MODERATE,0,True,8,22,4,True,False,False
INC-2026-0469,2026-08-16T05:22:56,Anuradhapura,WET,Drought,3,HIGH,1304,0,Rescue Teams|Medical Kits,63,RESOLVED,CITIZEN,MOBILE_APP,TAMIL,RAIN,True,True,False,True,OFFICER-01,5,3,1,98,False,MODERATE,0,True,8,21,6,False,True,True
INC-2025-0470,2025-04-07T21:46:01,Nuwara Eliya,WET,Flood,3,HIGH,6790,50,Rescue Teams|Medical Kits,53,RESOLVED,CITIZEN,MOBILE_APP,TAMIL,RAIN,True,True,False,True,OFFICER-01,3,1,3,46,False,MODERATE,0,True,4,22,0,False,False,False
INC-2025-0471,2025-08-07T01:40:40,Kandy,WET,Flood,3,HIGH,4018,0,Rescue Teams|Medical Kits,36,RESOLVED,CITIZEN,MOBILE_APP,TAMIL,RAIN,True,True,False,True,OFFICER-01,3,5,5,72,False,MODERATE,0,True,8,12,3,True,True,False
INC-2025-0472,2025-02-20T18:24:37,Hambantota,WET,High Winds/Cyclone,1,LOW,125,0,Rescue Teams|Medical Kits,103,RESOLVED,CITIZEN,MOBILE_APP,TAMIL,RAIN,False,True,False,True,OFFICER-01,8,4,2,87,False,MODERATE,0,True,2,23,3,False,False,False
INC-2025-0473,2025-01-02T12:26:35,Monaragala,WET,Forest Fire,1,LOW,64,0,Rescue Teams|Medical Kits,61,RESOLVED,CITIZEN,MOBILE_APP,TAMIL,RAIN,True,False,False,True,OFFICER-01,0,5,1,6,False,MODERATE,0,True,1,13,3,True,False,False
INC-2025-0474,2025-11-23T06:31:28,Kandy,WET,Landslide,4,CRITICAL,1590,1,Rescue Teams|Medical Kits,46,RESOLVED,CITIZEN,MOBILE_APP,SINHALA,RAIN,True,False,False,True,OFFICER-01,2,2,2,8,False,MODERATE,0,True,11,23,6,True,False,True
INC-2025-0475,2025-01-22T15:35:08,Puttalam,WET,High Winds/Cyclone,2,MEDIUM,445,0,Rescue Teams|Medical Kits,120,RESOLVED,CITIZEN,MOBILE_APP,ENGLISH,RAIN,True,False,False,True,OFFICER-01,8,1,0,99,False,MODERATE,0,True,1,3,2,False,True,False
INC-2026-0476,2026-08-17T11:49:47,Monaragala,WET,Forest Fire,2,MEDIUM,22,0,Rescue Teams|Medical Kits,22,RESOLVED,CITIZEN,MOBILE_APP,ENGLISH,RAIN,False,False,False,True,OFFICER-01,0,2,4,80,False,MODERATE,0,True,8,10,0,True,True,True
INC-2025-0477,2025-02-21T02:25:09,Badulla,WET,Forest Fire,2,MEDIUM,23,0,Rescue Teams|Medical Kits,16,RESOLVED,CITIZEN,MOBILE_APP,ENGLISH,RAIN,True,False,False,True,OFFICER-01,6,3,3,79,False,MODERATE,0,True,2,13,4,True,True,True
INC-2025-0478,2025-09-21T18:54:35,Puttalam,WET,High Winds/Cyclone,2,MEDIUM,213,0,Rescue Teams|Medical Kits,31,RESOLVED,CITIZEN,MOBILE_APP,TAMIL,RAIN,True,False,False,True,OFFICER-01,8,2,2,53,False,MODERATE,0,True,9,2,6,True,True,False
INC-2026-0479,2026-07-17T19:57:08,Anuradhapura,WET,Drought,3,HIGH,1771,0,Rescue Teams|Medical Kits,89,RESOLVED,CITIZEN,MOBILE_APP,TAMIL,RAIN,True,False,False,True,OFFICER-01,2,1,3,39,False,MODERATE,0,True,7,13,4,False,True,False
INC-2025-0480,2025-08-15T01:49:30,Colombo,WET,Medical Emergency,1,LOW,33,0,Rescue Teams|Medical Kits,40,RESOLVED,CITIZEN,MOBILE_APP,TAMIL,RAIN,False,False,False,True,OFFICER-01,3,0,2,24,False,MODERATE,0,True,8,17,4,False,True,False
INC-2026-0481,2026-06-24T15:40:02,Anuradhapura,WET,Drought,4,CRITICAL,1916,0,Rescue Teams|Medical Kits,78,RESOLVED,CITIZEN,MOBILE_APP,SINHALA,RAIN,True,False,False,True,OFFICER-01,0,5,1,88,False,MODERATE,0,True,6,19,2,True,False,False
INC-2025-0482,2025-12-29T08:52:31,Kegalle,WET,High Winds/Cyclone,4,CRITICAL,409,0,Rescue Teams|Medical Kits,24,RESOLVED,CITIZEN,MOBILE_APP,ENGLISH,RAIN,True,False,False,True,OFFICER-01,0,4,0,18,False,MODERATE,0,True,12,6,0,False,True,False
INC-2025-0483,2025-12-09T01:48:08,Nuwara Eliya,WET,Landslide,4,CRITICAL,1198,12,Rescue Teams|Medical Kits,37,RESOLVED,CITIZEN,MOBILE_APP,SINHALA,RAIN,False,False,False,True,OFFICER-01,0,1,2,12,False,MODERATE,0,True,12,8,1,True,True,False
INC-2026-0484,2026-06-11T04:37:39,Nuwara Eliya,WET,Flood,3,HIGH,4124,15,Rescue Teams|Medical Kits,94,RESOLVED,CITIZEN,MOBILE_APP,ENGLISH,RAIN,True,False,False,True,OFFICER-01,1,0,1,16,False,MODERATE,0,True,6,21,3,True,True,False
INC-2025-0485,2025-05-29T21:11:53,Matara,WET,High Winds/Cyclone,2,MEDIUM,372,0,Rescue Teams|Medical Kits,52,RESOLVED,CITIZEN,MOBILE_APP,SINHALA,RAIN,False,False,False,True,OFFICER-01,5,1,0,80,False,MODERATE,0,True,5,1,3,True,False,False
INC-2025-0486,2025-04-09T05:21:28,Kandy,WET,Landslide,4,CRITICAL,1540,0,Rescue Teams|Medical Kits,97,RESOLVED,CITIZEN,MOBILE_APP,TAMIL,RAIN,False,True,False,True,OFFICER-01,5,3,4,59,False,MODERATE,0,True,4,21,2,True,True,False
INC-2025-0487,2025-09-07T23:13:04,Hambantota,WET,High Winds/Cyclone,1,LOW,141,0,Rescue Teams|Medical Kits,41,RESOLVED,CITIZEN,MOBILE_APP,SINHALA,RAIN,False,False,False,True,OFFICER-01,3,3,1,50,False,MODERATE,0,True,9,12,6,False,False,False
INC-2025-0488,2025-08-26T16:14:07,Matara,WET,High Winds/Cyclone,2,MEDIUM,317,0,Rescue Teams|Medical Kits,44,RESOLVED,CITIZEN,MOBILE_APP,TAMIL,RAIN,False,True,False,True,OFFICER-01,0,3,4,79,False,MODERATE,0,True,8,4,1,False,True,False
INC-2025-0489,2025-11-27T23:07:24,Colombo,WET,Medical Emergency,2,MEDIUM,38,1,Rescue Teams|Medical Kits,25,RESOLVED,CITIZEN,MOBILE_APP,ENGLISH,RAIN,True,False,False,True,OFFICER-01,8,4,4,82,False,MODERATE,0,True,11,14,3,True,True,True
INC-2025-0490,2025-08-03T16:56:04,Rathnapura,WET,Flood,3,HIGH,2897,8,Rescue Teams|Medical Kits,50,RESOLVED,CITIZEN,MOBILE_APP,SINHALA,RAIN,True,False,False,True,OFFICER-01,9,1,5,94,False,MODERATE,0,True,8,8,6,True,True,False
INC-2025-0491,2025-01-07T15:04:58,Kandy,WET,Landslide,3,HIGH,1113,12,Rescue Teams|Medical Kits,34,RESOLVED,CITIZEN,MOBILE_APP,ENGLISH,RAIN,True,False,False,True,OFFICER-01,3,1,5,95,False,MODERATE,0,True,1,0,1,False,False,False
INC-2026-0492,2026-01-04T12:10:12,Matara,WET,High Winds/Cyclone,1,LOW,219,0,Rescue Teams|Medical Kits,104,RESOLVED,CITIZEN,MOBILE_APP,ENGLISH,RAIN,True,True,False,True,OFFICER-01,3,3,3,71,False,MODERATE,0,True,1,2,6,False,False,False
INC-2025-0493,2025-10-19T00:55:02,Nuwara Eliya,WET,Flood,3,HIGH,4138,17,Rescue Teams|Medical Kits,114,RESOLVED,CITIZEN,MOBILE_APP,TAMIL,RAIN,True,False,False,True,OFFICER-01,8,2,2,75,False,MODERATE,0,True,10,7,6,True,False,False
INC-2026-0494,2026-03-17T20:24:36,Nuwara Eliya,WET,Flood,3,HIGH,3263,0,Rescue Teams|Medical Kits,65,RESOLVED,CITIZEN,MOBILE_APP,SINHALA,RAIN,False,False,False,True,OFFICER-01,8,3,1,60,False,MODERATE,0,True,3,18,1,True,False,False
INC-2025-0495,2025-09-13T10:02:50,Puttalam,WET,High Winds/Cyclone,2,MEDIUM,491,0,Rescue Teams|Medical Kits,38,RESOLVED,CITIZEN,MOBILE_APP,SINHALA,RAIN,True,False,False,True,OFFICER-01,1,3,2,26,False,MODERATE,0,True,9,5,5,True,True,False
INC-2025-0496,2025-08-15T02:36:01,Kegalle,WET,High Winds/Cyclone,2,MEDIUM,568,1,Rescue Teams|Medical Kits,76,RESOLVED,CITIZEN,MOBILE_APP,TAMIL,RAIN,True,True,False,True,OFFICER-01,1,3,1,16,False,MODERATE,0,True,8,12,4,True,True,False
INC-2025-0497,2025-08-29T14:17:32,Matara,WET,High Winds/Cyclone,2,MEDIUM,321,0,Rescue Teams|Medical Kits,15,RESOLVED,CITIZEN,MOBILE_APP,SINHALA,RAIN,True,False,False,True,OFFICER-01,7,0,3,77,False,MODERATE,0,True,8,6,4,True,False,False
INC-2026-0498,2026-02-13T10:40:32,Kegalle,WET,High Winds/Cyclone,2,MEDIUM,468,0,Rescue Teams|Medical Kits,106,RESOLVED,CITIZEN,MOBILE_APP,ENGLISH,RAIN,False,False,False,True,OFFICER-01,6,4,1,53,False,MODERATE,0,True,2,9,4,True,False,False
INC-2025-0499,2025-05-20T11:34:42,Kegalle,WET,High Winds/Cyclone,2,MEDIUM,521,0,Rescue Teams|Medical Kits,95,RESOLVED,CITIZEN,MOBILE_APP,TAMIL,RAIN,True,False,False,True,OFFICER-01,4,5,0,89,False,MODERATE,0,True,5,1,1,True,False,False
INC-2026-0500,2026-01-19T07:16:30,Matara,WET,High Winds/Cyclone,2,MEDIUM,310,0,Rescue Teams|Medical Kits,20,RESOLVED,CITIZEN,MOBILE_APP,ENGLISH,RAIN,True,True,False,True,OFFICER-01,0,0,5,88,False,MODERATE,0,True,1,10,0,False,True,False
INC-2025-0501,2025-10-24T01:15:17,Monaragala,WET,Forest Fire,1,LOW,53,0,Rescue Teams|Medical Kits,23,RESOLVED,CITIZEN,MOBILE_APP,SINHALA,RAIN,True,False,False,True,OFFICER-01,8,5,1,91,False,MODERATE,0,True,10,4,4,True,True,False
INC-2025-0502,2025-04-19T22:33:24,Monaragala,WET,Forest Fire,1,LOW,70,0,Rescue Teams|Medical Kits,100,RESOLVED,CITIZEN,MOBILE_APP,SINHALA,RAIN,True,False,False,True,OFFICER-01,10,2,1,56,False,MODERATE,0,True,4,9,5,True,True,False
INC-2025-0503,2025-05-19T05:02:46,Gampaha,WET,Medical Emergency,2,MEDIUM,23,0,Rescue Teams|Medical Kits,28,RESOLVED,CITIZEN,MOBILE_APP,ENGLISH,RAIN,False,False,False,True,OFFICER-01,4,3,0,76,False,MODERATE,0,True,5,20,0,True,False,True
INC-2025-0504,2025-02-07T19:10:32,Nuwara Eliya,WET,Flood,4,CRITICAL,6091,119,Rescue Teams|Medical Kits,43,RESOLVED,CITIZEN,MOBILE_APP,SINHALA,RAIN,True,True,False,True,OFFICER-01,10,1,5,21,False,MODERATE,0,True,2,0,4,True,True,True
INC-2025-0505,2025-11-19T20:50:13,Kandy,WET,Flood,3,HIGH,4099,42,Rescue Teams|Medical Kits,37,RESOLVED,CITIZEN,MOBILE_APP,SINHALA,RAIN,True,True,False,True,OFFICER-01,6,5,2,1,False,MODERATE,0,True,11,13,2,False,False,False
INC-2025-0506,2025-06-15T06:16:54,Colombo,WET,Building Collapse,2,MEDIUM,78,1,Rescue Teams|Medical Kits,116,RESOLVED,CITIZEN,MOBILE_APP,TAMIL,RAIN,True,False,False,True,OFFICER-01,2,2,0,76,False,MODERATE,0,True,6,19,6,True,False,False
INC-2026-0507,2026-05-06T00:20:32,Colombo,WET,Medical Emergency,1,LOW,34,0,Rescue Teams|Medical Kits,57,RESOLVED,CITIZEN,MOBILE_APP,SINHALA,RAIN,True,False,False,True,OFFICER-01,9,4,3,48,False,MODERATE,0,True,5,22,2,False,True,False
INC-2026-0508,2026-05-13T13:29:58,Polonnaruwa,WET,Drought,3,HIGH,1259,0,Rescue Teams|Medical Kits,94,RESOLVED,CITIZEN,MOBILE_APP,SINHALA,RAIN,True,False,False,True,OFFICER-01,0,1,2,63,False,MODERATE,0,True,5,3,2,False,True,False
INC-2025-0509,2025-06-06T21:46:21,Nuwara Eliya,WET,Landslide,4,CRITICAL,1110,21,Rescue Teams|Medical Kits,68,RESOLVED,CITIZEN,MOBILE_APP,TAMIL,RAIN,False,True,False,True,OFFICER-01,4,0,1,93,False,MODERATE,0,True,6,20,4,False,True,False
INC-2025-0510,2025-09-24T04:55:14,Colombo,WET,Medical Emergency,1,LOW,25,1,Rescue Teams|Medical Kits,38,RESOLVED,CITIZEN,MOBILE_APP,ENGLISH,RAIN,True,False,False,True,OFFICER-01,10,0,0,62,False,MODERATE,0,True,9,23,2,False,True,False
INC-2025-0511,2025-05-30T11:48:57,Rathnapura,WET,Flood,3,HIGH,1106,0,Rescue Teams|Medical Kits,54,RESOLVED,CITIZEN,MOBILE_APP,SINHALA,RAIN,True,True,False,True,OFFICER-01,3,1,3,22,False,MODERATE,0,True,5,6,4,True,True,False
INC-2025-0512,2025-08-24T10:12:24,Kegalle,WET,High Winds/Cyclone,2,MEDIUM,446,0,Rescue Teams|Medical Kits,79,RESOLVED,CITIZEN,MOBILE_APP,TAMIL,RAIN,True,True,False,True,OFFICER-01,6,1,3,2,False,MODERATE,0,True,8,11,6,True,False,False
INC-2025-0513,2025-11-28T23:15:46,Colombo,WET,Building Collapse,2,MEDIUM,30,1,Rescue Teams|Medical Kits,24,RESOLVED,CITIZEN,MOBILE_APP,ENGLISH,RAIN,True,False,False,True,OFFICER-01,2,5,3,25,False,MODERATE,0,True,11,9,4,True,True,False
INC-2025-0514,2025-05-28T06:52:53,Galle,WET,High Winds/Cyclone,1,LOW,51,1,Rescue Teams|Medical Kits,24,RESOLVED,CITIZEN,MOBILE_APP,ENGLISH,RAIN,True,False,False,True,OFFICER-01,0,0,3,72,False,MODERATE,0,True,5,11,2,False,False,False
INC-2025-0515,2025-05-31T20:40:33,Hambantota,WET,High Winds/Cyclone,3,HIGH,147,0,Rescue Teams|Medical Kits,69,RESOLVED,CITIZEN,MOBILE_APP,TAMIL,RAIN,False,False,False,True,OFFICER-01,3,1,3,4,False,MODERATE,0,True,5,15,5,False,False,False
INC-2026-0516,2026-05-06T01:48:39,Gampaha,WET,Medical Emergency,1,LOW,11,0,Rescue Teams|Medical Kits,35,RESOLVED,CITIZEN,MOBILE_APP,SINHALA,RAIN,True,False,False,True,OFFICER-01,1,0,5,91,False,MODERATE,0,True,5,8,2,True,False,False
INC-2025-0517,2025-11-05T21:02:55,Colombo,WET,Building Collapse,2,MEDIUM,95,0,Rescue Teams|Medical Kits,63,RESOLVED,CITIZEN,MOBILE_APP,TAMIL,RAIN,True,False,False,True,OFFICER-01,4,5,3,96,False,MODERATE,0,True,11,22,2,False,True,False
INC-2025-0518,2025-03-26T21:00:58,Rathnapura,WET,Flood,3,HIGH,2302,0,Rescue Teams|Medical Kits,119,RESOLVED,CITIZEN,MOBILE_APP,ENGLISH,RAIN,True,False,False,True,OFFICER-01,0,0,0,99,False,MODERATE,0,True,3,23,2,False,True,False
INC-2026-0519,2026-02-12T18:00:02,Badulla,WET,Forest Fire,2,MEDIUM,63,0,Rescue Teams|Medical Kits,119,RESOLVED,CITIZEN,MOBILE_APP,SINHALA,RAIN,True,False,False,True,OFFICER-01,2,1,0,95,False,MODERATE,0,True,2,6,3,True,True,False
INC-2026-0520,2026-08-13T15:51:19,Hambantota,WET,High Winds/Cyclone,1,LOW,74,0,Rescue Teams|Medical Kits,50,RESOLVED,CITIZEN,MOBILE_APP,SINHALA,RAIN,True,True,False,True,OFFICER-01,5,0,4,30,False,MODERATE,0,True,8,20,3,True,False,False
INC-2026-0521,2026-01-12T20:40:41,Anuradhapura,WET,Drought,1,LOW,1877,0,Rescue Teams|Medical Kits,81,RESOLVED,CITIZEN,MOBILE_APP,ENGLISH,RAIN,True,False,False,True,OFFICER-01,7,3,2,77,False,MODERATE,0,True,1,1,0,True,False,False
INC-2025-0522,2025-09-19T09:45:01,Badulla,WET,Forest Fire,1,LOW,57,0,Rescue Teams|Medical Kits,57,RESOLVED,CITIZEN,MOBILE_APP,SINHALA,RAIN,True,True,False,True,OFFICER-01,0,3,5,51,False,MODERATE,0,True,9,12,4,True,True,False
INC-2025-0523,2025-01-20T22:43:04,Galle,WET,High Winds/Cyclone,1,LOW,81,0,Rescue Teams|Medical Kits,99,RESOLVED,CITIZEN,MOBILE_APP,SINHALA,RAIN,False,False,False,True,OFFICER-01,0,5,2,2,False,MODERATE,0,True,1,19,0,False,False,False
INC-2025-0524,2025-02-05T12:55:17,Gampaha,WET,Medical Emergency,1,LOW,30,0,Rescue Teams|Medical Kits,99,RESOLVED,CITIZEN,MOBILE_APP,TAMIL,RAIN,True,False,False,True,OFFICER-01,1,5,3,37,False,MODERATE,0,True,2,11,2,True,False,False
INC-2026-0525,2026-07-07T23:33:37,Matara,WET,High Winds/Cyclone,2,MEDIUM,173,0,Rescue Teams|Medical Kits,85,RESOLVED,CITIZEN,MOBILE_APP,ENGLISH,RAIN,False,False,False,True,OFFICER-01,2,3,0,61,False,MODERATE,0,True,7,15,1,False,False,True
INC-2025-0526,2025-07-09T00:29:04,Kegalle,WET,High Winds/Cyclone,2,MEDIUM,408,0,Rescue Teams|Medical Kits,113,RESOLVED,CITIZEN,MOBILE_APP,ENGLISH,RAIN,True,False,False,True,OFFICER-01,3,5,2,85,False,MODERATE,0,True,7,0,2,False,True,False
INC-2026-0527,2026-06-05T20:54:49,Anuradhapura,WET,Drought,2,MEDIUM,752,0,Rescue Teams|Medical Kits,91,RESOLVED,CITIZEN,MOBILE_APP,SINHALA,RAIN,False,False,False,True,OFFICER-01,10,2,3,91,False,MODERATE,0,True,6,10,4,False,False,False
INC-2026-0528,2026-05-23T21:56:44,Colombo,WET,Building Collapse,3,HIGH,91,0,Rescue Teams|Medical Kits,29,RESOLVED,CITIZEN,MOBILE_APP,TAMIL,RAIN,True,False,False,True,OFFICER-01,5,1,2,48,False,MODERATE,0,True,5,2,5,True,True,True
INC-2025-0529,2025-08-30T09:42:42,Nuwara Eliya,WET,Flood,3,HIGH,3506,25,Rescue Teams|Medical Kits,90,RESOLVED,CITIZEN,MOBILE_APP,SINHALA,RAIN,False,True,False,True,OFFICER-01,1,3,0,68,False,MODERATE,0,True,8,21,5,False,True,False
INC-2025-0530,2025-09-03T09:17:30,Monaragala,WET,Forest Fire,1,LOW,28,0,Rescue Teams|Medical Kits,104,RESOLVED,CITIZEN,MOBILE_APP,SINHALA,RAIN,True,False,False,True,OFFICER-01,9,2,2,64,False,MODERATE,0,True,9,9,2,True,False,False
INC-2025-0531,2025-08-01T09:31:29,Puttalam,WET,High Winds/Cyclone,2,MEDIUM,493,0,Rescue Teams|Medical Kits,118,RESOLVED,CITIZEN,MOBILE_APP,SINHALA,RAIN,True,False,False,True,OFFICER-01,0,1,3,93,False,MODERATE,0,True,8,10,4,True,False,False
INC-2025-0532,2025-08-21T07:39:40,Colombo,WET,Building Collapse,2,MEDIUM,40,0,Rescue Teams|Medical Kits,104,RESOLVED,CITIZEN,MOBILE_APP,SINHALA,RAIN,True,False,False,True,OFFICER-01,8,3,0,16,False,MODERATE,0,True,8,12,3,True,False,False
INC-2026-0533,2026-08-08T07:15:48,Colombo,WET,Medical Emergency,1,LOW,47,0,Rescue Teams|Medical Kits,33,RESOLVED,CITIZEN,MOBILE_APP,SINHALA,RAIN,True,False,False,True,OFFICER-01,3,5,1,94,False,MODERATE,0,True,8,18,5,False,True,False
INC-2025-0534,2025-10-09T08:22:40,Nuwara Eliya,WET,Flood,1,LOW,7715,38,Rescue Teams|Medical Kits,98,RESOLVED,CITIZEN,MOBILE_APP,ENGLISH,RAIN,False,True,False,True,OFFICER-01,9,3,1,80,False,MODERATE,0,True,10,11,3,False,True,True
INC-2025-0535,2025-07-10T07:08:59,Colombo,WET,Building Collapse,3,HIGH,24,1,Rescue Teams|Medical Kits,119,RESOLVED,CITIZEN,MOBILE_APP,TAMIL,RAIN,False,False,False,True,OFFICER-01,6,2,5,83,False,MODERATE,0,True,7,22,3,True,True,False
INC-2025-0536,2025-10-13T07:23:53,Monaragala,WET,Forest Fire,1,LOW,11,0,Rescue Teams|Medical Kits,110,RESOLVED,CITIZEN,MOBILE_APP,SINHALA,RAIN,True,False,False,True,OFFICER-01,9,1,3,61,False,MODERATE,0,True,10,18,0,False,False,False
INC-2025-0537,2025-08-20T17:53:45,Badulla,WET,Forest Fire,2,MEDIUM,83,1,Rescue Teams|Medical Kits,23,RESOLVED,CITIZEN,MOBILE_APP,TAMIL,RAIN,False,False,False,True,OFFICER-01,9,4,5,83,False,MODERATE,0,True,8,17,2,True,False,True
INC-2026-0538,2026-08-09T06:24:40,Puttalam,WET,High Winds/Cyclone,1,LOW,306,0,Rescue Teams|Medical Kits,41,RESOLVED,CITIZEN,MOBILE_APP,TAMIL,RAIN,True,False,False,True,OFFICER-01,2,0,4,32,False,MODERATE,0,True,8,17,6,True,False,False
INC-2025-0539,2025-03-07T17:15:02,Kandy,WET,Flood,3,HIGH,2510,24,Rescue Teams|Medical Kits,115,RESOLVED,CITIZEN,MOBILE_APP,ENGLISH,RAIN,True,False,False,True,OFFICER-01,10,4,3,17,False,MODERATE,0,True,3,7,4,True,False,False
INC-2026-0540,2026-06-24T21:37:51,Anuradhapura,WET,Drought,4,CRITICAL,1140,0,Rescue Teams|Medical Kits,53,RESOLVED,CITIZEN,MOBILE_APP,SINHALA,RAIN,False,True,False,True,OFFICER-01,2,4,4,27,False,MODERATE,0,True,6,3,2,True,False,False
INC-2025-0541,2025-08-04T11:01:51,Gampaha,WET,Medical Emergency,1,LOW,18,0,Rescue Teams|Medical Kits,69,RESOLVED,CITIZEN,MOBILE_APP,TAMIL,RAIN,True,True,False,True,OFFICER-01,2,4,1,9,False,MODERATE,0,True,8,5,0,True,True,False
INC-2026-0542,2026-05-07T18:12:33,Kandy,WET,Landslide,3,HIGH,1927,24,Rescue Teams|Medical Kits,92,RESOLVED,CITIZEN,MOBILE_APP,SINHALA,RAIN,True,False,False,True,OFFICER-01,1,2,0,68,False,MODERATE,0,True,5,4,3,False,False,False
INC-2026-0543,2026-06-16T06:17:50,Puttalam,WET,High Winds/Cyclone,3,HIGH,480,0,Rescue Teams|Medical Kits,43,RESOLVED,CITIZEN,MOBILE_APP,ENGLISH,RAIN,False,True,False,True,OFFICER-01,1,0,1,67,False,MODERATE,0,True,6,4,1,True,False,False
INC-2026-0544,2026-04-03T08:31:54,Nuwara Eliya,WET,Landslide,3,HIGH,2482,7,Rescue Teams|Medical Kits,59,RESOLVED,CITIZEN,MOBILE_APP,TAMIL,RAIN,True,False,False,True,OFFICER-01,10,4,4,76,False,MODERATE,0,True,4,1,4,False,False,False
INC-2026-0545,2026-01-06T09:20:58,Colombo,WET,Building Collapse,2,MEDIUM,95,1,Rescue Teams|Medical Kits,62,RESOLVED,CITIZEN,MOBILE_APP,TAMIL,RAIN,True,False,False,True,OFFICER-01,3,5,4,53,False,MODERATE,0,True,1,23,1,True,True,False
INC-2025-0546,2025-05-23T05:18:56,Monaragala,WET,Forest Fire,1,LOW,66,0,Rescue Teams|Medical Kits,26,RESOLVED,CITIZEN,MOBILE_APP,ENGLISH,RAIN,False,False,False,True,OFFICER-01,6,2,0,81,False,MODERATE,0,True,5,22,4,True,True,False
INC-2025-0547,2025-03-01T13:39:54,Rathnapura,WET,Flood,3,HIGH,2494,6,Rescue Teams|Medical Kits,108,RESOLVED,CITIZEN,MOBILE_APP,SINHALA,RAIN,False,False,False,True,OFFICER-01,7,3,4,87,False,MODERATE,0,True,3,0,5,True,True,False
INC-2025-0548,2025-11-11T22:32:08,Puttalam,WET,High Winds/Cyclone,1,LOW,207,0,Rescue Teams|Medical Kits,120,RESOLVED,CITIZEN,MOBILE_APP,TAMIL,RAIN,True,False,False,True,OFFICER-01,10,4,0,77,False,MODERATE,0,True,11,23,1,False,False,False
INC-2025-0549,2025-05-11T21:40:13,Monaragala,WET,Forest Fire,1,LOW,77,0,Rescue Teams|Medical Kits,58,RESOLVED,CITIZEN,MOBILE_APP,TAMIL,RAIN,True,True,False,True,OFFICER-01,3,4,0,37,False,MODERATE,0,True,5,13,6,False,False,False
INC-2026-0550,2026-01-11T06:05:48,Nuwara Eliya,WET,Landslide,4,CRITICAL,1401,1,Rescue Teams|Medical Kits,94,RESOLVED,CITIZEN,MOBILE_APP,ENGLISH,RAIN,True,False,False,True,OFFICER-01,0,2,0,78,False,MODERATE,0,True,1,20,6,True,False,False
INC-2025-0551,2025-09-13T04:38:58,Monaragala,WET,Forest Fire,1,LOW,48,0,Rescue Teams|Medical Kits,67,RESOLVED,CITIZEN,MOBILE_APP,SINHALA,RAIN,True,False,False,True,OFFICER-01,7,0,1,98,False,MODERATE,0,True,9,15,5,True,True,False
INC-2025-0552,2025-06-25T14:43:14,Kandy,WET,Landslide,4,CRITICAL,1463,10,Rescue Teams|Medical Kits,70,RESOLVED,CITIZEN,MOBILE_APP,SINHALA,RAIN,False,True,False,True,OFFICER-01,5,5,1,14,False,MODERATE,0,True,6,21,2,True,True,False
INC-2025-0553,2025-08-10T06:54:59,Matara,WET,High Winds/Cyclone,3,HIGH,120,0,Rescue Teams|Medical Kits,85,RESOLVED,CITIZEN,MOBILE_APP,ENGLISH,RAIN,False,False,False,True,OFFICER-01,10,5,1,41,False,MODERATE,0,True,8,15,6,True,True,False
INC-2026-0554,2026-01-25T19:19:19,Colombo,WET,Building Collapse,2,MEDIUM,69,1,Rescue Teams|Medical Kits,91,RESOLVED,CITIZEN,MOBILE_APP,TAMIL,RAIN,True,False,False,True,OFFICER-01,0,3,3,37,False,MODERATE,0,True,1,7,6,True,False,False
INC-2026-0555,2026-01-13T10:22:39,Nuwara Eliya,WET,Landslide,3,HIGH,969,8,Rescue Teams|Medical Kits,40,RESOLVED,CITIZEN,MOBILE_APP,ENGLISH,RAIN,False,True,False,True,OFFICER-01,1,5,5,64,False,MODERATE,0,True,1,8,1,True,True,False
INC-2025-0556,2025-05-27T13:02:41,Hambantota,WET,High Winds/Cyclone,2,MEDIUM,125,0,Rescue Teams|Medical Kits,26,RESOLVED,CITIZEN,MOBILE_APP,SINHALA,RAIN,False,False,False,True,OFFICER-01,6,3,4,39,False,MODERATE,0,True,5,6,1,True,False,False
INC-2025-0557,2025-06-22T06:11:24,Kegalle,WET,High Winds/Cyclone,2,MEDIUM,472,0,Rescue Teams|Medical Kits,21,RESOLVED,CITIZEN,MOBILE_APP,SINHALA,RAIN,False,False,False,True,OFFICER-01,0,0,0,84,False,MODERATE,0,True,6,8,6,False,True,False
INC-2025-0558,2025-06-14T15:32:52,Colombo,WET,Medical Emergency,1,LOW,28,1,Rescue Teams|Medical Kits,31,RESOLVED,CITIZEN,MOBILE_APP,ENGLISH,RAIN,True,True,False,True,OFFICER-01,5,5,2,95,False,MODERATE,0,True,6,3,5,True,False,False
INC-2026-0559,2026-04-15T16:40:56,Polonnaruwa,WET,Drought,2,MEDIUM,880,0,Rescue Teams|Medical Kits,98,RESOLVED,CITIZEN,MOBILE_APP,SINHALA,RAIN,False,True,False,True,OFFICER-01,3,5,3,12,False,MODERATE,0,True,4,20,2,True,True,False
INC-2026-0560,2026-03-01T12:58:17,Rathnapura,WET,Flood,3,HIGH,2267,0,Rescue Teams|Medical Kits,112,RESOLVED,CITIZEN,MOBILE_APP,TAMIL,RAIN,True,False,False,True,OFFICER-01,5,2,3,80,False,MODERATE,0,True,3,1,6,False,True,False
INC-2025-0561,2025-12-05T17:58:24,Puttalam,WET,High Winds/Cyclone,2,MEDIUM,234,0,Rescue Teams|Medical Kits,22,RESOLVED,CITIZEN,MOBILE_APP,TAMIL,RAIN,False,True,False,True,OFFICER-01,3,5,3,63,False,MODERATE,0,True,12,8,4,False,False,False
INC-2025-0562,2025-02-28T05:49:53,Polonnaruwa,WET,Drought,2,MEDIUM,669,0,Rescue Teams|Medical Kits,104,RESOLVED,CITIZEN,MOBILE_APP,SINHALA,RAIN,True,True,False,True,OFFICER-01,8,3,4,90,False,MODERATE,0,True,2,6,4,True,True,False
INC-2025-0563,2025-07-21T01:01:37,Polonnaruwa,WET,Drought,3,HIGH,810,0,Rescue Teams|Medical Kits,32,RESOLVED,CITIZEN,MOBILE_APP,ENGLISH,RAIN,True,True,False,True,OFFICER-01,0,5,1,26,False,MODERATE,0,True,7,17,0,True,True,False
INC-2025-0564,2025-01-02T02:05:49,Puttalam,WET,High Winds/Cyclone,2,MEDIUM,377,0,Rescue Teams|Medical Kits,56,RESOLVED,CITIZEN,MOBILE_APP,SINHALA,RAIN,False,False,False,True,OFFICER-01,10,0,2,28,False,MODERATE,0,True,1,8,3,True,False,False
INC-2025-0565,2025-05-18T06:35:01,Kandy,WET,Landslide,3,HIGH,1024,0,Rescue Teams|Medical Kits,119,RESOLVED,CITIZEN,MOBILE_APP,ENGLISH,RAIN,False,False,False,True,OFFICER-01,3,2,2,26,False,MODERATE,0,True,5,8,6,False,False,False
INC-2025-0566,2025-05-01T21:22:02,Colombo,WET,Building Collapse,2,MEDIUM,77,1,Rescue Teams|Medical Kits,97,RESOLVED,CITIZEN,MOBILE_APP,ENGLISH,RAIN,True,False,False,True,OFFICER-01,0,2,1,22,False,MODERATE,0,True,5,5,3,True,True,False
INC-2026-0567,2026-06-18T21:26:46,Colombo,WET,Building Collapse,2,MEDIUM,97,1,Rescue Teams|Medical Kits,92,RESOLVED,CITIZEN,MOBILE_APP,SINHALA,RAIN,True,False,False,True,OFFICER-01,6,3,0,14,False,MODERATE,0,True,6,23,3,True,False,False
INC-2026-0568,2026-08-16T23:39:37,Nuwara Eliya,WET,Flood,4,CRITICAL,3358,11,Rescue Teams|Medical Kits,25,RESOLVED,CITIZEN,MOBILE_APP,SINHALA,RAIN,True,False,False,True,OFFICER-01,2,3,4,56,False,MODERATE,0,True,8,3,6,True,False,True
INC-2025-0569,2025-08-27T18:04:17,Hambantota,WET,High Winds/Cyclone,1,LOW,92,0,Rescue Teams|Medical Kits,80,RESOLVED,CITIZEN,MOBILE_APP,ENGLISH,RAIN,False,True,False,True,OFFICER-01,2,0,1,3,False,MODERATE,0,True,8,0,2,True,True,False
INC-2025-0570,2025-11-28T18:22:53,Kegalle,WET,High Winds/Cyclone,2,MEDIUM,497,0,Rescue Teams|Medical Kits,29,RESOLVED,CITIZEN,MOBILE_APP,SINHALA,RAIN,False,True,False,True,OFFICER-01,1,2,2,9,False,MODERATE,0,True,11,22,4,True,False,False
INC-2025-0571,2025-04-02T22:13:19,Colombo,WET,Medical Emergency,1,LOW,33,0,Rescue Teams|Medical Kits,100,RESOLVED,CITIZEN,MOBILE_APP,TAMIL,RAIN,True,True,False,True,OFFICER-01,4,4,2,44,False,MODERATE,0,True,4,16,2,False,False,False
INC-2025-0572,2025-07-30T13:32:41,Puttalam,WET,High Winds/Cyclone,2,MEDIUM,455,0,Rescue Teams|Medical Kits,33,RESOLVED,CITIZEN,MOBILE_APP,ENGLISH,RAIN,False,False,False,True,OFFICER-01,2,3,3,92,False,MODERATE,0,True,7,0,2,False,False,True
INC-2025-0573,2025-02-22T06:49:01,Anuradhapura,WET,Drought,2,MEDIUM,731,0,Rescue Teams|Medical Kits,76,RESOLVED,CITIZEN,MOBILE_APP,TAMIL,RAIN,False,False,False,True,OFFICER-01,6,4,5,42,False,MODERATE,0,True,2,5,5,True,True,False
INC-2026-0574,2026-05-23T22:35:24,Galle,WET,High Winds/Cyclone,2,MEDIUM,112,0,Rescue Teams|Medical Kits,88,RESOLVED,CITIZEN,MOBILE_APP,TAMIL,RAIN,True,False,False,True,OFFICER-01,3,5,0,30,False,MODERATE,0,True,5,7,5,True,False,False
INC-2025-0575,2025-01-03T05:25:41,Gampaha,WET,Medical Emergency,1,LOW,23,0,Rescue Teams|Medical Kits,114,RESOLVED,CITIZEN,MOBILE_APP,SINHALA,RAIN,False,False,False,True,OFFICER-01,4,3,1,70,False,MODERATE,0,True,1,1,4,True,False,False
INC-2025-0576,2025-07-08T08:28:45,Badulla,WET,Forest Fire,1,LOW,36,0,Rescue Teams|Medical Kits,104,RESOLVED,CITIZEN,MOBILE_APP,SINHALA,RAIN,True,False,False,True,OFFICER-01,10,4,0,61,False,MODERATE,0,True,7,23,1,True,False,False
INC-2025-0577,2025-01-24T10:42:10,Hambantota,WET,High Winds/Cyclone,1,LOW,68,0,Rescue Teams|Medical Kits,53,RESOLVED,CITIZEN,MOBILE_APP,ENGLISH,RAIN,True,True,False,True,OFFICER-01,6,5,2,56,False,MODERATE,0,True,1,5,4,True,False,False
INC-2025-0578,2025-08-11T17:45:46,Nuwara Eliya,WET,Flood,3,HIGH,3911,5,Rescue Teams|Medical Kits,48,RESOLVED,CITIZEN,MOBILE_APP,TAMIL,RAIN,False,False,False,True,OFFICER-01,8,2,5,29,False,MODERATE,0,True,8,21,0,True,True,False
INC-2025-0579,2025-05-02T18:58:32,Badulla,WET,Forest Fire,1,LOW,44,0,Rescue Teams|Medical Kits,86,RESOLVED,CITIZEN,MOBILE_APP,TAMIL,RAIN,True,False,False,True,OFFICER-01,1,5,3,61,False,MODERATE,0,True,5,19,4,False,True,False
INC-2026-0580,2026-05-22T23:12:32,Colombo,WET,Medical Emergency,1,LOW,35,0,Rescue Teams|Medical Kits,57,RESOLVED,CITIZEN,MOBILE_APP,SINHALA,RAIN,True,False,False,True,OFFICER-01,3,2,1,69,False,MODERATE,0,True,5,3,4,False,False,False
INC-2025-0581,2025-02-20T17:38:15,Puttalam,WET,High Winds/Cyclone,2,MEDIUM,308,0,Rescue Teams|Medical Kits,20,RESOLVED,CITIZEN,MOBILE_APP,TAMIL,RAIN,True,True,False,True,OFFICER-01,7,0,0,40,False,MODERATE,0,True,2,1,3,True,False,False
INC-2025-0582,2025-08-28T16:48:41,Rathnapura,WET,Flood,3,HIGH,1017,0,Rescue Teams|Medical Kits,27,RESOLVED,CITIZEN,MOBILE_APP,ENGLISH,RAIN,False,False,False,True,OFFICER-01,6,5,4,12,False,MODERATE,0,True,8,12,3,False,False,False
INC-2025-0583,2025-04-27T15:40:56,Polonnaruwa,WET,Drought,2,MEDIUM,524,0,Rescue Teams|Medical Kits,106,RESOLVED,CITIZEN,MOBILE_APP,SINHALA,RAIN,False,True,False,True,OFFICER-01,3,5,5,18,False,MODERATE,0,True,4,4,6,True,False,False
INC-2026-0584,2026-01-25T14:52:22,Hambantota,WET,High Winds/Cyclone,2,MEDIUM,116,0,Rescue Teams|Medical Kits,70,RESOLVED,CITIZEN,MOBILE_APP,SINHALA,RAIN,True,False,False,True,OFFICER-01,10,3,1,26,False,MODERATE,0,True,1,4,6,True,False,False
INC-2025-0585,2025-04-29T08:58:05,Rathnapura,WET,Flood,3,HIGH,2161,0,Rescue Teams|Medical Kits,78,RESOLVED,CITIZEN,MOBILE_APP,SINHALA,RAIN,False,False,False,True,OFFICER-01,7,2,1,37,False,MODERATE,0,True,4,17,1,False,True,False
INC-2025-0586,2025-02-22T22:37:43,Hambantota,WET,High Winds/Cyclone,1,LOW,85,0,Rescue Teams|Medical Kits,32,RESOLVED,CITIZEN,MOBILE_APP,SINHALA,RAIN,False,False,False,True,OFFICER-01,9,3,0,46,False,MODERATE,0,True,2,15,5,True,False,False
INC-2025-0587,2025-11-08T10:02:55,Nuwara Eliya,WET,Landslide,3,HIGH,1637,9,Rescue Teams|Medical Kits,102,RESOLVED,CITIZEN,MOBILE_APP,SINHALA,RAIN,True,False,False,True,OFFICER-01,9,5,0,94,False,MODERATE,0,True,11,21,5,False,False,False
INC-2026-0588,2026-06-28T12:11:51,Kegalle,WET,High Winds/Cyclone,3,HIGH,587,2,Rescue Teams|Medical Kits,74,RESOLVED,CITIZEN,MOBILE_APP,TAMIL,RAIN,False,False,False,True,OFFICER-01,8,3,0,10,False,MODERATE,0,True,6,12,6,True,True,True
INC-2026-0589,2026-07-23T09:19:58,Hambantota,WET,High Winds/Cyclone,1,LOW,63,0,Rescue Teams|Medical Kits,109,RESOLVED,CITIZEN,MOBILE_APP,ENGLISH,RAIN,True,False,False,True,OFFICER-01,1,2,3,4,False,MODERATE,0,True,7,10,3,False,True,False
INC-2026-0590,2026-01-01T00:49:48,Galle,WET,High Winds/Cyclone,1,LOW,87,0,Rescue Teams|Medical Kits,42,RESOLVED,CITIZEN,MOBILE_APP,SINHALA,RAIN,False,False,False,True,OFFICER-01,10,3,2,32,False,MODERATE,0,True,1,11,3,True,False,False
INC-2025-0591,2025-03-06T22:15:16,Hambantota,WET,High Winds/Cyclone,1,LOW,68,1,Rescue Teams|Medical Kits,69,RESOLVED,CITIZEN,MOBILE_APP,ENGLISH,RAIN,True,True,False,True,OFFICER-01,4,1,1,44,False,MODERATE,0,True,3,8,3,False,False,False
INC-2026-0592,2026-01-10T02:08:43,Badulla,WET,Forest Fire,1,LOW,70,0,Rescue Teams|Medical Kits,91,RESOLVED,CITIZEN,MOBILE_APP,SINHALA,RAIN,True,True,False,True,OFFICER-01,1,5,5,74,False,MODERATE,0,True,1,18,5,False,False,False
INC-2025-0593,2025-09-09T10:48:45,Galle,WET,High Winds/Cyclone,3,HIGH,131,2,Rescue Teams|Medical Kits,31,RESOLVED,CITIZEN,MOBILE_APP,TAMIL,RAIN,True,False,False,True,OFFICER-01,7,5,4,12,False,MODERATE,0,True,9,21,1,True,True,False
INC-2025-0594,2025-06-19T19:25:25,Kandy,WET,Flood,3,HIGH,5054,0,Rescue Teams|Medical Kits,16,RESOLVED,CITIZEN,MOBILE_APP,ENGLISH,RAIN,False,False,False,True,OFFICER-01,5,0,2,39,False,MODERATE,0,True,6,6,3,False,False,False
INC-2025-0595,2025-04-07T21:25:18,Polonnaruwa,WET,Drought,4,CRITICAL,1216,0,Rescue Teams|Medical Kits,73,RESOLVED,CITIZEN,MOBILE_APP,ENGLISH,RAIN,True,False,False,True,OFFICER-01,5,1,4,76,False,MODERATE,0,True,4,13,0,True,True,False
INC-2026-0596,2026-02-26T13:50:00,Hambantota,WET,High Winds/Cyclone,4,CRITICAL,105,0,Rescue Teams|Medical Kits,118,RESOLVED,CITIZEN,MOBILE_APP,SINHALA,RAIN,False,False,False,True,OFFICER-01,1,5,0,78,False,MODERATE,0,True,2,19,3,False,False,False
INC-2025-0597,2025-03-22T12:38:51,Badulla,WET,Forest Fire,1,LOW,73,0,Rescue Teams|Medical Kits,114,RESOLVED,CITIZEN,MOBILE_APP,ENGLISH,RAIN,False,False,False,True,OFFICER-01,8,3,0,25,False,MODERATE,0,True,3,1,5,True,False,False
INC-2025-0598,2025-04-07T15:44:24,Anuradhapura,WET,Drought,3,HIGH,1218,0,Rescue Teams|Medical Kits,79,RESOLVED,CITIZEN,MOBILE_APP,ENGLISH,RAIN,True,False,False,True,OFFICER-01,4,5,2,39,False,MODERATE,0,True,4,23,0,True,False,False
INC-2026-0599,2026-06-07T23:14:12,Badulla,WET,Forest Fire,1,LOW,40,1,Rescue Teams|Medical Kits,70,RESOLVED,CITIZEN,MOBILE_APP,SINHALA,RAIN,True,False,False,True,OFFICER-01,8,3,1,78,False,MODERATE,0,True,6,23,6,True,True,False
INC-2025-0600,2025-02-10T01:32:21,Colombo,WET,Building Collapse,2,MEDIUM,93,1,Rescue Teams|Medical Kits,95,RESOLVED,CITIZEN,MOBILE_APP,TAMIL,RAIN,True,False,False,True,OFFICER-01,6,5,2,70,False,MODERATE,0,True,2,7,0,True,True,False
INC-2025-0601,2025-09-08T10:03:28,Hambantota,WET,High Winds/Cyclone,2,MEDIUM,76,1,Rescue Teams|Medical Kits,18,RESOLVED,CITIZEN,MOBILE_APP,TAMIL,RAIN,True,False,False,True,OFFICER-01,2,3,5,80,False,MODERATE,0,True,9,22,0,False,False,True
INC-2025-0602,2025-05-25T21:38:25,Gampaha,WET,Medical Emergency,1,LOW,25,0,Rescue Teams|Medical Kits,33,RESOLVED,CITIZEN,MOBILE_APP,TAMIL,RAIN,False,False,False,True,OFFICER-01,0,5,4,13,False,MODERATE,0,True,5,12,6,True,False,False
INC-2025-0603,2025-12-23T14:45:39,Puttalam,WET,High Winds/Cyclone,4,CRITICAL,262,3,Rescue Teams|Medical Kits,77,RESOLVED,CITIZEN,MOBILE_APP,TAMIL,RAIN,True,False,False,True,OFFICER-01,1,1,5,53,False,MODERATE,0,True,12,6,1,True,False,False
INC-2025-0604,2025-09-01T13:38:48,Colombo,WET,Building Collapse,2,MEDIUM,77,0,Rescue Teams|Medical Kits,93,RESOLVED,CITIZEN,MOBILE_APP,TAMIL,RAIN,True,False,False,True,OFFICER-01,8,0,1,66,False,MODERATE,0,True,9,1,0,False,False,False
INC-2025-0605,2025-04-05T10:40:09,Kandy,WET,Landslide,1,LOW,894,1,Rescue Teams|Medical Kits,31,RESOLVED,CITIZEN,MOBILE_APP,ENGLISH,RAIN,True,True,False,True,OFFICER-01,4,3,1,11,False,MODERATE,0,True,4,6,5,True,False,False
INC-2026-0606,2026-07-04T23:38:04,Gampaha,WET,Medical Emergency,1,LOW,45,0,Rescue Teams|Medical Kits,106,RESOLVED,CITIZEN,MOBILE_APP,ENGLISH,RAIN,True,True,False,True,OFFICER-01,6,0,4,98,False,MODERATE,0,True,7,6,5,False,False,False
INC-2025-0607,2025-05-09T15:59:52,Nuwara Eliya,WET,Landslide,4,CRITICAL,2426,47,Rescue Teams|Medical Kits,60,RESOLVED,CITIZEN,MOBILE_APP,ENGLISH,RAIN,True,False,False,True,OFFICER-01,10,0,3,21,False,MODERATE,0,True,5,19,4,True,False,False
INC-2026-0608,2026-02-02T04:22:54,Kandy,WET,Flood,3,HIGH,3036,19,Rescue Teams|Medical Kits,116,RESOLVED,CITIZEN,MOBILE_APP,SINHALA,RAIN,True,True,False,True,OFFICER-01,5,1,0,27,False,MODERATE,0,True,2,12,0,False,False,False
INC-2025-0609,2025-10-16T21:55:00,Gampaha,WET,Medical Emergency,1,LOW,19,0,Rescue Teams|Medical Kits,23,RESOLVED,CITIZEN,MOBILE_APP,ENGLISH,RAIN,True,False,False,True,OFFICER-01,4,4,1,67,False,MODERATE,0,True,10,14,3,True,True,False
INC-2025-0610,2025-03-21T22:34:17,Matara,WET,High Winds/Cyclone,2,MEDIUM,387,0,Rescue Teams|Medical Kits,55,RESOLVED,CITIZEN,MOBILE_APP,SINHALA,RAIN,True,False,False,True,OFFICER-01,3,0,3,63,False,MODERATE,0,True,3,20,4,False,False,True
INC-2025-0611,2025-08-02T03:28:29,Kandy,WET,Flood,4,CRITICAL,3725,58,Rescue Teams|Medical Kits,74,RESOLVED,CITIZEN,MOBILE_APP,ENGLISH,RAIN,False,False,False,True,OFFICER-01,2,3,0,68,False,MODERATE,0,True,8,0,5,True,True,True
INC-2025-0612,2025-01-31T09:15:15,Polonnaruwa,WET,Drought,3,HIGH,845,0,Rescue Teams|Medical Kits,78,RESOLVED,CITIZEN,MOBILE_APP,TAMIL,RAIN,True,False,False,True,OFFICER-01,0,3,2,89,False,MODERATE,0,True,1,8,4,True,False,False
INC-2026-0613,2026-01-19T04:27:40,Monaragala,WET,Forest Fire,1,LOW,25,0,Rescue Teams|Medical Kits,70,RESOLVED,CITIZEN,MOBILE_APP,SINHALA,RAIN,True,False,False,True,OFFICER-01,2,0,1,92,False,MODERATE,0,True,1,4,0,True,True,False
INC-2026-0614,2026-02-22T12:48:51,Gampaha,WET,Medical Emergency,1,LOW,10,0,Rescue Teams|Medical Kits,118,RESOLVED,CITIZEN,MOBILE_APP,ENGLISH,RAIN,True,False,False,True,OFFICER-01,4,5,1,17,False,MODERATE,0,True,2,9,6,True,False,False
INC-2025-0615,2025-04-04T03:07:28,Monaragala,WET,Forest Fire,1,LOW,26,0,Rescue Teams|Medical Kits,76,RESOLVED,CITIZEN,MOBILE_APP,TAMIL,RAIN,False,False,False,True,OFFICER-01,7,2,2,98,False,MODERATE,0,True,4,14,4,False,False,False
INC-2025-0616,2025-06-25T09:47:09,Anuradhapura,WET,Drought,2,MEDIUM,688,0,Rescue Teams|Medical Kits,24,RESOLVED,CITIZEN,MOBILE_APP,ENGLISH,RAIN,False,False,False,True,OFFICER-01,0,1,0,85,False,MODERATE,0,True,6,21,2,True,False,False
INC-2025-0617,2025-12-30T14:57:20,Matara,WET,High Winds/Cyclone,1,LOW,297,0,Rescue Teams|Medical Kits,34,RESOLVED,CITIZEN,MOBILE_APP,TAMIL,RAIN,False,False,False,True,OFFICER-01,1,1,1,46,False,MODERATE,0,True,12,10,1,False,False,False
INC-2025-0618,2025-12-18T09:56:30,Colombo,WET,Building Collapse,2,MEDIUM,99,1,Rescue Teams|Medical Kits,110,RESOLVED,CITIZEN,MOBILE_APP,SINHALA,RAIN,False,True,False,True,OFFICER-01,3,0,3,23,False,MODERATE,0,True,12,18,3,True,False,False
INC-2025-0619,2025-01-23T04:53:10,Kandy,WET,Landslide,4,CRITICAL,1475,15,Rescue Teams|Medical Kits,71,RESOLVED,CITIZEN,MOBILE_APP,ENGLISH,RAIN,True,False,False,True,OFFICER-01,5,0,0,83,False,MODERATE,0,True,1,4,3,False,True,False
INC-2026-0620,2026-07-23T13:29:56,Colombo,WET,Building Collapse,4,CRITICAL,74,1,Rescue Teams|Medical Kits,21,RESOLVED,CITIZEN,MOBILE_APP,SINHALA,RAIN,True,True,False,True,OFFICER-01,9,2,1,8,False,MODERATE,0,True,7,21,3,True,False,False
INC-2025-0621,2025-08-02T22:56:12,Puttalam,WET,High Winds/Cyclone,2,MEDIUM,315,0,Rescue Teams|Medical Kits,59,RESOLVED,CITIZEN,MOBILE_APP,TAMIL,RAIN,True,True,False,True,OFFICER-01,4,5,4,36,False,MODERATE,0,True,8,22,5,True,True,False
INC-2025-0622,2025-03-15T04:48:31,Nuwara Eliya,WET,Flood,3,HIGH,4516,90,Rescue Teams|Medical Kits,33,RESOLVED,CITIZEN,MOBILE_APP,SINHALA,RAIN,True,True,False,True,OFFICER-01,10,3,3,42,False,MODERATE,0,True,3,21,5,False,False,False
INC-2025-0623,2025-05-18T21:07:13,Nuwara Eliya,WET,Flood,4,CRITICAL,5161,0,Rescue Teams|Medical Kits,87,RESOLVED,CITIZEN,MOBILE_APP,TAMIL,RAIN,False,False,False,True,OFFICER-01,4,1,4,64,False,MODERATE,0,True,5,15,6,True,False,False
INC-2026-0624,2026-08-10T10:04:47,Hambantota,WET,High Winds/Cyclone,1,LOW,68,0,Rescue Teams|Medical Kits,120,RESOLVED,CITIZEN,MOBILE_APP,ENGLISH,RAIN,False,True,False,True,OFFICER-01,4,5,2,66,False,MODERATE,0,True,8,8,0,True,False,False
INC-2025-0625,2025-03-29T14:01:07,Anuradhapura,WET,Drought,1,LOW,1052,0,Rescue Teams|Medical Kits,109,RESOLVED,CITIZEN,MOBILE_APP,TAMIL,RAIN,False,False,False,True,OFFICER-01,6,2,1,95,False,MODERATE,0,True,3,21,5,True,False,False
INC-2025-0626,2025-05-31T13:28:43,Rathnapura,WET,Flood,3,HIGH,2885,0,Rescue Teams|Medical Kits,101,RESOLVED,CITIZEN,MOBILE_APP,ENGLISH,RAIN,False,False,False,True,OFFICER-01,5,3,4,53,False,MODERATE,0,True,5,14,5,False,False,False
INC-2025-0627,2025-08-29T06:12:15,Kandy,WET,Landslide,3,HIGH,890,17,Rescue Teams|Medical Kits,102,RESOLVED,CITIZEN,MOBILE_APP,SINHALA,RAIN,True,False,False,True,OFFICER-01,7,5,1,66,False,MODERATE,0,True,8,11,4,False,False,False
INC-2026-0628,2026-04-30T12:23:02,Nuwara Eliya,WET,Landslide,4,CRITICAL,1943,20,Rescue Teams|Medical Kits,15,RESOLVED,CITIZEN,MOBILE_APP,ENGLISH,RAIN,False,True,False,True,OFFICER-01,5,5,0,6,False,MODERATE,0,True,4,9,3,False,True,True
INC-2025-0629,2025-04-17T23:15:51,Kandy,WET,Landslide,3,HIGH,1217,0,Rescue Teams|Medical Kits,70,RESOLVED,CITIZEN,MOBILE_APP,TAMIL,RAIN,False,True,False,True,OFFICER-01,1,2,1,4,False,MODERATE,0,True,4,2,3,False,False,False
INC-2025-0630,2025-10-03T10:49:26,Anuradhapura,WET,Drought,3,HIGH,1009,0,Rescue Teams|Medical Kits,70,RESOLVED,CITIZEN,MOBILE_APP,TAMIL,RAIN,False,False,False,True,OFFICER-01,5,4,1,87,False,MODERATE,0,True,10,8,4,True,False,True
INC-2025-0631,2025-07-14T04:43:08,Matara,WET,High Winds/Cyclone,2,MEDIUM,169,0,Rescue Teams|Medical Kits,27,RESOLVED,CITIZEN,MOBILE_APP,SINHALA,RAIN,True,False,False,True,OFFICER-01,8,3,5,40,False,MODERATE,0,True,7,17,0,True,False,False
INC-2026-0632,2026-06-17T04:22:09,Polonnaruwa,WET,Drought,4,CRITICAL,1229,0,Rescue Teams|Medical Kits,93,RESOLVED,CITIZEN,MOBILE_APP,ENGLISH,RAIN,True,False,False,True,OFFICER-01,3,4,4,47,False,MODERATE,0,True,6,17,2,True,False,False
INC-2026-0633,2026-04-28T06:13:25,Galle,WET,High Winds/Cyclone,2,MEDIUM,189,0,Rescue Teams|Medical Kits,73,RESOLVED,CITIZEN,MOBILE_APP,SINHALA,RAIN,True,False,False,True,OFFICER-01,1,0,2,83,False,MODERATE,0,True,4,21,1,True,False,False
INC-2025-0634,2025-09-17T00:34:55,Puttalam,WET,High Winds/Cyclone,4,CRITICAL,249,0,Rescue Teams|Medical Kits,81,RESOLVED,CITIZEN,MOBILE_APP,SINHALA,RAIN,False,False,False,True,OFFICER-01,8,5,3,17,False,MODERATE,0,True,9,18,2,False,False,False
INC-2026-0635,2026-06-09T19:36:08,Kegalle,WET,High Winds/Cyclone,4,CRITICAL,379,0,Rescue Teams|Medical Kits,81,RESOLVED,CITIZEN,MOBILE_APP,SINHALA,RAIN,True,True,False,True,OFFICER-01,3,1,0,60,False,MODERATE,0,True,6,22,1,False,True,False
INC-2026-0636,2026-01-28T20:52:45,Nuwara Eliya,WET,Flood,3,HIGH,6635,32,Rescue Teams|Medical Kits,99,RESOLVED,CITIZEN,MOBILE_APP,TAMIL,RAIN,True,False,False,True,OFFICER-01,1,3,1,81,False,MODERATE,0,True,1,17,2,False,False,False
INC-2025-0637,2025-05-24T13:04:05,Nuwara Eliya,WET,Flood,3,HIGH,4160,0,Rescue Teams|Medical Kits,78,RESOLVED,CITIZEN,MOBILE_APP,ENGLISH,RAIN,True,False,False,True,OFFICER-01,10,2,3,49,False,MODERATE,0,True,5,15,5,True,False,False
INC-2025-0638,2025-12-27T08:54:36,Puttalam,WET,High Winds/Cyclone,2,MEDIUM,413,0,Rescue Teams|Medical Kits,71,RESOLVED,CITIZEN,MOBILE_APP,SINHALA,RAIN,True,False,False,True,OFFICER-01,5,1,3,92,False,MODERATE,0,True,12,9,5,True,False,True
INC-2025-0639,2025-08-04T01:51:55,Monaragala,WET,Forest Fire,1,LOW,11,0,Rescue Teams|Medical Kits,34,RESOLVED,CITIZEN,MOBILE_APP,ENGLISH,RAIN,True,False,False,True,OFFICER-01,10,5,4,43,False,MODERATE,0,True,8,22,0,False,False,False
INC-2026-0640,2026-07-10T11:57:53,Monaragala,WET,Forest Fire,1,LOW,27,0,Rescue Teams|Medical Kits,38,RESOLVED,CITIZEN,MOBILE_APP,TAMIL,RAIN,True,False,False,True,OFFICER-01,8,5,4,33,False,MODERATE,0,True,7,20,4,True,True,False
INC-2026-0641,2026-06-26T23:21:05,Galle,WET,High Winds/Cyclone,4,CRITICAL,132,0,Rescue Teams|Medical Kits,78,RESOLVED,CITIZEN,MOBILE_APP,TAMIL,RAIN,False,True,False,True,OFFICER-01,7,2,1,98,False,MODERATE,0,True,6,0,4,True,False,True
INC-2025-0642,2025-03-23T21:23:28,Kegalle,WET,High Winds/Cyclone,3,HIGH,389,0,Rescue Teams|Medical Kits,92,RESOLVED,CITIZEN,MOBILE_APP,TAMIL,RAIN,True,False,False,True,OFFICER-01,0,1,2,13,False,MODERATE,0,True,3,8,6,False,False,True
INC-2025-0643,2025-10-21T07:30:49,Monaragala,WET,Forest Fire,1,LOW,27,0,Rescue Teams|Medical Kits,82,RESOLVED,CITIZEN,MOBILE_APP,SINHALA,RAIN,True,False,False,True,OFFICER-01,1,4,0,80,False,MODERATE,0,True,10,9,1,True,True,False
INC-2025-0644,2025-06-08T02:15:12,Puttalam,WET,High Winds/Cyclone,2,MEDIUM,217,0,Rescue Teams|Medical Kits,108,RESOLVED,CITIZEN,MOBILE_APP,TAMIL,RAIN,True,False,False,True,OFFICER-01,8,3,1,26,False,MODERATE,0,True,6,2,6,True,False,False
INC-2026-0645,2026-01-25T00:31:33,Anuradhapura,WET,Drought,1,LOW,1221,0,Rescue Teams|Medical Kits,53,RESOLVED,CITIZEN,MOBILE_APP,SINHALA,RAIN,True,True,False,True,OFFICER-01,1,3,1,6,False,MODERATE,0,True,1,20,6,False,False,False
INC-2025-0646,2025-01-18T12:13:20,Colombo,WET,Medical Emergency,1,LOW,24,0,Rescue Teams|Medical Kits,81,RESOLVED,CITIZEN,MOBILE_APP,TAMIL,RAIN,False,True,False,True,OFFICER-01,8,2,3,79,False,MODERATE,0,True,1,5,5,False,True,False
INC-2026-0647,2026-03-01T01:05:21,Kandy,WET,Flood,1,LOW,4857,0,Rescue Teams|Medical Kits,119,RESOLVED,CITIZEN,MOBILE_APP,TAMIL,RAIN,True,False,False,True,OFFICER-01,5,5,0,30,False,MODERATE,0,True,3,6,6,False,True,False
INC-2025-0648,2025-02-26T15:10:34,Anuradhapura,WET,Drought,1,LOW,1654,0,Rescue Teams|Medical Kits,76,RESOLVED,CITIZEN,MOBILE_APP,SINHALA,RAIN,True,False,False,True,OFFICER-01,4,5,0,13,False,MODERATE,0,True,2,13,2,False,True,False
INC-2026-0649,2026-01-21T17:14:01,Kandy,WET,Flood,3,HIGH,4079,45,Rescue Teams|Medical Kits,92,RESOLVED,CITIZEN,MOBILE_APP,ENGLISH,RAIN,True,False,False,True,OFFICER-01,10,5,5,2,False,MODERATE,0,True,1,1,2,False,False,False
INC-2025-0650,2025-02-10T11:58:04,Anuradhapura,WET,Drought,3,HIGH,1292,0,Rescue Teams|Medical Kits,60,RESOLVED,CITIZEN,MOBILE_APP,SINHALA,RAIN,True,False,False,True,OFFICER-01,5,3,0,30,False,MODERATE,0,True,2,14,0,True,False,False
INC-2025-0651,2025-03-13T10:49:58,Kegalle,WET,High Winds/Cyclone,4,CRITICAL,305,0,Rescue Teams|Medical Kits,31,RESOLVED,CITIZEN,MOBILE_APP,ENGLISH,RAIN,False,True,False,True,OFFICER-01,2,2,0,40,False,MODERATE,0,True,3,0,3,False,False,False
INC-2026-0652,2026-04-13T21:50:54,Gampaha,WET,Medical Emergency,1,LOW,25,0,Rescue Teams|Medical Kits,109,RESOLVED,CITIZEN,MOBILE_APP,ENGLISH,RAIN,True,False,False,True,OFFICER-01,3,3,5,38,False,MODERATE,0,True,4,2,0,True,False,False
INC-2026-0653,2026-03-05T06:56:59,Gampaha,WET,Medical Emergency,1,LOW,28,0,Rescue Teams|Medical Kits,94,RESOLVED,CITIZEN,MOBILE_APP,ENGLISH,RAIN,True,False,False,True,OFFICER-01,4,0,1,17,False,MODERATE,0,True,3,3,3,False,True,False
INC-2025-0654,2025-06-29T01:30:04,Polonnaruwa,WET,Drought,2,MEDIUM,812,0,Rescue Teams|Medical Kits,29,RESOLVED,CITIZEN,MOBILE_APP,SINHALA,RAIN,False,False,False,True,OFFICER-01,7,0,2,35,False,MODERATE,0,True,6,7,6,True,False,False
INC-2025-0655,2025-08-22T08:06:04,Colombo,WET,Building Collapse,3,HIGH,30,1,Rescue Teams|Medical Kits,19,RESOLVED,CITIZEN,MOBILE_APP,TAMIL,RAIN,True,False,False,True,OFFICER-01,5,0,4,96,False,MODERATE,0,True,8,12,4,True,False,False
INC-2025-0656,2025-07-23T21:57:53,Colombo,WET,Medical Emergency,1,LOW,47,1,Rescue Teams|Medical Kits,85,RESOLVED,CITIZEN,MOBILE_APP,ENGLISH,RAIN,False,False,False,True,OFFICER-01,10,2,4,59,False,MODERATE,0,True,7,23,2,False,False,False
INC-2026-0657,2026-03-21T18:05:06,Badulla,WET,Forest Fire,1,LOW,82,0,Rescue Teams|Medical Kits,46,RESOLVED,CITIZEN,MOBILE_APP,TAMIL,RAIN,True,False,False,True,OFFICER-01,4,2,4,50,False,MODERATE,0,True,3,0,5,True,False,False
INC-2026-0658,2026-04-24T02:37:56,Kandy,WET,Flood,3,HIGH,3123,43,Rescue Teams|Medical Kits,71,RESOLVED,CITIZEN,MOBILE_APP,ENGLISH,RAIN,False,False,False,True,OFFICER-01,0,3,0,59,False,MODERATE,0,True,4,18,4,False,False,False
INC-2025-0659,2025-10-06T15:05:36,Kandy,WET,Flood,3,HIGH,3966,0,Rescue Teams|Medical Kits,48,RESOLVED,CITIZEN,MOBILE_APP,ENGLISH,RAIN,True,False,False,True,OFFICER-01,4,3,1,29,False,MODERATE,0,True,10,19,0,True,False,False
INC-2025-0660,2025-04-25T02:26:51,Hambantota,WET,High Winds/Cyclone,2,MEDIUM,129,0,Rescue Teams|Medical Kits,22,RESOLVED,CITIZEN,MOBILE_APP,TAMIL,RAIN,True,True,False,True,OFFICER-01,4,2,0,86,False,MODERATE,0,True,4,14,4,False,True,False
INC-2026-0661,2026-02-24T18:33:25,Gampaha,WET,Medical Emergency,1,LOW,12,0,Rescue Teams|Medical Kits,102,RESOLVED,CITIZEN,MOBILE_APP,ENGLISH,RAIN,True,False,False,True,OFFICER-01,1,5,3,36,False,MODERATE,0,True,2,7,1,True,False,False
INC-2025-0662,2025-01-20T04:20:26,Galle,WET,High Winds/Cyclone,4,CRITICAL,133,0,Rescue Teams|Medical Kits,90,RESOLVED,CITIZEN,MOBILE_APP,SINHALA,RAIN,False,True,False,True,OFFICER-01,1,4,1,40,False,MODERATE,0,True,1,9,0,False,False,False
INC-2026-0663,2026-07-10T22:52:55,Polonnaruwa,WET,Drought,2,MEDIUM,1299,0,Rescue Teams|Medical Kits,98,RESOLVED,CITIZEN,MOBILE_APP,SINHALA,RAIN,True,False,False,True,OFFICER-01,1,1,4,64,False,MODERATE,0,True,7,18,4,False,False,False
INC-2026-0664,2026-02-23T15:04:48,Badulla,WET,Forest Fire,1,LOW,25,0,Rescue Teams|Medical Kits,46,RESOLVED,CITIZEN,MOBILE_APP,ENGLISH,RAIN,True,True,False,True,OFFICER-01,3,2,1,58,False,MODERATE,0,True,2,14,0,True,False,False
INC-2026-0665,2026-08-05T03:14:25,Colombo,WET,Medical Emergency,2,MEDIUM,17,0,Rescue Teams|Medical Kits,92,RESOLVED,CITIZEN,MOBILE_APP,SINHALA,RAIN,True,False,False,True,OFFICER-01,7,3,1,72,False,MODERATE,0,True,8,17,2,False,False,True
INC-2026-0666,2026-02-22T13:53:12,Galle,WET,High Winds/Cyclone,2,MEDIUM,112,0,Rescue Teams|Medical Kits,79,RESOLVED,CITIZEN,MOBILE_APP,SINHALA,RAIN,True,True,False,True,OFFICER-01,9,3,5,98,False,MODERATE,0,True,2,9,6,True,True,False
INC-2025-0667,2025-05-20T17:52:18,Matara,WET,High Winds/Cyclone,1,LOW,332,1,Rescue Teams|Medical Kits,103,RESOLVED,CITIZEN,MOBILE_APP,SINHALA,RAIN,True,True,False,True,OFFICER-01,1,1,4,67,False,MODERATE,0,True,5,3,1,False,False,False
INC-2025-0668,2025-11-25T01:20:11,Colombo,WET,Building Collapse,1,LOW,65,1,Rescue Teams|Medical Kits,60,RESOLVED,CITIZEN,MOBILE_APP,ENGLISH,RAIN,False,False,False,True,OFFICER-01,6,5,3,94,False,MODERATE,0,True,11,19,1,True,False,False
INC-2025-0669,2025-08-13T16:46:39,Badulla,WET,Forest Fire,1,LOW,71,0,Rescue Teams|Medical Kits,62,RESOLVED,CITIZEN,MOBILE_APP,TAMIL,RAIN,True,False,False,True,OFFICER-01,10,3,3,41,False,MODERATE,0,True,8,16,2,False,False,False
INC-2025-0670,2025-05-18T06:20:30,Monaragala,WET,Forest Fire,1,LOW,75,0,Rescue Teams|Medical Kits,69,RESOLVED,CITIZEN,MOBILE_APP,ENGLISH,RAIN,True,False,False,True,OFFICER-01,5,3,2,96,False,MODERATE,0,True,5,1,6,False,True,False
INC-2025-0671,2025-04-22T05:22:38,Hambantota,WET,High Winds/Cyclone,1,LOW,55,0,Rescue Teams|Medical Kits,36,RESOLVED,CITIZEN,MOBILE_APP,SINHALA,RAIN,False,False,False,True,OFFICER-01,4,2,3,56,False,MODERATE,0,True,4,18,1,False,True,False
INC-2025-0672,2025-05-12T12:22:04,Kegalle,WET,High Winds/Cyclone,2,MEDIUM,447,0,Rescue Teams|Medical Kits,111,RESOLVED,CITIZEN,MOBILE_APP,SINHALA,RAIN,True,True,False,True,OFFICER-01,0,4,0,69,False,MODERATE,0,True,5,8,0,False,True,False
INC-2025-0673,2025-01-06T04:14:47,Matara,WET,High Winds/Cyclone,2,MEDIUM,350,0,Rescue Teams|Medical Kits,29,RESOLVED,CITIZEN,MOBILE_APP,TAMIL,RAIN,True,False,False,True,OFFICER-01,1,3,3,63,False,MODERATE,0,True,1,14,0,True,False,False
INC-2025-0674,2025-03-09T11:15:32,Kandy,WET,Landslide,3,HIGH,780,0,Rescue Teams|Medical Kits,50,RESOLVED,CITIZEN,MOBILE_APP,ENGLISH,RAIN,False,False,False,True,OFFICER-01,10,5,4,86,False,MODERATE,0,True,3,7,6,False,False,False
INC-2026-0675,2026-07-03T23:53:22,Rathnapura,WET,Flood,3,HIGH,2408,0,Rescue Teams|Medical Kits,95,RESOLVED,CITIZEN,MOBILE_APP,SINHALA,RAIN,True,False,False,True,OFFICER-01,10,5,0,31,False,MODERATE,0,True,7,10,4,True,False,False
INC-2026-0676,2026-04-01T10:13:57,Galle,WET,High Winds/Cyclone,2,MEDIUM,146,0,Rescue Teams|Medical Kits,26,RESOLVED,CITIZEN,MOBILE_APP,TAMIL,RAIN,False,True,False,True,OFFICER-01,3,0,3,8,False,MODERATE,0,True,4,5,2,True,False,False
INC-2026-0677,2026-03-10T04:58:27,Anuradhapura,WET,Drought,3,HIGH,1751,0,Rescue Teams|Medical Kits,38,RESOLVED,CITIZEN,MOBILE_APP,ENGLISH,RAIN,True,False,False,True,OFFICER-01,3,2,5,62,False,MODERATE,0,True,3,18,1,True,True,False
INC-2026-0678,2026-05-05T08:33:49,Anuradhapura,WET,Drought,3,HIGH,1303,0,Rescue Teams|Medical Kits,69,RESOLVED,CITIZEN,MOBILE_APP,SINHALA,RAIN,True,False,False,True,OFFICER-01,2,3,2,84,False,MODERATE,0,True,5,9,1,True,True,False
INC-2025-0679,2025-09-27T23:20:03,Puttalam,WET,High Winds/Cyclone,2,MEDIUM,403,0,Rescue Teams|Medical Kits,42,RESOLVED,CITIZEN,MOBILE_APP,ENGLISH,RAIN,False,True,False,True,OFFICER-01,0,4,2,33,False,MODERATE,0,True,9,13,5,True,False,False
INC-2025-0680,2025-11-16T09:51:56,Colombo,WET,Medical Emergency,1,LOW,35,0,Rescue Teams|Medical Kits,67,RESOLVED,CITIZEN,MOBILE_APP,SINHALA,RAIN,True,False,False,True,OFFICER-01,9,1,4,26,False,MODERATE,0,True,11,7,6,True,True,False
INC-2026-0681,2026-04-22T08:48:52,Puttalam,WET,High Winds/Cyclone,2,MEDIUM,368,5,Rescue Teams|Medical Kits,81,RESOLVED,CITIZEN,MOBILE_APP,SINHALA,RAIN,False,False,False,True,OFFICER-01,5,4,1,20,False,MODERATE,0,True,4,11,2,False,True,False
INC-2026-0682,2026-07-12T13:08:38,Colombo,WET,Building Collapse,2,MEDIUM,49,1,Rescue Teams|Medical Kits,28,RESOLVED,CITIZEN,MOBILE_APP,TAMIL,RAIN,True,True,False,True,OFFICER-01,6,3,0,20,False,MODERATE,0,True,7,0,6,True,False,False
INC-2025-0683,2025-08-23T03:44:30,Nuwara Eliya,WET,Landslide,3,HIGH,849,8,Rescue Teams|Medical Kits,24,RESOLVED,CITIZEN,MOBILE_APP,SINHALA,RAIN,False,False,False,True,OFFICER-01,8,5,5,97,False,MODERATE,0,True,8,4,5,True,False,False
INC-2025-0684,2025-01-16T15:42:04,Badulla,WET,Forest Fire,1,LOW,11,0,Rescue Teams|Medical Kits,56,RESOLVED,CITIZEN,MOBILE_APP,ENGLISH,RAIN,True,False,False,True,OFFICER-01,8,5,0,38,False,MODERATE,0,True,1,12,3,False,True,False
INC-2025-0685,2025-12-23T10:37:16,Kandy,WET,Landslide,3,HIGH,915,16,Rescue Teams|Medical Kits,63,RESOLVED,CITIZEN,MOBILE_APP,SINHALA,RAIN,True,False,False,True,OFFICER-01,7,5,3,47,False,MODERATE,0,True,12,15,1,True,False,False
INC-2025-0686,2025-12-18T06:55:49,Puttalam,WET,High Winds/Cyclone,2,MEDIUM,314,0,Rescue Teams|Medical Kits,27,RESOLVED,CITIZEN,MOBILE_APP,TAMIL,RAIN,True,False,False,True,OFFICER-01,2,1,3,75,False,MODERATE,0,True,12,9,3,True,False,False
INC-2025-0687,2025-03-07T03:48:00,Kegalle,WET,High Winds/Cyclone,2,MEDIUM,372,0,Rescue Teams|Medical Kits,58,RESOLVED,CITIZEN,MOBILE_APP,SINHALA,RAIN,False,True,False,True,OFFICER-01,0,2,5,72,False,MODERATE,0,True,3,1,4,True,False,False
INC-2025-0688,2025-01-05T07:51:55,Badulla,WET,Forest Fire,1,LOW,44,0,Rescue Teams|Medical Kits,86,RESOLVED,CITIZEN,MOBILE_APP,TAMIL,RAIN,True,False,False,True,OFFICER-01,1,0,3,89,False,MODERATE,0,True,1,20,6,False,False,False
INC-2025-0689,2025-10-19T19:17:44,Rathnapura,WET,Flood,3,HIGH,1260,0,Rescue Teams|Medical Kits,82,RESOLVED,CITIZEN,MOBILE_APP,ENGLISH,RAIN,False,False,False,True,OFFICER-01,2,5,4,53,False,MODERATE,0,True,10,1,6,True,False,False
INC-2025-0690,2025-01-08T04:35:29,Colombo,WET,Building Collapse,2,MEDIUM,57,1,Rescue Teams|Medical Kits,41,RESOLVED,CITIZEN,MOBILE_APP,TAMIL,RAIN,False,True,False,True,OFFICER-01,5,4,4,32,False,MODERATE,0,True,1,18,2,True,True,False
INC-2025-0691,2025-12-26T12:42:42,Anuradhapura,WET,Drought,2,MEDIUM,931,0,Rescue Teams|Medical Kits,37,RESOLVED,CITIZEN,MOBILE_APP,SINHALA,RAIN,False,False,False,True,OFFICER-01,7,0,0,39,False,MODERATE,0,True,12,16,4,False,False,False
INC-2025-0692,2025-06-04T18:37:04,Matara,WET,High Winds/Cyclone,2,MEDIUM,148,0,Rescue Teams|Medical Kits,16,RESOLVED,CITIZEN,MOBILE_APP,SINHALA,RAIN,False,False,False,True,OFFICER-01,4,2,3,74,False,MODERATE,0,True,6,11,2,True,False,False
INC-2025-0693,2025-10-13T06:29:54,Nuwara Eliya,WET,Landslide,1,LOW,2078,17,Rescue Teams|Medical Kits,90,RESOLVED,CITIZEN,MOBILE_APP,TAMIL,RAIN,True,False,False,True,OFFICER-01,6,2,4,98,False,MODERATE,0,True,10,8,0,True,True,False
INC-2026-0694,2026-07-27T15:37:31,Kandy,WET,Landslide,4,CRITICAL,1761,31,Rescue Teams|Medical Kits,56,RESOLVED,CITIZEN,MOBILE_APP,SINHALA,RAIN,True,True,False,True,OFFICER-01,0,1,4,56,False,MODERATE,0,True,7,19,0,False,False,True
INC-2026-0695,2026-06-01T09:33:26,Badulla,WET,Forest Fire,1,LOW,70,0,Rescue Teams|Medical Kits,55,RESOLVED,CITIZEN,MOBILE_APP,TAMIL,RAIN,False,False,False,True,OFFICER-01,1,4,1,21,False,MODERATE,0,True,6,12,0,True,False,False
INC-2026-0696,2026-07-07T12:28:54,Kandy,WET,Landslide,3,HIGH,792,0,Rescue Teams|Medical Kits,74,RESOLVED,CITIZEN,MOBILE_APP,TAMIL,RAIN,False,True,False,True,OFFICER-01,5,5,3,27,False,MODERATE,0,True,7,13,1,False,True,False
INC-2025-0697,2025-10-25T01:31:22,Matara,WET,High Winds/Cyclone,2,MEDIUM,291,0,Rescue Teams|Medical Kits,47,RESOLVED,CITIZEN,MOBILE_APP,TAMIL,RAIN,True,False,False,True,OFFICER-01,0,4,2,4,False,MODERATE,0,True,10,0,5,True,False,False
INC-2026-0698,2026-05-14T09:40:17,Kandy,WET,Landslide,3,HIGH,1480,23,Rescue Teams|Medical Kits,77,RESOLVED,CITIZEN,MOBILE_APP,SINHALA,RAIN,False,False,False,True,OFFICER-01,7,5,5,96,False,MODERATE,0,True,5,22,3,False,False,False
INC-2025-0699,2025-01-30T15:58:48,Puttalam,WET,High Winds/Cyclone,4,CRITICAL,389,6,Rescue Teams|Medical Kits,84,RESOLVED,CITIZEN,MOBILE_APP,ENGLISH,RAIN,True,False,False,True,OFFICER-01,3,5,4,94,False,MODERATE,0,True,1,3,3,True,False,True
INC-2025-0700,2025-09-16T09:19:29,Nuwara Eliya,WET,Flood,4,CRITICAL,5592,0,Rescue Teams|Medical Kits,23,RESOLVED,CITIZEN,MOBILE_APP,SINHALA,RAIN,True,False,False,True,OFFICER-01,8,1,5,34,False,MODERATE,0,True,9,21,1,False,True,True
INC-2025-0701,2025-05-15T01:13:18,Rathnapura,WET,Flood,2,MEDIUM,1908,13,Rescue Teams|Medical Kits,87,RESOLVED,CITIZEN,MOBILE_APP,TAMIL,RAIN,True,False,False,True,OFFICER-01,1,4,3,11,False,MODERATE,0,True,5,0,3,True,False,False
INC-2025-0702,2025-03-12T08:11:34,Puttalam,WET,High Winds/Cyclone,1,LOW,293,0,Rescue Teams|Medical Kits,54,RESOLVED,CITIZEN,MOBILE_APP,TAMIL,RAIN,True,False,False,True,OFFICER-01,10,1,5,96,False,MODERATE,0,True,3,11,2,False,False,False
INC-2025-0703,2025-08-30T03:53:54,Galle,WET,High Winds/Cyclone,1,LOW,63,0,Rescue Teams|Medical Kits,48,RESOLVED,CITIZEN,MOBILE_APP,TAMIL,RAIN,True,True,False,True,OFFICER-01,7,2,0,62,False,MODERATE,0,True,8,6,5,True,False,False
INC-2026-0704,2026-03-26T11:40:42,Gampaha,WET,Medical Emergency,1,LOW,33,1,Rescue Teams|Medical Kits,104,RESOLVED,CITIZEN,MOBILE_APP,ENGLISH,RAIN,True,False,False,True,OFFICER-01,5,5,5,36,False,MODERATE,0,True,3,18,3,False,True,False
INC-2025-0705,2025-09-23T18:43:09,Matara,WET,High Winds/Cyclone,1,LOW,357,0,Rescue Teams|Medical Kits,95,RESOLVED,CITIZEN,MOBILE_APP,SINHALA,RAIN,True,True,False,True,OFFICER-01,7,1,3,75,False,MODERATE,0,True,9,6,1,True,False,False
INC-2025-0706,2025-10-17T03:51:12,Colombo,WET,Medical Emergency,1,LOW,46,1,Rescue Teams|Medical Kits,27,RESOLVED,CITIZEN,MOBILE_APP,SINHALA,RAIN,True,False,False,True,OFFICER-01,5,2,1,59,False,MODERATE,0,True,10,5,4,True,True,False
INC-2026-0707,2026-08-08T03:08:17,Hambantota,WET,High Winds/Cyclone,1,LOW,52,0,Rescue Teams|Medical Kits,58,RESOLVED,CITIZEN,MOBILE_APP,ENGLISH,RAIN,False,True,False,True,OFFICER-01,10,3,2,5,False,MODERATE,0,True,8,15,5,True,False,False
INC-2026-0708,2026-08-16T18:34:32,Kegalle,WET,High Winds/Cyclone,2,MEDIUM,559,0,Rescue Teams|Medical Kits,104,RESOLVED,CITIZEN,MOBILE_APP,TAMIL,RAIN,True,False,False,True,OFFICER-01,3,4,1,16,False,MODERATE,0,True,8,5,6,True,False,False
INC-2025-0709,2025-02-11T18:54:23,Colombo,WET,Medical Emergency,2,MEDIUM,15,1,Rescue Teams|Medical Kits,38,RESOLVED,CITIZEN,MOBILE_APP,SINHALA,RAIN,True,True,False,True,OFFICER-01,3,3,0,92,False,MODERATE,0,True,2,4,1,True,True,True
INC-2025-0710,2025-04-30T17:20:21,Kegalle,WET,High Winds/Cyclone,2,MEDIUM,584,0,Rescue Teams|Medical Kits,63,RESOLVED,CITIZEN,MOBILE_APP,ENGLISH,RAIN,True,True,False,True,OFFICER-01,3,0,3,16,False,MODERATE,0,True,4,21,2,True,True,False
INC-2026-0711,2026-08-16T16:10:35,Colombo,WET,Medical Emergency,1,LOW,18,1,Rescue Teams|Medical Kits,90,RESOLVED,CITIZEN,MOBILE_APP,SINHALA,RAIN,True,False,False,True,OFFICER-01,3,4,1,98,False,MODERATE,0,True,8,12,6,False,False,False
INC-2025-0712,2025-10-14T17:07:47,Kegalle,WET,High Winds/Cyclone,3,HIGH,485,0,Rescue Teams|Medical Kits,70,RESOLVED,CITIZEN,MOBILE_APP,SINHALA,RAIN,True,False,False,True,OFFICER-01,5,3,5,23,False,MODERATE,0,True,10,20,1,False,False,False
INC-2025-0713,2025-04-28T02:08:18,Badulla,WET,Forest Fire,1,LOW,46,0,Rescue Teams|Medical Kits,74,RESOLVED,CITIZEN,MOBILE_APP,SINHALA,RAIN,True,False,False,True,OFFICER-01,5,5,5,12,False,MODERATE,0,True,4,5,0,True,True,False
INC-2025-0714,2025-01-10T11:52:51,Colombo,WET,Building Collapse,2,MEDIUM,40,1,Rescue Teams|Medical Kits,92,RESOLVED,CITIZEN,MOBILE_APP,ENGLISH,RAIN,True,True,False,True,OFFICER-01,8,2,3,91,False,MODERATE,0,True,1,1,4,True,False,False
INC-2026-0715,2026-02-20T13:34:23,Colombo,WET,Medical Emergency,1,LOW,33,1,Rescue Teams|Medical Kits,48,RESOLVED,CITIZEN,MOBILE_APP,SINHALA,RAIN,True,False,False,True,OFFICER-01,8,4,5,58,False,MODERATE,0,True,2,4,4,True,True,False
INC-2025-0716,2025-02-07T16:55:05,Badulla,WET,Forest Fire,1,LOW,69,0,Rescue Teams|Medical Kits,119,RESOLVED,CITIZEN,MOBILE_APP,SINHALA,RAIN,True,False,False,True,OFFICER-01,8,2,1,37,False,MODERATE,0,True,2,11,4,True,True,False
INC-2025-0717,2025-11-20T22:33:58,Gampaha,WET,Medical Emergency,4,CRITICAL,11,0,Rescue Teams|Medical Kits,31,RESOLVED,CITIZEN,MOBILE_APP,TAMIL,RAIN,False,True,False,True,OFFICER-01,2,5,3,55,False,MODERATE,0,True,11,17,3,True,True,False
INC-2025-0718,2025-09-26T06:28:00,Kandy,WET,Landslide,3,HIGH,1438,8,Rescue Teams|Medical Kits,33,RESOLVED,CITIZEN,MOBILE_APP,TAMIL,RAIN,True,True,False,True,OFFICER-01,10,0,3,65,False,MODERATE,0,True,9,18,4,False,False,False
INC-2025-0719,2025-09-20T08:32:24,Rathnapura,WET,Flood,3,HIGH,2899,0,Rescue Teams|Medical Kits,29,RESOLVED,CITIZEN,MOBILE_APP,SINHALA,RAIN,False,True,False,True,OFFICER-01,9,2,2,78,False,MODERATE,0,True,9,20,5,True,False,False
INC-2026-0720,2026-02-23T18:37:35,Polonnaruwa,WET,Drought,3,HIGH,1374,0,Rescue Teams|Medical Kits,79,RESOLVED,CITIZEN,MOBILE_APP,TAMIL,RAIN,True,False,False,True,OFFICER-01,0,4,3,23,False,MODERATE,0,True,2,13,0,True,False,False
INC-2025-0721,2025-07-31T19:06:45,Nuwara Eliya,WET,Landslide,2,MEDIUM,810,1,Rescue Teams|Medical Kits,43,RESOLVED,CITIZEN,MOBILE_APP,SINHALA,RAIN,True,True,False,True,OFFICER-01,9,2,5,91,False,MODERATE,0,True,7,20,3,True,True,False
INC-2026-0722,2026-04-02T15:30:51,Monaragala,WET,Forest Fire,1,LOW,63,0,Rescue Teams|Medical Kits,78,RESOLVED,CITIZEN,MOBILE_APP,SINHALA,RAIN,True,False,False,True,OFFICER-01,8,5,1,86,False,MODERATE,0,True,4,10,3,True,False,True
INC-2025-0723,2025-07-18T14:27:19,Colombo,WET,Building Collapse,2,MEDIUM,71,1,Rescue Teams|Medical Kits,18,RESOLVED,CITIZEN,MOBILE_APP,SINHALA,RAIN,True,False,False,True,OFFICER-01,9,4,1,79,False,MODERATE,0,True,7,9,4,True,False,False
INC-2026-0724,2026-03-15T18:21:29,Gampaha,WET,Medical Emergency,1,LOW,37,0,Rescue Teams|Medical Kits,30,RESOLVED,CITIZEN,MOBILE_APP,SINHALA,RAIN,True,False,False,True,OFFICER-01,6,1,1,14,False,MODERATE,0,True,3,7,6,False,True,False
INC-2025-0725,2025-05-19T17:45:48,Nuwara Eliya,WET,Landslide,3,HIGH,1125,13,Rescue Teams|Medical Kits,102,RESOLVED,CITIZEN,MOBILE_APP,TAMIL,RAIN,False,False,False,True,OFFICER-01,10,2,4,68,False,MODERATE,0,True,5,10,0,False,False,False
INC-2025-0726,2025-06-24T20:09:12,Colombo,WET,Building Collapse,2,MEDIUM,71,1,Rescue Teams|Medical Kits,37,RESOLVED,CITIZEN,MOBILE_APP,TAMIL,RAIN,True,False,False,True,OFFICER-01,1,3,4,83,False,MODERATE,0,True,6,0,1,True,False,False
INC-2025-0727,2025-11-21T21:06:36,Badulla,WET,Forest Fire,2,MEDIUM,62,1,Rescue Teams|Medical Kits,46,RESOLVED,CITIZEN,MOBILE_APP,SINHALA,RAIN,True,False,False,True,OFFICER-01,9,5,3,87,False,MODERATE,0,True,11,19,4,True,False,False
INC-2025-0728,2025-10-15T14:48:58,Rathnapura,WET,Flood,3,HIGH,1046,0,Rescue Teams|Medical Kits,75,RESOLVED,CITIZEN,MOBILE_APP,TAMIL,RAIN,True,False,False,True,OFFICER-01,3,2,1,37,False,MODERATE,0,True,10,5,2,False,False,False
INC-2025-0729,2025-01-24T23:49:36,Rathnapura,WET,Flood,1,LOW,1423,0,Rescue Teams|Medical Kits,57,RESOLVED,CITIZEN,MOBILE_APP,SINHALA,RAIN,False,False,False,True,OFFICER-01,3,3,5,8,False,MODERATE,0,True,1,5,4,False,False,False
INC-2026-0730,2026-08-05T11:04:31,Nuwara Eliya,WET,Flood,4,CRITICAL,3264,53,Rescue Teams|Medical Kits,106,RESOLVED,CITIZEN,MOBILE_APP,TAMIL,RAIN,False,False,False,True,OFFICER-01,10,4,5,3,False,MODERATE,0,True,8,13,2,False,False,True
INC-2026-0731,2026-01-09T10:54:09,Monaragala,WET,Forest Fire,1,LOW,17,0,Rescue Teams|Medical Kits,115,RESOLVED,CITIZEN,MOBILE_APP,SINHALA,RAIN,False,False,False,True,OFFICER-01,1,1,2,97,False,MODERATE,0,True,1,22,4,False,False,False
INC-2026-0732,2026-07-15T18:56:51,Puttalam,WET,High Winds/Cyclone,1,LOW,286,0,Rescue Teams|Medical Kits,77,RESOLVED,CITIZEN,MOBILE_APP,SINHALA,RAIN,True,False,False,True,OFFICER-01,4,2,2,88,False,MODERATE,0,True,7,8,2,True,True,False
INC-2025-0733,2025-09-14T19:58:18,Monaragala,WET,Forest Fire,1,LOW,67,0,Rescue Teams|Medical Kits,106,RESOLVED,CITIZEN,MOBILE_APP,ENGLISH,RAIN,True,False,False,True,OFFICER-01,4,5,1,72,False,MODERATE,0,True,9,9,6,True,False,False
INC-2026-0734,2026-01-05T03:57:05,Nuwara Eliya,WET,Landslide,4,CRITICAL,2260,19,Rescue Teams|Medical Kits,33,RESOLVED,CITIZEN,MOBILE_APP,TAMIL,RAIN,True,False,False,True,OFFICER-01,0,2,2,92,False,MODERATE,0,True,1,20,0,True,True,False
INC-2026-0735,2026-08-03T00:19:48,Polonnaruwa,WET,Drought,3,HIGH,1391,0,Rescue Teams|Medical Kits,63,RESOLVED,CITIZEN,MOBILE_APP,ENGLISH,RAIN,True,False,False,True,OFFICER-01,10,1,4,61,False,MODERATE,0,True,8,4,0,False,True,False
INC-2026-0736,2026-01-11T22:23:04,Hambantota,WET,High Winds/Cyclone,1,LOW,98,1,Rescue Teams|Medical Kits,73,RESOLVED,CITIZEN,MOBILE_APP,TAMIL,RAIN,False,False,False,True,OFFICER-01,10,0,5,100,False,MODERATE,0,True,1,23,6,True,True,False
INC-2025-0737,2025-06-27T09:08:59,Polonnaruwa,WET,Drought,3,HIGH,1259,0,Rescue Teams|Medical Kits,83,RESOLVED,CITIZEN,MOBILE_APP,SINHALA,RAIN,True,False,False,True,OFFICER-01,0,3,4,66,False,MODERATE,0,True,6,2,4,True,True,False
INC-2025-0738,2025-07-10T01:23:38,Kegalle,WET,High Winds/Cyclone,2,MEDIUM,431,0,Rescue Teams|Medical Kits,26,RESOLVED,CITIZEN,MOBILE_APP,TAMIL,RAIN,True,False,False,True,OFFICER-01,3,5,0,16,False,MODERATE,0,True,7,5,3,False,True,False
INC-2025-0739,2025-08-24T03:52:17,Polonnaruwa,WET,Drought,3,HIGH,562,0,Rescue Teams|Medical Kits,29,RESOLVED,CITIZEN,MOBILE_APP,ENGLISH,RAIN,True,False,False,True,OFFICER-01,1,3,1,12,False,MODERATE,0,True,8,1,6,False,False,True
INC-2026-0740,2026-04-10T17:00:15,Matara,WET,High Winds/Cyclone,2,MEDIUM,349,0,Rescue Teams|Medical Kits,73,RESOLVED,CITIZEN,MOBILE_APP,SINHALA,RAIN,True,False,False,True,OFFICER-01,4,3,4,34,False,MODERATE,0,True,4,20,4,False,True,False
INC-2026-0741,2026-05-06T05:04:56,Anuradhapura,WET,Drought,2,MEDIUM,861,0,Rescue Teams|Medical Kits,54,RESOLVED,CITIZEN,MOBILE_APP,TAMIL,RAIN,True,True,False,True,OFFICER-01,7,0,1,62,False,MODERATE,0,True,5,17,2,True,False,False
INC-2025-0742,2025-09-05T22:27:35,Nuwara Eliya,WET,Flood,3,HIGH,7174,42,Rescue Teams|Medical Kits,39,RESOLVED,CITIZEN,MOBILE_APP,SINHALA,RAIN,True,False,False,True,OFFICER-01,3,1,2,64,False,MODERATE,0,True,9,14,4,True,True,False
INC-2025-0743,2025-09-06T13:31:40,Nuwara Eliya,WET,Landslide,4,CRITICAL,2369,7,Rescue Teams|Medical Kits,35,RESOLVED,CITIZEN,MOBILE_APP,ENGLISH,RAIN,False,False,False,True,OFFICER-01,8,3,5,76,False,MODERATE,0,True,9,12,5,True,True,False
INC-2026-0744,2026-07-19T06:21:01,Badulla,WET,Forest Fire,1,LOW,44,0,Rescue Teams|Medical Kits,112,RESOLVED,CITIZEN,MOBILE_APP,ENGLISH,RAIN,True,False,False,True,OFFICER-01,0,3,0,52,False,MODERATE,0,True,7,23,6,True,True,False
INC-2026-0745,2026-05-17T14:26:55,Gampaha,WET,Medical Emergency,3,HIGH,18,0,Rescue Teams|Medical Kits,116,RESOLVED,CITIZEN,MOBILE_APP,ENGLISH,RAIN,True,False,False,True,OFFICER-01,5,4,4,94,False,MODERATE,0,True,5,22,6,True,False,False
INC-2025-0746,2025-06-16T23:30:53,Matara,WET,High Winds/Cyclone,2,MEDIUM,357,0,Rescue Teams|Medical Kits,114,RESOLVED,CITIZEN,MOBILE_APP,TAMIL,RAIN,True,False,False,True,OFFICER-01,6,5,5,62,False,MODERATE,0,True,6,23,0,True,True,False
INC-2025-0747,2025-08-06T14:14:12,Kegalle,WET,High Winds/Cyclone,1,LOW,600,0,Rescue Teams|Medical Kits,67,RESOLVED,CITIZEN,MOBILE_APP,SINHALA,RAIN,True,False,False,True,OFFICER-01,2,4,2,73,False,MODERATE,0,True,8,3,2,True,True,False
INC-2026-0748,2026-03-13T09:23:21,Matara,WET,High Winds/Cyclone,2,MEDIUM,145,0,Rescue Teams|Medical Kits,115,RESOLVED,CITIZEN,MOBILE_APP,TAMIL,RAIN,False,True,False,True,OFFICER-01,5,2,3,95,False,MODERATE,0,True,3,9,4,True,False,False
INC-2025-0749,2025-05-24T00:37:08,Matara,WET,High Winds/Cyclone,1,LOW,264,0,Rescue Teams|Medical Kits,67,RESOLVED,CITIZEN,MOBILE_APP,ENGLISH,RAIN,False,False,False,True,OFFICER-01,6,3,0,67,False,MODERATE,0,True,5,8,5,True,False,False
INC-2026-0750,2026-02-02T21:14:58,Kandy,WET,Flood,3,HIGH,3529,56,Rescue Teams|Medical Kits,109,RESOLVED,CITIZEN,MOBILE_APP,SINHALA,RAIN,True,False,False,True,OFFICER-01,9,0,4,99,False,MODERATE,0,True,2,17,0,False,False,False
INC-2026-0751,2026-02-18T00:46:13,Puttalam,WET,High Winds/Cyclone,2,MEDIUM,281,0,Rescue Teams|Medical Kits,50,RESOLVED,CITIZEN,MOBILE_APP,ENGLISH,RAIN,False,False,False,True,OFFICER-01,7,5,1,83,False,MODERATE,0,True,2,6,2,True,False,False
INC-2025-0752,2025-02-26T17:17:57,Colombo,WET,Medical Emergency,1,LOW,21,0,Rescue Teams|Medical Kits,94,RESOLVED,CITIZEN,MOBILE_APP,ENGLISH,RAIN,False,False,False,True,OFFICER-01,0,0,1,41,False,MODERATE,0,True,2,13,2,True,False,False
INC-2025-0753,2025-04-27T21:25:43,Badulla,WET,Forest Fire,1,LOW,43,0,Rescue Teams|Medical Kits,106,RESOLVED,CITIZEN,MOBILE_APP,TAMIL,RAIN,False,False,False,True,OFFICER-01,2,1,1,26,False,MODERATE,0,True,4,6,6,False,False,False
INC-2025-0754,2025-05-22T01:01:18,Nuwara Eliya,WET,Landslide,4,CRITICAL,1006,20,Rescue Teams|Medical Kits,41,RESOLVED,CITIZEN,MOBILE_APP,SINHALA,RAIN,True,False,False,True,OFFICER-01,4,1,3,34,False,MODERATE,0,True,5,2,3,True,True,False
INC-2025-0755,2025-06-18T17:34:08,Kegalle,WET,High Winds/Cyclone,2,MEDIUM,481,8,Rescue Teams|Medical Kits,41,RESOLVED,CITIZEN,MOBILE_APP,ENGLISH,RAIN,True,False,False,True,OFFICER-01,9,0,0,22,False,MODERATE,0,True,6,6,2,True,False,False
INC-2026-0756,2026-03-26T04:21:33,Polonnaruwa,WET,Drought,3,HIGH,1241,0,Rescue Teams|Medical Kits,26,RESOLVED,CITIZEN,MOBILE_APP,TAMIL,RAIN,False,False,False,True,OFFICER-01,5,3,2,65,False,MODERATE,0,True,3,11,3,True,False,False
INC-2025-0757,2025-12-21T22:14:07,Puttalam,WET,High Winds/Cyclone,2,MEDIUM,208,4,Rescue Teams|Medical Kits,104,RESOLVED,CITIZEN,MOBILE_APP,SINHALA,RAIN,True,False,False,True,OFFICER-01,10,5,3,60,False,MODERATE,0,True,12,2,6,False,True,False
INC-2025-0758,2025-08-02T09:04:47,Nuwara Eliya,WET,Flood,3,HIGH,5648,109,Rescue Teams|Medical Kits,109,RESOLVED,CITIZEN,MOBILE_APP,TAMIL,RAIN,False,True,False,True,OFFICER-01,4,2,4,53,False,MODERATE,0,True,8,15,5,True,False,False
INC-2025-0759,2025-11-22T15:11:03,Hambantota,WET,High Winds/Cyclone,1,LOW,72,0,Rescue Teams|Medical Kits,78,RESOLVED,CITIZEN,MOBILE_APP,SINHALA,RAIN,False,True,False,True,OFFICER-01,4,3,5,47,False,MODERATE,0,True,11,11,5,True,False,False
INC-2026-0760,2026-04-29T01:18:33,Kandy,WET,Landslide,4,CRITICAL,1157,1,Rescue Teams|Medical Kits,36,RESOLVED,CITIZEN,MOBILE_APP,SINHALA,RAIN,True,False,False,True,OFFICER-01,1,0,2,28,False,MODERATE,0,True,4,1,2,True,False,False
INC-2025-0761,2025-11-23T03:11:02,Rathnapura,WET,Flood,3,HIGH,1135,16,Rescue Teams|Medical Kits,47,RESOLVED,CITIZEN,MOBILE_APP,SINHALA,RAIN,False,True,False,True,OFFICER-01,5,5,4,46,False,MODERATE,0,True,11,19,6,True,False,False
INC-2026-0762,2026-01-07T02:38:53,Puttalam,WET,High Winds/Cyclone,3,HIGH,452,0,Rescue Teams|Medical Kits,51,RESOLVED,CITIZEN,MOBILE_APP,TAMIL,RAIN,True,True,False,True,OFFICER-01,1,1,1,32,False,MODERATE,0,True,1,4,2,True,True,False
INC-2026-0763,2026-07-22T00:45:02,Hambantota,WET,High Winds/Cyclone,2,MEDIUM,134,0,Rescue Teams|Medical Kits,99,RESOLVED,CITIZEN,MOBILE_APP,SINHALA,RAIN,False,True,False,True,OFFICER-01,9,5,0,95,False,MODERATE,0,True,7,8,2,True,False,False
INC-2026-0764,2026-05-06T19:06:04,Colombo,WET,Building Collapse,2,MEDIUM,26,1,Rescue Teams|Medical Kits,39,RESOLVED,CITIZEN,MOBILE_APP,TAMIL,RAIN,True,False,False,True,OFFICER-01,9,3,3,27,False,MODERATE,0,True,5,10,2,True,False,False
INC-2026-0765,2026-04-28T14:06:20,Monaragala,WET,Forest Fire,1,LOW,43,0,Rescue Teams|Medical Kits,85,RESOLVED,CITIZEN,MOBILE_APP,ENGLISH,RAIN,True,False,False,True,OFFICER-01,10,0,5,43,False,MODERATE,0,True,4,5,1,False,False,False
INC-2025-0766,2025-07-24T04:07:40,Polonnaruwa,WET,Drought,3,HIGH,564,0,Rescue Teams|Medical Kits,31,RESOLVED,CITIZEN,MOBILE_APP,ENGLISH,RAIN,False,True,False,True,OFFICER-01,4,3,3,70,False,MODERATE,0,True,7,14,3,True,False,True
INC-2026-0767,2026-01-28T00:43:55,Rathnapura,WET,Flood,3,HIGH,1373,0,Rescue Teams|Medical Kits,82,RESOLVED,CITIZEN,MOBILE_APP,TAMIL,RAIN,False,True,False,True,OFFICER-01,2,4,4,67,False,MODERATE,0,True,1,7,2,False,True,False
INC-2026-0768,2026-02-19T02:45:10,Kandy,WET,Flood,3,HIGH,3485,68,Rescue Teams|Medical Kits,84,RESOLVED,CITIZEN,MOBILE_APP,TAMIL,RAIN,True,False,False,True,OFFICER-01,6,1,2,6,False,MODERATE,0,True,2,19,3,True,True,False
INC-2025-0769,2025-08-19T07:05:38,Colombo,WET,Building Collapse,2,MEDIUM,69,0,Rescue Teams|Medical Kits,41,RESOLVED,CITIZEN,MOBILE_APP,TAMIL,RAIN,True,False,False,True,OFFICER-01,9,4,0,7,False,MODERATE,0,True,8,0,1,True,True,False
INC-2025-0770,2025-04-19T23:26:33,Badulla,WET,Forest Fire,1,LOW,28,0,Rescue Teams|Medical Kits,59,RESOLVED,CITIZEN,MOBILE_APP,SINHALA,RAIN,False,False,False,True,OFFICER-01,3,2,1,51,False,MODERATE,0,True,4,5,5,False,False,False
INC-2026-0771,2026-07-18T21:13:43,Puttalam,WET,High Winds/Cyclone,1,LOW,499,0,Rescue Teams|Medical Kits,91,RESOLVED,CITIZEN,MOBILE_APP,ENGLISH,RAIN,True,False,False,True,OFFICER-01,3,5,3,38,False,MODERATE,0,True,7,20,5,True,True,False
INC-2026-0772,2026-02-25T09:48:28,Puttalam,WET,High Winds/Cyclone,2,MEDIUM,432,6,Rescue Teams|Medical Kits,105,RESOLVED,CITIZEN,MOBILE_APP,TAMIL,RAIN,True,False,False,True,OFFICER-01,7,2,1,66,False,MODERATE,0,True,2,8,2,False,True,False
INC-2025-0773,2025-03-10T19:07:10,Puttalam,WET,High Winds/Cyclone,2,MEDIUM,385,0,Rescue Teams|Medical Kits,107,RESOLVED,CITIZEN,MOBILE_APP,TAMIL,RAIN,False,False,False,True,OFFICER-01,4,2,5,65,False,MODERATE,0,True,3,1,0,True,False,False
INC-2025-0774,2025-11-22T22:45:23,Colombo,WET,Medical Emergency,1,LOW,26,0,Rescue Teams|Medical Kits,114,RESOLVED,CITIZEN,MOBILE_APP,TAMIL,RAIN,True,False,False,True,OFFICER-01,7,4,4,72,False,MODERATE,0,True,11,15,5,True,False,False
INC-2026-0775,2026-04-17T04:21:44,Colombo,WET,Building Collapse,2,MEDIUM,86,0,Rescue Teams|Medical Kits,61,RESOLVED,CITIZEN,MOBILE_APP,TAMIL,RAIN,True,True,False,True,OFFICER-01,10,5,4,53,False,MODERATE,0,True,4,3,4,False,False,False
INC-2026-0776,2026-07-12T21:52:38,Colombo,WET,Building Collapse,2,MEDIUM,25,1,Rescue Teams|Medical Kits,42,RESOLVED,CITIZEN,MOBILE_APP,TAMIL,RAIN,False,False,False,True,OFFICER-01,2,0,5,42,False,MODERATE,0,True,7,20,6,False,True,False
INC-2025-0777,2025-08-16T00:26:06,Puttalam,WET,High Winds/Cyclone,2,MEDIUM,411,0,Rescue Teams|Medical Kits,115,RESOLVED,CITIZEN,MOBILE_APP,SINHALA,RAIN,True,False,False,True,OFFICER-01,5,3,5,81,False,MODERATE,0,True,8,11,5,False,True,False
INC-2026-0778,2026-08-20T23:57:00,Kandy,WET,Landslide,3,HIGH,828,11,Rescue Teams|Medical Kits,44,RESOLVED,CITIZEN,MOBILE_APP,ENGLISH,RAIN,True,False,False,True,OFFICER-01,4,0,5,11,False,MODERATE,0,True,8,2,3,True,False,False
INC-2025-0779,2025-09-01T01:19:57,Colombo,WET,Building Collapse,2,MEDIUM,99,1,Rescue Teams|Medical Kits,56,RESOLVED,CITIZEN,MOBILE_APP,SINHALA,RAIN,False,False,False,True,OFFICER-01,1,1,4,39,False,MODERATE,0,True,9,14,0,True,False,False
INC-2026-0780,2026-06-28T21:12:05,Polonnaruwa,WET,Drought,3,HIGH,1157,0,Rescue Teams|Medical Kits,99,RESOLVED,CITIZEN,MOBILE_APP,ENGLISH,RAIN,True,False,False,True,OFFICER-01,4,1,5,43,False,MODERATE,0,True,6,6,6,True,True,False
INC-2025-0781,2025-11-05T04:04:54,Gampaha,WET,Medical Emergency,1,LOW,18,0,Rescue Teams|Medical Kits,43,RESOLVED,CITIZEN,MOBILE_APP,ENGLISH,RAIN,False,False,False,True,OFFICER-01,0,1,4,19,False,MODERATE,0,True,11,9,2,False,False,False
INC-2025-0782,2025-01-21T11:22:15,Kandy,WET,Landslide,4,CRITICAL,1512,23,Rescue Teams|Medical Kits,93,RESOLVED,CITIZEN,MOBILE_APP,ENGLISH,RAIN,True,True,False,True,OFFICER-01,7,3,4,70,False,MODERATE,0,True,1,6,1,True,True,False
INC-2025-0783,2025-11-17T06:16:06,Matara,WET,High Winds/Cyclone,1,LOW,195,0,Rescue Teams|Medical Kits,117,RESOLVED,CITIZEN,MOBILE_APP,ENGLISH,RAIN,True,False,False,True,OFFICER-01,6,2,2,30,False,MODERATE,0,True,11,23,0,False,False,False
INC-2026-0784,2026-02-24T17:12:37,Colombo,WET,Medical Emergency,1,LOW,32,1,Rescue Teams|Medical Kits,79,RESOLVED,CITIZEN,MOBILE_APP,TAMIL,RAIN,True,False,False,True,OFFICER-01,7,4,2,13,False,MODERATE,0,True,2,18,1,False,False,False
INC-2026-0785,2026-07-14T07:45:12,Kegalle,WET,High Winds/Cyclone,2,MEDIUM,478,0,Rescue Teams|Medical Kits,90,RESOLVED,CITIZEN,MOBILE_APP,ENGLISH,RAIN,False,False,False,True,OFFICER-01,1,1,0,71,False,MODERATE,0,True,7,18,1,True,False,False
INC-2026-0786,2026-03-11T04:26:29,Monaragala,WET,Forest Fire,1,LOW,17,0,Rescue Teams|Medical Kits,18,RESOLVED,CITIZEN,MOBILE_APP,TAMIL,RAIN,True,True,False,True,OFFICER-01,9,3,3,90,False,MODERATE,0,True,3,23,2,False,True,False
INC-2025-0787,2025-11-04T18:33:40,Galle,WET,High Winds/Cyclone,2,MEDIUM,105,0,Rescue Teams|Medical Kits,102,RESOLVED,CITIZEN,MOBILE_APP,TAMIL,RAIN,False,True,False,True,OFFICER-01,5,0,4,6,False,MODERATE,0,True,11,16,1,False,True,False
INC-2026-0788,2026-04-02T06:49:06,Gampaha,WET,Medical Emergency,1,LOW,17,0,Rescue Teams|Medical Kits,37,RESOLVED,CITIZEN,MOBILE_APP,SINHALA,RAIN,True,False,False,True,OFFICER-01,0,5,3,93,False,MODERATE,0,True,4,6,3,True,False,False
INC-2025-0789,2025-09-15T17:00:57,Puttalam,WET,High Winds/Cyclone,2,MEDIUM,245,4,Rescue Teams|Medical Kits,54,RESOLVED,CITIZEN,MOBILE_APP,ENGLISH,RAIN,True,False,False,True,OFFICER-01,2,5,3,32,False,MODERATE,0,True,9,22,0,False,True,False
INC-2025-0790,2025-03-12T11:24:48,Anuradhapura,WET,Drought,1,LOW,877,0,Rescue Teams|Medical Kits,22,RESOLVED,CITIZEN,MOBILE_APP,TAMIL,RAIN,False,False,False,True,OFFICER-01,0,5,2,12,False,MODERATE,0,True,3,14,2,True,False,True
INC-2025-0791,2025-01-02T08:13:44,Hambantota,WET,High Winds/Cyclone,2,MEDIUM,117,2,Rescue Teams|Medical Kits,38,RESOLVED,CITIZEN,MOBILE_APP,TAMIL,RAIN,False,True,False,True,OFFICER-01,3,2,0,87,False,MODERATE,0,True,1,2,3,True,False,False
INC-2026-0792,2026-04-11T19:33:34,Galle,WET,High Winds/Cyclone,1,LOW,145,0,Rescue Teams|Medical Kits,83,RESOLVED,CITIZEN,MOBILE_APP,SINHALA,RAIN,False,False,False,True,OFFICER-01,4,2,0,44,False,MODERATE,0,True,4,4,5,False,False,False
INC-2026-0793,2026-04-04T08:22:45,Hambantota,WET,High Winds/Cyclone,1,LOW,116,0,Rescue Teams|Medical Kits,72,RESOLVED,CITIZEN,MOBILE_APP,SINHALA,RAIN,False,False,False,True,OFFICER-01,10,4,0,43,False,MODERATE,0,True,4,14,5,False,False,False
INC-2025-0794,2025-10-12T01:01:16,Kegalle,WET,High Winds/Cyclone,2,MEDIUM,372,0,Rescue Teams|Medical Kits,90,RESOLVED,CITIZEN,MOBILE_APP,SINHALA,RAIN,False,False,False,True,OFFICER-01,8,0,5,83,False,MODERATE,0,True,10,15,6,True,False,False
INC-2026-0795,2026-02-14T14:16:59,Colombo,WET,Medical Emergency,1,LOW,46,0,Rescue Teams|Medical Kits,95,RESOLVED,CITIZEN,MOBILE_APP,ENGLISH,RAIN,True,False,False,True,OFFICER-01,6,3,3,10,False,MODERATE,0,True,2,10,5,True,False,False
INC-2025-0796,2025-01-19T12:18:02,Anuradhapura,WET,Drought,3,HIGH,1506,0,Rescue Teams|Medical Kits,20,RESOLVED,CITIZEN,MOBILE_APP,SINHALA,RAIN,False,False,False,True,OFFICER-01,1,2,4,95,False,MODERATE,0,True,1,9,6,False,True,False
INC-2026-0797,2026-05-13T19:50:47,Hambantota,WET,High Winds/Cyclone,1,LOW,90,0,Rescue Teams|Medical Kits,109,RESOLVED,CITIZEN,MOBILE_APP,TAMIL,RAIN,True,False,False,True,OFFICER-01,8,1,4,47,False,MODERATE,0,True,5,17,2,True,True,False
INC-2025-0798,2025-06-16T14:26:32,Kandy,WET,Flood,2,MEDIUM,2404,12,Rescue Teams|Medical Kits,41,RESOLVED,CITIZEN,MOBILE_APP,TAMIL,RAIN,True,False,False,True,OFFICER-01,1,2,0,30,False,MODERATE,0,True,6,6,0,False,True,False
INC-2025-0799,2025-05-18T12:35:44,Colombo,WET,Medical Emergency,1,LOW,34,0,Rescue Teams|Medical Kits,102,RESOLVED,CITIZEN,MOBILE_APP,TAMIL,RAIN,False,True,False,True,OFFICER-01,10,2,1,83,False,MODERATE,0,True,5,7,6,False,True,False
INC-2025-0800,2025-11-14T20:06:15,Kandy,WET,Landslide,2,MEDIUM,1913,27,Rescue Teams|Medical Kits,31,RESOLVED,CITIZEN,MOBILE_APP,TAMIL,RAIN,True,False,False,True,OFFICER-01,3,0,5,14,False,MODERATE,0,True,11,19,4,False,False,False
INC-2025-0801,2025-05-04T10:33:17,Puttalam,WET,High Winds/Cyclone,2,MEDIUM,450,9,Rescue Teams|Medical Kits,87,RESOLVED,CITIZEN,MOBILE_APP,ENGLISH,RAIN,True,False,False,True,OFFICER-01,1,0,3,25,False,MODERATE,0,True,5,22,6,False,True,False
INC-2026-0802,2026-03-07T21:17:21,Rathnapura,WET,Flood,3,HIGH,2733,0,Rescue Teams|Medical Kits,45,RESOLVED,CITIZEN,MOBILE_APP,ENGLISH,RAIN,True,False,False,True,OFFICER-01,9,2,3,94,False,MODERATE,0,True,3,12,5,True,True,False
INC-2025-0803,2025-12-10T07:55:16,Galle,WET,High Winds/Cyclone,1,LOW,60,0,Rescue Teams|Medical Kits,47,RESOLVED,CITIZEN,MOBILE_APP,SINHALA,RAIN,True,False,False,True,OFFICER-01,5,3,1,82,False,MODERATE,0,True,12,1,2,False,False,False
INC-2025-0804,2025-10-31T22:34:54,Kandy,WET,Flood,3,HIGH,3556,38,Rescue Teams|Medical Kits,92,RESOLVED,CITIZEN,MOBILE_APP,TAMIL,RAIN,True,False,False,True,OFFICER-01,4,4,1,18,False,MODERATE,0,True,10,14,4,True,True,False
INC-2025-0805,2025-02-14T01:12:33,Colombo,WET,Medical Emergency,4,CRITICAL,17,0,Rescue Teams|Medical Kits,15,RESOLVED,CITIZEN,MOBILE_APP,ENGLISH,RAIN,True,True,False,True,OFFICER-01,0,4,0,49,False,MODERATE,0,True,2,10,4,True,False,False
INC-2025-0806,2025-06-24T09:19:12,Puttalam,WET,High Winds/Cyclone,1,LOW,218,0,Rescue Teams|Medical Kits,110,RESOLVED,CITIZEN,MOBILE_APP,SINHALA,RAIN,True,False,False,True,OFFICER-01,10,3,4,32,False,MODERATE,0,True,6,12,1,False,False,False
INC-2026-0807,2026-05-10T12:54:10,Gampaha,WET,Medical Emergency,1,LOW,39,0,Rescue Teams|Medical Kits,47,RESOLVED,CITIZEN,MOBILE_APP,SINHALA,RAIN,False,True,False,True,OFFICER-01,5,5,0,55,False,MODERATE,0,True,5,9,6,True,False,False
INC-2025-0808,2025-04-22T20:03:07,Nuwara Eliya,WET,Landslide,3,HIGH,887,8,Rescue Teams|Medical Kits,71,RESOLVED,CITIZEN,MOBILE_APP,ENGLISH,RAIN,True,False,False,True,OFFICER-01,7,2,2,41,False,MODERATE,0,True,4,12,1,True,False,False
INC-2025-0809,2025-04-14T09:26:14,Colombo,WET,Building Collapse,2,MEDIUM,87,1,Rescue Teams|Medical Kits,116,RESOLVED,CITIZEN,MOBILE_APP,ENGLISH,RAIN,True,False,False,True,OFFICER-01,5,5,2,27,False,MODERATE,0,True,4,19,0,True,False,False
INC-2025-0810,2025-04-20T18:36:35,Colombo,WET,Building Collapse,2,MEDIUM,80,1,Rescue Teams|Medical Kits,71,RESOLVED,CITIZEN,MOBILE_APP,SINHALA,RAIN,False,False,False,True,OFFICER-01,3,3,4,85,False,MODERATE,0,True,4,5,6,True,True,False
INC-2025-0811,2025-08-01T07:03:13,Hambantota,WET,High Winds/Cyclone,1,LOW,145,0,Rescue Teams|Medical Kits,31,RESOLVED,CITIZEN,MOBILE_APP,ENGLISH,RAIN,True,False,False,True,OFFICER-01,5,4,4,67,False,MODERATE,0,True,8,4,4,False,False,False
INC-2026-0812,2026-06-10T05:05:03,Kandy,WET,Flood,3,HIGH,2397,0,Rescue Teams|Medical Kits,34,RESOLVED,CITIZEN,MOBILE_APP,SINHALA,RAIN,True,False,False,True,OFFICER-01,4,0,2,79,False,MODERATE,0,True,6,2,2,False,False,False
INC-2026-0813,2026-03-30T04:16:07,Colombo,WET,Medical Emergency,1,LOW,38,1,Rescue Teams|Medical Kits,67,RESOLVED,CITIZEN,MOBILE_APP,SINHALA,RAIN,True,True,False,True,OFFICER-01,8,4,5,60,False,MODERATE,0,True,3,4,0,True,False,False
INC-2026-0814,2026-06-20T21:51:20,Kandy,WET,Landslide,4,CRITICAL,1010,0,Rescue Teams|Medical Kits,90,RESOLVED,CITIZEN,MOBILE_APP,TAMIL,RAIN,True,False,False,True,OFFICER-01,5,3,4,73,False,MODERATE,0,True,6,12,5,False,True,True
INC-2025-0815,2025-12-14T10:53:57,Hambantota,WET,High Winds/Cyclone,1,LOW,52,0,Rescue Teams|Medical Kits,65,RESOLVED,CITIZEN,MOBILE_APP,SINHALA,RAIN,True,True,False,True,OFFICER-01,1,5,1,81,False,MODERATE,0,True,12,11,6,True,False,False
INC-2025-0816,2025-08-16T01:47:20,Colombo,WET,Medical Emergency,1,LOW,15,1,Rescue Teams|Medical Kits,18,RESOLVED,CITIZEN,MOBILE_APP,ENGLISH,RAIN,True,True,False,True,OFFICER-01,5,1,0,83,False,MODERATE,0,True,8,8,5,False,False,False
INC-2026-0817,2026-06-29T02:32:38,Kegalle,WET,High Winds/Cyclone,2,MEDIUM,456,0,Rescue Teams|Medical Kits,31,RESOLVED,CITIZEN,MOBILE_APP,TAMIL,RAIN,True,True,False,True,OFFICER-01,0,5,4,2,False,MODERATE,0,True,6,21,0,True,True,False
INC-2025-0818,2025-10-23T16:13:26,Nuwara Eliya,WET,Landslide,4,CRITICAL,1208,0,Rescue Teams|Medical Kits,67,RESOLVED,CITIZEN,MOBILE_APP,TAMIL,RAIN,False,False,False,True,OFFICER-01,5,1,2,92,False,MODERATE,0,True,10,11,3,False,True,False
INC-2026-0819,2026-03-06T01:09:32,Kandy,WET,Landslide,4,CRITICAL,895,9,Rescue Teams|Medical Kits,118,RESOLVED,CITIZEN,MOBILE_APP,SINHALA,RAIN,False,False,False,True,OFFICER-01,3,0,1,47,False,MODERATE,0,True,3,10,4,False,True,False
INC-2025-0820,2025-04-30T14:52:56,Rathnapura,WET,Flood,1,LOW,2171,0,Rescue Teams|Medical Kits,73,RESOLVED,CITIZEN,MOBILE_APP,TAMIL,RAIN,False,False,False,True,OFFICER-01,5,5,0,78,False,MODERATE,0,True,4,10,2,False,True,True
INC-2025-0821,2025-02-13T15:01:04,Puttalam,WET,High Winds/Cyclone,2,MEDIUM,271,1,Rescue Teams|Medical Kits,39,RESOLVED,CITIZEN,MOBILE_APP,ENGLISH,RAIN,False,False,False,True,OFFICER-01,3,5,3,77,False,MODERATE,0,True,2,1,3,True,False,False
INC-2025-0822,2025-12-31T10:43:00,Hambantota,WET,High Winds/Cyclone,2,MEDIUM,86,0,Rescue Teams|Medical Kits,88,RESOLVED,CITIZEN,MOBILE_APP,SINHALA,RAIN,True,True,False,True,OFFICER-01,1,5,0,24,False,MODERATE,0,True,12,2,2,False,False,False
INC-2025-0823,2025-09-07T15:25:54,Hambantota,WET,High Winds/Cyclone,1,LOW,146,0,Rescue Teams|Medical Kits,59,RESOLVED,CITIZEN,MOBILE_APP,TAMIL,RAIN,False,True,False,True,OFFICER-01,3,4,0,83,False,MODERATE,0,True,9,16,6,False,False,False
INC-2025-0824,2025-08-07T14:35:31,Kandy,WET,Landslide,1,LOW,830,3,Rescue Teams|Medical Kits,101,RESOLVED,CITIZEN,MOBILE_APP,SINHALA,RAIN,False,False,False,True,OFFICER-01,5,4,2,89,False,MODERATE,0,True,8,21,3,True,False,False
INC-2026-0825,2026-03-19T02:40:41,Rathnapura,WET,Flood,3,HIGH,1537,0,Rescue Teams|Medical Kits,90,RESOLVED,CITIZEN,MOBILE_APP,SINHALA,RAIN,True,False,False,True,OFFICER-01,0,5,2,52,False,MODERATE,0,True,3,15,3,False,False,False
INC-2025-0826,2025-12-25T13:35:50,Monaragala,WET,Forest Fire,1,LOW,51,0,Rescue Teams|Medical Kits,18,RESOLVED,CITIZEN,MOBILE_APP,SINHALA,RAIN,True,False,False,True,OFFICER-01,5,3,5,19,False,MODERATE,0,True,12,14,3,False,False,False
INC-2025-0827,2025-10-12T01:19:46,Colombo,WET,Building Collapse,2,MEDIUM,21,1,Rescue Teams|Medical Kits,53,RESOLVED,CITIZEN,MOBILE_APP,TAMIL,RAIN,True,True,False,True,OFFICER-01,4,1,1,62,False,MODERATE,0,True,10,8,6,True,True,False
INC-2025-0828,2025-12-03T05:01:30,Anuradhapura,WET,Drought,3,HIGH,1391,0,Rescue Teams|Medical Kits,33,RESOLVED,CITIZEN,MOBILE_APP,SINHALA,RAIN,False,False,False,True,OFFICER-01,8,3,1,53,False,MODERATE,0,True,12,2,2,False,True,False
INC-2025-0829,2025-01-11T01:44:00,Anuradhapura,WET,Drought,3,HIGH,1130,0,Rescue Teams|Medical Kits,118,RESOLVED,CITIZEN,MOBILE_APP,TAMIL,RAIN,True,True,False,True,OFFICER-01,2,2,4,60,False,MODERATE,0,True,1,19,5,True,False,False
INC-2025-0830,2025-01-14T18:08:03,Rathnapura,WET,Flood,3,HIGH,1915,0,Rescue Teams|Medical Kits,86,RESOLVED,CITIZEN,MOBILE_APP,ENGLISH,RAIN,False,False,False,True,OFFICER-01,9,2,5,24,False,MODERATE,0,True,1,20,1,False,False,False
INC-2025-0831,2025-09-07T23:23:50,Galle,WET,High Winds/Cyclone,2,MEDIUM,196,0,Rescue Teams|Medical Kits,27,RESOLVED,CITIZEN,MOBILE_APP,ENGLISH,RAIN,True,False,False,True,OFFICER-01,2,4,2,10,False,MODERATE,0,True,9,15,6,True,True,False
INC-2026-0832,2026-01-17T07:47:37,Polonnaruwa,WET,Drought,4,CRITICAL,973,0,Rescue Teams|Medical Kits,75,RESOLVED,CITIZEN,MOBILE_APP,SINHALA,RAIN,False,True,False,True,OFFICER-01,3,5,0,41,False,MODERATE,0,True,1,6,5,False,True,False
INC-2026-0833,2026-04-28T01:48:05,Gampaha,WET,Medical Emergency,1,LOW,40,0,Rescue Teams|Medical Kits,91,RESOLVED,CITIZEN,MOBILE_APP,TAMIL,RAIN,True,False,False,True,OFFICER-01,1,2,5,7,False,MODERATE,0,True,4,17,1,False,False,False
INC-2026-0834,2026-02-11T14:47:17,Matara,WET,High Winds/Cyclone,1,LOW,358,0,Rescue Teams|Medical Kits,112,RESOLVED,CITIZEN,MOBILE_APP,ENGLISH,RAIN,True,True,False,True,OFFICER-01,1,2,3,99,False,MODERATE,0,True,2,8,2,True,False,True
INC-2025-0835,2025-12-13T22:48:49,Galle,WET,High Winds/Cyclone,2,MEDIUM,147,0,Rescue Teams|Medical Kits,90,RESOLVED,CITIZEN,MOBILE_APP,SINHALA,RAIN,True,False,False,True,OFFICER-01,5,0,0,6,False,MODERATE,0,True,12,8,5,False,True,False
INC-2026-0836,2026-03-06T04:44:48,Colombo,WET,Medical Emergency,1,LOW,40,1,Rescue Teams|Medical Kits,19,RESOLVED,CITIZEN,MOBILE_APP,TAMIL,RAIN,True,False,False,True,OFFICER-01,4,2,4,96,False,MODERATE,0,True,3,10,4,True,True,False
INC-2026-0837,2026-02-02T10:56:07,Kandy,WET,Flood,3,HIGH,2228,0,Rescue Teams|Medical Kits,111,RESOLVED,CITIZEN,MOBILE_APP,ENGLISH,RAIN,True,False,False,True,OFFICER-01,5,2,0,52,False,MODERATE,0,True,2,3,0,True,False,False
INC-2026-0838,2026-08-07T04:52:17,Colombo,WET,Medical Emergency,3,HIGH,14,1,Rescue Teams|Medical Kits,44,RESOLVED,CITIZEN,MOBILE_APP,SINHALA,RAIN,False,False,False,True,OFFICER-01,0,5,5,71,False,MODERATE,0,True,8,2,4,False,True,False
INC-2025-0839,2025-02-10T18:21:21,Nuwara Eliya,WET,Flood,3,HIGH,4847,6,Rescue Teams|Medical Kits,17,RESOLVED,CITIZEN,MOBILE_APP,TAMIL,RAIN,True,False,False,True,OFFICER-01,4,3,0,85,False,MODERATE,0,True,2,10,0,False,False,False
INC-2026-0840,2026-03-04T05:19:21,Badulla,WET,Forest Fire,1,LOW,18,1,Rescue Teams|Medical Kits,34,RESOLVED,CITIZEN,MOBILE_APP,TAMIL,RAIN,True,False,False,True,OFFICER-01,0,5,5,79,False,MODERATE,0,True,3,11,2,True,False,False
INC-2025-0841,2025-07-26T08:00:49,Nuwara Eliya,WET,Landslide,4,CRITICAL,1939,25,Rescue Teams|Medical Kits,72,RESOLVED,CITIZEN,MOBILE_APP,TAMIL,RAIN,True,False,False,True,OFFICER-01,10,5,4,98,False,MODERATE,0,True,7,8,5,False,True,False
INC-2025-0842,2025-06-08T21:50:06,Colombo,WET,Building Collapse,2,MEDIUM,43,1,Rescue Teams|Medical Kits,61,RESOLVED,CITIZEN,MOBILE_APP,ENGLISH,RAIN,False,False,False,True,OFFICER-01,0,5,5,29,False,MODERATE,0,True,6,22,6,True,False,False
INC-2025-0843,2025-06-18T09:33:28,Kandy,WET,Landslide,4,CRITICAL,1546,1,Rescue Teams|Medical Kits,111,RESOLVED,CITIZEN,MOBILE_APP,SINHALA,RAIN,False,False,False,True,OFFICER-01,7,3,4,76,False,MODERATE,0,True,6,12,2,False,True,False
INC-2026-0844,2026-06-03T02:14:03,Nuwara Eliya,WET,Landslide,3,HIGH,1308,4,Rescue Teams|Medical Kits,35,RESOLVED,CITIZEN,MOBILE_APP,SINHALA,RAIN,True,False,False,True,OFFICER-01,0,2,1,82,False,MODERATE,0,True,6,0,2,False,False,False
INC-2025-0845,2025-11-25T16:22:46,Matara,WET,High Winds/Cyclone,2,MEDIUM,290,4,Rescue Teams|Medical Kits,117,RESOLVED,CITIZEN,MOBILE_APP,SINHALA,RAIN,True,False,False,True,OFFICER-01,1,5,5,87,False,MODERATE,0,True,11,4,1,True,True,False
INC-2026-0846,2026-01-06T02:41:36,Nuwara Eliya,WET,Flood,3,HIGH,4430,12,Rescue Teams|Medical Kits,108,RESOLVED,CITIZEN,MOBILE_APP,TAMIL,RAIN,True,False,False,True,OFFICER-01,2,1,0,50,False,MODERATE,0,True,1,8,1,True,False,False
INC-2025-0847,2025-01-24T05:20:28,Colombo,WET,Building Collapse,3,HIGH,24,1,Rescue Teams|Medical Kits,49,RESOLVED,CITIZEN,MOBILE_APP,SINHALA,RAIN,False,False,False,True,OFFICER-01,10,2,1,30,False,MODERATE,0,True,1,8,4,True,True,True
INC-2025-0848,2025-01-02T12:19:27,Monaragala,WET,Forest Fire,1,LOW,15,0,Rescue Teams|Medical Kits,26,RESOLVED,CITIZEN,MOBILE_APP,TAMIL,RAIN,False,False,False,True,OFFICER-01,5,3,3,69,False,MODERATE,0,True,1,7,3,True,False,False
INC-2025-0849,2025-10-17T22:12:35,Hambantota,WET,High Winds/Cyclone,2,MEDIUM,134,0,Rescue Teams|Medical Kits,59,RESOLVED,CITIZEN,MOBILE_APP,ENGLISH,RAIN,True,False,False,True,OFFICER-01,2,5,3,86,False,MODERATE,0,True,10,13,4,True,True,False
INC-2025-0850,2025-10-07T21:00:59,Badulla,WET,Forest Fire,2,MEDIUM,65,1,Rescue Teams|Medical Kits,95,RESOLVED,CITIZEN,MOBILE_APP,SINHALA,RAIN,False,True,False,True,OFFICER-01,9,2,4,80,False,MODERATE,0,True,10,17,1,True,True,False
INC-2026-0851,2026-03-22T14:24:18,Hambantota,WET,High Winds/Cyclone,1,LOW,67,0,Rescue Teams|Medical Kits,88,RESOLVED,CITIZEN,MOBILE_APP,SINHALA,RAIN,False,False,False,True,OFFICER-01,4,4,5,21,False,MODERATE,0,True,3,3,6,False,True,False
INC-2026-0852,2026-06-16T06:53:00,Kegalle,WET,High Winds/Cyclone,2,MEDIUM,471,0,Rescue Teams|Medical Kits,110,RESOLVED,CITIZEN,MOBILE_APP,ENGLISH,RAIN,False,False,False,True,OFFICER-01,1,1,5,82,False,MODERATE,0,True,6,16,1,False,True,False
INC-2025-0853,2025-05-01T22:28:49,Monaragala,WET,Forest Fire,1,LOW,34,0,Rescue Teams|Medical Kits,53,RESOLVED,CITIZEN,MOBILE_APP,SINHALA,RAIN,False,False,False,True,OFFICER-01,8,5,0,24,False,MODERATE,0,True,5,2,3,False,False,False
INC-2025-0854,2025-01-13T14:21:45,Nuwara Eliya,WET,Flood,3,HIGH,3254,27,Rescue Teams|Medical Kits,104,RESOLVED,CITIZEN,MOBILE_APP,TAMIL,RAIN,True,False,False,True,OFFICER-01,4,2,3,47,False,MODERATE,0,True,1,3,0,False,True,False
INC-2025-0855,2025-08-24T22:59:34,Matara,WET,High Winds/Cyclone,1,LOW,319,0,Rescue Teams|Medical Kits,75,RESOLVED,CITIZEN,MOBILE_APP,ENGLISH,RAIN,True,False,False,True,OFFICER-01,8,0,3,88,False,MODERATE,0,True,8,1,6,False,False,False
INC-2026-0856,2026-06-16T22:29:42,Gampaha,WET,Medical Emergency,2,MEDIUM,41,0,Rescue Teams|Medical Kits,106,RESOLVED,CITIZEN,MOBILE_APP,TAMIL,RAIN,True,True,False,True,OFFICER-01,1,3,3,95,False,MODERATE,0,True,6,8,1,False,False,True
INC-2025-0857,2025-07-07T11:37:26,Colombo,WET,Medical Emergency,1,LOW,48,0,Rescue Teams|Medical Kits,90,RESOLVED,CITIZEN,MOBILE_APP,TAMIL,RAIN,False,True,False,True,OFFICER-01,0,4,3,8,False,MODERATE,0,True,7,6,0,True,False,False
INC-2025-0858,2025-05-21T18:25:59,Polonnaruwa,WET,Drought,2,MEDIUM,974,0,Rescue Teams|Medical Kits,72,RESOLVED,CITIZEN,MOBILE_APP,ENGLISH,RAIN,True,False,False,True,OFFICER-01,2,0,2,76,False,MODERATE,0,True,5,8,2,False,False,False
INC-2025-0859,2025-11-28T10:51:13,Colombo,WET,Medical Emergency,1,LOW,17,0,Rescue Teams|Medical Kits,113,RESOLVED,CITIZEN,MOBILE_APP,ENGLISH,RAIN,False,False,False,True,OFFICER-01,0,2,1,28,False,MODERATE,0,True,11,12,4,True,False,False
INC-2026-0860,2026-06-15T12:39:37,Colombo,WET,Medical Emergency,1,LOW,47,0,Rescue Teams|Medical Kits,92,RESOLVED,CITIZEN,MOBILE_APP,TAMIL,RAIN,True,True,False,True,OFFICER-01,0,3,3,46,False,MODERATE,0,True,6,3,0,True,False,False
INC-2025-0861,2025-01-16T22:50:55,Badulla,WET,Forest Fire,4,CRITICAL,100,0,Rescue Teams|Medical Kits,48,RESOLVED,CITIZEN,MOBILE_APP,TAMIL,RAIN,True,False,False,True,OFFICER-01,5,3,3,64,False,MODERATE,0,True,1,8,3,False,True,False
INC-2025-0862,2025-04-17T19:41:39,Kegalle,WET,High Winds/Cyclone,1,LOW,361,1,Rescue Teams|Medical Kits,99,RESOLVED,CITIZEN,MOBILE_APP,SINHALA,RAIN,True,False,False,True,OFFICER-01,9,3,0,71,False,MODERATE,0,True,4,11,3,False,False,False
INC-2025-0863,2025-06-30T09:25:19,Kandy,WET,Flood,3,HIGH,2829,9,Rescue Teams|Medical Kits,16,RESOLVED,CITIZEN,MOBILE_APP,ENGLISH,RAIN,True,False,False,True,OFFICER-01,2,2,1,61,False,MODERATE,0,True,6,0,0,True,True,False
INC-2025-0864,2025-05-27T13:00:28,Matara,WET,High Winds/Cyclone,2,MEDIUM,343,0,Rescue Teams|Medical Kits,112,RESOLVED,CITIZEN,MOBILE_APP,SINHALA,RAIN,True,True,False,True,OFFICER-01,7,4,0,72,False,MODERATE,0,True,5,2,1,True,False,False
INC-2025-0865,2025-07-11T21:40:40,Hambantota,WET,High Winds/Cyclone,2,MEDIUM,130,0,Rescue Teams|Medical Kits,65,RESOLVED,CITIZEN,MOBILE_APP,SINHALA,RAIN,False,True,False,True,OFFICER-01,3,5,5,47,False,MODERATE,0,True,7,1,4,True,True,False
INC-2025-0866,2025-12-16T09:24:28,Colombo,WET,Building Collapse,1,LOW,97,0,Rescue Teams|Medical Kits,81,RESOLVED,CITIZEN,MOBILE_APP,ENGLISH,RAIN,False,False,False,True,OFFICER-01,7,0,3,76,False,MODERATE,0,True,12,13,1,True,False,False
INC-2025-0867,2025-11-21T03:20:32,Nuwara Eliya,WET,Flood,3,HIGH,3543,19,Rescue Teams|Medical Kits,83,RESOLVED,CITIZEN,MOBILE_APP,TAMIL,RAIN,False,False,False,True,OFFICER-01,5,2,3,65,False,MODERATE,0,True,11,20,4,True,True,False
INC-2025-0868,2025-10-27T21:18:39,Anuradhapura,WET,Drought,2,MEDIUM,1909,0,Rescue Teams|Medical Kits,58,RESOLVED,CITIZEN,MOBILE_APP,TAMIL,RAIN,True,True,False,True,OFFICER-01,8,4,5,8,False,MODERATE,0,True,10,4,0,False,False,False
INC-2026-0869,2026-05-04T15:40:20,Kandy,WET,Landslide,4,CRITICAL,1049,0,Rescue Teams|Medical Kits,54,RESOLVED,CITIZEN,MOBILE_APP,SINHALA,RAIN,False,False,False,True,OFFICER-01,5,4,5,52,False,MODERATE,0,True,5,10,0,True,True,False
INC-2025-0870,2025-07-24T23:38:30,Kandy,WET,Landslide,4,CRITICAL,1724,13,Rescue Teams|Medical Kits,41,RESOLVED,CITIZEN,MOBILE_APP,ENGLISH,RAIN,False,False,False,True,OFFICER-01,9,4,1,15,False,MODERATE,0,True,7,21,3,True,False,False
INC-2026-0871,2026-05-12T00:16:49,Nuwara Eliya,WET,Landslide,4,CRITICAL,1305,26,Rescue Teams|Medical Kits,73,RESOLVED,CITIZEN,MOBILE_APP,TAMIL,RAIN,True,False,False,True,OFFICER-01,5,1,2,77,False,MODERATE,0,True,5,7,1,True,False,False
INC-2025-0872,2025-07-16T03:36:23,Rathnapura,WET,Flood,3,HIGH,1254,0,Rescue Teams|Medical Kits,89,RESOLVED,CITIZEN,MOBILE_APP,ENGLISH,RAIN,False,False,False,True,OFFICER-01,8,4,3,25,False,MODERATE,0,True,7,8,2,False,True,False
INC-2025-0873,2025-02-09T14:34:44,Kandy,WET,Landslide,3,HIGH,1375,16,Rescue Teams|Medical Kits,50,RESOLVED,CITIZEN,MOBILE_APP,SINHALA,RAIN,True,False,False,True,OFFICER-01,8,4,2,16,False,MODERATE,0,True,2,3,6,True,True,False
INC-2026-0874,2026-08-01T02:57:17,Puttalam,WET,High Winds/Cyclone,2,MEDIUM,416,0,Rescue Teams|Medical Kits,43,RESOLVED,CITIZEN,MOBILE_APP,TAMIL,RAIN,False,True,False,True,OFFICER-01,9,4,2,70,False,MODERATE,0,True,8,19,5,True,True,False
INC-2025-0875,2025-07-03T14:06:47,Gampaha,WET,Medical Emergency,2,MEDIUM,19,1,Rescue Teams|Medical Kits,93,RESOLVED,CITIZEN,MOBILE_APP,ENGLISH,RAIN,False,False,False,True,OFFICER-01,7,0,0,31,False,MODERATE,0,True,7,17,3,True,False,False
INC-2025-0876,2025-06-21T15:14:39,Badulla,WET,Forest Fire,2,MEDIUM,40,0,Rescue Teams|Medical Kits,64,RESOLVED,CITIZEN,MOBILE_APP,ENGLISH,RAIN,True,False,False,True,OFFICER-01,3,1,0,10,False,MODERATE,0,True,6,21,5,False,True,True
INC-2026-0877,2026-07-08T08:33:53,Badulla,WET,Forest Fire,1,LOW,66,0,Rescue Teams|Medical Kits,70,RESOLVED,CITIZEN,MOBILE_APP,TAMIL,RAIN,False,True,False,True,OFFICER-01,5,2,0,63,False,MODERATE,0,True,7,17,2,True,False,False
INC-2026-0878,2026-04-24T04:19:15,Polonnaruwa,WET,Drought,2,MEDIUM,897,0,Rescue Teams|Medical Kits,42,RESOLVED,CITIZEN,MOBILE_APP,ENGLISH,RAIN,False,True,False,True,OFFICER-01,5,3,2,31,False,MODERATE,0,True,4,22,4,True,False,False
INC-2025-0879,2025-06-29T08:12:13,Nuwara Eliya,WET,Landslide,3,HIGH,1577,16,Rescue Teams|Medical Kits,59,RESOLVED,CITIZEN,MOBILE_APP,ENGLISH,RAIN,True,False,False,True,OFFICER-01,6,0,3,55,False,MODERATE,0,True,6,2,6,False,False,False
INC-2025-0880,2025-11-26T10:30:07,Monaragala,WET,Forest Fire,1,LOW,21,0,Rescue Teams|Medical Kits,91,RESOLVED,CITIZEN,MOBILE_APP,TAMIL,RAIN,True,False,False,True,OFFICER-01,3,0,3,46,False,MODERATE,0,True,11,5,2,True,False,False
INC-2026-0881,2026-08-14T20:40:00,Kandy,WET,Flood,3,HIGH,2936,11,Rescue Teams|Medical Kits,50,RESOLVED,CITIZEN,MOBILE_APP,SINHALA,RAIN,True,True,False,True,OFFICER-01,3,3,2,21,False,MODERATE,0,True,8,8,4,True,True,False
INC-2025-0882,2025-02-21T20:50:56,Polonnaruwa,WET,Drought,2,MEDIUM,737,0,Rescue Teams|Medical Kits,36,RESOLVED,CITIZEN,MOBILE_APP,SINHALA,RAIN,True,False,False,True,OFFICER-01,0,1,4,91,False,MODERATE,0,True,2,23,4,True,False,False
INC-2025-0883,2025-02-22T08:05:36,Rathnapura,WET,Flood,3,HIGH,2582,51,Rescue Teams|Medical Kits,16,RESOLVED,CITIZEN,MOBILE_APP,ENGLISH,RAIN,True,False,False,True,OFFICER-01,2,2,4,2,False,MODERATE,0,True,2,5,5,False,False,False
INC-2026-0884,2026-01-27T20:44:35,Polonnaruwa,WET,Drought,3,HIGH,1416,0,Rescue Teams|Medical Kits,46,RESOLVED,CITIZEN,MOBILE_APP,ENGLISH,RAIN,False,False,False,True,OFFICER-01,2,5,0,91,False,MODERATE,0,True,1,19,1,True,True,False
INC-2025-0885,2025-05-06T21:31:07,Kegalle,WET,High Winds/Cyclone,2,MEDIUM,321,4,Rescue Teams|Medical Kits,74,RESOLVED,CITIZEN,MOBILE_APP,TAMIL,RAIN,True,False,False,True,OFFICER-01,8,2,4,73,False,MODERATE,0,True,5,12,1,True,False,False
INC-2026-0886,2026-08-07T19:25:20,Colombo,WET,Building Collapse,3,HIGH,52,1,Rescue Teams|Medical Kits,63,RESOLVED,CITIZEN,MOBILE_APP,ENGLISH,RAIN,False,True,False,True,OFFICER-01,4,2,0,40,False,MODERATE,0,True,8,11,4,True,True,True
INC-2025-0887,2025-06-04T08:05:22,Anuradhapura,WET,Drought,2,MEDIUM,532,0,Rescue Teams|Medical Kits,33,RESOLVED,CITIZEN,MOBILE_APP,SINHALA,RAIN,True,False,False,True,OFFICER-01,3,3,2,62,False,MODERATE,0,True,6,23,2,False,False,False
INC-2025-0888,2025-12-29T05:22:34,Colombo,WET,Building Collapse,3,HIGH,79,1,Rescue Teams|Medical Kits,64,RESOLVED,CITIZEN,MOBILE_APP,TAMIL,RAIN,False,True,False,True,OFFICER-01,6,0,4,37,False,MODERATE,0,True,12,20,0,False,True,False
INC-2026-0889,2026-02-03T02:50:20,Gampaha,WET,Medical Emergency,4,CRITICAL,45,0,Rescue Teams|Medical Kits,33,RESOLVED,CITIZEN,MOBILE_APP,TAMIL,RAIN,True,False,False,True,OFFICER-01,8,2,0,3,False,MODERATE,0,True,2,6,1,False,False,False
INC-2025-0890,2025-06-19T20:44:52,Polonnaruwa,WET,Drought,3,HIGH,1145,0,Rescue Teams|Medical Kits,89,RESOLVED,CITIZEN,MOBILE_APP,SINHALA,RAIN,True,False,False,True,OFFICER-01,7,3,3,97,False,MODERATE,0,True,6,19,3,True,False,False
INC-2025-0891,2025-01-29T01:59:42,Polonnaruwa,WET,Drought,3,HIGH,1182,0,Rescue Teams|Medical Kits,96,RESOLVED,CITIZEN,MOBILE_APP,ENGLISH,RAIN,True,False,False,True,OFFICER-01,2,1,1,11,False,MODERATE,0,True,1,12,2,True,True,False
INC-2025-0892,2025-08-03T04:32:08,Colombo,WET,Building Collapse,2,MEDIUM,70,1,Rescue Teams|Medical Kits,41,RESOLVED,CITIZEN,MOBILE_APP,SINHALA,RAIN,True,False,False,True,OFFICER-01,1,1,0,33,False,MODERATE,0,True,8,4,6,True,False,False
INC-2025-0893,2025-02-21T07:59:22,Anuradhapura,WET,Drought,3,HIGH,948,0,Rescue Teams|Medical Kits,62,RESOLVED,CITIZEN,MOBILE_APP,ENGLISH,RAIN,False,False,False,True,OFFICER-01,4,4,4,70,False,MODERATE,0,True,2,14,4,False,False,True
INC-2026-0894,2026-05-06T12:28:13,Colombo,WET,Medical Emergency,1,LOW,30,0,Rescue Teams|Medical Kits,70,RESOLVED,CITIZEN,MOBILE_APP,ENGLISH,RAIN,False,True,False,True,OFFICER-01,4,2,4,38,False,MODERATE,0,True,5,19,2,False,False,False
INC-2026-0895,2026-07-17T13:29:52,Anuradhapura,WET,Drought,3,HIGH,1328,0,Rescue Teams|Medical Kits,46,RESOLVED,CITIZEN,MOBILE_APP,ENGLISH,RAIN,True,False,False,True,OFFICER-01,2,0,5,69,False,MODERATE,0,True,7,17,4,False,True,False
INC-2025-0896,2025-10-09T22:40:41,Polonnaruwa,WET,Drought,2,MEDIUM,922,0,Rescue Teams|Medical Kits,22,RESOLVED,CITIZEN,MOBILE_APP,ENGLISH,RAIN,False,False,False,True,OFFICER-01,6,3,1,53,False,MODERATE,0,True,10,15,3,True,True,False
INC-2025-0897,2025-01-24T18:20:30,Anuradhapura,WET,Drought,3,HIGH,1183,0,Rescue Teams|Medical Kits,51,RESOLVED,CITIZEN,MOBILE_APP,SINHALA,RAIN,True,False,False,True,OFFICER-01,9,1,2,20,False,MODERATE,0,True,1,12,4,True,False,False
INC-2026-0898,2026-04-06T22:38:09,Colombo,WET,Medical Emergency,1,LOW,34,0,Rescue Teams|Medical Kits,118,RESOLVED,CITIZEN,MOBILE_APP,TAMIL,RAIN,True,True,False,True,OFFICER-01,10,1,0,0,False,MODERATE,0,True,4,13,0,True,False,False
INC-2025-0899,2025-05-18T22:12:07,Anuradhapura,WET,Drought,2,MEDIUM,566,0,Rescue Teams|Medical Kits,54,RESOLVED,CITIZEN,MOBILE_APP,ENGLISH,RAIN,False,True,False,True,OFFICER-01,1,0,4,10,False,MODERATE,0,True,5,11,6,True,False,False
INC-2026-0900,2026-04-23T04:33:46,Kandy,WET,Flood,3,HIGH,2000,0,Rescue Teams|Medical Kits,93,RESOLVED,CITIZEN,MOBILE_APP,ENGLISH,RAIN,True,False,False,True,OFFICER-01,2,0,3,77,False,MODERATE,0,True,4,8,3,False,False,False
INC-2025-0901,2025-05-03T06:02:15,Kandy,WET,Landslide,4,CRITICAL,1817,0,Rescue Teams|Medical Kits,60,RESOLVED,CITIZEN,MOBILE_APP,TAMIL,RAIN,False,False,False,True,OFFICER-01,4,2,5,90,False,MODERATE,0,True,5,10,5,False,False,True
INC-2025-0902,2025-11-21T15:31:04,Colombo,WET,Building Collapse,3,HIGH,50,1,Rescue Teams|Medical Kits,31,RESOLVED,CITIZEN,MOBILE_APP,SINHALA,RAIN,True,False,False,True,OFFICER-01,1,2,2,88,False,MODERATE,0,True,11,2,4,True,True,False
INC-2026-0903,2026-03-26T22:22:52,Colombo,WET,Medical Emergency,1,LOW,25,0,Rescue Teams|Medical Kits,75,RESOLVED,CITIZEN,MOBILE_APP,TAMIL,RAIN,False,False,False,True,OFFICER-01,0,2,1,50,False,MODERATE,0,True,3,17,3,True,False,False
INC-2025-0904,2025-09-26T00:51:45,Matara,WET,High Winds/Cyclone,1,LOW,133,2,Rescue Teams|Medical Kits,110,RESOLVED,CITIZEN,MOBILE_APP,TAMIL,RAIN,False,False,False,True,OFFICER-01,6,5,2,96,False,MODERATE,0,True,9,22,4,False,False,False
INC-2025-0905,2025-01-06T18:40:02,Hambantota,WET,High Winds/Cyclone,2,MEDIUM,150,0,Rescue Teams|Medical Kits,50,RESOLVED,CITIZEN,MOBILE_APP,SINHALA,RAIN,False,True,False,True,OFFICER-01,2,3,0,98,False,MODERATE,0,True,1,1,0,True,False,False
INC-2026-0906,2026-05-06T12:43:15,Nuwara Eliya,WET,Flood,3,HIGH,5955,103,Rescue Teams|Medical Kits,109,RESOLVED,CITIZEN,MOBILE_APP,TAMIL,RAIN,True,True,False,True,OFFICER-01,8,2,4,50,False,MODERATE,0,True,5,16,2,True,False,False
INC-2026-0907,2026-04-04T15:29:25,Polonnaruwa,WET,Drought,3,HIGH,1127,0,Rescue Teams|Medical Kits,73,RESOLVED,CITIZEN,MOBILE_APP,SINHALA,RAIN,True,True,False,True,OFFICER-01,4,2,0,52,False,MODERATE,0,True,4,23,5,False,False,True
INC-2026-0908,2026-01-04T13:38:54,Rathnapura,WET,Flood,3,HIGH,2698,0,Rescue Teams|Medical Kits,98,RESOLVED,CITIZEN,MOBILE_APP,SINHALA,RAIN,False,True,False,True,OFFICER-01,3,5,4,32,False,MODERATE,0,True,1,10,6,False,False,False
INC-2025-0909,2025-07-26T02:46:45,Colombo,WET,Building Collapse,3,HIGH,20,1,Rescue Teams|Medical Kits,84,RESOLVED,CITIZEN,MOBILE_APP,ENGLISH,RAIN,False,True,False,True,OFFICER-01,0,4,5,98,False,MODERATE,0,True,7,2,5,True,True,True
INC-2026-0910,2026-08-21T05:21:03,Nuwara Eliya,WET,Landslide,4,CRITICAL,2029,32,Rescue Teams|Medical Kits,107,RESOLVED,CITIZEN,MOBILE_APP,ENGLISH,RAIN,False,False,False,True,OFFICER-01,2,4,5,25,False,MODERATE,0,True,8,3,4,True,False,False
INC-2026-0911,2026-06-17T02:53:31,Nuwara Eliya,WET,Flood,3,HIGH,6518,63,Rescue Teams|Medical Kits,35,RESOLVED,CITIZEN,MOBILE_APP,ENGLISH,RAIN,True,True,False,True,OFFICER-01,3,5,1,46,False,MODERATE,0,True,6,8,2,True,True,False
INC-2026-0912,2026-08-18T06:21:41,Puttalam,WET,High Winds/Cyclone,2,MEDIUM,347,0,Rescue Teams|Medical Kits,114,RESOLVED,CITIZEN,MOBILE_APP,ENGLISH,RAIN,False,True,False,True,OFFICER-01,2,0,3,43,False,MODERATE,0,True,8,3,1,True,True,False
INC-2026-0913,2026-01-24T17:18:28,Puttalam,WET,High Winds/Cyclone,1,LOW,473,0,Rescue Teams|Medical Kits,47,RESOLVED,CITIZEN,MOBILE_APP,TAMIL,RAIN,True,False,False,True,OFFICER-01,0,4,0,8,False,MODERATE,0,True,1,2,5,False,False,False
INC-2025-0914,2025-04-24T06:09:00,Hambantota,WET,High Winds/Cyclone,1,LOW,93,0,Rescue Teams|Medical Kits,111,RESOLVED,CITIZEN,MOBILE_APP,ENGLISH,RAIN,True,False,False,True,OFFICER-01,1,4,3,27,False,MODERATE,0,True,4,20,3,True,False,False
INC-2025-0915,2025-05-28T16:32:06,Hambantota,WET,High Winds/Cyclone,2,MEDIUM,129,0,Rescue Teams|Medical Kits,86,RESOLVED,CITIZEN,MOBILE_APP,ENGLISH,RAIN,False,False,False,True,OFFICER-01,6,2,5,47,False,MODERATE,0,True,5,7,2,False,True,False
INC-2025-0916,2025-02-02T14:16:38,Matara,WET,High Winds/Cyclone,2,MEDIUM,118,0,Rescue Teams|Medical Kits,74,RESOLVED,CITIZEN,MOBILE_APP,SINHALA,RAIN,True,False,False,True,OFFICER-01,2,0,4,66,False,MODERATE,0,True,2,10,6,True,False,False
INC-2026-0917,2026-04-06T12:11:12,Puttalam,WET,High Winds/Cyclone,2,MEDIUM,269,0,Rescue Teams|Medical Kits,83,RESOLVED,CITIZEN,MOBILE_APP,ENGLISH,RAIN,False,False,False,True,OFFICER-01,4,0,0,7,False,MODERATE,0,True,4,1,0,True,False,False
INC-2026-0918,2026-06-01T09:12:40,Nuwara Eliya,WET,Landslide,4,CRITICAL,1080,13,Rescue Teams|Medical Kits,67,RESOLVED,CITIZEN,MOBILE_APP,SINHALA,RAIN,True,False,False,True,OFFICER-01,0,2,2,23,False,MODERATE,0,True,6,16,0,True,False,False
INC-2025-0919,2025-04-17T17:46:57,Rathnapura,WET,Flood,3,HIGH,2907,0,Rescue Teams|Medical Kits,89,RESOLVED,CITIZEN,MOBILE_APP,SINHALA,RAIN,True,True,False,True,OFFICER-01,3,0,2,39,False,MODERATE,0,True,4,10,3,True,True,False
INC-2026-0920,2026-07-08T15:48:49,Rathnapura,WET,Flood,2,MEDIUM,2124,0,Rescue Teams|Medical Kits,26,RESOLVED,CITIZEN,MOBILE_APP,TAMIL,RAIN,False,False,False,True,OFFICER-01,5,2,5,6,False,MODERATE,0,True,7,3,2,True,False,False
INC-2025-0921,2025-02-23T09:32:50,Galle,WET,High Winds/Cyclone,2,MEDIUM,74,0,Rescue Teams|Medical Kits,116,RESOLVED,CITIZEN,MOBILE_APP,SINHALA,RAIN,True,True,False,True,OFFICER-01,1,2,1,23,False,MODERATE,0,True,2,11,6,True,False,False
INC-2026-0922,2026-05-05T23:41:20,Puttalam,WET,High Winds/Cyclone,1,LOW,208,0,Rescue Teams|Medical Kits,49,RESOLVED,CITIZEN,MOBILE_APP,TAMIL,RAIN,True,False,False,True,OFFICER-01,3,3,4,30,False,MODERATE,0,True,5,21,1,True,False,False
INC-2025-0923,2025-11-30T18:37:10,Kandy,WET,Flood,3,HIGH,2864,0,Rescue Teams|Medical Kits,30,RESOLVED,CITIZEN,MOBILE_APP,TAMIL,RAIN,False,True,False,True,OFFICER-01,6,2,5,77,False,MODERATE,0,True,11,13,6,True,True,False
INC-2025-0924,2025-01-02T03:04:44,Anuradhapura,WET,Drought,2,MEDIUM,734,0,Rescue Teams|Medical Kits,106,RESOLVED,CITIZEN,MOBILE_APP,SINHALA,RAIN,True,False,False,True,OFFICER-01,3,1,5,5,False,MODERATE,0,True,1,20,3,True,True,False
INC-2026-0925,2026-06-16T07:57:17,Rathnapura,WET,Flood,3,HIGH,1808,14,Rescue Teams|Medical Kits,33,RESOLVED,CITIZEN,MOBILE_APP,SINHALA,RAIN,True,True,False,True,OFFICER-01,10,0,2,41,False,MODERATE,0,True,6,22,1,True,False,False
INC-2025-0926,2025-10-22T03:56:20,Badulla,WET,Forest Fire,1,LOW,94,0,Rescue Teams|Medical Kits,46,RESOLVED,CITIZEN,MOBILE_APP,ENGLISH,RAIN,True,False,False,True,OFFICER-01,7,2,3,6,False,MODERATE,0,True,10,11,2,True,False,False
INC-2025-0927,2025-01-03T08:59:38,Kandy,WET,Landslide,3,HIGH,1387,2,Rescue Teams|Medical Kits,69,RESOLVED,CITIZEN,MOBILE_APP,SINHALA,RAIN,False,True,False,True,OFFICER-01,7,4,0,75,False,MODERATE,0,True,1,3,4,False,False,False
INC-2025-0928,2025-09-28T04:15:47,Monaragala,WET,Forest Fire,1,LOW,48,0,Rescue Teams|Medical Kits,32,RESOLVED,CITIZEN,MOBILE_APP,SINHALA,RAIN,True,False,False,True,OFFICER-01,3,5,3,49,False,MODERATE,0,True,9,12,6,False,True,False
INC-2026-0929,2026-03-05T13:18:04,Kegalle,WET,High Winds/Cyclone,2,MEDIUM,560,0,Rescue Teams|Medical Kits,66,RESOLVED,CITIZEN,MOBILE_APP,SINHALA,RAIN,False,False,False,True,OFFICER-01,1,4,0,30,False,MODERATE,0,True,3,8,3,False,False,False
INC-2025-0930,2025-07-15T19:27:41,Nuwara Eliya,WET,Landslide,4,CRITICAL,2458,43,Rescue Teams|Medical Kits,56,RESOLVED,CITIZEN,MOBILE_APP,TAMIL,RAIN,False,False,False,True,OFFICER-01,8,3,4,43,False,MODERATE,0,True,7,5,1,False,False,False
INC-2026-0931,2026-01-09T14:50:55,Nuwara Eliya,WET,Flood,3,HIGH,4584,40,Rescue Teams|Medical Kits,87,RESOLVED,CITIZEN,MOBILE_APP,TAMIL,RAIN,False,False,False,True,OFFICER-01,5,0,3,60,False,MODERATE,0,True,1,6,4,True,False,False
INC-2025-0932,2025-07-10T04:58:11,Matara,WET,High Winds/Cyclone,2,MEDIUM,266,3,Rescue Teams|Medical Kits,32,RESOLVED,CITIZEN,MOBILE_APP,SINHALA,RAIN,False,True,False,True,OFFICER-01,6,0,1,59,False,MODERATE,0,True,7,13,3,False,False,False
INC-2026-0933,2026-02-20T12:45:47,Badulla,WET,Forest Fire,1,LOW,19,1,Rescue Teams|Medical Kits,50,RESOLVED,CITIZEN,MOBILE_APP,TAMIL,RAIN,True,False,False,True,OFFICER-01,9,3,1,11,False,MODERATE,0,True,2,1,4,True,True,False
INC-2025-0934,2025-07-03T20:35:06,Colombo,WET,Medical Emergency,1,LOW,49,1,Rescue Teams|Medical Kits,111,RESOLVED,CITIZEN,MOBILE_APP,TAMIL,RAIN,True,True,False,True,OFFICER-01,0,3,1,52,False,MODERATE,0,True,7,1,3,True,False,False
INC-2025-0935,2025-03-19T17:52:44,Colombo,WET,Medical Emergency,1,LOW,15,0,Rescue Teams|Medical Kits,109,RESOLVED,CITIZEN,MOBILE_APP,SINHALA,RAIN,False,False,False,True,OFFICER-01,10,4,0,85,False,MODERATE,0,True,3,11,2,True,True,False
INC-2025-0936,2025-05-30T13:17:31,Kandy,WET,Landslide,3,HIGH,852,0,Rescue Teams|Medical Kits,94,RESOLVED,CITIZEN,MOBILE_APP,SINHALA,RAIN,True,True,False,True,OFFICER-01,0,0,5,92,False,MODERATE,0,True,5,4,4,False,True,False
INC-2025-0937,2025-10-12T18:42:35,Matara,WET,High Winds/Cyclone,1,LOW,253,0,Rescue Teams|Medical Kits,102,RESOLVED,CITIZEN,MOBILE_APP,ENGLISH,RAIN,True,False,False,True,OFFICER-01,1,0,1,27,False,MODERATE,0,True,10,12,6,False,False,False
INC-2025-0938,2025-04-30T09:54:56,Rathnapura,WET,Flood,3,HIGH,1850,15,Rescue Teams|Medical Kits,89,RESOLVED,CITIZEN,MOBILE_APP,ENGLISH,RAIN,True,False,False,True,OFFICER-01,7,1,4,68,False,MODERATE,0,True,4,21,2,True,False,False
INC-2025-0939,2025-12-15T19:03:30,Matara,WET,High Winds/Cyclone,2,MEDIUM,317,0,Rescue Teams|Medical Kits,52,RESOLVED,CITIZEN,MOBILE_APP,ENGLISH,RAIN,False,False,False,True,OFFICER-01,8,3,0,74,False,MODERATE,0,True,12,23,0,True,True,False
INC-2026-0940,2026-06-24T10:44:48,Puttalam,WET,High Winds/Cyclone,2,MEDIUM,264,0,Rescue Teams|Medical Kits,83,RESOLVED,CITIZEN,MOBILE_APP,SINHALA,RAIN,False,True,False,True,OFFICER-01,2,1,0,65,False,MODERATE,0,True,6,22,2,True,True,False
INC-2025-0941,2025-07-07T13:47:17,Rathnapura,WET,Flood,3,HIGH,2103,0,Rescue Teams|Medical Kits,32,RESOLVED,CITIZEN,MOBILE_APP,SINHALA,RAIN,True,False,False,True,OFFICER-01,10,0,4,18,False,MODERATE,0,True,7,5,0,True,True,False
INC-2025-0942,2025-02-25T11:38:57,Monaragala,WET,Forest Fire,4,CRITICAL,64,0,Rescue Teams|Medical Kits,114,RESOLVED,CITIZEN,MOBILE_APP,SINHALA,RAIN,False,False,False,True,OFFICER-01,10,5,0,92,False,MODERATE,0,True,2,8,1,False,True,False
INC-2025-0943,2025-03-06T23:02:49,Nuwara Eliya,WET,Flood,3,HIGH,5641,96,Rescue Teams|Medical Kits,22,RESOLVED,CITIZEN,MOBILE_APP,TAMIL,RAIN,True,False,False,True,OFFICER-01,9,0,5,19,False,MODERATE,0,True,3,3,3,True,True,False
INC-2025-0944,2025-08-31T23:50:07,Gampaha,WET,Medical Emergency,1,LOW,34,0,Rescue Teams|Medical Kits,88,RESOLVED,CITIZEN,MOBILE_APP,TAMIL,RAIN,True,False,False,True,OFFICER-01,7,2,3,66,False,MODERATE,0,True,8,5,6,True,True,False
INC-2025-0945,2025-04-27T22:57:48,Rathnapura,WET,Flood,3,HIGH,1359,0,Rescue Teams|Medical Kits,15,RESOLVED,CITIZEN,MOBILE_APP,TAMIL,RAIN,True,True,False,True,OFFICER-01,4,1,3,44,False,MODERATE,0,True,4,16,6,False,True,False
INC-2025-0946,2025-03-10T21:16:28,Colombo,WET,Medical Emergency,1,LOW,33,0,Rescue Teams|Medical Kits,56,RESOLVED,CITIZEN,MOBILE_APP,ENGLISH,RAIN,True,True,False,True,OFFICER-01,10,0,2,39,False,MODERATE,0,True,3,13,0,True,True,False
INC-2026-0947,2026-03-25T00:48:03,Hambantota,WET,High Winds/Cyclone,1,LOW,98,0,Rescue Teams|Medical Kits,94,RESOLVED,CITIZEN,MOBILE_APP,ENGLISH,RAIN,True,False,False,True,OFFICER-01,0,4,5,67,False,MODERATE,0,True,3,7,2,True,False,False
INC-2025-0948,2025-04-08T16:27:39,Hambantota,WET,High Winds/Cyclone,1,LOW,58,1,Rescue Teams|Medical Kits,108,RESOLVED,CITIZEN,MOBILE_APP,ENGLISH,RAIN,False,False,False,True,OFFICER-01,10,1,4,60,False,MODERATE,0,True,4,17,1,False,True,False
INC-2025-0949,2025-07-13T09:58:56,Anuradhapura,WET,Drought,3,HIGH,1556,0,Rescue Teams|Medical Kits,94,RESOLVED,CITIZEN,MOBILE_APP,TAMIL,RAIN,True,True,False,True,OFFICER-01,4,5,1,66,False,MODERATE,0,True,7,7,6,True,False,False
INC-2025-0950,2025-11-13T14:58:58,Nuwara Eliya,WET,Landslide,4,CRITICAL,1409,8,Rescue Teams|Medical Kits,74,RESOLVED,CITIZEN,MOBILE_APP,SINHALA,RAIN,True,False,False,True,OFFICER-01,6,2,5,49,False,MODERATE,0,True,11,6,3,True,False,False
INC-2025-0951,2025-10-03T11:38:28,Hambantota,WET,High Winds/Cyclone,2,MEDIUM,146,0,Rescue Teams|Medical Kits,52,RESOLVED,CITIZEN,MOBILE_APP,SINHALA,RAIN,False,False,False,True,OFFICER-01,0,5,0,60,False,MODERATE,0,True,10,23,4,False,True,False
INC-2025-0952,2025-08-28T00:29:35,Colombo,WET,Building Collapse,2,MEDIUM,72,1,Rescue Teams|Medical Kits,81,RESOLVED,CITIZEN,MOBILE_APP,SINHALA,RAIN,True,True,False,True,OFFICER-01,4,2,5,17,False,MODERATE,0,True,8,23,3,True,False,False
INC-2026-0953,2026-04-19T20:59:58,Monaragala,WET,Forest Fire,1,LOW,17,0,Rescue Teams|Medical Kits,112,RESOLVED,CITIZEN,MOBILE_APP,ENGLISH,RAIN,True,False,False,True,OFFICER-01,3,4,2,75,False,MODERATE,0,True,4,9,6,True,False,False
INC-2026-0954,2026-07-05T14:26:41,Colombo,WET,Medical Emergency,1,LOW,17,1,Rescue Teams|Medical Kits,84,RESOLVED,CITIZEN,MOBILE_APP,SINHALA,RAIN,True,False,False,True,OFFICER-01,9,1,1,75,False,MODERATE,0,True,7,14,6,False,True,False
INC-2026-0955,2026-05-06T00:20:10,Rathnapura,WET,Flood,3,HIGH,2390,14,Rescue Teams|Medical Kits,93,RESOLVED,CITIZEN,MOBILE_APP,TAMIL,RAIN,False,False,False,True,OFFICER-01,7,2,3,12,False,MODERATE,0,True,5,1,2,False,True,False
INC-2026-0956,2026-01-24T21:25:01,Monaragala,WET,Forest Fire,4,CRITICAL,62,0,Rescue Teams|Medical Kits,57,RESOLVED,CITIZEN,MOBILE_APP,ENGLISH,RAIN,False,False,False,True,OFFICER-01,1,4,1,76,False,MODERATE,0,True,1,6,5,True,True,False
INC-2025-0957,2025-01-11T04:34:41,Polonnaruwa,WET,Drought,2,MEDIUM,750,0,Rescue Teams|Medical Kits,15,RESOLVED,CITIZEN,MOBILE_APP,TAMIL,RAIN,True,False,False,True,OFFICER-01,10,1,3,47,False,MODERATE,0,True,1,19,5,False,False,False
INC-2025-0958,2025-04-15T00:34:01,Gampaha,WET,Medical Emergency,1,LOW,13,1,Rescue Teams|Medical Kits,76,RESOLVED,CITIZEN,MOBILE_APP,ENGLISH,RAIN,True,True,False,True,OFFICER-01,0,4,1,96,False,MODERATE,0,True,4,3,1,False,False,False
INC-2025-0959,2025-06-01T05:34:53,Badulla,WET,Forest Fire,3,HIGH,31,0,Rescue Teams|Medical Kits,19,RESOLVED,CITIZEN,MOBILE_APP,TAMIL,RAIN,True,False,False,True,OFFICER-01,4,1,4,68,False,MODERATE,0,True,6,14,6,False,False,True
INC-2026-0960,2026-08-04T07:47:53,Badulla,WET,Forest Fire,1,LOW,15,0,Rescue Teams|Medical Kits,81,RESOLVED,CITIZEN,MOBILE_APP,TAMIL,RAIN,True,False,False,True,OFFICER-01,1,0,5,16,False,MODERATE,0,True,8,12,1,False,True,False
INC-2025-0961,2025-01-14T22:57:47,Badulla,WET,Forest Fire,1,LOW,15,0,Rescue Teams|Medical Kits,18,RESOLVED,CITIZEN,MOBILE_APP,ENGLISH,RAIN,False,True,False,True,OFFICER-01,2,5,3,9,False,MODERATE,0,True,1,12,1,True,False,False
INC-2026-0962,2026-08-02T18:48:48,Colombo,WET,Medical Emergency,2,MEDIUM,23,1,Rescue Teams|Medical Kits,77,RESOLVED,CITIZEN,MOBILE_APP,TAMIL,RAIN,True,True,False,True,OFFICER-01,7,3,4,82,False,MODERATE,0,True,8,13,6,True,True,True
INC-2026-0963,2026-04-28T11:36:34,Galle,WET,High Winds/Cyclone,2,MEDIUM,103,0,Rescue Teams|Medical Kits,72,RESOLVED,CITIZEN,MOBILE_APP,SINHALA,RAIN,False,True,False,True,OFFICER-01,5,2,1,61,False,MODERATE,0,True,4,9,1,True,False,False
INC-2025-0964,2025-04-17T00:27:22,Polonnaruwa,WET,Drought,4,CRITICAL,917,0,Rescue Teams|Medical Kits,79,RESOLVED,CITIZEN,MOBILE_APP,ENGLISH,RAIN,True,False,False,True,OFFICER-01,9,4,5,8,False,MODERATE,0,True,4,21,3,True,False,True
INC-2025-0965,2025-08-10T23:02:05,Nuwara Eliya,WET,Landslide,3,HIGH,1975,2,Rescue Teams|Medical Kits,113,RESOLVED,CITIZEN,MOBILE_APP,TAMIL,RAIN,False,False,False,True,OFFICER-01,9,3,5,37,False,MODERATE,0,True,8,19,6,False,False,False
INC-2025-0966,2025-03-11T15:17:03,Monaragala,WET,Forest Fire,1,LOW,76,0,Rescue Teams|Medical Kits,113,RESOLVED,CITIZEN,MOBILE_APP,TAMIL,RAIN,True,False,False,True,OFFICER-01,4,4,4,24,False,MODERATE,0,True,3,7,1,True,True,False
INC-2025-0967,2025-05-28T20:51:39,Hambantota,WET,High Winds/Cyclone,1,LOW,63,0,Rescue Teams|Medical Kits,67,RESOLVED,CITIZEN,MOBILE_APP,TAMIL,RAIN,True,False,False,True,OFFICER-01,0,4,3,19,False,MODERATE,0,True,5,13,2,False,True,False
INC-2026-0968,2026-05-13T06:55:43,Colombo,WET,Building Collapse,2,MEDIUM,35,1,Rescue Teams|Medical Kits,43,RESOLVED,CITIZEN,MOBILE_APP,ENGLISH,RAIN,False,False,False,True,OFFICER-01,10,5,4,46,False,MODERATE,0,True,5,17,2,False,True,False
INC-2026-0969,2026-02-09T01:23:23,Kegalle,WET,High Winds/Cyclone,2,MEDIUM,370,0,Rescue Teams|Medical Kits,30,RESOLVED,CITIZEN,MOBILE_APP,SINHALA,RAIN,False,False,False,True,OFFICER-01,9,4,3,43,False,MODERATE,0,True,2,0,0,True,False,False
INC-2026-0970,2026-03-03T14:48:10,Nuwara Eliya,WET,Flood,3,HIGH,4206,46,Rescue Teams|Medical Kits,42,RESOLVED,CITIZEN,MOBILE_APP,SINHALA,RAIN,True,False,False,True,OFFICER-01,8,3,3,12,False,MODERATE,0,True,3,12,1,True,True,False
INC-2026-0971,2026-08-19T08:25:40,Galle,WET,High Winds/Cyclone,2,MEDIUM,98,0,Rescue Teams|Medical Kits,116,RESOLVED,CITIZEN,MOBILE_APP,ENGLISH,RAIN,False,False,False,True,OFFICER-01,8,2,5,5,False,MODERATE,0,True,8,6,2,True,False,False
INC-2025-0972,2025-05-08T13:45:26,Nuwara Eliya,WET,Flood,3,HIGH,6919,1,Rescue Teams|Medical Kits,64,RESOLVED,CITIZEN,MOBILE_APP,TAMIL,RAIN,False,True,False,True,OFFICER-01,3,0,0,85,False,MODERATE,0,True,5,2,3,True,True,False
INC-2026-0973,2026-04-21T06:27:13,Matara,WET,High Winds/Cyclone,2,MEDIUM,271,0,Rescue Teams|Medical Kits,92,RESOLVED,CITIZEN,MOBILE_APP,SINHALA,RAIN,False,True,False,True,OFFICER-01,5,0,3,52,False,MODERATE,0,True,4,1,1,True,False,False
INC-2026-0974,2026-05-04T23:25:28,Hambantota,WET,High Winds/Cyclone,2,MEDIUM,116,0,Rescue Teams|Medical Kits,78,RESOLVED,CITIZEN,MOBILE_APP,ENGLISH,RAIN,True,False,False,True,OFFICER-01,7,4,2,50,False,MODERATE,0,True,5,23,0,True,False,False
INC-2025-0975,2025-02-15T04:35:27,Hambantota,WET,High Winds/Cyclone,1,LOW,141,0,Rescue Teams|Medical Kits,26,RESOLVED,CITIZEN,MOBILE_APP,TAMIL,RAIN,True,False,False,True,OFFICER-01,7,5,5,60,False,MODERATE,0,True,2,4,5,False,False,False
INC-2025-0976,2025-02-07T01:06:04,Colombo,WET,Building Collapse,2,MEDIUM,40,1,Rescue Teams|Medical Kits,44,RESOLVED,CITIZEN,MOBILE_APP,SINHALA,RAIN,True,True,False,True,OFFICER-01,2,2,2,91,False,MODERATE,0,True,2,8,4,True,False,False
INC-2025-0977,2025-06-07T09:05:02,Hambantota,WET,High Winds/Cyclone,1,LOW,94,0,Rescue Teams|Medical Kits,28,RESOLVED,CITIZEN,MOBILE_APP,SINHALA,RAIN,False,False,False,True,OFFICER-01,9,1,0,48,False,MODERATE,0,True,6,6,5,True,False,False
INC-2025-0978,2025-06-20T00:03:08,Puttalam,WET,High Winds/Cyclone,2,MEDIUM,416,0,Rescue Teams|Medical Kits,72,RESOLVED,CITIZEN,MOBILE_APP,SINHALA,RAIN,False,False,False,True,OFFICER-01,10,4,2,39,False,MODERATE,0,True,6,18,4,False,True,False
INC-2026-0979,2026-04-06T06:01:34,Kandy,WET,Landslide,3,HIGH,600,0,Rescue Teams|Medical Kits,51,RESOLVED,CITIZEN,MOBILE_APP,SINHALA,RAIN,True,False,False,True,OFFICER-01,3,3,1,87,False,MODERATE,0,True,4,16,0,True,True,False
INC-2025-0980,2025-03-20T22:14:56,Kandy,WET,Landslide,4,CRITICAL,1315,4,Rescue Teams|Medical Kits,96,RESOLVED,CITIZEN,MOBILE_APP,SINHALA,RAIN,True,True,False,True,OFFICER-01,7,4,4,23,False,MODERATE,0,True,3,16,3,False,False,False
INC-2026-0981,2026-05-03T23:43:12,Puttalam,WET,High Winds/Cyclone,2,MEDIUM,299,0,Rescue Teams|Medical Kits,112,RESOLVED,CITIZEN,MOBILE_APP,ENGLISH,RAIN,False,False,False,True,OFFICER-01,3,4,1,14,False,MODERATE,0,True,5,15,6,True,False,False
INC-2025-0982,2025-05-18T15:33:25,Polonnaruwa,WET,Drought,3,HIGH,1056,0,Rescue Teams|Medical Kits,107,RESOLVED,CITIZEN,MOBILE_APP,TAMIL,RAIN,True,False,False,True,OFFICER-01,6,3,5,15,False,MODERATE,0,True,5,23,6,True,True,False
INC-2026-0983,2026-01-07T12:33:15,Monaragala,WET,Forest Fire,1,LOW,17,0,Rescue Teams|Medical Kits,63,RESOLVED,CITIZEN,MOBILE_APP,TAMIL,RAIN,False,True,False,True,OFFICER-01,2,0,5,21,False,MODERATE,0,True,1,4,2,True,False,False
INC-2025-0984,2025-06-23T21:57:05,Hambantota,WET,High Winds/Cyclone,2,MEDIUM,130,0,Rescue Teams|Medical Kits,28,RESOLVED,CITIZEN,MOBILE_APP,TAMIL,RAIN,True,False,False,True,OFFICER-01,4,3,4,19,False,MODERATE,0,True,6,11,0,True,True,False
INC-2026-0985,2026-02-11T02:23:47,Rathnapura,WET,Flood,3,HIGH,2333,0,Rescue Teams|Medical Kits,102,RESOLVED,CITIZEN,MOBILE_APP,ENGLISH,RAIN,False,False,False,True,OFFICER-01,3,3,4,77,False,MODERATE,0,True,2,19,2,True,True,False
INC-2026-0986,2026-03-01T15:42:48,Nuwara Eliya,WET,Landslide,3,HIGH,833,0,Rescue Teams|Medical Kits,107,RESOLVED,CITIZEN,MOBILE_APP,TAMIL,RAIN,False,False,False,True,OFFICER-01,4,4,2,82,False,MODERATE,0,True,3,22,6,False,False,False
INC-2025-0987,2025-08-20T13:40:53,Galle,WET,High Winds/Cyclone,2,MEDIUM,136,0,Rescue Teams|Medical Kits,118,RESOLVED,CITIZEN,MOBILE_APP,SINHALA,RAIN,True,False,False,True,OFFICER-01,10,3,0,45,False,MODERATE,0,True,8,11,2,True,True,True
INC-2025-0988,2025-07-02T17:57:15,Hambantota,WET,High Winds/Cyclone,2,MEDIUM,119,0,Rescue Teams|Medical Kits,24,RESOLVED,CITIZEN,MOBILE_APP,TAMIL,RAIN,False,False,False,True,OFFICER-01,1,5,5,84,False,MODERATE,0,True,7,0,2,True,False,False
INC-2026-0989,2026-01-20T09:34:19,Monaragala,WET,Forest Fire,1,LOW,78,0,Rescue Teams|Medical Kits,55,RESOLVED,CITIZEN,MOBILE_APP,TAMIL,RAIN,False,True,False,True,OFFICER-01,9,1,3,95,False,MODERATE,0,True,1,15,1,False,False,False
INC-2026-0990,2026-05-15T16:05:11,Kandy,WET,Flood,3,HIGH,4179,68,Rescue Teams|Medical Kits,61,RESOLVED,CITIZEN,MOBILE_APP,ENGLISH,RAIN,True,True,False,True,OFFICER-01,6,5,4,42,False,MODERATE,0,True,5,22,4,False,False,False
INC-2026-0991,2026-03-19T02:32:08,Monaragala,WET,Forest Fire,1,LOW,14,1,Rescue Teams|Medical Kits,90,RESOLVED,CITIZEN,MOBILE_APP,ENGLISH,RAIN,True,False,False,True,OFFICER-01,3,1,2,78,False,MODERATE,0,True,3,8,3,True,False,False
INC-2025-0992,2025-05-25T05:29:30,Nuwara Eliya,WET,Landslide,3,HIGH,2107,9,Rescue Teams|Medical Kits,28,RESOLVED,CITIZEN,MOBILE_APP,ENGLISH,RAIN,True,False,False,True,OFFICER-01,6,1,2,10,False,MODERATE,0,True,5,6,6,False,False,False
INC-2025-0993,2025-05-25T22:30:34,Colombo,WET,Medical Emergency,1,LOW,44,0,Rescue Teams|Medical Kits,90,RESOLVED,CITIZEN,MOBILE_APP,SINHALA,RAIN,True,False,False,True,OFFICER-01,3,2,4,77,False,MODERATE,0,True,5,12,6,False,True,False
INC-2025-0994,2025-03-21T09:31:56,Gampaha,WET,Medical Emergency,1,LOW,24,0,Rescue Teams|Medical Kits,64,RESOLVED,CITIZEN,MOBILE_APP,TAMIL,RAIN,False,False,False,True,OFFICER-01,5,0,4,41,False,MODERATE,0,True,3,0,4,True,False,False
INC-2026-0995,2026-08-24T09:49:29,Anuradhapura,WET,Drought,4,CRITICAL,1892,0,Rescue Teams|Medical Kits,76,RESOLVED,CITIZEN,MOBILE_APP,TAMIL,RAIN,False,False,False,True,OFFICER-01,7,1,0,25,False,MODERATE,0,True,8,21,0,True,True,False
INC-2026-0996,2026-07-02T08:18:04,Polonnaruwa,WET,Drought,3,HIGH,841,0,Rescue Teams|Medical Kits,40,RESOLVED,CITIZEN,MOBILE_APP,SINHALA,RAIN,True,True,False,True,OFFICER-01,3,5,1,46,False,MODERATE,0,True,7,9,3,True,False,False
INC-2025-0997,2025-11-22T19:44:35,Matara,WET,High Winds/Cyclone,2,MEDIUM,343,0,Rescue Teams|Medical Kits,34,RESOLVED,CITIZEN,MOBILE_APP,TAMIL,RAIN,True,False,False,True,OFFICER-01,10,0,2,98,False,MODERATE,0,True,11,10,5,True,False,False
INC-2025-0998,2025-01-28T08:01:47,Rathnapura,WET,Flood,3,HIGH,2589,0,Rescue Teams|Medical Kits,31,RESOLVED,CITIZEN,MOBILE_APP,ENGLISH,RAIN,True,False,False,True,OFFICER-01,0,2,2,16,False,MODERATE,0,True,1,18,1,False,False,False
INC-2026-0999,2026-02-04T10:25:20,Kegalle,WET,High Winds/Cyclone,2,MEDIUM,569,0,Rescue Teams|Medical Kits,22,RESOLVED,CITIZEN,MOBILE_APP,ENGLISH,RAIN,False,False,False,True,OFFICER-01,9,4,3,96,False,MODERATE,0,True,2,17,2,True,False,False
INC-2026-1000,2026-02-23T14:06:06,Monaragala,WET,Forest Fire,1,LOW,66,0,Rescue Teams|Medical Kits,108,RESOLVED,CITIZEN,MOBILE_APP,TAMIL,RAIN,False,True,False,True,OFFICER-01,6,2,2,100,False,MODERATE,0,True,2,23,0,True,False,False
INC-2025-1001,2025-05-19T01:58:05,Nuwara Eliya,WET,Landslide,4,CRITICAL,1828,8,Rescue Teams|Medical Kits,117,RESOLVED,CITIZEN,MOBILE_APP,ENGLISH,RAIN,False,True,False,True,OFFICER-01,5,5,1,75,False,MODERATE,0,True,5,4,0,False,False,False
INC-2025-1002,2025-02-26T12:07:26,Kegalle,WET,High Winds/Cyclone,1,LOW,421,0,Rescue Teams|Medical Kits,19,RESOLVED,CITIZEN,MOBILE_APP,TAMIL,RAIN,True,True,False,True,OFFICER-01,3,5,5,54,False,MODERATE,0,True,2,10,2,False,False,False
INC-2026-1003,2026-06-14T17:18:25,Hambantota,WET,High Winds/Cyclone,1,LOW,62,0,Rescue Teams|Medical Kits,103,RESOLVED,CITIZEN,MOBILE_APP,SINHALA,RAIN,False,False,False,True,OFFICER-01,6,3,5,100,False,MODERATE,0,True,6,19,6,True,False,False
INC-2026-1004,2026-07-13T17:51:24,Monaragala,WET,Forest Fire,1,LOW,47,0,Rescue Teams|Medical Kits,23,RESOLVED,CITIZEN,MOBILE_APP,TAMIL,RAIN,True,False,False,True,OFFICER-01,3,1,5,69,False,MODERATE,0,True,7,22,0,True,False,False
INC-2026-1005,2026-07-27T11:32:11,Puttalam,WET,High Winds/Cyclone,4,CRITICAL,268,1,Rescue Teams|Medical Kits,81,RESOLVED,CITIZEN,MOBILE_APP,SINHALA,RAIN,True,False,False,True,OFFICER-01,6,2,3,20,False,MODERATE,0,True,7,19,0,False,False,False
INC-2026-1006,2026-07-12T08:00:01,Matara,WET,High Winds/Cyclone,1,LOW,383,0,Rescue Teams|Medical Kits,76,RESOLVED,CITIZEN,MOBILE_APP,ENGLISH,RAIN,True,False,False,True,OFFICER-01,5,2,5,46,False,MODERATE,0,True,7,21,6,False,False,False
INC-2026-1007,2026-01-11T19:18:26,Kandy,WET,Landslide,3,HIGH,777,14,Rescue Teams|Medical Kits,45,RESOLVED,CITIZEN,MOBILE_APP,TAMIL,RAIN,False,False,False,True,OFFICER-01,1,3,0,70,False,MODERATE,0,True,1,21,6,True,False,False
INC-2026-1008,2026-07-12T21:52:44,Hambantota,WET,High Winds/Cyclone,2,MEDIUM,106,0,Rescue Teams|Medical Kits,98,RESOLVED,CITIZEN,MOBILE_APP,TAMIL,RAIN,False,False,False,True,OFFICER-01,2,0,2,23,False,MODERATE,0,True,7,14,6,True,False,False
INC-2025-1009,2025-05-01T12:58:55,Hambantota,WET,High Winds/Cyclone,2,MEDIUM,123,0,Rescue Teams|Medical Kits,89,RESOLVED,CITIZEN,MOBILE_APP,SINHALA,RAIN,False,False,False,True,OFFICER-01,10,2,1,70,False,MODERATE,0,True,5,3,3,True,False,False
INC-2025-1010,2025-07-03T15:50:07,Galle,WET,High Winds/Cyclone,1,LOW,92,0,Rescue Teams|Medical Kits,68,RESOLVED,CITIZEN,MOBILE_APP,SINHALA,RAIN,True,False,False,True,OFFICER-01,7,5,5,59,False,MODERATE,0,True,7,17,3,False,False,False
INC-2025-1011,2025-06-19T23:57:30,Anuradhapura,WET,Drought,2,MEDIUM,830,0,Rescue Teams|Medical Kits,106,RESOLVED,CITIZEN,MOBILE_APP,TAMIL,RAIN,True,False,False,True,OFFICER-01,1,1,3,77,False,MODERATE,0,True,6,8,3,False,False,False
INC-2025-1012,2025-01-03T02:06:34,Monaragala,WET,Forest Fire,1,LOW,33,0,Rescue Teams|Medical Kits,29,RESOLVED,CITIZEN,MOBILE_APP,SINHALA,RAIN,True,False,False,True,OFFICER-01,7,5,2,17,False,MODERATE,0,True,1,19,4,True,True,False
INC-2025-1013,2025-07-08T18:21:19,Polonnaruwa,WET,Drought,4,CRITICAL,633,0,Rescue Teams|Medical Kits,37,RESOLVED,CITIZEN,MOBILE_APP,SINHALA,RAIN,False,False,False,True,OFFICER-01,0,2,4,62,False,MODERATE,0,True,7,12,1,False,True,False
INC-2026-1014,2026-02-07T19:51:07,Monaragala,WET,Forest Fire,1,LOW,74,0,Rescue Teams|Medical Kits,45,RESOLVED,CITIZEN,MOBILE_APP,TAMIL,RAIN,False,False,False,True,OFFICER-01,8,3,0,96,False,MODERATE,0,True,2,22,5,True,True,False
INC-2025-1015,2025-06-06T21:27:48,Kandy,WET,Flood,3,HIGH,2071,20,Rescue Teams|Medical Kits,35,RESOLVED,CITIZEN,MOBILE_APP,SINHALA,RAIN,True,False,False,True,OFFICER-01,9,0,0,99,False,MODERATE,0,True,6,18,4,False,False,False
INC-2026-1016,2026-05-15T08:44:31,Galle,WET,High Winds/Cyclone,1,LOW,197,0,Rescue Teams|Medical Kits,109,RESOLVED,CITIZEN,MOBILE_APP,TAMIL,RAIN,True,False,False,True,OFFICER-01,3,0,4,25,False,MODERATE,0,True,5,2,4,False,False,False
INC-2026-1017,2026-03-24T19:39:20,Nuwara Eliya,WET,Flood,3,HIGH,6404,0,Rescue Teams|Medical Kits,29,RESOLVED,CITIZEN,MOBILE_APP,SINHALA,RAIN,True,False,False,True,OFFICER-01,2,0,5,89,False,MODERATE,0,True,3,4,1,True,True,False
INC-2025-1018,2025-11-15T13:01:57,Monaragala,WET,Forest Fire,2,MEDIUM,69,0,Rescue Teams|Medical Kits,20,RESOLVED,CITIZEN,MOBILE_APP,SINHALA,RAIN,True,True,False,True,OFFICER-01,9,5,0,57,False,MODERATE,0,True,11,3,5,False,False,True
INC-2026-1019,2026-07-16T13:41:05,Galle,WET,High Winds/Cyclone,1,LOW,137,0,Rescue Teams|Medical Kits,39,RESOLVED,CITIZEN,MOBILE_APP,ENGLISH,RAIN,False,True,False,True,OFFICER-01,6,2,1,68,False,MODERATE,0,True,7,19,3,False,False,False
INC-2026-1020,2026-05-28T21:34:40,Nuwara Eliya,WET,Flood,1,LOW,4465,86,Rescue Teams|Medical Kits,102,RESOLVED,CITIZEN,MOBILE_APP,ENGLISH,RAIN,True,True,False,True,OFFICER-01,10,4,1,43,False,MODERATE,0,True,5,9,3,False,True,False
INC-2026-1021,2026-03-24T17:25:32,Nuwara Eliya,WET,Flood,3,HIGH,5675,0,Rescue Teams|Medical Kits,107,RESOLVED,CITIZEN,MOBILE_APP,ENGLISH,RAIN,False,False,False,True,OFFICER-01,1,5,5,83,False,MODERATE,0,True,3,6,1,True,True,False
INC-2025-1022,2025-06-16T16:46:21,Nuwara Eliya,WET,Flood,3,HIGH,7660,33,Rescue Teams|Medical Kits,69,RESOLVED,CITIZEN,MOBILE_APP,ENGLISH,RAIN,False,True,False,True,OFFICER-01,8,2,4,46,False,MODERATE,0,True,6,7,0,True,False,False
INC-2025-1023,2025-08-27T09:52:20,Colombo,WET,Building Collapse,3,HIGH,36,1,Rescue Teams|Medical Kits,35,RESOLVED,CITIZEN,MOBILE_APP,ENGLISH,RAIN,False,False,False,True,OFFICER-01,3,4,3,35,False,MODERATE,0,True,8,15,2,False,False,True
INC-2025-1024,2025-05-10T05:01:22,Kandy,WET,Flood,4,CRITICAL,4453,0,Rescue Teams|Medical Kits,28,RESOLVED,CITIZEN,MOBILE_APP,ENGLISH,RAIN,True,False,False,True,OFFICER-01,5,2,1,87,False,MODERATE,0,True,5,7,5,True,False,True
INC-2025-1025,2025-06-22T07:20:22,Nuwara Eliya,WET,Flood,3,HIGH,5338,8,Rescue Teams|Medical Kits,115,RESOLVED,CITIZEN,MOBILE_APP,ENGLISH,RAIN,False,False,False,True,OFFICER-01,9,0,2,56,False,MODERATE,0,True,6,18,6,True,False,False
INC-2025-1026,2025-10-16T22:01:10,Gampaha,WET,Medical Emergency,4,CRITICAL,28,0,Rescue Teams|Medical Kits,113,RESOLVED,CITIZEN,MOBILE_APP,SINHALA,RAIN,True,True,False,True,OFFICER-01,8,0,0,26,False,MODERATE,0,True,10,8,3,True,False,False
INC-2026-1027,2026-07-27T04:46:03,Nuwara Eliya,WET,Flood,1,LOW,6379,13,Rescue Teams|Medical Kits,100,RESOLVED,CITIZEN,MOBILE_APP,ENGLISH,RAIN,True,True,False,True,OFFICER-01,7,0,1,75,False,MODERATE,0,True,7,16,0,False,True,False
INC-2026-1028,2026-07-14T01:54:24,Nuwara Eliya,WET,Flood,4,CRITICAL,3886,0,Rescue Teams|Medical Kits,57,RESOLVED,CITIZEN,MOBILE_APP,SINHALA,RAIN,True,True,False,True,OFFICER-01,0,2,2,67,False,MODERATE,0,True,7,14,1,True,True,True
INC-2026-1029,2026-01-18T04:09:44,Kandy,WET,Landslide,4,CRITICAL,1114,13,Rescue Teams|Medical Kits,105,RESOLVED,CITIZEN,MOBILE_APP,ENGLISH,RAIN,False,False,False,True,OFFICER-01,9,2,3,3,False,MODERATE,0,True,1,17,6,True,False,False
INC-2025-1030,2025-04-04T14:12:54,Matara,WET,High Winds/Cyclone,1,LOW,387,2,Rescue Teams|Medical Kits,47,RESOLVED,CITIZEN,MOBILE_APP,ENGLISH,RAIN,False,False,False,True,OFFICER-01,6,3,1,10,False,MODERATE,0,True,4,5,4,False,False,False
INC-2026-1031,2026-03-31T11:56:03,Gampaha,WET,Medical Emergency,2,MEDIUM,14,0,Rescue Teams|Medical Kits,57,RESOLVED,CITIZEN,MOBILE_APP,TAMIL,RAIN,True,False,False,True,OFFICER-01,9,0,0,14,False,MODERATE,0,True,3,8,1,False,False,True
INC-2025-1032,2025-12-14T03:24:17,Kandy,WET,Flood,1,LOW,4410,60,Rescue Teams|Medical Kits,87,RESOLVED,CITIZEN,MOBILE_APP,TAMIL,RAIN,True,False,False,True,OFFICER-01,10,5,2,73,False,MODERATE,0,True,12,7,6,True,False,False
INC-2025-1033,2025-09-02T16:54:04,Nuwara Eliya,WET,Flood,3,HIGH,5042,91,Rescue Teams|Medical Kits,65,RESOLVED,CITIZEN,MOBILE_APP,TAMIL,RAIN,True,False,False,True,OFFICER-01,8,3,5,28,False,MODERATE,0,True,9,18,1,True,False,False
INC-2025-1034,2025-06-04T07:21:40,Rathnapura,WET,Flood,3,HIGH,1948,0,Rescue Teams|Medical Kits,34,RESOLVED,CITIZEN,MOBILE_APP,SINHALA,RAIN,True,False,False,True,OFFICER-01,7,2,0,62,False,MODERATE,0,True,6,9,2,False,True,False
INC-2026-1035,2026-03-20T12:32:42,Anuradhapura,WET,Drought,2,MEDIUM,1045,0,Rescue Teams|Medical Kits,89,RESOLVED,CITIZEN,MOBILE_APP,TAMIL,RAIN,False,False,False,True,OFFICER-01,1,4,3,1,False,MODERATE,0,True,3,22,4,False,False,False
INC-2026-1036,2026-07-07T15:04:36,Rathnapura,WET,Flood,3,HIGH,2684,0,Rescue Teams|Medical Kits,84,RESOLVED,CITIZEN,MOBILE_APP,SINHALA,RAIN,True,False,False,True,OFFICER-01,1,0,3,7,False,MODERATE,0,True,7,6,1,False,False,False
INC-2026-1037,2026-05-29T05:23:01,Hambantota,WET,High Winds/Cyclone,2,MEDIUM,135,0,Rescue Teams|Medical Kits,102,RESOLVED,CITIZEN,MOBILE_APP,TAMIL,RAIN,False,False,False,True,OFFICER-01,9,4,4,76,False,MODERATE,0,True,5,17,4,False,True,False
INC-2026-1038,2026-03-31T03:50:21,Polonnaruwa,WET,Drought,3,HIGH,959,0,Rescue Teams|Medical Kits,99,RESOLVED,CITIZEN,MOBILE_APP,TAMIL,RAIN,True,False,False,True,OFFICER-01,0,0,4,51,False,MODERATE,0,True,3,17,1,True,False,True
INC-2025-1039,2025-08-25T05:05:50,Kandy,WET,Landslide,4,CRITICAL,1595,25,Rescue Teams|Medical Kits,84,RESOLVED,CITIZEN,MOBILE_APP,SINHALA,RAIN,False,False,False,True,OFFICER-01,0,0,2,69,False,MODERATE,0,True,8,14,0,True,False,False
INC-2025-1040,2025-11-22T06:45:58,Kandy,WET,Flood,3,HIGH,3942,12,Rescue Teams|Medical Kits,25,RESOLVED,CITIZEN,MOBILE_APP,SINHALA,RAIN,True,True,False,True,OFFICER-01,8,3,5,75,False,MODERATE,0,True,11,9,5,True,True,False
INC-2025-1041,2025-05-09T10:20:12,Kandy,WET,Landslide,2,MEDIUM,1728,33,Rescue Teams|Medical Kits,44,RESOLVED,CITIZEN,MOBILE_APP,TAMIL,RAIN,False,True,False,True,OFFICER-01,1,2,0,74,False,MODERATE,0,True,5,15,4,False,False,False
INC-2025-1042,2025-03-29T09:01:17,Badulla,WET,Forest Fire,1,LOW,55,0,Rescue Teams|Medical Kits,57,RESOLVED,CITIZEN,MOBILE_APP,TAMIL,RAIN,False,False,False,True,OFFICER-01,6,2,0,99,False,MODERATE,0,True,3,21,5,True,True,False
INC-2026-1043,2026-03-28T07:15:14,Monaragala,WET,Forest Fire,1,LOW,60,0,Rescue Teams|Medical Kits,107,RESOLVED,CITIZEN,MOBILE_APP,ENGLISH,RAIN,False,False,False,True,OFFICER-01,9,3,0,34,False,MODERATE,0,True,3,9,5,False,False,False
INC-2026-1044,2026-02-02T10:47:27,Monaragala,WET,Forest Fire,1,LOW,49,0,Rescue Teams|Medical Kits,120,RESOLVED,CITIZEN,MOBILE_APP,TAMIL,RAIN,False,False,False,True,OFFICER-01,6,2,4,69,False,MODERATE,0,True,2,5,0,True,True,False
INC-2025-1045,2025-01-01T06:23:58,Galle,WET,High Winds/Cyclone,2,MEDIUM,178,0,Rescue Teams|Medical Kits,32,RESOLVED,CITIZEN,MOBILE_APP,ENGLISH,RAIN,True,False,False,True,OFFICER-01,6,3,1,96,False,MODERATE,0,True,1,22,2,False,True,False
INC-2025-1046,2025-12-12T18:39:02,Polonnaruwa,WET,Drought,3,HIGH,1116,0,Rescue Teams|Medical Kits,107,RESOLVED,CITIZEN,MOBILE_APP,SINHALA,RAIN,False,True,False,True,OFFICER-01,5,5,4,81,False,MODERATE,0,True,12,6,4,False,True,False
INC-2025-1047,2025-06-08T21:28:52,Hambantota,WET,High Winds/Cyclone,2,MEDIUM,141,0,Rescue Teams|Medical Kits,86,RESOLVED,CITIZEN,MOBILE_APP,TAMIL,RAIN,False,True,False,True,OFFICER-01,1,3,2,99,False,MODERATE,0,True,6,5,6,True,False,True
INC-2025-1048,2025-05-09T14:30:40,Nuwara Eliya,WET,Flood,3,HIGH,5951,0,Rescue Teams|Medical Kits,52,RESOLVED,CITIZEN,MOBILE_APP,ENGLISH,RAIN,True,True,False,True,OFFICER-01,0,4,3,51,False,MODERATE,0,True,5,13,4,True,True,False
INC-2026-1049,2026-01-01T02:17:47,Rathnapura,WET,Flood,3,HIGH,2547,0,Rescue Teams|Medical Kits,95,RESOLVED,CITIZEN,MOBILE_APP,SINHALA,RAIN,True,False,False,True,OFFICER-01,8,4,5,0,False,MODERATE,0,True,1,22,3,False,True,False
INC-2025-1050,2025-12-25T15:10:44,Colombo,WET,Building Collapse,2,MEDIUM,90,1,Rescue Teams|Medical Kits,95,RESOLVED,CITIZEN,MOBILE_APP,ENGLISH,RAIN,False,False,False,True,OFFICER-01,4,4,3,78,False,MODERATE,0,True,12,7,3,True,False,False
INC-2026-1051,2026-06-27T20:04:52,Kegalle,WET,High Winds/Cyclone,2,MEDIUM,597,0,Rescue Teams|Medical Kits,90,RESOLVED,CITIZEN,MOBILE_APP,ENGLISH,RAIN,False,False,False,True,OFFICER-01,5,5,0,14,False,MODERATE,0,True,6,9,5,True,False,False
INC-2026-1052,2026-04-22T16:08:35,Puttalam,WET,High Winds/Cyclone,2,MEDIUM,269,0,Rescue Teams|Medical Kits,20,RESOLVED,CITIZEN,MOBILE_APP,ENGLISH,RAIN,True,False,False,True,OFFICER-01,1,0,3,10,False,MODERATE,0,True,4,11,2,True,False,False
INC-2026-1053,2026-06-15T07:40:54,Badulla,WET,Forest Fire,1,LOW,17,0,Rescue Teams|Medical Kits,31,RESOLVED,CITIZEN,MOBILE_APP,SINHALA,RAIN,True,False,False,True,OFFICER-01,8,4,2,41,False,MODERATE,0,True,6,13,0,False,False,False
INC-2026-1054,2026-04-11T15:22:31,Gampaha,WET,Medical Emergency,1,LOW,13,1,Rescue Teams|Medical Kits,21,RESOLVED,CITIZEN,MOBILE_APP,ENGLISH,RAIN,True,False,False,True,OFFICER-01,6,3,5,35,False,MODERATE,0,True,4,4,5,True,False,False
INC-2025-1055,2025-12-02T00:45:37,Badulla,WET,Forest Fire,1,LOW,73,0,Rescue Teams|Medical Kits,71,RESOLVED,CITIZEN,MOBILE_APP,ENGLISH,RAIN,True,False,False,True,OFFICER-01,8,0,4,57,False,MODERATE,0,True,12,9,1,True,True,False
INC-2026-1056,2026-08-20T12:39:29,Nuwara Eliya,WET,Landslide,4,CRITICAL,1453,0,Rescue Teams|Medical Kits,31,RESOLVED,CITIZEN,MOBILE_APP,TAMIL,RAIN,True,False,False,True,OFFICER-01,2,3,2,89,False,MODERATE,0,True,8,11,3,False,True,False
INC-2025-1057,2025-02-12T02:13:10,Nuwara Eliya,WET,Landslide,3,HIGH,1022,11,Rescue Teams|Medical Kits,52,RESOLVED,CITIZEN,MOBILE_APP,SINHALA,RAIN,True,False,False,True,OFFICER-01,7,3,3,88,False,MODERATE,0,True,2,21,2,True,True,False
INC-2025-1058,2025-08-30T06:18:24,Anuradhapura,WET,Drought,3,HIGH,1321,0,Rescue Teams|Medical Kits,79,RESOLVED,CITIZEN,MOBILE_APP,ENGLISH,RAIN,False,True,False,True,OFFICER-01,8,4,5,49,False,MODERATE,0,True,8,8,5,True,True,True
INC-2025-1059,2025-01-05T18:04:18,Kandy,WET,Flood,3,HIGH,5114,0,Rescue Teams|Medical Kits,25,RESOLVED,CITIZEN,MOBILE_APP,SINHALA,RAIN,True,False,False,True,OFFICER-01,9,4,2,56,False,MODERATE,0,True,1,22,6,True,False,False
INC-2025-1060,2025-08-01T04:45:48,Nuwara Eliya,WET,Flood,1,LOW,6654,105,Rescue Teams|Medical Kits,47,RESOLVED,CITIZEN,MOBILE_APP,SINHALA,RAIN,False,False,False,True,OFFICER-01,7,2,1,55,False,MODERATE,0,True,8,4,4,False,False,False
INC-2026-1061,2026-06-25T22:28:34,Gampaha,WET,Medical Emergency,1,LOW,47,0,Rescue Teams|Medical Kits,37,RESOLVED,CITIZEN,MOBILE_APP,ENGLISH,RAIN,True,False,False,True,OFFICER-01,2,0,5,71,False,MODERATE,0,True,6,20,3,True,False,False
INC-2026-1062,2026-01-27T01:13:29,Kegalle,WET,High Winds/Cyclone,2,MEDIUM,466,0,Rescue Teams|Medical Kits,51,RESOLVED,CITIZEN,MOBILE_APP,TAMIL,RAIN,False,True,False,True,OFFICER-01,7,2,5,18,False,MODERATE,0,True,1,21,1,False,False,True
INC-2025-1063,2025-03-01T13:51:44,Matara,WET,High Winds/Cyclone,2,MEDIUM,157,0,Rescue Teams|Medical Kits,119,RESOLVED,CITIZEN,MOBILE_APP,SINHALA,RAIN,False,False,False,True,OFFICER-01,7,3,3,97,False,MODERATE,0,True,3,23,5,True,False,False
INC-2025-1064,2025-07-08T15:54:48,Matara,WET,High Winds/Cyclone,2,MEDIUM,250,0,Rescue Teams|Medical Kits,75,RESOLVED,CITIZEN,MOBILE_APP,ENGLISH,RAIN,True,False,False,True,OFFICER-01,0,5,4,7,False,MODERATE,0,True,7,17,1,True,True,False
INC-2026-1065,2026-04-17T06:27:47,Rathnapura,WET,Flood,3,HIGH,2605,0,Rescue Teams|Medical Kits,107,RESOLVED,CITIZEN,MOBILE_APP,TAMIL,RAIN,False,False,False,True,OFFICER-01,8,1,2,79,False,MODERATE,0,True,4,12,4,True,False,False
INC-2025-1066,2025-09-15T02:44:09,Kegalle,WET,High Winds/Cyclone,1,LOW,417,0,Rescue Teams|Medical Kits,80,RESOLVED,CITIZEN,MOBILE_APP,SINHALA,RAIN,False,False,False,True,OFFICER-01,6,2,1,35,False,MODERATE,0,True,9,22,0,False,False,False
INC-2025-1067,2025-07-17T14:14:05,Kandy,WET,Landslide,4,CRITICAL,1872,0,Rescue Teams|Medical Kits,72,RESOLVED,CITIZEN,MOBILE_APP,TAMIL,RAIN,False,False,False,True,OFFICER-01,8,0,0,82,False,MODERATE,0,True,7,11,3,True,False,False
INC-2025-1068,2025-07-07T03:08:26,Colombo,WET,Medical Emergency,1,LOW,48,1,Rescue Teams|Medical Kits,90,RESOLVED,CITIZEN,MOBILE_APP,TAMIL,RAIN,False,False,False,True,OFFICER-01,8,1,5,76,False,MODERATE,0,True,7,12,0,True,True,False
INC-2025-1069,2025-08-26T17:39:08,Kandy,WET,Flood,1,LOW,3288,18,Rescue Teams|Medical Kits,91,RESOLVED,CITIZEN,MOBILE_APP,TAMIL,RAIN,True,True,False,True,OFFICER-01,6,5,2,22,False,MODERATE,0,True,8,8,1,True,False,False
INC-2025-1070,2025-04-13T16:24:30,Kandy,WET,Landslide,3,HIGH,917,0,Rescue Teams|Medical Kits,85,RESOLVED,CITIZEN,MOBILE_APP,ENGLISH,RAIN,True,True,False,True,OFFICER-01,0,3,1,72,False,MODERATE,0,True,4,3,6,True,False,False
INC-2025-1071,2025-05-14T21:48:54,Matara,WET,High Winds/Cyclone,4,CRITICAL,364,0,Rescue Teams|Medical Kits,37,RESOLVED,CITIZEN,MOBILE_APP,SINHALA,RAIN,True,False,False,True,OFFICER-01,0,0,5,66,False,MODERATE,0,True,5,4,2,False,False,False
INC-2025-1072,2025-12-25T07:25:31,Colombo,WET,Building Collapse,4,CRITICAL,75,1,Rescue Teams|Medical Kits,119,RESOLVED,CITIZEN,MOBILE_APP,ENGLISH,RAIN,True,False,False,True,OFFICER-01,3,2,3,11,False,MODERATE,0,True,12,21,3,False,False,False
INC-2025-1073,2025-02-17T22:23:30,Nuwara Eliya,WET,Landslide,4,CRITICAL,2283,36,Rescue Teams|Medical Kits,115,RESOLVED,CITIZEN,MOBILE_APP,TAMIL,RAIN,False,False,False,True,OFFICER-01,10,1,1,40,False,MODERATE,0,True,2,16,0,False,False,True
INC-2025-1074,2025-11-14T10:07:27,Nuwara Eliya,WET,Landslide,3,HIGH,2005,7,Rescue Teams|Medical Kits,50,RESOLVED,CITIZEN,MOBILE_APP,ENGLISH,RAIN,False,True,False,True,OFFICER-01,9,3,3,9,False,MODERATE,0,True,11,12,4,False,False,False
INC-2025-1075,2025-01-16T04:20:53,Colombo,WET,Medical Emergency,4,CRITICAL,12,1,Rescue Teams|Medical Kits,51,RESOLVED,CITIZEN,MOBILE_APP,SINHALA,RAIN,True,True,False,True,OFFICER-01,7,4,2,12,False,MODERATE,0,True,1,11,3,True,True,False
INC-2026-1076,2026-04-22T23:59:54,Colombo,WET,Building Collapse,2,MEDIUM,95,1,Rescue Teams|Medical Kits,63,RESOLVED,CITIZEN,MOBILE_APP,TAMIL,RAIN,True,True,False,True,OFFICER-01,9,4,4,51,False,MODERATE,0,True,4,13,2,True,False,False
INC-2025-1077,2025-10-29T16:34:00,Hambantota,WET,High Winds/Cyclone,2,MEDIUM,127,0,Rescue Teams|Medical Kits,99,RESOLVED,CITIZEN,MOBILE_APP,TAMIL,RAIN,True,False,False,True,OFFICER-01,7,4,0,46,False,MODERATE,0,True,10,20,2,True,False,False
INC-2025-1078,2025-10-16T03:51:43,Nuwara Eliya,WET,Flood,2,MEDIUM,7844,93,Rescue Teams|Medical Kits,104,RESOLVED,CITIZEN,MOBILE_APP,ENGLISH,RAIN,True,True,False,True,OFFICER-01,7,5,4,73,False,MODERATE,0,True,10,19,3,True,False,True
INC-2025-1079,2025-10-23T06:19:52,Hambantota,WET,High Winds/Cyclone,1,LOW,51,0,Rescue Teams|Medical Kits,80,RESOLVED,CITIZEN,MOBILE_APP,ENGLISH,RAIN,False,False,False,True,OFFICER-01,1,3,3,58,False,MODERATE,0,True,10,4,3,False,False,False
INC-2026-1080,2026-07-03T10:01:50,Nuwara Eliya,WET,Landslide,3,HIGH,984,5,Rescue Teams|Medical Kits,92,RESOLVED,CITIZEN,MOBILE_APP,TAMIL,RAIN,False,False,False,True,OFFICER-01,9,3,1,55,False,MODERATE,0,True,7,21,4,False,False,True
INC-2025-1081,2025-05-18T12:00:24,Kandy,WET,Landslide,3,HIGH,833,16,Rescue Teams|Medical Kits,28,RESOLVED,CITIZEN,MOBILE_APP,TAMIL,RAIN,False,False,False,True,OFFICER-01,5,5,2,47,False,MODERATE,0,True,5,8,6,True,True,False
INC-2025-1082,2025-02-05T05:47:05,Anuradhapura,WET,Drought,3,HIGH,1153,0,Rescue Teams|Medical Kits,108,RESOLVED,CITIZEN,MOBILE_APP,SINHALA,RAIN,True,True,False,True,OFFICER-01,1,5,3,28,False,MODERATE,0,True,2,11,2,True,False,False
INC-2025-1083,2025-11-15T11:07:01,Colombo,WET,Medical Emergency,1,LOW,27,0,Rescue Teams|Medical Kits,93,RESOLVED,CITIZEN,MOBILE_APP,ENGLISH,RAIN,False,False,False,True,OFFICER-01,4,0,0,11,False,MODERATE,0,True,11,15,5,True,True,False
INC-2026-1084,2026-02-09T00:41:01,Anuradhapura,WET,Drought,1,LOW,1835,0,Rescue Teams|Medical Kits,116,RESOLVED,CITIZEN,MOBILE_APP,ENGLISH,RAIN,True,False,False,True,OFFICER-01,0,3,0,7,False,MODERATE,0,True,2,7,0,True,False,False
INC-2026-1085,2026-03-13T20:58:55,Gampaha,WET,Medical Emergency,1,LOW,13,1,Rescue Teams|Medical Kits,69,RESOLVED,CITIZEN,MOBILE_APP,SINHALA,RAIN,False,False,False,True,OFFICER-01,0,5,2,29,False,MODERATE,0,True,3,3,4,False,False,False
INC-2025-1086,2025-02-11T08:28:03,Monaragala,WET,Forest Fire,1,LOW,27,0,Rescue Teams|Medical Kits,98,RESOLVED,CITIZEN,MOBILE_APP,SINHALA,RAIN,False,True,False,True,OFFICER-01,8,4,2,71,False,MODERATE,0,True,2,0,1,False,False,False
INC-2026-1087,2026-06-28T00:40:08,Colombo,WET,Medical Emergency,3,HIGH,28,1,Rescue Teams|Medical Kits,50,RESOLVED,CITIZEN,MOBILE_APP,ENGLISH,RAIN,False,False,False,True,OFFICER-01,1,3,5,11,False,MODERATE,0,True,6,6,6,True,False,False
INC-2025-1088,2025-04-20T17:06:12,Polonnaruwa,WET,Drought,3,HIGH,1500,0,Rescue Teams|Medical Kits,34,RESOLVED,CITIZEN,MOBILE_APP,ENGLISH,RAIN,False,True,False,True,OFFICER-01,8,5,4,51,False,MODERATE,0,True,4,23,6,False,True,False
INC-2026-1089,2026-06-16T17:54:47,Kegalle,WET,High Winds/Cyclone,1,LOW,393,3,Rescue Teams|Medical Kits,34,RESOLVED,CITIZEN,MOBILE_APP,ENGLISH,RAIN,True,False,False,True,OFFICER-01,8,0,3,34,False,MODERATE,0,True,6,8,1,False,False,False
INC-2025-1090,2025-01-31T05:28:48,Badulla,WET,Forest Fire,1,LOW,64,0,Rescue Teams|Medical Kits,37,RESOLVED,CITIZEN,MOBILE_APP,ENGLISH,RAIN,False,False,False,True,OFFICER-01,3,3,5,38,False,MODERATE,0,True,1,9,4,True,False,False
INC-2025-1091,2025-04-18T02:38:15,Colombo,WET,Building Collapse,2,MEDIUM,89,1,Rescue Teams|Medical Kits,65,RESOLVED,CITIZEN,MOBILE_APP,SINHALA,RAIN,False,False,False,True,OFFICER-01,3,4,1,93,False,MODERATE,0,True,4,14,4,False,False,False
INC-2026-1092,2026-04-07T10:12:16,Nuwara Eliya,WET,Flood,3,HIGH,3278,43,Rescue Teams|Medical Kits,44,RESOLVED,CITIZEN,MOBILE_APP,SINHALA,RAIN,False,False,False,True,OFFICER-01,1,0,3,99,False,MODERATE,0,True,4,9,1,True,True,False
INC-2025-1093,2025-10-29T06:59:04,Polonnaruwa,WET,Drought,2,MEDIUM,597,0,Rescue Teams|Medical Kits,36,RESOLVED,CITIZEN,MOBILE_APP,TAMIL,RAIN,False,True,False,True,OFFICER-01,0,3,5,79,False,MODERATE,0,True,10,14,2,True,False,False
INC-2025-1094,2025-07-01T14:29:38,Gampaha,WET,Medical Emergency,1,LOW,30,0,Rescue Teams|Medical Kits,55,RESOLVED,CITIZEN,MOBILE_APP,TAMIL,RAIN,False,False,False,True,OFFICER-01,5,0,0,20,False,MODERATE,0,True,7,0,1,False,True,False
INC-2026-1095,2026-08-13T22:58:26,Badulla,WET,Forest Fire,1,LOW,99,0,Rescue Teams|Medical Kits,48,RESOLVED,CITIZEN,MOBILE_APP,ENGLISH,RAIN,False,False,False,True,OFFICER-01,10,4,2,4,False,MODERATE,0,True,8,11,3,True,False,False
INC-2025-1096,2025-08-08T10:32:46,Monaragala,WET,Forest Fire,1,LOW,15,0,Rescue Teams|Medical Kits,110,RESOLVED,CITIZEN,MOBILE_APP,TAMIL,RAIN,True,True,False,True,OFFICER-01,10,2,5,3,False,MODERATE,0,True,8,14,4,False,False,False
INC-2026-1097,2026-06-02T15:06:03,Kegalle,WET,High Winds/Cyclone,2,MEDIUM,333,4,Rescue Teams|Medical Kits,15,RESOLVED,CITIZEN,MOBILE_APP,ENGLISH,RAIN,True,False,False,True,OFFICER-01,5,1,0,27,False,MODERATE,0,True,6,23,1,False,True,False
INC-2025-1098,2025-02-05T10:10:42,Badulla,WET,Forest Fire,1,LOW,74,0,Rescue Teams|Medical Kits,58,RESOLVED,CITIZEN,MOBILE_APP,TAMIL,RAIN,False,False,False,True,OFFICER-01,9,1,4,45,False,MODERATE,0,True,2,19,2,True,True,False
INC-2026-1099,2026-08-14T06:46:40,Gampaha,WET,Medical Emergency,1,LOW,25,0,Rescue Teams|Medical Kits,88,RESOLVED,CITIZEN,MOBILE_APP,SINHALA,RAIN,True,False,False,True,OFFICER-01,10,0,3,73,False,MODERATE,0,True,8,1,4,True,True,False
INC-2026-1100,2026-03-02T06:06:10,Badulla,WET,Forest Fire,1,LOW,17,1,Rescue Teams|Medical Kits,31,RESOLVED,CITIZEN,MOBILE_APP,TAMIL,RAIN,False,False,False,True,OFFICER-01,3,5,1,72,False,MODERATE,0,True,3,7,0,True,True,False
INC-2025-1101,2025-08-27T06:21:37,Nuwara Eliya,WET,Landslide,4,CRITICAL,1989,24,Rescue Teams|Medical Kits,59,RESOLVED,CITIZEN,MOBILE_APP,SINHALA,RAIN,True,True,False,True,OFFICER-01,1,3,1,48,False,MODERATE,0,True,8,5,2,True,False,False
INC-2025-1102,2025-07-18T03:28:51,Colombo,WET,Medical Emergency,1,LOW,18,0,Rescue Teams|Medical Kits,114,RESOLVED,CITIZEN,MOBILE_APP,SINHALA,RAIN,False,False,False,True,OFFICER-01,3,1,2,42,False,MODERATE,0,True,7,1,4,True,False,False
INC-2025-1103,2025-02-24T04:07:21,Puttalam,WET,High Winds/Cyclone,1,LOW,207,0,Rescue Teams|Medical Kits,84,RESOLVED,CITIZEN,MOBILE_APP,TAMIL,RAIN,True,True,False,True,OFFICER-01,6,4,2,31,False,MODERATE,0,True,2,1,0,False,False,False
INC-2025-1104,2025-04-28T15:32:45,Nuwara Eliya,WET,Flood,3,HIGH,3955,51,Rescue Teams|Medical Kits,57,RESOLVED,CITIZEN,MOBILE_APP,TAMIL,RAIN,True,False,False,True,OFFICER-01,8,4,3,41,False,MODERATE,0,True,4,21,0,True,False,False
INC-2025-1105,2025-03-10T03:20:48,Hambantota,WET,High Winds/Cyclone,2,MEDIUM,71,0,Rescue Teams|Medical Kits,16,RESOLVED,CITIZEN,MOBILE_APP,TAMIL,RAIN,True,False,False,True,OFFICER-01,2,3,2,45,False,MODERATE,0,True,3,7,0,True,True,True
INC-2025-1106,2025-05-25T21:19:54,Polonnaruwa,WET,Drought,2,MEDIUM,579,0,Rescue Teams|Medical Kits,43,RESOLVED,CITIZEN,MOBILE_APP,TAMIL,RAIN,True,False,False,True,OFFICER-01,8,0,1,24,False,MODERATE,0,True,5,14,6,False,False,False
INC-2026-1107,2026-06-29T00:51:01,Badulla,WET,Forest Fire,4,CRITICAL,31,1,Rescue Teams|Medical Kits,113,RESOLVED,CITIZEN,MOBILE_APP,SINHALA,RAIN,True,False,False,True,OFFICER-01,8,3,1,68,False,MODERATE,0,True,6,23,0,False,False,False
INC-2025-1108,2025-09-16T02:48:52,Gampaha,WET,Medical Emergency,1,LOW,45,0,Rescue Teams|Medical Kits,81,RESOLVED,CITIZEN,MOBILE_APP,SINHALA,RAIN,True,False,False,True,OFFICER-01,0,2,1,61,False,MODERATE,0,True,9,15,1,False,False,False
INC-2025-1109,2025-02-22T04:06:57,Matara,WET,High Winds/Cyclone,2,MEDIUM,380,0,Rescue Teams|Medical Kits,54,RESOLVED,CITIZEN,MOBILE_APP,SINHALA,RAIN,False,True,False,True,OFFICER-01,10,0,4,17,False,MODERATE,0,True,2,5,5,True,False,False
INC-2026-1110,2026-07-16T02:11:07,Hambantota,WET,High Winds/Cyclone,4,CRITICAL,146,0,Rescue Teams|Medical Kits,22,RESOLVED,CITIZEN,MOBILE_APP,ENGLISH,RAIN,False,False,False,True,OFFICER-01,1,2,2,62,False,MODERATE,0,True,7,20,3,True,False,False
INC-2026-1111,2026-05-24T14:59:04,Kandy,WET,Landslide,4,CRITICAL,932,0,Rescue Teams|Medical Kits,101,RESOLVED,CITIZEN,MOBILE_APP,SINHALA,RAIN,True,False,False,True,OFFICER-01,10,5,0,16,False,MODERATE,0,True,5,11,6,False,False,True
INC-2026-1112,2026-05-08T11:26:03,Kandy,WET,Flood,3,HIGH,2851,0,Rescue Teams|Medical Kits,28,RESOLVED,CITIZEN,MOBILE_APP,SINHALA,RAIN,True,False,False,True,OFFICER-01,5,5,1,5,False,MODERATE,0,True,5,15,4,True,True,False
INC-2026-1113,2026-01-26T22:54:09,Galle,WET,High Winds/Cyclone,2,MEDIUM,73,0,Rescue Teams|Medical Kits,71,RESOLVED,CITIZEN,MOBILE_APP,ENGLISH,RAIN,True,False,False,True,OFFICER-01,7,2,3,74,False,MODERATE,0,True,1,1,0,True,True,True
INC-2026-1114,2026-04-20T15:49:38,Puttalam,WET,High Winds/Cyclone,1,LOW,475,0,Rescue Teams|Medical Kits,110,RESOLVED,CITIZEN,MOBILE_APP,SINHALA,RAIN,True,False,False,True,OFFICER-01,7,2,3,77,False,MODERATE,0,True,4,2,0,False,False,False
INC-2025-1115,2025-05-04T14:14:13,Kandy,WET,Flood,3,HIGH,4384,0,Rescue Teams|Medical Kits,65,RESOLVED,CITIZEN,MOBILE_APP,SINHALA,RAIN,True,True,False,True,OFFICER-01,2,4,0,25,False,MODERATE,0,True,5,23,6,False,True,False
INC-2025-1116,2025-11-23T01:37:51,Puttalam,WET,High Winds/Cyclone,2,MEDIUM,449,1,Rescue Teams|Medical Kits,64,RESOLVED,CITIZEN,MOBILE_APP,SINHALA,RAIN,True,False,False,True,OFFICER-01,6,1,0,73,False,MODERATE,0,True,11,12,6,True,True,False
INC-2025-1117,2025-11-02T19:24:19,Polonnaruwa,WET,Drought,2,MEDIUM,870,0,Rescue Teams|Medical Kits,40,RESOLVED,CITIZEN,MOBILE_APP,TAMIL,RAIN,True,False,False,True,OFFICER-01,4,4,1,91,False,MODERATE,0,True,11,20,6,True,False,False
INC-2026-1118,2026-03-17T19:57:09,Kegalle,WET,High Winds/Cyclone,2,MEDIUM,513,0,Rescue Teams|Medical Kits,26,RESOLVED,CITIZEN,MOBILE_APP,ENGLISH,RAIN,True,False,False,True,OFFICER-01,2,2,1,100,False,MODERATE,0,True,3,5,1,False,True,False
INC-2026-1119,2026-06-01T21:09:33,Badulla,WET,Forest Fire,1,LOW,27,0,Rescue Teams|Medical Kits,96,RESOLVED,CITIZEN,MOBILE_APP,SINHALA,RAIN,True,False,False,True,OFFICER-01,8,5,3,76,False,MODERATE,0,True,6,21,0,False,False,False
INC-2026-1120,2026-07-29T16:50:03,Puttalam,WET,High Winds/Cyclone,1,LOW,408,4,Rescue Teams|Medical Kits,58,RESOLVED,CITIZEN,MOBILE_APP,SINHALA,RAIN,False,True,False,True,OFFICER-01,2,5,2,58,False,MODERATE,0,True,7,18,2,False,False,False
INC-2025-1121,2025-10-11T23:53:55,Hambantota,WET,High Winds/Cyclone,2,MEDIUM,135,1,Rescue Teams|Medical Kits,100,RESOLVED,CITIZEN,MOBILE_APP,TAMIL,RAIN,True,True,False,True,OFFICER-01,7,3,0,47,False,MODERATE,0,True,10,22,5,True,True,False
INC-2025-1122,2025-10-15T05:28:37,Kandy,WET,Landslide,4,CRITICAL,1456,0,Rescue Teams|Medical Kits,49,RESOLVED,CITIZEN,MOBILE_APP,TAMIL,RAIN,True,False,False,True,OFFICER-01,10,2,1,46,False,MODERATE,0,True,10,14,2,True,True,False
INC-2025-1123,2025-12-06T02:33:19,Kegalle,WET,High Winds/Cyclone,2,MEDIUM,489,0,Rescue Teams|Medical Kits,50,RESOLVED,CITIZEN,MOBILE_APP,SINHALA,RAIN,True,False,False,True,OFFICER-01,1,1,2,36,False,MODERATE,0,True,12,16,5,True,True,False
INC-2025-1124,2025-01-18T04:27:31,Gampaha,WET,Medical Emergency,1,LOW,44,0,Rescue Teams|Medical Kits,66,RESOLVED,CITIZEN,MOBILE_APP,TAMIL,RAIN,True,False,False,True,OFFICER-01,2,2,2,73,False,MODERATE,0,True,1,9,5,True,False,False
INC-2025-1125,2025-11-05T10:00:44,Colombo,WET,Building Collapse,2,MEDIUM,58,0,Rescue Teams|Medical Kits,30,RESOLVED,CITIZEN,MOBILE_APP,ENGLISH,RAIN,True,False,False,True,OFFICER-01,2,3,0,36,False,MODERATE,0,True,11,8,2,False,True,False
INC-2026-1126,2026-06-03T14:47:24,Kandy,WET,Flood,3,HIGH,5906,70,Rescue Teams|Medical Kits,106,RESOLVED,CITIZEN,MOBILE_APP,SINHALA,RAIN,True,False,False,True,OFFICER-01,7,4,3,28,False,MODERATE,0,True,6,3,2,False,True,False
INC-2025-1127,2025-06-25T13:02:50,Monaragala,WET,Forest Fire,1,LOW,23,0,Rescue Teams|Medical Kits,36,RESOLVED,CITIZEN,MOBILE_APP,SINHALA,RAIN,True,False,False,True,OFFICER-01,1,0,2,93,False,MODERATE,0,True,6,3,2,True,False,False
INC-2025-1128,2025-03-13T18:03:08,Monaragala,WET,Forest Fire,1,LOW,45,0,Rescue Teams|Medical Kits,48,RESOLVED,CITIZEN,MOBILE_APP,ENGLISH,RAIN,True,False,False,True,OFFICER-01,10,5,5,63,False,MODERATE,0,True,3,5,3,False,False,False
INC-2025-1129,2025-03-29T07:49:16,Kandy,WET,Flood,3,HIGH,4036,21,Rescue Teams|Medical Kits,43,RESOLVED,CITIZEN,MOBILE_APP,ENGLISH,RAIN,False,False,False,True,OFFICER-01,7,3,1,73,False,MODERATE,0,True,3,13,5,False,False,False
INC-2025-1130,2025-11-07T22:13:33,Badulla,WET,Forest Fire,2,MEDIUM,97,0,Rescue Teams|Medical Kits,34,RESOLVED,CITIZEN,MOBILE_APP,ENGLISH,RAIN,False,False,False,True,OFFICER-01,8,0,0,47,False,MODERATE,0,True,11,1,4,True,True,True
INC-2026-1131,2026-05-20T03:40:30,Colombo,WET,Medical Emergency,1,LOW,43,0,Rescue Teams|Medical Kits,74,RESOLVED,CITIZEN,MOBILE_APP,TAMIL,RAIN,False,True,False,True,OFFICER-01,3,0,3,3,False,MODERATE,0,True,5,5,2,True,True,False
INC-2025-1132,2025-06-26T02:09:54,Nuwara Eliya,WET,Landslide,4,CRITICAL,1974,8,Rescue Teams|Medical Kits,40,RESOLVED,CITIZEN,MOBILE_APP,ENGLISH,RAIN,True,True,False,True,OFFICER-01,9,2,2,90,False,MODERATE,0,True,6,2,3,False,False,False
INC-2026-1133,2026-02-07T10:02:12,Galle,WET,High Winds/Cyclone,2,MEDIUM,150,0,Rescue Teams|Medical Kits,93,RESOLVED,CITIZEN,MOBILE_APP,ENGLISH,RAIN,False,False,False,True,OFFICER-01,10,5,1,30,False,MODERATE,0,True,2,15,5,False,True,False
INC-2025-1134,2025-05-12T05:56:24,Galle,WET,High Winds/Cyclone,1,LOW,88,0,Rescue Teams|Medical Kits,75,RESOLVED,CITIZEN,MOBILE_APP,TAMIL,RAIN,False,True,False,True,OFFICER-01,3,2,1,16,False,MODERATE,0,True,5,16,0,True,False,False
INC-2025-1135,2025-11-25T17:31:12,Kegalle,WET,High Winds/Cyclone,3,HIGH,518,6,Rescue Teams|Medical Kits,115,RESOLVED,CITIZEN,MOBILE_APP,SINHALA,RAIN,True,True,False,True,OFFICER-01,8,1,1,48,False,MODERATE,0,True,11,14,1,True,True,True
INC-2025-1136,2025-03-18T15:20:51,Kandy,WET,Flood,3,HIGH,2057,10,Rescue Teams|Medical Kits,38,RESOLVED,CITIZEN,MOBILE_APP,TAMIL,RAIN,False,False,False,True,OFFICER-01,1,3,5,80,False,MODERATE,0,True,3,7,1,False,False,False
INC-2026-1137,2026-07-04T11:51:04,Badulla,WET,Forest Fire,1,LOW,43,0,Rescue Teams|Medical Kits,103,RESOLVED,CITIZEN,MOBILE_APP,SINHALA,RAIN,True,False,False,True,OFFICER-01,2,1,5,65,False,MODERATE,0,True,7,4,5,True,True,False
INC-2026-1138,2026-05-09T00:25:09,Nuwara Eliya,WET,Flood,3,HIGH,3869,38,Rescue Teams|Medical Kits,95,RESOLVED,CITIZEN,MOBILE_APP,SINHALA,RAIN,True,False,False,True,OFFICER-01,2,5,2,51,False,MODERATE,0,True,5,18,5,True,False,False
INC-2025-1139,2025-10-20T20:17:29,Kandy,WET,Flood,3,HIGH,2749,0,Rescue Teams|Medical Kits,76,RESOLVED,CITIZEN,MOBILE_APP,SINHALA,RAIN,True,False,False,True,OFFICER-01,1,5,0,68,False,MODERATE,0,True,10,12,0,False,True,False
INC-2025-1140,2025-07-30T22:10:16,Kandy,WET,Flood,3,HIGH,3625,0,Rescue Teams|Medical Kits,98,RESOLVED,CITIZEN,MOBILE_APP,TAMIL,RAIN,False,False,False,True,OFFICER-01,5,1,0,84,False,MODERATE,0,True,7,7,2,False,True,False
INC-2025-1141,2025-06-20T16:27:56,Rathnapura,WET,Flood,3,HIGH,2586,0,Rescue Teams|Medical Kits,64,RESOLVED,CITIZEN,MOBILE_APP,SINHALA,RAIN,True,False,False,True,OFFICER-01,5,5,2,60,False,MODERATE,0,True,6,7,4,True,False,False
INC-2025-1142,2025-10-08T19:26:50,Kandy,WET,Flood,1,LOW,3304,10,Rescue Teams|Medical Kits,58,RESOLVED,CITIZEN,MOBILE_APP,ENGLISH,RAIN,False,True,False,True,OFFICER-01,6,2,0,72,False,MODERATE,0,True,10,13,2,False,False,False
INC-2026-1143,2026-03-24T13:44:33,Rathnapura,WET,Flood,3,HIGH,2476,0,Rescue Teams|Medical Kits,17,RESOLVED,CITIZEN,MOBILE_APP,ENGLISH,RAIN,True,False,False,True,OFFICER-01,2,3,1,85,False,MODERATE,0,True,3,5,1,True,False,False
INC-2025-1144,2025-02-25T05:47:05,Nuwara Eliya,WET,Flood,3,HIGH,7064,23,Rescue Teams|Medical Kits,87,RESOLVED,CITIZEN,MOBILE_APP,TAMIL,RAIN,False,False,False,True,OFFICER-01,7,3,0,72,False,MODERATE,0,True,2,13,1,False,False,False
INC-2026-1145,2026-01-04T14:33:36,Polonnaruwa,WET,Drought,2,MEDIUM,720,0,Rescue Teams|Medical Kits,18,RESOLVED,CITIZEN,MOBILE_APP,ENGLISH,RAIN,True,False,False,True,OFFICER-01,5,5,4,67,False,MODERATE,0,True,1,5,6,False,True,False
INC-2026-1146,2026-05-19T21:32:44,Anuradhapura,WET,Drought,3,HIGH,1615,0,Rescue Teams|Medical Kits,29,RESOLVED,CITIZEN,MOBILE_APP,TAMIL,RAIN,False,False,False,True,OFFICER-01,1,5,3,42,False,MODERATE,0,True,5,18,1,False,True,False
INC-2025-1147,2025-05-27T07:35:06,Nuwara Eliya,WET,Landslide,4,CRITICAL,863,0,Rescue Teams|Medical Kits,114,RESOLVED,CITIZEN,MOBILE_APP,ENGLISH,RAIN,True,True,False,True,OFFICER-01,7,3,2,36,False,MODERATE,0,True,5,4,1,True,True,False
INC-2025-1148,2025-08-09T15:51:58,Monaragala,WET,Forest Fire,1,LOW,71,1,Rescue Teams|Medical Kits,88,RESOLVED,CITIZEN,MOBILE_APP,ENGLISH,RAIN,False,False,False,True,OFFICER-01,9,3,2,11,False,MODERATE,0,True,8,17,5,False,False,False
INC-2025-1149,2025-06-06T08:37:16,Badulla,WET,Forest Fire,1,LOW,59,0,Rescue Teams|Medical Kits,75,RESOLVED,CITIZEN,MOBILE_APP,SINHALA,RAIN,True,False,False,True,OFFICER-01,0,4,5,49,False,MODERATE,0,True,6,0,4,False,True,False
INC-2026-1150,2026-03-15T21:13:35,Kandy,WET,Landslide,3,HIGH,1373,15,Rescue Teams|Medical Kits,103,RESOLVED,CITIZEN,MOBILE_APP,ENGLISH,RAIN,False,True,False,True,OFFICER-01,9,3,5,1,False,MODERATE,0,True,3,18,6,False,False,False
INC-2025-1151,2025-10-13T20:08:41,Hambantota,WET,High Winds/Cyclone,1,LOW,94,0,Rescue Teams|Medical Kits,82,RESOLVED,CITIZEN,MOBILE_APP,TAMIL,RAIN,False,False,False,True,OFFICER-01,8,4,2,78,False,MODERATE,0,True,10,7,0,True,False,False
INC-2025-1152,2025-09-28T19:53:01,Colombo,WET,Building Collapse,2,MEDIUM,56,1,Rescue Teams|Medical Kits,24,RESOLVED,CITIZEN,MOBILE_APP,ENGLISH,RAIN,False,False,False,True,OFFICER-01,9,0,3,72,False,MODERATE,0,True,9,9,6,False,False,False
INC-2026-1153,2026-08-08T20:35:32,Kegalle,WET,High Winds/Cyclone,2,MEDIUM,424,0,Rescue Teams|Medical Kits,82,RESOLVED,CITIZEN,MOBILE_APP,TAMIL,RAIN,False,False,False,True,OFFICER-01,10,5,4,21,False,MODERATE,0,True,8,18,5,True,False,False
INC-2025-1154,2025-06-24T09:31:11,Galle,WET,High Winds/Cyclone,1,LOW,62,0,Rescue Teams|Medical Kits,113,RESOLVED,CITIZEN,MOBILE_APP,TAMIL,RAIN,False,False,False,True,OFFICER-01,9,2,0,31,False,MODERATE,0,True,6,6,1,True,False,False
INC-2025-1155,2025-03-22T11:27:19,Hambantota,WET,High Winds/Cyclone,1,LOW,51,0,Rescue Teams|Medical Kits,81,RESOLVED,CITIZEN,MOBILE_APP,ENGLISH,RAIN,False,False,False,True,OFFICER-01,3,2,5,90,False,MODERATE,0,True,3,15,5,True,True,False
INC-2025-1156,2025-10-15T19:26:28,Badulla,WET,Forest Fire,1,LOW,53,0,Rescue Teams|Medical Kits,63,RESOLVED,CITIZEN,MOBILE_APP,SINHALA,RAIN,True,False,False,True,OFFICER-01,2,5,4,28,False,MODERATE,0,True,10,1,2,False,True,False
INC-2025-1157,2025-01-22T06:30:31,Kandy,WET,Flood,3,HIGH,2579,0,Rescue Teams|Medical Kits,105,RESOLVED,CITIZEN,MOBILE_APP,TAMIL,RAIN,True,False,False,True,OFFICER-01,6,1,2,74,False,MODERATE,0,True,1,14,2,True,False,False
INC-2026-1158,2026-05-03T18:51:04,Colombo,WET,Medical Emergency,1,LOW,40,0,Rescue Teams|Medical Kits,85,RESOLVED,CITIZEN,MOBILE_APP,ENGLISH,RAIN,True,True,False,True,OFFICER-01,3,2,5,41,False,MODERATE,0,True,5,19,6,True,False,False
INC-2025-1159,2025-10-29T06:43:28,Colombo,WET,Building Collapse,2,MEDIUM,48,1,Rescue Teams|Medical Kits,109,RESOLVED,CITIZEN,MOBILE_APP,SINHALA,RAIN,True,False,False,True,OFFICER-01,0,1,1,39,False,MODERATE,0,True,10,5,2,True,False,False
INC-2025-1160,2025-08-16T09:21:01,Monaragala,WET,Forest Fire,1,LOW,33,0,Rescue Teams|Medical Kits,117,RESOLVED,CITIZEN,MOBILE_APP,TAMIL,RAIN,True,False,False,True,OFFICER-01,6,4,0,4,False,MODERATE,0,True,8,22,5,True,True,False
INC-2026-1161,2026-07-07T01:26:42,Colombo,WET,Medical Emergency,1,LOW,19,0,Rescue Teams|Medical Kits,51,RESOLVED,CITIZEN,MOBILE_APP,SINHALA,RAIN,True,False,False,True,OFFICER-01,7,2,1,4,False,MODERATE,0,True,7,20,1,False,False,False
INC-2025-1162,2025-06-11T10:24:20,Nuwara Eliya,WET,Landslide,4,CRITICAL,1452,8,Rescue Teams|Medical Kits,72,RESOLVED,CITIZEN,MOBILE_APP,ENGLISH,RAIN,False,False,False,True,OFFICER-01,2,1,1,17,False,MODERATE,0,True,6,19,2,False,True,False
INC-2025-1163,2025-04-30T02:03:17,Polonnaruwa,WET,Drought,3,HIGH,1138,0,Rescue Teams|Medical Kits,43,RESOLVED,CITIZEN,MOBILE_APP,SINHALA,RAIN,True,False,False,True,OFFICER-01,4,3,3,56,False,MODERATE,0,True,4,3,2,True,True,False
INC-2026-1164,2026-07-25T03:55:49,Rathnapura,WET,Flood,3,HIGH,2417,28,Rescue Teams|Medical Kits,111,RESOLVED,CITIZEN,MOBILE_APP,ENGLISH,RAIN,True,False,False,True,OFFICER-01,3,5,0,22,False,MODERATE,0,True,7,13,5,True,False,False
INC-2026-1165,2026-05-14T11:10:45,Kandy,WET,Landslide,2,MEDIUM,1258,3,Rescue Teams|Medical Kits,106,RESOLVED,CITIZEN,MOBILE_APP,SINHALA,RAIN,False,True,False,True,OFFICER-01,0,1,4,37,False,MODERATE,0,True,5,8,3,True,True,False
INC-2025-1166,2025-02-22T21:30:05,Monaragala,WET,Forest Fire,2,MEDIUM,12,1,Rescue Teams|Medical Kits,48,RESOLVED,CITIZEN,MOBILE_APP,TAMIL,RAIN,True,False,False,True,OFFICER-01,8,3,5,99,False,MODERATE,0,True,2,11,5,False,True,True
INC-2026-1167,2026-01-05T22:38:03,Puttalam,WET,High Winds/Cyclone,1,LOW,453,0,Rescue Teams|Medical Kits,84,RESOLVED,CITIZEN,MOBILE_APP,SINHALA,RAIN,False,True,False,True,OFFICER-01,8,3,1,100,False,MODERATE,0,True,1,5,0,False,False,False
INC-2026-1168,2026-05-04T11:57:41,Anuradhapura,WET,Drought,2,MEDIUM,803,0,Rescue Teams|Medical Kits,83,RESOLVED,CITIZEN,MOBILE_APP,ENGLISH,RAIN,False,False,False,True,OFFICER-01,4,4,5,94,False,MODERATE,0,True,5,18,0,True,True,False
INC-2025-1169,2025-07-12T03:58:17,Galle,WET,High Winds/Cyclone,1,LOW,174,0,Rescue Teams|Medical Kits,73,RESOLVED,CITIZEN,MOBILE_APP,TAMIL,RAIN,True,True,False,True,OFFICER-01,0,1,5,44,False,MODERATE,0,True,7,3,5,True,False,False
INC-2026-1170,2026-07-31T21:48:46,Badulla,WET,Forest Fire,1,LOW,88,1,Rescue Teams|Medical Kits,60,RESOLVED,CITIZEN,MOBILE_APP,SINHALA,RAIN,False,False,False,True,OFFICER-01,9,4,4,32,False,MODERATE,0,True,7,1,4,True,False,False
INC-2025-1171,2025-05-19T09:56:27,Gampaha,WET,Medical Emergency,1,LOW,48,1,Rescue Teams|Medical Kits,38,RESOLVED,CITIZEN,MOBILE_APP,SINHALA,RAIN,False,True,False,True,OFFICER-01,0,2,2,19,False,MODERATE,0,True,5,12,0,True,True,False
INC-2025-1172,2025-03-29T18:13:40,Galle,WET,High Winds/Cyclone,2,MEDIUM,146,0,Rescue Teams|Medical Kits,109,RESOLVED,CITIZEN,MOBILE_APP,SINHALA,RAIN,False,True,False,True,OFFICER-01,8,1,1,37,False,MODERATE,0,True,3,12,5,False,True,False
INC-2025-1173,2025-08-23T14:28:10,Nuwara Eliya,WET,Landslide,4,CRITICAL,1706,2,Rescue Teams|Medical Kits,62,RESOLVED,CITIZEN,MOBILE_APP,TAMIL,RAIN,True,True,False,True,OFFICER-01,10,3,4,87,False,MODERATE,0,True,8,0,5,True,False,False
INC-2025-1174,2025-02-25T10:27:36,Gampaha,WET,Medical Emergency,1,LOW,49,0,Rescue Teams|Medical Kits,41,RESOLVED,CITIZEN,MOBILE_APP,SINHALA,RAIN,False,False,False,True,OFFICER-01,9,5,2,53,False,MODERATE,0,True,2,22,1,False,False,False
INC-2025-1175,2025-07-28T04:01:16,Kegalle,WET,High Winds/Cyclone,2,MEDIUM,394,0,Rescue Teams|Medical Kits,59,RESOLVED,CITIZEN,MOBILE_APP,TAMIL,RAIN,True,False,False,True,OFFICER-01,1,1,4,17,False,MODERATE,0,True,7,18,0,True,True,False
INC-2026-1176,2026-05-24T01:40:38,Nuwara Eliya,WET,Flood,3,HIGH,6021,119,Rescue Teams|Medical Kits,111,RESOLVED,CITIZEN,MOBILE_APP,TAMIL,RAIN,True,True,False,True,OFFICER-01,9,3,1,55,False,MODERATE,0,True,5,13,6,True,True,False
INC-2025-1177,2025-12-26T20:01:21,Kegalle,WET,High Winds/Cyclone,1,LOW,378,0,Rescue Teams|Medical Kits,94,RESOLVED,CITIZEN,MOBILE_APP,TAMIL,RAIN,True,True,False,True,OFFICER-01,0,5,5,70,False,MODERATE,0,True,12,1,4,False,False,False
INC-2025-1178,2025-03-17T10:00:05,Colombo,WET,Medical Emergency,2,MEDIUM,22,1,Rescue Teams|Medical Kits,35,RESOLVED,CITIZEN,MOBILE_APP,SINHALA,RAIN,True,False,False,True,OFFICER-01,10,0,1,19,False,MODERATE,0,True,3,18,0,True,False,True
INC-2025-1179,2025-05-15T07:00:38,Puttalam,WET,High Winds/Cyclone,2,MEDIUM,239,0,Rescue Teams|Medical Kits,66,RESOLVED,CITIZEN,MOBILE_APP,ENGLISH,RAIN,False,False,False,True,OFFICER-01,0,0,4,14,False,MODERATE,0,True,5,4,3,False,True,False
INC-2025-1180,2025-09-11T18:26:21,Polonnaruwa,WET,Drought,2,MEDIUM,768,0,Rescue Teams|Medical Kits,79,RESOLVED,CITIZEN,MOBILE_APP,ENGLISH,RAIN,True,False,False,True,OFFICER-01,7,5,4,61,False,MODERATE,0,True,9,21,3,True,True,False
INC-2025-1181,2025-09-01T15:23:19,Kegalle,WET,High Winds/Cyclone,3,HIGH,566,0,Rescue Teams|Medical Kits,107,RESOLVED,CITIZEN,MOBILE_APP,SINHALA,RAIN,False,False,False,True,OFFICER-01,3,2,5,23,False,MODERATE,0,True,9,12,0,True,False,False
INC-2026-1182,2026-04-20T04:49:28,Puttalam,WET,High Winds/Cyclone,2,MEDIUM,272,0,Rescue Teams|Medical Kits,47,RESOLVED,CITIZEN,MOBILE_APP,TAMIL,RAIN,False,True,False,True,OFFICER-01,3,0,2,93,False,MODERATE,0,True,4,9,0,True,True,False
INC-2026-1183,2026-02-01T23:13:11,Anuradhapura,WET,Drought,3,HIGH,1663,0,Rescue Teams|Medical Kits,93,RESOLVED,CITIZEN,MOBILE_APP,ENGLISH,RAIN,False,False,False,True,OFFICER-01,9,5,4,12,False,MODERATE,0,True,2,4,6,True,False,False
INC-2026-1184,2026-02-03T23:49:28,Hambantota,WET,High Winds/Cyclone,2,MEDIUM,139,0,Rescue Teams|Medical Kits,15,RESOLVED,CITIZEN,MOBILE_APP,SINHALA,RAIN,True,False,False,True,OFFICER-01,0,2,1,95,False,MODERATE,0,True,2,13,1,True,True,False
INC-2026-1185,2026-02-23T20:11:15,Hambantota,WET,High Winds/Cyclone,1,LOW,93,0,Rescue Teams|Medical Kits,45,RESOLVED,CITIZEN,MOBILE_APP,TAMIL,RAIN,False,True,False,True,OFFICER-01,0,2,4,88,False,MODERATE,0,True,2,10,0,False,True,False
INC-2025-1186,2025-11-21T14:46:37,Hambantota,WET,High Winds/Cyclone,2,MEDIUM,128,0,Rescue Teams|Medical Kits,70,RESOLVED,CITIZEN,MOBILE_APP,SINHALA,RAIN,False,True,False,True,OFFICER-01,3,1,4,26,False,MODERATE,0,True,11,17,4,False,True,False
INC-2026-1187,2026-04-19T08:17:46,Polonnaruwa,WET,Drought,1,LOW,1414,0,Rescue Teams|Medical Kits,84,RESOLVED,CITIZEN,MOBILE_APP,ENGLISH,RAIN,True,False,False,True,OFFICER-01,2,3,3,13,False,MODERATE,0,True,4,23,6,False,True,False
INC-2025-1188,2025-12-04T03:20:33,Kegalle,WET,High Winds/Cyclone,2,MEDIUM,582,0,Rescue Teams|Medical Kits,92,RESOLVED,CITIZEN,MOBILE_APP,SINHALA,RAIN,False,True,False,True,OFFICER-01,1,5,4,65,False,MODERATE,0,True,12,16,3,True,True,False
INC-2025-1189,2025-09-29T07:56:19,Kegalle,WET,High Winds/Cyclone,1,LOW,395,0,Rescue Teams|Medical Kits,76,RESOLVED,CITIZEN,MOBILE_APP,ENGLISH,RAIN,False,True,False,True,OFFICER-01,6,0,5,5,False,MODERATE,0,True,9,23,0,False,False,False
INC-2026-1190,2026-08-10T19:52:11,Badulla,WET,Forest Fire,1,LOW,90,0,Rescue Teams|Medical Kits,113,RESOLVED,CITIZEN,MOBILE_APP,SINHALA,RAIN,True,False,False,True,OFFICER-01,9,1,3,77,False,MODERATE,0,True,8,16,0,True,False,False
INC-2025-1191,2025-11-15T06:19:21,Monaragala,WET,Forest Fire,1,LOW,24,0,Rescue Teams|Medical Kits,99,RESOLVED,CITIZEN,MOBILE_APP,ENGLISH,RAIN,False,False,False,True,OFFICER-01,2,5,5,2,False,MODERATE,0,True,11,17,5,True,False,False
INC-2026-1192,2026-06-29T20:49:06,Galle,WET,High Winds/Cyclone,3,HIGH,150,0,Rescue Teams|Medical Kits,72,RESOLVED,CITIZEN,MOBILE_APP,SINHALA,RAIN,False,False,False,True,OFFICER-01,4,4,4,75,False,MODERATE,0,True,6,19,0,False,False,False
INC-2025-1193,2025-09-24T17:58:22,Hambantota,WET,High Winds/Cyclone,1,LOW,91,0,Rescue Teams|Medical Kits,17,RESOLVED,CITIZEN,MOBILE_APP,ENGLISH,RAIN,True,True,False,True,OFFICER-01,4,5,3,18,False,MODERATE,0,True,9,23,2,True,False,False
INC-2025-1194,2025-11-25T14:14:56,Badulla,WET,Forest Fire,1,LOW,85,0,Rescue Teams|Medical Kits,54,RESOLVED,CITIZEN,MOBILE_APP,TAMIL,RAIN,True,False,False,True,OFFICER-01,10,3,2,71,False,MODERATE,0,True,11,0,1,False,False,False
INC-2026-1195,2026-06-17T12:12:38,Gampaha,WET,Medical Emergency,3,HIGH,49,0,Rescue Teams|Medical Kits,46,RESOLVED,CITIZEN,MOBILE_APP,ENGLISH,RAIN,False,False,False,True,OFFICER-01,7,4,5,43,False,MODERATE,0,True,6,19,2,True,False,False
INC-2025-1196,2025-11-06T15:42:36,Matara,WET,High Winds/Cyclone,2,MEDIUM,397,0,Rescue Teams|Medical Kits,36,RESOLVED,CITIZEN,MOBILE_APP,TAMIL,RAIN,True,False,False,True,OFFICER-01,10,4,3,1,False,MODERATE,0,True,11,0,3,False,True,False
INC-2025-1197,2025-05-13T17:49:55,Colombo,WET,Medical Emergency,1,LOW,17,0,Rescue Teams|Medical Kits,17,RESOLVED,CITIZEN,MOBILE_APP,TAMIL,RAIN,True,False,False,True,OFFICER-01,2,2,4,32,False,MODERATE,0,True,5,12,1,True,True,False
INC-2026-1198,2026-02-08T23:03:30,Gampaha,WET,Medical Emergency,1,LOW,16,0,Rescue Teams|Medical Kits,119,RESOLVED,CITIZEN,MOBILE_APP,TAMIL,RAIN,False,False,False,True,OFFICER-01,8,1,4,76,False,MODERATE,0,True,2,21,6,False,False,False
INC-2025-1199,2025-07-23T10:23:02,Anuradhapura,WET,Drought,4,CRITICAL,717,0,Rescue Teams|Medical Kits,20,RESOLVED,CITIZEN,MOBILE_APP,TAMIL,RAIN,False,False,False,True,OFFICER-01,5,5,3,97,False,MODERATE,0,True,7,14,2,False,True,False
INC-2025-1200,2025-03-21T02:06:33,Colombo,WET,Building Collapse,2,MEDIUM,95,0,Rescue Teams|Medical Kits,87,RESOLVED,CITIZEN,MOBILE_APP,SINHALA,RAIN,True,True,False,True,OFFICER-01,7,4,5,37,False,MODERATE,0,True,3,11,4,False,True,False
INC-2025-1201,2025-12-15T14:42:49,Badulla,WET,Forest Fire,4,CRITICAL,82,1,Rescue Teams|Medical Kits,95,RESOLVED,CITIZEN,MOBILE_APP,SINHALA,RAIN,True,False,False,True,OFFICER-01,6,2,5,15,False,MODERATE,0,True,12,5,0,False,False,False
INC-2025-1202,2025-06-29T08:46:34,Kandy,WET,Flood,4,CRITICAL,3111,0,Rescue Teams|Medical Kits,66,RESOLVED,CITIZEN,MOBILE_APP,ENGLISH,RAIN,True,False,False,True,OFFICER-01,2,2,0,48,False,MODERATE,0,True,6,15,6,True,False,True
INC-2025-1203,2025-04-08T21:40:05,Galle,WET,High Winds/Cyclone,1,LOW,79,0,Rescue Teams|Medical Kits,30,RESOLVED,CITIZEN,MOBILE_APP,TAMIL,RAIN,False,True,False,True,OFFICER-01,0,2,1,27,False,MODERATE,0,True,4,13,1,True,False,False
INC-2025-1204,2025-12-08T10:18:21,Nuwara Eliya,WET,Landslide,4,CRITICAL,2424,32,Rescue Teams|Medical Kits,27,RESOLVED,CITIZEN,MOBILE_APP,SINHALA,RAIN,True,False,False,True,OFFICER-01,8,1,2,0,False,MODERATE,0,True,12,11,0,True,True,False
INC-2025-1205,2025-03-05T13:31:38,Anuradhapura,WET,Drought,2,MEDIUM,780,0,Rescue Teams|Medical Kits,99,RESOLVED,CITIZEN,MOBILE_APP,SINHALA,RAIN,True,False,False,True,OFFICER-01,1,0,5,99,False,MODERATE,0,True,3,19,2,True,True,False
INC-2025-1206,2025-07-03T22:48:15,Anuradhapura,WET,Drought,3,HIGH,1810,0,Rescue Teams|Medical Kits,56,RESOLVED,CITIZEN,MOBILE_APP,TAMIL,RAIN,True,True,False,True,OFFICER-01,10,2,4,41,False,MODERATE,0,True,7,20,3,True,False,False
INC-2025-1207,2025-05-21T13:03:09,Hambantota,WET,High Winds/Cyclone,2,MEDIUM,124,0,Rescue Teams|Medical Kits,62,RESOLVED,CITIZEN,MOBILE_APP,TAMIL,RAIN,True,False,False,True,OFFICER-01,1,3,0,7,False,MODERATE,0,True,5,3,2,False,True,False
INC-2025-1208,2025-02-10T13:33:09,Colombo,WET,Medical Emergency,1,LOW,43,0,Rescue Teams|Medical Kits,42,RESOLVED,CITIZEN,MOBILE_APP,ENGLISH,RAIN,True,True,False,True,OFFICER-01,2,2,3,67,False,MODERATE,0,True,2,9,0,True,True,False
INC-2025-1209,2025-03-29T02:20:51,Nuwara Eliya,WET,Landslide,3,HIGH,2416,8,Rescue Teams|Medical Kits,57,RESOLVED,CITIZEN,MOBILE_APP,SINHALA,RAIN,True,False,False,True,OFFICER-01,7,4,4,3,False,MODERATE,0,True,3,8,5,False,False,False
INC-2025-1210,2025-06-01T15:27:27,Kegalle,WET,High Winds/Cyclone,2,MEDIUM,363,0,Rescue Teams|Medical Kits,19,RESOLVED,CITIZEN,MOBILE_APP,TAMIL,RAIN,True,False,False,True,OFFICER-01,7,4,4,22,False,MODERATE,0,True,6,20,6,False,True,False
INC-2025-1211,2025-10-01T21:25:55,Rathnapura,WET,Flood,1,LOW,2626,35,Rescue Teams|Medical Kits,54,RESOLVED,CITIZEN,MOBILE_APP,ENGLISH,RAIN,False,False,False,True,OFFICER-01,5,5,1,41,False,MODERATE,0,True,10,10,2,True,False,False
INC-2026-1212,2026-01-10T20:53:32,Kegalle,WET,High Winds/Cyclone,3,HIGH,562,9,Rescue Teams|Medical Kits,71,RESOLVED,CITIZEN,MOBILE_APP,TAMIL,RAIN,True,False,False,True,OFFICER-01,6,1,4,50,False,MODERATE,0,True,1,9,5,True,False,False
INC-2025-1213,2025-08-30T02:07:10,Rathnapura,WET,Flood,1,LOW,1459,13,Rescue Teams|Medical Kits,88,RESOLVED,CITIZEN,MOBILE_APP,TAMIL,RAIN,True,False,False,True,OFFICER-01,0,5,0,14,False,MODERATE,0,True,8,13,5,True,False,False
INC-2026-1214,2026-02-18T10:09:25,Kandy,WET,Flood,1,LOW,4439,62,Rescue Teams|Medical Kits,67,RESOLVED,CITIZEN,MOBILE_APP,TAMIL,RAIN,True,True,False,True,OFFICER-01,8,2,2,21,False,MODERATE,0,True,2,22,2,True,True,False
INC-2025-1215,2025-10-30T19:33:45,Nuwara Eliya,WET,Landslide,3,HIGH,1367,17,Rescue Teams|Medical Kits,86,RESOLVED,CITIZEN,MOBILE_APP,ENGLISH,RAIN,False,False,False,True,OFFICER-01,7,2,5,90,False,MODERATE,0,True,10,19,3,False,False,False
INC-2026-1216,2026-08-09T19:56:08,Gampaha,WET,Medical Emergency,1,LOW,43,1,Rescue Teams|Medical Kits,99,RESOLVED,CITIZEN,MOBILE_APP,TAMIL,RAIN,True,False,False,True,OFFICER-01,1,1,2,67,False,MODERATE,0,True,8,18,6,True,True,False
INC-2026-1217,2026-05-12T13:22:25,Matara,WET,High Winds/Cyclone,1,LOW,331,0,Rescue Teams|Medical Kits,116,RESOLVED,CITIZEN,MOBILE_APP,SINHALA,RAIN,False,False,False,True,OFFICER-01,6,3,1,66,False,MODERATE,0,True,5,8,1,False,False,False
INC-2026-1218,2026-02-11T12:19:30,Colombo,WET,Building Collapse,2,MEDIUM,33,1,Rescue Teams|Medical Kits,77,RESOLVED,CITIZEN,MOBILE_APP,TAMIL,RAIN,True,True,False,True,OFFICER-01,1,2,2,73,False,MODERATE,0,True,2,17,2,True,True,False
INC-2025-1219,2025-01-18T14:29:09,Nuwara Eliya,WET,Flood,3,HIGH,7692,43,Rescue Teams|Medical Kits,41,RESOLVED,CITIZEN,MOBILE_APP,SINHALA,RAIN,True,False,False,True,OFFICER-01,5,0,5,84,False,MODERATE,0,True,1,4,5,True,False,False
INC-2026-1220,2026-08-02T06:44:16,Colombo,WET,Medical Emergency,2,MEDIUM,42,0,Rescue Teams|Medical Kits,110,RESOLVED,CITIZEN,MOBILE_APP,TAMIL,RAIN,True,True,False,True,OFFICER-01,1,0,4,30,False,MODERATE,0,True,8,21,6,False,False,True
INC-2025-1221,2025-01-09T02:31:36,Rathnapura,WET,Flood,3,HIGH,1509,0,Rescue Teams|Medical Kits,69,RESOLVED,CITIZEN,MOBILE_APP,SINHALA,RAIN,False,False,False,True,OFFICER-01,9,0,5,67,False,MODERATE,0,True,1,20,3,False,False,False
INC-2026-1222,2026-02-20T13:20:13,Colombo,WET,Medical Emergency,1,LOW,16,0,Rescue Teams|Medical Kits,58,RESOLVED,CITIZEN,MOBILE_APP,TAMIL,RAIN,True,False,False,True,OFFICER-01,8,3,1,48,False,MODERATE,0,True,2,9,4,True,True,False
INC-2025-1223,2025-04-19T15:11:46,Colombo,WET,Building Collapse,2,MEDIUM,76,1,Rescue Teams|Medical Kits,56,RESOLVED,CITIZEN,MOBILE_APP,ENGLISH,RAIN,True,True,False,True,OFFICER-01,1,2,5,37,False,MODERATE,0,True,4,19,5,True,True,False
INC-2026-1224,2026-06-02T00:47:08,Monaragala,WET,Forest Fire,3,HIGH,41,1,Rescue Teams|Medical Kits,52,RESOLVED,CITIZEN,MOBILE_APP,SINHALA,RAIN,True,False,False,True,OFFICER-01,6,5,4,5,False,MODERATE,0,True,6,5,1,False,True,False
INC-2026-1225,2026-01-30T14:53:21,Galle,WET,High Winds/Cyclone,2,MEDIUM,111,0,Rescue Teams|Medical Kits,52,RESOLVED,CITIZEN,MOBILE_APP,SINHALA,RAIN,True,True,False,True,OFFICER-01,8,0,3,32,False,MODERATE,0,True,1,20,4,True,True,False
INC-2025-1226,2025-02-23T08:26:13,Kandy,WET,Landslide,3,HIGH,1943,5,Rescue Teams|Medical Kits,119,RESOLVED,CITIZEN,MOBILE_APP,TAMIL,RAIN,False,True,False,True,OFFICER-01,4,3,2,5,False,MODERATE,0,True,2,10,6,False,False,False
INC-2025-1227,2025-04-07T15:43:28,Gampaha,WET,Medical Emergency,1,LOW,12,1,Rescue Teams|Medical Kits,28,RESOLVED,CITIZEN,MOBILE_APP,ENGLISH,RAIN,True,True,False,True,OFFICER-01,10,2,5,34,False,MODERATE,0,True,4,13,0,False,True,False
INC-2025-1228,2025-04-01T03:30:03,Monaragala,WET,Forest Fire,2,MEDIUM,77,0,Rescue Teams|Medical Kits,48,RESOLVED,CITIZEN,MOBILE_APP,TAMIL,RAIN,True,True,False,True,OFFICER-01,10,4,5,88,False,MODERATE,0,True,4,13,1,True,True,True
INC-2026-1229,2026-03-19T11:22:39,Nuwara Eliya,WET,Flood,3,HIGH,4422,69,Rescue Teams|Medical Kits,105,RESOLVED,CITIZEN,MOBILE_APP,SINHALA,RAIN,False,False,False,True,OFFICER-01,5,4,5,58,False,MODERATE,0,True,3,8,3,True,False,False
INC-2026-1230,2026-01-17T08:09:26,Galle,WET,High Winds/Cyclone,1,LOW,81,0,Rescue Teams|Medical Kits,120,RESOLVED,CITIZEN,MOBILE_APP,ENGLISH,RAIN,False,False,False,True,OFFICER-01,0,1,2,26,False,MODERATE,0,True,1,17,5,True,False,False
INC-2026-1231,2026-08-14T07:33:05,Polonnaruwa,WET,Drought,3,HIGH,1035,0,Rescue Teams|Medical Kits,66,RESOLVED,CITIZEN,MOBILE_APP,ENGLISH,RAIN,False,True,False,True,OFFICER-01,7,3,0,32,False,MODERATE,0,True,8,11,4,True,False,False
INC-2025-1232,2025-06-30T15:00:43,Puttalam,WET,High Winds/Cyclone,2,MEDIUM,204,0,Rescue Teams|Medical Kits,31,RESOLVED,CITIZEN,MOBILE_APP,ENGLISH,RAIN,False,False,False,True,OFFICER-01,2,2,2,100,False,MODERATE,0,True,6,20,0,True,False,False
INC-2025-1233,2025-01-31T16:41:30,Hambantota,WET,High Winds/Cyclone,3,HIGH,83,1,Rescue Teams|Medical Kits,23,RESOLVED,CITIZEN,MOBILE_APP,SINHALA,RAIN,True,False,False,True,OFFICER-01,0,5,5,63,False,MODERATE,0,True,1,20,4,True,True,True
INC-2025-1234,2025-03-19T10:37:54,Kandy,WET,Landslide,1,LOW,1657,18,Rescue Teams|Medical Kits,33,RESOLVED,CITIZEN,MOBILE_APP,SINHALA,RAIN,True,False,False,True,OFFICER-01,4,4,3,3,False,MODERATE,0,True,3,19,2,True,False,True
INC-2025-1235,2025-04-28T07:16:45,Anuradhapura,WET,Drought,3,HIGH,1298,0,Rescue Teams|Medical Kits,38,RESOLVED,CITIZEN,MOBILE_APP,ENGLISH,RAIN,False,False,False,True,OFFICER-01,0,2,5,82,False,MODERATE,0,True,4,2,0,True,True,False
INC-2025-1236,2025-05-14T21:36:27,Matara,WET,High Winds/Cyclone,4,CRITICAL,314,5,Rescue Teams|Medical Kits,34,RESOLVED,CITIZEN,MOBILE_APP,TAMIL,RAIN,True,False,False,True,OFFICER-01,6,3,5,83,False,MODERATE,0,True,5,13,2,True,True,False
INC-2025-1237,2025-02-13T13:36:12,Hambantota,WET,High Winds/Cyclone,1,LOW,69,0,Rescue Teams|Medical Kits,67,RESOLVED,CITIZEN,MOBILE_APP,TAMIL,RAIN,False,True,False,True,OFFICER-01,9,0,0,43,False,MODERATE,0,True,2,13,3,False,True,False
INC-2026-1238,2026-01-05T13:28:54,Monaragala,WET,Forest Fire,1,LOW,50,1,Rescue Teams|Medical Kits,26,RESOLVED,CITIZEN,MOBILE_APP,SINHALA,RAIN,True,False,False,True,OFFICER-01,0,5,3,21,False,MODERATE,0,True,1,0,0,True,False,False
INC-2025-1239,2025-03-14T15:25:02,Hambantota,WET,High Winds/Cyclone,1,LOW,63,0,Rescue Teams|Medical Kits,18,RESOLVED,CITIZEN,MOBILE_APP,ENGLISH,RAIN,False,False,False,True,OFFICER-01,5,5,2,95,False,MODERATE,0,True,3,2,4,True,False,False
INC-2025-1240,2025-03-28T21:29:41,Badulla,WET,Forest Fire,4,CRITICAL,73,1,Rescue Teams|Medical Kits,120,RESOLVED,CITIZEN,MOBILE_APP,SINHALA,RAIN,True,True,False,True,OFFICER-01,4,2,1,23,False,MODERATE,0,True,3,14,4,False,True,False
INC-2025-1241,2025-04-23T00:32:35,Gampaha,WET,Medical Emergency,1,LOW,15,0,Rescue Teams|Medical Kits,108,RESOLVED,CITIZEN,MOBILE_APP,SINHALA,RAIN,True,False,False,True,OFFICER-01,9,2,2,94,False,MODERATE,0,True,4,2,2,True,True,False
INC-2026-1242,2026-01-04T12:34:54,Monaragala,WET,Forest Fire,3,HIGH,33,0,Rescue Teams|Medical Kits,92,RESOLVED,CITIZEN,MOBILE_APP,ENGLISH,RAIN,False,False,False,True,OFFICER-01,8,0,5,17,False,MODERATE,0,True,1,7,6,True,False,False
INC-2025-1243,2025-09-25T22:16:01,Kandy,WET,Landslide,4,CRITICAL,1917,35,Rescue Teams|Medical Kits,26,RESOLVED,CITIZEN,MOBILE_APP,SINHALA,RAIN,True,False,False,True,OFFICER-01,6,4,3,96,False,MODERATE,0,True,9,3,3,True,True,False
INC-2026-1244,2026-07-23T22:55:01,Nuwara Eliya,WET,Landslide,4,CRITICAL,2042,27,Rescue Teams|Medical Kits,22,RESOLVED,CITIZEN,MOBILE_APP,SINHALA,RAIN,True,True,False,True,OFFICER-01,8,4,2,39,False,MODERATE,0,True,7,21,3,True,False,False
INC-2025-1245,2025-07-21T00:42:55,Monaragala,WET,Forest Fire,2,MEDIUM,13,0,Rescue Teams|Medical Kits,87,RESOLVED,CITIZEN,MOBILE_APP,SINHALA,RAIN,True,True,False,True,OFFICER-01,1,3,2,5,False,MODERATE,0,True,7,18,0,False,False,True
INC-2025-1246,2025-11-10T12:50:27,Kandy,WET,Flood,3,HIGH,4339,0,Rescue Teams|Medical Kits,40,RESOLVED,CITIZEN,MOBILE_APP,ENGLISH,RAIN,True,False,False,True,OFFICER-01,3,2,4,34,False,MODERATE,0,True,11,6,0,False,False,False
INC-2025-1247,2025-12-06T11:07:58,Polonnaruwa,WET,Drought,2,MEDIUM,776,0,Rescue Teams|Medical Kits,106,RESOLVED,CITIZEN,MOBILE_APP,SINHALA,RAIN,True,True,False,True,OFFICER-01,2,0,1,25,False,MODERATE,0,True,12,16,5,True,True,False
INC-2026-1248,2026-06-18T01:55:03,Anuradhapura,WET,Drought,2,MEDIUM,803,0,Rescue Teams|Medical Kits,46,RESOLVED,CITIZEN,MOBILE_APP,ENGLISH,RAIN,True,True,False,True,OFFICER-01,6,3,1,75,False,MODERATE,0,True,6,0,3,True,False,False
INC-2026-1249,2026-04-21T11:58:56,Puttalam,WET,High Winds/Cyclone,2,MEDIUM,202,1,Rescue Teams|Medical Kits,120,RESOLVED,CITIZEN,MOBILE_APP,SINHALA,RAIN,True,False,False,True,OFFICER-01,2,5,3,25,False,MODERATE,0,True,4,2,1,True,True,False
INC-2026-1250,2026-07-31T10:57:00,Monaragala,WET,Forest Fire,2,MEDIUM,78,0,Rescue Teams|Medical Kits,25,RESOLVED,CITIZEN,MOBILE_APP,TAMIL,RAIN,True,False,False,True,OFFICER-01,6,3,2,49,False,MODERATE,0,True,7,0,4,True,False,True
INC-2025-1251,2025-02-01T13:24:24,Kegalle,WET,High Winds/Cyclone,1,LOW,325,5,Rescue Teams|Medical Kits,46,RESOLVED,CITIZEN,MOBILE_APP,ENGLISH,RAIN,True,False,False,True,OFFICER-01,1,0,4,10,False,MODERATE,0,True,2,7,5,False,False,False
INC-2025-1252,2025-03-13T19:42:29,Colombo,WET,Medical Emergency,1,LOW,48,0,Rescue Teams|Medical Kits,118,RESOLVED,CITIZEN,MOBILE_APP,TAMIL,RAIN,True,True,False,True,OFFICER-01,0,0,2,26,False,MODERATE,0,True,3,9,3,True,False,False
INC-2026-1253,2026-08-16T08:37:26,Colombo,WET,Medical Emergency,1,LOW,25,1,Rescue Teams|Medical Kits,66,RESOLVED,CITIZEN,MOBILE_APP,ENGLISH,RAIN,True,False,False,True,OFFICER-01,7,1,5,6,False,MODERATE,0,True,8,8,6,True,False,False
INC-2025-1254,2025-02-15T11:38:27,Puttalam,WET,High Winds/Cyclone,2,MEDIUM,481,1,Rescue Teams|Medical Kits,72,RESOLVED,CITIZEN,MOBILE_APP,TAMIL,RAIN,True,True,False,True,OFFICER-01,4,0,1,50,False,MODERATE,0,True,2,16,5,False,False,True
INC-2025-1255,2025-01-27T03:51:13,Galle,WET,High Winds/Cyclone,2,MEDIUM,185,0,Rescue Teams|Medical Kits,39,RESOLVED,CITIZEN,MOBILE_APP,ENGLISH,RAIN,True,False,False,True,OFFICER-01,4,1,1,44,False,MODERATE,0,True,1,14,0,True,False,False
INC-2025-1256,2025-01-14T12:18:02,Monaragala,WET,Forest Fire,1,LOW,11,0,Rescue Teams|Medical Kits,23,RESOLVED,CITIZEN,MOBILE_APP,TAMIL,RAIN,True,False,False,True,OFFICER-01,2,5,2,44,False,MODERATE,0,True,1,22,1,False,False,False
INC-2025-1257,2025-08-11T19:32:43,Nuwara Eliya,WET,Flood,3,HIGH,6256,5,Rescue Teams|Medical Kits,33,RESOLVED,CITIZEN,MOBILE_APP,ENGLISH,RAIN,True,True,False,True,OFFICER-01,1,0,0,92,False,MODERATE,0,True,8,0,0,True,True,False
INC-2025-1258,2025-06-05T17:39:44,Hambantota,WET,High Winds/Cyclone,2,MEDIUM,66,0,Rescue Teams|Medical Kits,62,RESOLVED,CITIZEN,MOBILE_APP,SINHALA,RAIN,False,True,False,True,OFFICER-01,7,5,3,55,False,MODERATE,0,True,6,0,3,False,True,True
INC-2025-1259,2025-06-24T06:54:07,Colombo,WET,Medical Emergency,1,LOW,26,1,Rescue Teams|Medical Kits,64,RESOLVED,CITIZEN,MOBILE_APP,SINHALA,RAIN,True,True,False,True,OFFICER-01,1,4,0,42,False,MODERATE,0,True,6,14,1,True,True,False
INC-2025-1260,2025-01-06T07:34:24,Kegalle,WET,High Winds/Cyclone,2,MEDIUM,487,0,Rescue Teams|Medical Kits,68,RESOLVED,CITIZEN,MOBILE_APP,SINHALA,RAIN,False,True,False,True,OFFICER-01,7,3,4,21,False,MODERATE,0,True,1,15,0,False,True,False
INC-2025-1261,2025-09-04T21:09:33,Hambantota,WET,High Winds/Cyclone,1,LOW,146,0,Rescue Teams|Medical Kits,105,RESOLVED,CITIZEN,MOBILE_APP,ENGLISH,RAIN,False,False,False,True,OFFICER-01,5,5,3,19,False,MODERATE,0,True,9,14,3,False,False,False
INC-2025-1262,2025-08-03T10:10:03,Galle,WET,High Winds/Cyclone,1,LOW,69,0,Rescue Teams|Medical Kits,52,RESOLVED,CITIZEN,MOBILE_APP,ENGLISH,RAIN,True,False,False,True,OFFICER-01,7,0,5,20,False,MODERATE,0,True,8,14,6,True,False,False
INC-2026-1263,2026-05-12T09:54:36,Kandy,WET,Flood,3,HIGH,2850,3,Rescue Teams|Medical Kits,49,RESOLVED,CITIZEN,MOBILE_APP,SINHALA,RAIN,False,True,False,True,OFFICER-01,4,0,2,92,False,MODERATE,0,True,5,9,1,False,True,False
INC-2026-1264,2026-07-28T22:28:48,Badulla,WET,Forest Fire,1,LOW,58,0,Rescue Teams|Medical Kits,47,RESOLVED,CITIZEN,MOBILE_APP,TAMIL,RAIN,False,False,False,True,OFFICER-01,2,0,3,84,False,MODERATE,0,True,7,8,1,True,True,False
INC-2025-1265,2025-08-08T20:31:33,Kandy,WET,Landslide,3,HIGH,1816,0,Rescue Teams|Medical Kits,15,RESOLVED,CITIZEN,MOBILE_APP,TAMIL,RAIN,True,False,False,True,OFFICER-01,6,1,2,28,False,MODERATE,0,True,8,17,4,False,False,False
INC-2026-1266,2026-06-10T23:19:49,Colombo,WET,Medical Emergency,1,LOW,47,0,Rescue Teams|Medical Kits,17,RESOLVED,CITIZEN,MOBILE_APP,ENGLISH,RAIN,True,False,False,True,OFFICER-01,6,2,0,44,False,MODERATE,0,True,6,16,2,False,False,False
INC-2025-1267,2025-03-20T06:14:14,Puttalam,WET,High Winds/Cyclone,2,MEDIUM,222,2,Rescue Teams|Medical Kits,30,RESOLVED,CITIZEN,MOBILE_APP,TAMIL,RAIN,False,True,False,True,OFFICER-01,6,0,2,78,False,MODERATE,0,True,3,2,3,True,True,False
INC-2025-1268,2025-11-26T05:46:10,Polonnaruwa,WET,Drought,2,MEDIUM,504,0,Rescue Teams|Medical Kits,22,RESOLVED,CITIZEN,MOBILE_APP,TAMIL,RAIN,True,False,False,True,OFFICER-01,3,0,4,57,False,MODERATE,0,True,11,16,2,True,False,False
INC-2025-1269,2025-03-04T06:41:56,Kandy,WET,Flood,3,HIGH,2366,0,Rescue Teams|Medical Kits,27,RESOLVED,CITIZEN,MOBILE_APP,TAMIL,RAIN,True,False,False,True,OFFICER-01,7,5,4,53,False,MODERATE,0,True,3,3,1,True,False,False
INC-2026-1270,2026-08-05T22:22:48,Kandy,WET,Flood,3,HIGH,2429,0,Rescue Teams|Medical Kits,21,RESOLVED,CITIZEN,MOBILE_APP,TAMIL,RAIN,False,False,False,True,OFFICER-01,8,2,0,74,False,MODERATE,0,True,8,11,2,False,True,False
INC-2026-1271,2026-05-10T02:22:12,Nuwara Eliya,WET,Landslide,4,CRITICAL,1755,22,Rescue Teams|Medical Kits,17,RESOLVED,CITIZEN,MOBILE_APP,ENGLISH,RAIN,True,False,False,True,OFFICER-01,2,4,4,86,False,MODERATE,0,True,5,10,6,False,True,False
INC-2026-1272,2026-02-10T21:42:48,Monaragala,WET,Forest Fire,2,MEDIUM,10,0,Rescue Teams|Medical Kits,80,RESOLVED,CITIZEN,MOBILE_APP,SINHALA,RAIN,False,True,False,True,OFFICER-01,9,3,1,16,False,MODERATE,0,True,2,3,1,True,True,False
INC-2026-1273,2026-06-10T17:19:33,Matara,WET,High Winds/Cyclone,2,MEDIUM,296,0,Rescue Teams|Medical Kits,28,RESOLVED,CITIZEN,MOBILE_APP,SINHALA,RAIN,True,False,False,True,OFFICER-01,2,2,4,1,False,MODERATE,0,True,6,7,2,True,True,False
INC-2025-1274,2025-10-01T07:51:14,Gampaha,WET,Medical Emergency,1,LOW,39,0,Rescue Teams|Medical Kits,65,RESOLVED,CITIZEN,MOBILE_APP,SINHALA,RAIN,True,False,False,True,OFFICER-01,2,0,3,74,False,MODERATE,0,True,10,9,2,True,False,False
INC-2025-1275,2025-10-26T14:42:01,Kandy,WET,Flood,3,HIGH,4467,0,Rescue Teams|Medical Kits,23,RESOLVED,CITIZEN,MOBILE_APP,ENGLISH,RAIN,True,False,False,True,OFFICER-01,9,5,0,31,False,MODERATE,0,True,10,0,6,False,True,False
INC-2026-1276,2026-06-26T08:40:33,Gampaha,WET,Medical Emergency,4,CRITICAL,19,1,Rescue Teams|Medical Kits,61,RESOLVED,CITIZEN,MOBILE_APP,SINHALA,RAIN,True,False,False,True,OFFICER-01,10,4,2,100,False,MODERATE,0,True,6,12,4,False,False,False
INC-2025-1277,2025-08-08T02:09:10,Hambantota,WET,High Winds/Cyclone,4,CRITICAL,77,0,Rescue Teams|Medical Kits,16,RESOLVED,CITIZEN,MOBILE_APP,ENGLISH,RAIN,True,True,False,True,OFFICER-01,1,5,3,76,False,MODERATE,0,True,8,9,4,False,False,False
INC-2025-1278,2025-01-13T00:23:12,Rathnapura,WET,Flood,3,HIGH,1647,0,Rescue Teams|Medical Kits,104,RESOLVED,CITIZEN,MOBILE_APP,ENGLISH,RAIN,False,False,False,True,OFFICER-01,6,5,1,29,False,MODERATE,0,True,1,11,0,True,True,False
INC-2025-1279,2025-06-30T17:19:50,Colombo,WET,Medical Emergency,1,LOW,29,0,Rescue Teams|Medical Kits,34,RESOLVED,CITIZEN,MOBILE_APP,ENGLISH,RAIN,False,False,False,True,OFFICER-01,8,4,3,15,False,MODERATE,0,True,6,8,0,True,False,False
INC-2026-1280,2026-01-02T23:16:03,Colombo,WET,Medical Emergency,1,LOW,25,0,Rescue Teams|Medical Kits,27,RESOLVED,CITIZEN,MOBILE_APP,SINHALA,RAIN,False,False,False,True,OFFICER-01,3,4,2,97,False,MODERATE,0,True,1,2,4,False,False,False
INC-2026-1281,2026-01-29T13:22:47,Anuradhapura,WET,Drought,3,HIGH,701,0,Rescue Teams|Medical Kits,64,RESOLVED,CITIZEN,MOBILE_APP,SINHALA,RAIN,False,False,False,True,OFFICER-01,2,2,2,55,False,MODERATE,0,True,1,21,3,True,False,True
INC-2026-1282,2026-08-23T09:33:56,Gampaha,WET,Medical Emergency,1,LOW,27,0,Rescue Teams|Medical Kits,30,RESOLVED,CITIZEN,MOBILE_APP,ENGLISH,RAIN,True,True,False,True,OFFICER-01,6,2,5,61,False,MODERATE,0,True,8,0,6,True,True,False
INC-2026-1283,2026-01-09T17:22:07,Kegalle,WET,High Winds/Cyclone,3,HIGH,331,0,Rescue Teams|Medical Kits,79,RESOLVED,CITIZEN,MOBILE_APP,ENGLISH,RAIN,False,True,False,True,OFFICER-01,7,5,1,49,False,MODERATE,0,True,1,5,4,True,True,True
INC-2025-1284,2025-05-06T19:51:18,Kandy,WET,Flood,3,HIGH,4304,34,Rescue Teams|Medical Kits,20,RESOLVED,CITIZEN,MOBILE_APP,ENGLISH,RAIN,True,False,False,True,OFFICER-01,6,3,2,17,False,MODERATE,0,True,5,14,1,True,False,False
INC-2025-1285,2025-12-12T21:21:29,Nuwara Eliya,WET,Flood,3,HIGH,6090,19,Rescue Teams|Medical Kits,68,RESOLVED,CITIZEN,MOBILE_APP,TAMIL,RAIN,False,False,False,True,OFFICER-01,2,2,4,16,False,MODERATE,0,True,12,6,4,False,False,False
INC-2026-1286,2026-02-15T21:31:56,Matara,WET,High Winds/Cyclone,1,LOW,320,0,Rescue Teams|Medical Kits,65,RESOLVED,CITIZEN,MOBILE_APP,TAMIL,RAIN,False,False,False,True,OFFICER-01,10,1,1,7,False,MODERATE,0,True,2,0,6,False,False,False
INC-2025-1287,2025-10-15T18:55:28,Colombo,WET,Medical Emergency,1,LOW,25,1,Rescue Teams|Medical Kits,56,RESOLVED,CITIZEN,MOBILE_APP,TAMIL,RAIN,True,False,False,True,OFFICER-01,7,3,2,99,False,MODERATE,0,True,10,4,2,False,False,False
INC-2025-1288,2025-09-02T02:25:43,Nuwara Eliya,WET,Flood,4,CRITICAL,4571,42,Rescue Teams|Medical Kits,90,RESOLVED,CITIZEN,MOBILE_APP,TAMIL,RAIN,False,False,False,True,OFFICER-01,0,1,4,33,False,MODERATE,0,True,9,15,1,False,False,False
INC-2025-1289,2025-05-21T12:44:10,Galle,WET,High Winds/Cyclone,1,LOW,172,0,Rescue Teams|Medical Kits,76,RESOLVED,CITIZEN,MOBILE_APP,SINHALA,RAIN,False,True,False,True,OFFICER-01,1,0,3,47,False,MODERATE,0,True,5,1,2,False,False,False
INC-2025-1290,2025-11-27T19:50:34,Anuradhapura,WET,Drought,3,HIGH,1742,0,Rescue Teams|Medical Kits,85,RESOLVED,CITIZEN,MOBILE_APP,ENGLISH,RAIN,False,False,False,True,OFFICER-01,9,4,1,4,False,MODERATE,0,True,11,19,3,True,True,False
INC-2025-1291,2025-05-17T11:41:04,Gampaha,WET,Medical Emergency,1,LOW,16,0,Rescue Teams|Medical Kits,87,RESOLVED,CITIZEN,MOBILE_APP,TAMIL,RAIN,True,True,False,True,OFFICER-01,0,0,2,23,False,MODERATE,0,True,5,5,5,True,False,False
INC-2025-1292,2025-07-28T15:46:05,Colombo,WET,Building Collapse,4,CRITICAL,83,0,Rescue Teams|Medical Kits,72,RESOLVED,CITIZEN,MOBILE_APP,SINHALA,RAIN,False,False,False,True,OFFICER-01,5,5,0,4,False,MODERATE,0,True,7,0,0,True,True,False
INC-2026-1293,2026-03-30T01:32:49,Nuwara Eliya,WET,Landslide,4,CRITICAL,1206,14,Rescue Teams|Medical Kits,115,RESOLVED,CITIZEN,MOBILE_APP,ENGLISH,RAIN,False,False,False,True,OFFICER-01,6,1,4,0,False,MODERATE,0,True,3,3,0,True,True,False
INC-2026-1294,2026-03-14T03:45:21,Kegalle,WET,High Winds/Cyclone,2,MEDIUM,316,0,Rescue Teams|Medical Kits,28,RESOLVED,CITIZEN,MOBILE_APP,TAMIL,RAIN,False,False,False,True,OFFICER-01,9,1,5,77,False,MODERATE,0,True,3,19,5,True,True,False
INC-2025-1295,2025-04-09T19:33:47,Kegalle,WET,High Winds/Cyclone,3,HIGH,536,0,Rescue Teams|Medical Kits,21,RESOLVED,CITIZEN,MOBILE_APP,ENGLISH,RAIN,True,False,False,True,OFFICER-01,9,3,0,16,False,MODERATE,0,True,4,18,2,True,False,True
INC-2026-1296,2026-07-13T02:18:03,Badulla,WET,Forest Fire,1,LOW,63,0,Rescue Teams|Medical Kits,48,RESOLVED,CITIZEN,MOBILE_APP,TAMIL,RAIN,True,False,False,True,OFFICER-01,10,4,2,2,False,MODERATE,0,True,7,20,0,False,False,False
INC-2026-1297,2026-07-16T09:42:24,Monaragala,WET,Forest Fire,4,CRITICAL,10,0,Rescue Teams|Medical Kits,84,RESOLVED,CITIZEN,MOBILE_APP,SINHALA,RAIN,False,False,False,True,OFFICER-01,10,5,0,72,False,MODERATE,0,True,7,11,3,True,True,False
INC-2026-1298,2026-04-08T04:00:41,Hambantota,WET,High Winds/Cyclone,1,LOW,55,0,Rescue Teams|Medical Kits,19,RESOLVED,CITIZEN,MOBILE_APP,TAMIL,RAIN,False,True,False,True,OFFICER-01,3,1,1,44,False,MODERATE,0,True,4,7,2,False,False,False
INC-2025-1299,2025-07-12T01:22:33,Matara,WET,High Winds/Cyclone,2,MEDIUM,205,0,Rescue Teams|Medical Kits,22,RESOLVED,CITIZEN,MOBILE_APP,SINHALA,RAIN,False,False,False,True,OFFICER-01,9,5,1,43,False,MODERATE,0,True,7,11,5,True,True,False
INC-2025-1300,2025-09-13T04:49:01,Nuwara Eliya,WET,Landslide,4,CRITICAL,2430,3,Rescue Teams|Medical Kits,114,RESOLVED,CITIZEN,MOBILE_APP,SINHALA,RAIN,False,True,False,True,OFFICER-01,3,1,2,31,False,MODERATE,0,True,9,9,5,True,False,False
INC-2025-1301,2025-05-07T18:28:50,Colombo,WET,Building Collapse,2,MEDIUM,95,1,Rescue Teams|Medical Kits,49,RESOLVED,CITIZEN,MOBILE_APP,ENGLISH,RAIN,True,True,False,True,OFFICER-01,1,1,4,7,False,MODERATE,0,True,5,20,2,True,False,False
INC-2025-1302,2025-09-16T21:54:12,Monaragala,WET,Forest Fire,2,MEDIUM,60,0,Rescue Teams|Medical Kits,76,RESOLVED,CITIZEN,MOBILE_APP,ENGLISH,RAIN,True,False,False,True,OFFICER-01,4,4,2,35,False,MODERATE,0,True,9,4,1,False,True,True
INC-2025-1303,2025-02-20T22:14:55,Hambantota,WET,High Winds/Cyclone,4,CRITICAL,51,0,Rescue Teams|Medical Kits,38,RESOLVED,CITIZEN,MOBILE_APP,ENGLISH,RAIN,True,False,False,True,OFFICER-01,7,0,5,29,False,MODERATE,0,True,2,14,3,False,False,False
INC-2026-1304,2026-01-10T02:00:08,Puttalam,WET,High Winds/Cyclone,1,LOW,390,0,Rescue Teams|Medical Kits,66,RESOLVED,CITIZEN,MOBILE_APP,ENGLISH,RAIN,True,False,False,True,OFFICER-01,6,0,1,89,False,MODERATE,0,True,1,10,5,False,False,False
INC-2026-1305,2026-04-28T04:45:09,Nuwara Eliya,WET,Flood,4,CRITICAL,6487,59,Rescue Teams|Medical Kits,105,RESOLVED,CITIZEN,MOBILE_APP,SINHALA,RAIN,True,True,False,True,OFFICER-01,1,2,5,29,False,MODERATE,0,True,4,8,1,True,False,False
INC-2025-1306,2025-10-03T10:42:10,Colombo,WET,Medical Emergency,1,LOW,10,1,Rescue Teams|Medical Kits,71,RESOLVED,CITIZEN,MOBILE_APP,ENGLISH,RAIN,True,False,False,True,OFFICER-01,9,3,5,17,False,MODERATE,0,True,10,9,4,False,True,False
INC-2025-1307,2025-12-29T01:26:15,Kandy,WET,Landslide,4,CRITICAL,1739,0,Rescue Teams|Medical Kits,117,RESOLVED,CITIZEN,MOBILE_APP,TAMIL,RAIN,True,False,False,True,OFFICER-01,5,5,4,14,False,MODERATE,0,True,12,16,0,True,True,False
INC-2026-1308,2026-07-26T15:10:21,Hambantota,WET,High Winds/Cyclone,1,LOW,50,0,Rescue Teams|Medical Kits,36,RESOLVED,CITIZEN,MOBILE_APP,TAMIL,RAIN,True,True,False,True,OFFICER-01,9,4,3,45,False,MODERATE,0,True,7,18,6,True,False,False
INC-2025-1309,2025-10-06T01:00:55,Puttalam,WET,High Winds/Cyclone,1,LOW,229,4,Rescue Teams|Medical Kits,109,RESOLVED,CITIZEN,MOBILE_APP,TAMIL,RAIN,True,False,False,True,OFFICER-01,8,1,5,69,False,MODERATE,0,True,10,16,0,False,False,False
INC-2026-1310,2026-08-25T20:01:06,Hambantota,WET,High Winds/Cyclone,2,MEDIUM,91,0,Rescue Teams|Medical Kits,114,RESOLVED,CITIZEN,MOBILE_APP,SINHALA,RAIN,True,False,False,True,OFFICER-01,5,2,1,99,False,MODERATE,0,True,8,23,1,True,False,False
INC-2026-1311,2026-07-27T12:47:51,Colombo,WET,Medical Emergency,1,LOW,33,1,Rescue Teams|Medical Kits,96,RESOLVED,CITIZEN,MOBILE_APP,ENGLISH,RAIN,True,False,False,True,OFFICER-01,2,2,3,22,False,MODERATE,0,True,7,3,0,True,True,False
INC-2025-1312,2025-05-27T13:40:40,Badulla,WET,Forest Fire,1,LOW,85,0,Rescue Teams|Medical Kits,88,RESOLVED,CITIZEN,MOBILE_APP,SINHALA,RAIN,True,True,False,True,OFFICER-01,9,0,0,77,False,MODERATE,0,True,5,5,1,False,True,False
INC-2025-1313,2025-11-03T08:30:10,Badulla,WET,Forest Fire,1,LOW,31,0,Rescue Teams|Medical Kits,70,RESOLVED,CITIZEN,MOBILE_APP,SINHALA,RAIN,False,True,False,True,OFFICER-01,2,0,3,36,False,MODERATE,0,True,11,10,0,True,True,False
INC-2025-1314,2025-01-15T13:46:07,Kandy,WET,Flood,3,HIGH,4937,10,Rescue Teams|Medical Kits,74,RESOLVED,CITIZEN,MOBILE_APP,SINHALA,RAIN,False,True,False,True,OFFICER-01,1,4,1,48,False,MODERATE,0,True,1,17,2,True,True,False
INC-2026-1315,2026-06-24T16:31:46,Nuwara Eliya,WET,Flood,4,CRITICAL,3383,3,Rescue Teams|Medical Kits,68,RESOLVED,CITIZEN,MOBILE_APP,SINHALA,RAIN,True,True,False,True,OFFICER-01,7,3,1,50,False,MODERATE,0,True,6,12,2,True,False,True
INC-2025-1316,2025-06-19T15:03:33,Nuwara Eliya,WET,Landslide,3,HIGH,2251,23,Rescue Teams|Medical Kits,101,RESOLVED,CITIZEN,MOBILE_APP,SINHALA,RAIN,True,False,False,True,OFFICER-01,3,1,3,14,False,MODERATE,0,True,6,2,3,True,True,False
INC-2026-1317,2026-05-15T08:47:16,Nuwara Eliya,WET,Flood,3,HIGH,5121,12,Rescue Teams|Medical Kits,110,RESOLVED,CITIZEN,MOBILE_APP,SINHALA,RAIN,True,False,False,True,OFFICER-01,7,1,3,60,False,MODERATE,0,True,5,12,4,True,False,False
INC-2026-1318,2026-02-11T12:07:01,Colombo,WET,Building Collapse,3,HIGH,66,1,Rescue Teams|Medical Kits,69,RESOLVED,CITIZEN,MOBILE_APP,SINHALA,RAIN,True,False,False,True,OFFICER-01,7,2,2,12,False,MODERATE,0,True,2,19,2,True,False,False
INC-2026-1319,2026-03-04T13:40:21,Polonnaruwa,WET,Drought,2,MEDIUM,951,0,Rescue Teams|Medical Kits,51,RESOLVED,CITIZEN,MOBILE_APP,TAMIL,RAIN,True,True,False,True,OFFICER-01,3,3,2,34,False,MODERATE,0,True,3,5,2,False,False,False
INC-2025-1320,2025-03-02T09:43:36,Kandy,WET,Landslide,2,MEDIUM,1516,9,Rescue Teams|Medical Kits,52,RESOLVED,CITIZEN,MOBILE_APP,TAMIL,RAIN,True,False,False,True,OFFICER-01,5,5,1,48,False,MODERATE,0,True,3,8,6,False,False,False
INC-2025-1321,2025-11-21T16:29:15,Galle,WET,High Winds/Cyclone,2,MEDIUM,193,0,Rescue Teams|Medical Kits,15,RESOLVED,CITIZEN,MOBILE_APP,TAMIL,RAIN,True,False,False,True,OFFICER-01,5,1,4,43,False,MODERATE,0,True,11,22,4,True,True,False
INC-2026-1322,2026-01-10T03:42:09,Colombo,WET,Medical Emergency,1,LOW,27,1,Rescue Teams|Medical Kits,48,RESOLVED,CITIZEN,MOBILE_APP,TAMIL,RAIN,True,True,False,True,OFFICER-01,6,0,2,62,False,MODERATE,0,True,1,1,5,True,False,False
INC-2026-1323,2026-07-27T11:24:23,Badulla,WET,Forest Fire,3,HIGH,22,0,Rescue Teams|Medical Kits,98,RESOLVED,CITIZEN,MOBILE_APP,ENGLISH,RAIN,True,False,False,True,OFFICER-01,6,2,3,59,False,MODERATE,0,True,7,14,0,False,False,False
INC-2026-1324,2026-06-12T17:36:57,Galle,WET,High Winds/Cyclone,3,HIGH,149,0,Rescue Teams|Medical Kits,119,RESOLVED,CITIZEN,MOBILE_APP,TAMIL,RAIN,False,False,False,True,OFFICER-01,9,4,0,7,False,MODERATE,0,True,6,11,4,False,False,False
INC-2025-1325,2025-12-18T17:01:03,Galle,WET,High Winds/Cyclone,2,MEDIUM,171,0,Rescue Teams|Medical Kits,86,RESOLVED,CITIZEN,MOBILE_APP,ENGLISH,RAIN,True,False,False,True,OFFICER-01,0,2,1,46,False,MODERATE,0,True,12,10,3,False,True,False
INC-2026-1326,2026-08-08T19:03:00,Badulla,WET,Forest Fire,1,LOW,64,1,Rescue Teams|Medical Kits,100,RESOLVED,CITIZEN,MOBILE_APP,SINHALA,RAIN,True,False,False,True,OFFICER-01,0,3,3,89,False,MODERATE,0,True,8,7,5,True,False,False
INC-2026-1327,2026-03-02T15:20:30,Puttalam,WET,High Winds/Cyclone,1,LOW,269,2,Rescue Teams|Medical Kits,72,RESOLVED,CITIZEN,MOBILE_APP,TAMIL,RAIN,False,False,False,True,OFFICER-01,10,4,3,42,False,MODERATE,0,True,3,8,0,False,False,False
INC-2026-1328,2026-01-26T05:04:02,Matara,WET,High Winds/Cyclone,2,MEDIUM,268,0,Rescue Teams|Medical Kits,80,RESOLVED,CITIZEN,MOBILE_APP,TAMIL,RAIN,True,False,False,True,OFFICER-01,9,4,3,51,False,MODERATE,0,True,1,13,0,True,False,False
INC-2026-1329,2026-07-31T05:51:01,Nuwara Eliya,WET,Flood,1,LOW,5579,82,Rescue Teams|Medical Kits,86,RESOLVED,CITIZEN,MOBILE_APP,ENGLISH,RAIN,False,False,False,True,OFFICER-01,1,4,3,87,False,MODERATE,0,True,7,4,4,False,False,False
INC-2025-1330,2025-01-24T02:23:07,Monaragala,WET,Forest Fire,1,LOW,62,0,Rescue Teams|Medical Kits,118,RESOLVED,CITIZEN,MOBILE_APP,TAMIL,RAIN,False,True,False,True,OFFICER-01,9,1,4,78,False,MODERATE,0,True,1,21,4,False,False,False
INC-2026-1331,2026-06-07T15:50:16,Rathnapura,WET,Flood,3,HIGH,2160,0,Rescue Teams|Medical Kits,44,RESOLVED,CITIZEN,MOBILE_APP,ENGLISH,RAIN,False,False,False,True,OFFICER-01,1,3,5,0,False,MODERATE,0,True,6,10,6,True,False,False
INC-2025-1332,2025-08-28T04:48:31,Badulla,WET,Forest Fire,1,LOW,88,0,Rescue Teams|Medical Kits,26,RESOLVED,CITIZEN,MOBILE_APP,TAMIL,RAIN,True,False,False,True,OFFICER-01,3,2,2,87,False,MODERATE,0,True,8,18,3,True,True,False
INC-2025-1333,2025-03-29T17:37:43,Nuwara Eliya,WET,Flood,3,HIGH,5312,73,Rescue Teams|Medical Kits,15,RESOLVED,CITIZEN,MOBILE_APP,ENGLISH,RAIN,False,False,False,True,OFFICER-01,4,4,4,20,False,MODERATE,0,True,3,2,5,True,False,False
INC-2025-1334,2025-06-30T04:47:53,Kandy,WET,Landslide,4,CRITICAL,1649,0,Rescue Teams|Medical Kits,24,RESOLVED,CITIZEN,MOBILE_APP,ENGLISH,RAIN,False,False,False,True,OFFICER-01,8,0,3,60,False,MODERATE,0,True,6,4,0,False,True,True
INC-2025-1335,2025-01-05T08:01:33,Polonnaruwa,WET,Drought,2,MEDIUM,895,0,Rescue Teams|Medical Kits,21,RESOLVED,CITIZEN,MOBILE_APP,SINHALA,RAIN,True,False,False,True,OFFICER-01,6,5,2,98,False,MODERATE,0,True,1,20,6,True,True,False
INC-2026-1336,2026-05-24T00:21:21,Galle,WET,High Winds/Cyclone,2,MEDIUM,180,1,Rescue Teams|Medical Kits,72,RESOLVED,CITIZEN,MOBILE_APP,SINHALA,RAIN,False,False,False,True,OFFICER-01,3,0,4,80,False,MODERATE,0,True,5,19,6,True,True,False
INC-2026-1337,2026-02-07T00:24:58,Kandy,WET,Flood,3,HIGH,4623,0,Rescue Teams|Medical Kits,113,RESOLVED,CITIZEN,MOBILE_APP,ENGLISH,RAIN,False,False,False,True,OFFICER-01,4,4,2,96,False,MODERATE,0,True,2,5,5,True,True,False
INC-2026-1338,2026-05-29T00:51:41,Nuwara Eliya,WET,Flood,1,LOW,3157,34,Rescue Teams|Medical Kits,15,RESOLVED,CITIZEN,MOBILE_APP,ENGLISH,RAIN,True,True,False,True,OFFICER-01,9,5,0,92,False,MODERATE,0,True,5,20,4,False,False,False
INC-2025-1339,2025-03-27T13:52:46,Colombo,WET,Building Collapse,2,MEDIUM,41,1,Rescue Teams|Medical Kits,117,RESOLVED,CITIZEN,MOBILE_APP,SINHALA,RAIN,False,False,False,True,OFFICER-01,6,1,5,33,False,MODERATE,0,True,3,7,3,True,False,False
INC-2025-1340,2025-07-29T04:33:14,Kandy,WET,Landslide,1,LOW,947,13,Rescue Teams|Medical Kits,52,RESOLVED,CITIZEN,MOBILE_APP,TAMIL,RAIN,False,True,False,True,OFFICER-01,10,1,2,20,False,MODERATE,0,True,7,15,1,False,True,False
INC-2025-1341,2025-06-16T22:57:05,Gampaha,WET,Medical Emergency,1,LOW,36,0,Rescue Teams|Medical Kits,87,RESOLVED,CITIZEN,MOBILE_APP,ENGLISH,RAIN,True,True,False,True,OFFICER-01,6,5,0,31,False,MODERATE,0,True,6,11,0,False,True,False
INC-2026-1342,2026-05-20T02:42:23,Colombo,WET,Building Collapse,2,MEDIUM,77,1,Rescue Teams|Medical Kits,47,RESOLVED,CITIZEN,MOBILE_APP,TAMIL,RAIN,True,True,False,True,OFFICER-01,1,5,4,56,False,MODERATE,0,True,5,1,2,True,False,False
INC-2025-1343,2025-08-05T05:24:16,Gampaha,WET,Medical Emergency,1,LOW,11,0,Rescue Teams|Medical Kits,87,RESOLVED,CITIZEN,MOBILE_APP,ENGLISH,RAIN,True,True,False,True,OFFICER-01,7,1,4,47,False,MODERATE,0,True,8,16,1,False,True,False
INC-2026-1344,2026-07-08T06:14:16,Kandy,WET,Landslide,4,CRITICAL,1319,7,Rescue Teams|Medical Kits,51,RESOLVED,CITIZEN,MOBILE_APP,TAMIL,RAIN,False,False,False,True,OFFICER-01,1,1,2,74,False,MODERATE,0,True,7,14,2,True,True,False
INC-2026-1345,2026-03-17T08:40:10,Nuwara Eliya,WET,Landslide,4,CRITICAL,2472,43,Rescue Teams|Medical Kits,87,RESOLVED,CITIZEN,MOBILE_APP,TAMIL,RAIN,True,True,False,True,OFFICER-01,2,0,3,53,False,MODERATE,0,True,3,19,1,True,True,False
INC-2025-1346,2025-02-26T10:41:38,Colombo,WET,Building Collapse,2,MEDIUM,78,0,Rescue Teams|Medical Kits,34,RESOLVED,CITIZEN,MOBILE_APP,TAMIL,RAIN,False,False,False,True,OFFICER-01,9,5,4,31,False,MODERATE,0,True,2,18,2,True,False,False
INC-2025-1347,2025-09-07T00:43:13,Matara,WET,High Winds/Cyclone,2,MEDIUM,383,0,Rescue Teams|Medical Kits,16,RESOLVED,CITIZEN,MOBILE_APP,ENGLISH,RAIN,False,False,False,True,OFFICER-01,1,1,2,67,False,MODERATE,0,True,9,14,6,True,False,False
INC-2025-1348,2025-02-07T22:44:12,Hambantota,WET,High Winds/Cyclone,2,MEDIUM,116,0,Rescue Teams|Medical Kits,91,RESOLVED,CITIZEN,MOBILE_APP,SINHALA,RAIN,False,False,False,True,OFFICER-01,2,1,3,1,False,MODERATE,0,True,2,6,4,False,False,True
INC-2025-1349,2025-01-04T10:22:35,Nuwara Eliya,WET,Flood,3,HIGH,3544,7,Rescue Teams|Medical Kits,54,RESOLVED,CITIZEN,MOBILE_APP,TAMIL,RAIN,False,False,False,True,OFFICER-01,10,5,1,4,False,MODERATE,0,True,1,19,5,False,False,False
INC-2026-1350,2026-07-22T20:29:24,Nuwara Eliya,WET,Landslide,1,LOW,1955,20,Rescue Teams|Medical Kits,84,RESOLVED,CITIZEN,MOBILE_APP,ENGLISH,RAIN,False,False,False,True,OFFICER-01,10,2,5,49,False,MODERATE,0,True,7,20,2,True,False,False
INC-2025-1351,2025-05-05T02:18:29,Nuwara Eliya,WET,Landslide,4,CRITICAL,2320,45,Rescue Teams|Medical Kits,18,RESOLVED,CITIZEN,MOBILE_APP,TAMIL,RAIN,True,True,False,True,OFFICER-01,7,3,3,77,False,MODERATE,0,True,5,1,0,True,False,False
INC-2026-1352,2026-04-29T10:06:07,Puttalam,WET,High Winds/Cyclone,3,HIGH,333,0,Rescue Teams|Medical Kits,66,RESOLVED,CITIZEN,MOBILE_APP,TAMIL,RAIN,False,False,False,True,OFFICER-01,2,0,0,60,False,MODERATE,0,True,4,17,2,True,False,False
INC-2025-1353,2025-07-11T01:51:49,Gampaha,WET,Medical Emergency,1,LOW,50,0,Rescue Teams|Medical Kits,98,RESOLVED,CITIZEN,MOBILE_APP,TAMIL,RAIN,True,False,False,True,OFFICER-01,10,2,0,39,False,MODERATE,0,True,7,18,4,True,True,False
INC-2025-1354,2025-08-27T17:29:12,Kegalle,WET,High Winds/Cyclone,2,MEDIUM,551,0,Rescue Teams|Medical Kits,16,RESOLVED,CITIZEN,MOBILE_APP,SINHALA,RAIN,False,False,False,True,OFFICER-01,7,3,3,25,False,MODERATE,0,True,8,15,2,True,False,False
INC-2025-1355,2025-02-26T21:56:14,Hambantota,WET,High Winds/Cyclone,2,MEDIUM,113,0,Rescue Teams|Medical Kits,94,RESOLVED,CITIZEN,MOBILE_APP,TAMIL,RAIN,True,True,False,True,OFFICER-01,9,4,5,9,False,MODERATE,0,True,2,21,2,True,True,False
INC-2026-1356,2026-02-05T12:09:33,Matara,WET,High Winds/Cyclone,2,MEDIUM,347,0,Rescue Teams|Medical Kits,15,RESOLVED,CITIZEN,MOBILE_APP,ENGLISH,RAIN,True,False,False,True,OFFICER-01,7,3,0,56,False,MODERATE,0,True,2,9,3,True,False,False
INC-2025-1357,2025-04-10T22:35:50,Badulla,WET,Forest Fire,2,MEDIUM,38,0,Rescue Teams|Medical Kits,86,RESOLVED,CITIZEN,MOBILE_APP,ENGLISH,RAIN,True,False,False,True,OFFICER-01,1,3,5,30,False,MODERATE,0,True,4,19,3,False,False,False
INC-2026-1358,2026-02-23T01:00:56,Hambantota,WET,High Winds/Cyclone,3,HIGH,125,0,Rescue Teams|Medical Kits,84,RESOLVED,CITIZEN,MOBILE_APP,TAMIL,RAIN,True,False,False,True,OFFICER-01,1,5,5,12,False,MODERATE,0,True,2,2,0,True,False,True
INC-2025-1359,2025-12-17T23:52:20,Colombo,WET,Medical Emergency,3,HIGH,26,1,Rescue Teams|Medical Kits,16,RESOLVED,CITIZEN,MOBILE_APP,TAMIL,RAIN,False,False,False,True,OFFICER-01,3,0,5,39,False,MODERATE,0,True,12,1,2,True,False,False
INC-2025-1360,2025-08-31T03:35:41,Colombo,WET,Medical Emergency,1,LOW,17,0,Rescue Teams|Medical Kits,18,RESOLVED,CITIZEN,MOBILE_APP,TAMIL,RAIN,True,True,False,True,OFFICER-01,3,4,3,50,False,MODERATE,0,True,8,22,6,False,True,False
INC-2026-1361,2026-08-19T21:16:29,Hambantota,WET,High Winds/Cyclone,2,MEDIUM,144,0,Rescue Teams|Medical Kits,17,RESOLVED,CITIZEN,MOBILE_APP,TAMIL,RAIN,False,False,False,True,OFFICER-01,7,4,4,1,False,MODERATE,0,True,8,21,2,True,False,False
INC-2025-1362,2025-11-01T06:36:10,Galle,WET,High Winds/Cyclone,2,MEDIUM,132,0,Rescue Teams|Medical Kits,45,RESOLVED,CITIZEN,MOBILE_APP,ENGLISH,RAIN,False,True,False,True,OFFICER-01,6,1,1,7,False,MODERATE,0,True,11,13,5,True,False,False
INC-2026-1363,2026-04-15T20:10:45,Matara,WET,High Winds/Cyclone,2,MEDIUM,339,0,Rescue Teams|Medical Kits,86,RESOLVED,CITIZEN,MOBILE_APP,ENGLISH,RAIN,True,False,False,True,OFFICER-01,0,4,1,5,False,MODERATE,0,True,4,13,2,True,False,True
INC-2026-1364,2026-04-11T15:12:50,Puttalam,WET,High Winds/Cyclone,1,LOW,247,0,Rescue Teams|Medical Kits,33,RESOLVED,CITIZEN,MOBILE_APP,ENGLISH,RAIN,True,True,False,True,OFFICER-01,6,0,0,42,False,MODERATE,0,True,4,7,5,False,False,False
INC-2026-1365,2026-03-06T22:49:24,Kandy,WET,Landslide,4,CRITICAL,1193,11,Rescue Teams|Medical Kits,102,RESOLVED,CITIZEN,MOBILE_APP,TAMIL,RAIN,True,True,False,True,OFFICER-01,2,1,0,40,False,MODERATE,0,True,3,20,4,True,False,False
INC-2026-1366,2026-04-12T12:21:45,Kegalle,WET,High Winds/Cyclone,1,LOW,540,0,Rescue Teams|Medical Kits,101,RESOLVED,CITIZEN,MOBILE_APP,TAMIL,RAIN,False,False,False,True,OFFICER-01,2,5,1,10,False,MODERATE,0,True,4,15,6,False,True,False
INC-2026-1367,2026-08-07T02:20:32,Monaragala,WET,Forest Fire,1,LOW,18,0,Rescue Teams|Medical Kits,64,RESOLVED,CITIZEN,MOBILE_APP,ENGLISH,RAIN,True,False,False,True,OFFICER-01,2,3,1,31,False,MODERATE,0,True,8,18,4,False,False,False
INC-2026-1368,2026-07-01T03:09:46,Colombo,WET,Medical Emergency,1,LOW,46,1,Rescue Teams|Medical Kits,119,RESOLVED,CITIZEN,MOBILE_APP,TAMIL,RAIN,True,True,False,True,OFFICER-01,7,0,1,49,False,MODERATE,0,True,7,23,2,False,True,False
INC-2025-1369,2025-11-08T16:29:25,Polonnaruwa,WET,Drought,1,LOW,549,0,Rescue Teams|Medical Kits,97,RESOLVED,CITIZEN,MOBILE_APP,SINHALA,RAIN,False,False,False,True,OFFICER-01,10,5,3,34,False,MODERATE,0,True,11,13,5,True,True,False
INC-2026-1370,2026-04-30T13:18:02,Nuwara Eliya,WET,Flood,2,MEDIUM,7464,3,Rescue Teams|Medical Kits,32,RESOLVED,CITIZEN,MOBILE_APP,SINHALA,RAIN,False,True,False,True,OFFICER-01,9,2,2,20,False,MODERATE,0,True,4,1,3,True,False,False
INC-2026-1371,2026-08-20T01:14:04,Matara,WET,High Winds/Cyclone,2,MEDIUM,335,0,Rescue Teams|Medical Kits,21,RESOLVED,CITIZEN,MOBILE_APP,TAMIL,RAIN,False,True,False,True,OFFICER-01,8,3,0,17,False,MODERATE,0,True,8,18,3,False,True,False
INC-2025-1372,2025-09-28T22:25:04,Monaragala,WET,Forest Fire,1,LOW,73,0,Rescue Teams|Medical Kits,92,RESOLVED,CITIZEN,MOBILE_APP,ENGLISH,RAIN,True,True,False,True,OFFICER-01,4,2,1,65,False,MODERATE,0,True,9,4,6,True,True,False
INC-2025-1373,2025-04-07T14:09:31,Rathnapura,WET,Flood,3,HIGH,2141,36,Rescue Teams|Medical Kits,36,RESOLVED,CITIZEN,MOBILE_APP,TAMIL,RAIN,False,False,False,True,OFFICER-01,10,2,1,15,False,MODERATE,0,True,4,9,0,True,True,False
INC-2026-1374,2026-04-24T20:58:15,Anuradhapura,WET,Drought,3,HIGH,1513,0,Rescue Teams|Medical Kits,69,RESOLVED,CITIZEN,MOBILE_APP,SINHALA,RAIN,False,False,False,True,OFFICER-01,7,0,2,57,False,MODERATE,0,True,4,3,4,True,True,False
INC-2026-1375,2026-08-12T13:50:45,Galle,WET,High Winds/Cyclone,2,MEDIUM,157,0,Rescue Teams|Medical Kits,40,RESOLVED,CITIZEN,MOBILE_APP,TAMIL,RAIN,True,True,False,True,OFFICER-01,0,0,3,29,False,MODERATE,0,True,8,11,2,True,True,False
INC-2025-1376,2025-11-25T16:16:56,Rathnapura,WET,Flood,4,CRITICAL,2017,0,Rescue Teams|Medical Kits,90,RESOLVED,CITIZEN,MOBILE_APP,ENGLISH,RAIN,True,False,False,True,OFFICER-01,4,3,4,33,False,MODERATE,0,True,11,4,1,True,False,True
INC-2026-1377,2026-07-06T04:55:53,Kandy,WET,Flood,3,HIGH,3537,0,Rescue Teams|Medical Kits,55,RESOLVED,CITIZEN,MOBILE_APP,TAMIL,RAIN,False,False,False,True,OFFICER-01,7,0,4,94,False,MODERATE,0,True,7,22,0,True,True,False
INC-2026-1378,2026-08-13T02:55:45,Rathnapura,WET,Flood,3,HIGH,2316,0,Rescue Teams|Medical Kits,57,RESOLVED,CITIZEN,MOBILE_APP,ENGLISH,RAIN,False,False,False,True,OFFICER-01,1,4,1,24,False,MODERATE,0,True,8,9,3,True,False,False
INC-2026-1379,2026-07-09T04:17:18,Colombo,WET,Medical Emergency,1,LOW,48,1,Rescue Teams|Medical Kits,75,RESOLVED,CITIZEN,MOBILE_APP,TAMIL,RAIN,False,False,False,True,OFFICER-01,1,4,2,31,False,MODERATE,0,True,7,5,3,False,True,False
INC-2026-1380,2026-05-14T22:59:58,Nuwara Eliya,WET,Flood,3,HIGH,3821,21,Rescue Teams|Medical Kits,115,RESOLVED,CITIZEN,MOBILE_APP,TAMIL,RAIN,False,False,False,True,OFFICER-01,2,1,4,51,False,MODERATE,0,True,5,4,3,True,True,False
INC-2025-1381,2025-07-21T05:31:54,Nuwara Eliya,WET,Landslide,3,HIGH,881,5,Rescue Teams|Medical Kits,48,RESOLVED,CITIZEN,MOBILE_APP,SINHALA,RAIN,True,False,False,True,OFFICER-01,7,3,1,79,False,MODERATE,0,True,7,14,0,True,True,False
INC-2025-1382,2025-06-23T20:34:30,Hambantota,WET,High Winds/Cyclone,2,MEDIUM,142,0,Rescue Teams|Medical Kits,23,RESOLVED,CITIZEN,MOBILE_APP,ENGLISH,RAIN,True,True,False,True,OFFICER-01,9,1,1,97,False,MODERATE,0,True,6,0,0,True,True,False
INC-2026-1383,2026-02-05T23:53:24,Hambantota,WET,High Winds/Cyclone,1,LOW,85,0,Rescue Teams|Medical Kits,76,RESOLVED,CITIZEN,MOBILE_APP,ENGLISH,RAIN,True,False,False,True,OFFICER-01,5,0,2,34,False,MODERATE,0,True,2,16,3,True,False,False
INC-2025-1384,2025-04-09T12:25:35,Colombo,WET,Medical Emergency,3,HIGH,34,1,Rescue Teams|Medical Kits,115,RESOLVED,CITIZEN,MOBILE_APP,ENGLISH,RAIN,False,True,False,True,OFFICER-01,3,1,5,19,False,MODERATE,0,True,4,17,2,True,False,True
INC-2026-1385,2026-08-24T18:16:48,Hambantota,WET,High Winds/Cyclone,2,MEDIUM,147,0,Rescue Teams|Medical Kits,79,RESOLVED,CITIZEN,MOBILE_APP,TAMIL,RAIN,True,True,False,True,OFFICER-01,0,3,3,38,False,MODERATE,0,True,8,14,0,False,False,False
INC-2025-1386,2025-01-22T23:07:27,Anuradhapura,WET,Drought,3,HIGH,1407,0,Rescue Teams|Medical Kits,32,RESOLVED,CITIZEN,MOBILE_APP,TAMIL,RAIN,True,False,False,True,OFFICER-01,4,0,5,4,False,MODERATE,0,True,1,19,2,True,True,True
INC-2026-1387,2026-07-04T23:11:04,Anuradhapura,WET,Drought,3,HIGH,1109,0,Rescue Teams|Medical Kits,69,RESOLVED,CITIZEN,MOBILE_APP,ENGLISH,RAIN,True,False,False,True,OFFICER-01,6,1,2,72,False,MODERATE,0,True,7,13,5,True,True,False
INC-2025-1388,2025-11-30T18:11:13,Nuwara Eliya,WET,Flood,3,HIGH,4309,6,Rescue Teams|Medical Kits,116,RESOLVED,CITIZEN,MOBILE_APP,ENGLISH,RAIN,False,False,False,True,OFFICER-01,6,5,0,36,False,MODERATE,0,True,11,20,6,True,False,False
INC-2025-1389,2025-07-27T14:11:43,Monaragala,WET,Forest Fire,1,LOW,50,0,Rescue Teams|Medical Kits,88,RESOLVED,CITIZEN,MOBILE_APP,TAMIL,RAIN,False,False,False,True,OFFICER-01,4,4,0,32,False,MODERATE,0,True,7,18,6,True,False,False
INC-2025-1390,2025-11-28T20:30:17,Polonnaruwa,WET,Drought,3,HIGH,535,0,Rescue Teams|Medical Kits,114,RESOLVED,CITIZEN,MOBILE_APP,ENGLISH,RAIN,False,False,False,True,OFFICER-01,4,1,1,16,False,MODERATE,0,True,11,19,4,True,True,False
INC-2026-1391,2026-04-04T15:18:01,Kegalle,WET,High Winds/Cyclone,2,MEDIUM,431,0,Rescue Teams|Medical Kits,28,RESOLVED,CITIZEN,MOBILE_APP,ENGLISH,RAIN,False,True,False,True,OFFICER-01,9,2,4,43,False,MODERATE,0,True,4,17,5,True,False,False
INC-2025-1392,2025-07-15T07:53:11,Kegalle,WET,High Winds/Cyclone,2,MEDIUM,308,1,Rescue Teams|Medical Kits,82,RESOLVED,CITIZEN,MOBILE_APP,TAMIL,RAIN,True,True,False,True,OFFICER-01,4,3,2,22,False,MODERATE,0,True,7,5,1,True,False,False
INC-2025-1393,2025-09-22T20:50:56,Hambantota,WET,High Winds/Cyclone,3,HIGH,100,0,Rescue Teams|Medical Kits,82,RESOLVED,CITIZEN,MOBILE_APP,TAMIL,RAIN,True,False,False,True,OFFICER-01,8,5,3,7,False,MODERATE,0,True,9,16,0,False,True,False
INC-2026-1394,2026-05-26T12:17:52,Colombo,WET,Medical Emergency,1,LOW,44,0,Rescue Teams|Medical Kits,62,RESOLVED,CITIZEN,MOBILE_APP,ENGLISH,RAIN,True,False,False,True,OFFICER-01,4,3,5,73,False,MODERATE,0,True,5,23,1,True,True,False
INC-2025-1395,2025-11-01T00:30:16,Kandy,WET,Landslide,3,HIGH,550,0,Rescue Teams|Medical Kits,15,RESOLVED,CITIZEN,MOBILE_APP,TAMIL,RAIN,True,False,False,True,OFFICER-01,7,1,1,50,False,MODERATE,0,True,11,12,5,False,False,False
INC-2025-1396,2025-02-09T09:01:43,Puttalam,WET,High Winds/Cyclone,2,MEDIUM,478,3,Rescue Teams|Medical Kits,79,RESOLVED,CITIZEN,MOBILE_APP,ENGLISH,RAIN,True,False,False,True,OFFICER-01,4,2,3,85,False,MODERATE,0,True,2,10,6,True,True,True
INC-2025-1397,2025-11-06T14:23:26,Polonnaruwa,WET,Drought,4,CRITICAL,830,0,Rescue Teams|Medical Kits,64,RESOLVED,CITIZEN,MOBILE_APP,TAMIL,RAIN,True,False,False,True,OFFICER-01,7,2,4,100,False,MODERATE,0,True,11,5,3,False,True,False
INC-2026-1398,2026-02-17T09:42:32,Badulla,WET,Forest Fire,1,LOW,26,0,Rescue Teams|Medical Kits,23,RESOLVED,CITIZEN,MOBILE_APP,TAMIL,RAIN,True,True,False,True,OFFICER-01,9,4,3,37,False,MODERATE,0,True,2,4,1,True,True,False
INC-2025-1399,2025-04-22T15:08:25,Nuwara Eliya,WET,Flood,3,HIGH,4652,53,Rescue Teams|Medical Kits,72,RESOLVED,CITIZEN,MOBILE_APP,SINHALA,RAIN,False,False,False,True,OFFICER-01,3,3,1,5,False,MODERATE,0,True,4,10,1,False,True,False
INC-2025-1400,2025-07-27T23:48:09,Nuwara Eliya,WET,Landslide,4,CRITICAL,1115,0,Rescue Teams|Medical Kits,18,RESOLVED,CITIZEN,MOBILE_APP,TAMIL,RAIN,True,False,False,True,OFFICER-01,4,5,0,27,False,MODERATE,0,True,7,23,6,True,True,False
INC-2026-1401,2026-06-03T19:55:37,Kandy,WET,Landslide,4,CRITICAL,1684,28,Rescue Teams|Medical Kits,34,RESOLVED,CITIZEN,MOBILE_APP,TAMIL,RAIN,False,True,False,True,OFFICER-01,4,0,1,46,False,MODERATE,0,True,6,18,2,True,False,False
INC-2026-1402,2026-04-19T07:54:24,Colombo,WET,Building Collapse,2,MEDIUM,54,1,Rescue Teams|Medical Kits,16,RESOLVED,CITIZEN,MOBILE_APP,TAMIL,RAIN,True,False,False,True,OFFICER-01,5,3,5,81,False,MODERATE,0,True,4,22,6,True,True,False
INC-2026-1403,2026-03-22T02:11:14,Kegalle,WET,High Winds/Cyclone,2,MEDIUM,428,0,Rescue Teams|Medical Kits,93,RESOLVED,CITIZEN,MOBILE_APP,ENGLISH,RAIN,False,False,False,True,OFFICER-01,4,1,5,5,False,MODERATE,0,True,3,4,6,True,False,False
INC-2025-1404,2025-03-11T22:09:19,Kegalle,WET,High Winds/Cyclone,4,CRITICAL,481,0,Rescue Teams|Medical Kits,27,RESOLVED,CITIZEN,MOBILE_APP,TAMIL,RAIN,True,False,False,True,OFFICER-01,7,5,3,60,False,MODERATE,0,True,3,0,1,False,True,False
INC-2026-1405,2026-02-18T16:12:16,Nuwara Eliya,WET,Landslide,4,CRITICAL,1694,24,Rescue Teams|Medical Kits,107,RESOLVED,CITIZEN,MOBILE_APP,SINHALA,RAIN,False,False,False,True,OFFICER-01,3,0,4,66,False,MODERATE,0,True,2,13,2,True,True,False
INC-2026-1406,2026-04-16T23:37:39,Galle,WET,High Winds/Cyclone,2,MEDIUM,131,0,Rescue Teams|Medical Kits,43,RESOLVED,CITIZEN,MOBILE_APP,SINHALA,RAIN,True,True,False,True,OFFICER-01,6,0,5,82,False,MODERATE,0,True,4,3,3,True,False,False
INC-2026-1407,2026-07-16T05:42:37,Gampaha,WET,Medical Emergency,1,LOW,45,1,Rescue Teams|Medical Kits,15,RESOLVED,CITIZEN,MOBILE_APP,ENGLISH,RAIN,True,False,False,True,OFFICER-01,6,1,4,27,False,MODERATE,0,True,7,6,3,True,False,False
INC-2025-1408,2025-10-16T13:49:47,Rathnapura,WET,Flood,3,HIGH,1188,0,Rescue Teams|Medical Kits,120,RESOLVED,CITIZEN,MOBILE_APP,ENGLISH,RAIN,True,False,False,True,OFFICER-01,5,4,2,53,False,MODERATE,0,True,10,16,3,False,False,False
INC-2025-1409,2025-11-23T12:58:54,Nuwara Eliya,WET,Flood,4,CRITICAL,4251,59,Rescue Teams|Medical Kits,44,RESOLVED,CITIZEN,MOBILE_APP,ENGLISH,RAIN,False,True,False,True,OFFICER-01,10,4,0,4,False,MODERATE,0,True,11,16,6,True,False,False
INC-2025-1410,2025-09-03T17:20:53,Badulla,WET,Forest Fire,1,LOW,44,0,Rescue Teams|Medical Kits,56,RESOLVED,CITIZEN,MOBILE_APP,TAMIL,RAIN,True,False,False,True,OFFICER-01,4,0,5,56,False,MODERATE,0,True,9,17,2,False,False,False
INC-2026-1411,2026-01-21T13:33:31,Badulla,WET,Forest Fire,1,LOW,50,0,Rescue Teams|Medical Kits,41,RESOLVED,CITIZEN,MOBILE_APP,ENGLISH,RAIN,False,True,False,True,OFFICER-01,8,0,2,74,False,MODERATE,0,True,1,17,2,True,False,False
INC-2025-1412,2025-09-06T20:47:35,Rathnapura,WET,Flood,3,HIGH,2011,0,Rescue Teams|Medical Kits,41,RESOLVED,CITIZEN,MOBILE_APP,TAMIL,RAIN,False,True,False,True,OFFICER-01,4,4,4,56,False,MODERATE,0,True,9,22,5,True,False,False
INC-2025-1413,2025-06-09T12:14:39,Badulla,WET,Forest Fire,2,MEDIUM,77,1,Rescue Teams|Medical Kits,115,RESOLVED,CITIZEN,MOBILE_APP,TAMIL,RAIN,True,True,False,True,OFFICER-01,9,0,5,42,False,MODERATE,0,True,6,18,0,False,True,False
INC-2026-1414,2026-03-02T00:12:44,Rathnapura,WET,Flood,3,HIGH,2799,0,Rescue Teams|Medical Kits,119,RESOLVED,CITIZEN,MOBILE_APP,SINHALA,RAIN,False,True,False,True,OFFICER-01,10,3,0,51,False,MODERATE,0,True,3,20,0,False,False,False
INC-2026-1415,2026-07-10T13:34:24,Colombo,WET,Building Collapse,2,MEDIUM,96,1,Rescue Teams|Medical Kits,43,RESOLVED,CITIZEN,MOBILE_APP,ENGLISH,RAIN,True,False,False,True,OFFICER-01,8,5,3,84,False,MODERATE,0,True,7,17,4,True,False,False
INC-2026-1416,2026-04-17T20:05:51,Nuwara Eliya,WET,Landslide,4,CRITICAL,1730,0,Rescue Teams|Medical Kits,43,RESOLVED,CITIZEN,MOBILE_APP,SINHALA,RAIN,True,False,False,True,OFFICER-01,5,2,5,57,False,MODERATE,0,True,4,19,4,True,False,False
INC-2026-1417,2026-01-14T03:19:31,Nuwara Eliya,WET,Flood,2,MEDIUM,6622,26,Rescue Teams|Medical Kits,71,RESOLVED,CITIZEN,MOBILE_APP,TAMIL,RAIN,True,False,False,True,OFFICER-01,0,2,1,82,False,MODERATE,0,True,1,3,2,False,False,False
INC-2026-1418,2026-02-12T14:56:11,Rathnapura,WET,Flood,3,HIGH,1979,0,Rescue Teams|Medical Kits,83,RESOLVED,CITIZEN,MOBILE_APP,SINHALA,RAIN,True,False,False,True,OFFICER-01,1,0,2,8,False,MODERATE,0,True,2,8,3,False,False,False
INC-2026-1419,2026-01-11T11:10:41,Nuwara Eliya,WET,Landslide,1,LOW,905,4,Rescue Teams|Medical Kits,111,RESOLVED,CITIZEN,MOBILE_APP,ENGLISH,RAIN,True,False,False,True,OFFICER-01,8,4,0,95,False,MODERATE,0,True,1,6,6,False,False,False
INC-2026-1420,2026-03-29T15:47:38,Kandy,WET,Flood,3,HIGH,4616,58,Rescue Teams|Medical Kits,60,RESOLVED,CITIZEN,MOBILE_APP,ENGLISH,RAIN,False,False,False,True,OFFICER-01,8,2,2,52,False,MODERATE,0,True,3,20,6,True,False,False
INC-2026-1421,2026-03-23T05:32:56,Anuradhapura,WET,Drought,4,CRITICAL,1100,0,Rescue Teams|Medical Kits,32,RESOLVED,CITIZEN,MOBILE_APP,TAMIL,RAIN,False,False,False,True,OFFICER-01,5,3,1,97,False,MODERATE,0,True,3,13,0,True,False,False
INC-2026-1422,2026-01-29T01:07:07,Anuradhapura,WET,Drought,2,MEDIUM,1855,0,Rescue Teams|Medical Kits,44,RESOLVED,CITIZEN,MOBILE_APP,SINHALA,RAIN,False,False,False,True,OFFICER-01,8,3,4,99,False,MODERATE,0,True,1,5,3,True,False,False
INC-2026-1423,2026-07-06T23:51:21,Matara,WET,High Winds/Cyclone,2,MEDIUM,119,0,Rescue Teams|Medical Kits,37,RESOLVED,CITIZEN,MOBILE_APP,ENGLISH,RAIN,False,False,False,True,OFFICER-01,1,3,5,47,False,MODERATE,0,True,7,9,0,True,True,False
INC-2026-1424,2026-03-04T04:33:38,Rathnapura,WET,Flood,4,CRITICAL,1710,0,Rescue Teams|Medical Kits,75,RESOLVED,CITIZEN,MOBILE_APP,TAMIL,RAIN,False,True,False,True,OFFICER-01,4,3,1,93,False,MODERATE,0,True,3,14,2,True,False,True
INC-2025-1425,2025-09-26T06:17:32,Puttalam,WET,High Winds/Cyclone,4,CRITICAL,493,0,Rescue Teams|Medical Kits,35,RESOLVED,CITIZEN,MOBILE_APP,SINHALA,RAIN,True,True,False,True,OFFICER-01,1,4,5,12,False,MODERATE,0,True,9,19,4,False,False,False
INC-2026-1426,2026-03-15T11:51:50,Colombo,WET,Building Collapse,1,LOW,90,1,Rescue Teams|Medical Kits,47,RESOLVED,CITIZEN,MOBILE_APP,TAMIL,RAIN,True,False,False,True,OFFICER-01,3,5,3,57,False,MODERATE,0,True,3,21,6,True,False,False
INC-2025-1427,2025-01-21T01:30:52,Nuwara Eliya,WET,Landslide,3,HIGH,2307,0,Rescue Teams|Medical Kits,69,RESOLVED,CITIZEN,MOBILE_APP,TAMIL,RAIN,False,False,False,True,OFFICER-01,5,5,0,73,False,MODERATE,0,True,1,7,1,True,True,False
INC-2026-1428,2026-07-04T04:55:47,Colombo,WET,Building Collapse,3,HIGH,43,1,Rescue Teams|Medical Kits,110,RESOLVED,CITIZEN,MOBILE_APP,ENGLISH,RAIN,True,False,False,True,OFFICER-01,3,2,1,4,False,MODERATE,0,True,7,13,5,True,False,False
INC-2025-1429,2025-04-10T10:12:13,Galle,WET,High Winds/Cyclone,2,MEDIUM,84,0,Rescue Teams|Medical Kits,68,RESOLVED,CITIZEN,MOBILE_APP,ENGLISH,RAIN,False,False,False,True,OFFICER-01,5,4,5,2,False,MODERATE,0,True,4,6,3,True,False,True
INC-2026-1430,2026-01-04T10:34:49,Puttalam,WET,High Winds/Cyclone,2,MEDIUM,431,0,Rescue Teams|Medical Kits,114,RESOLVED,CITIZEN,MOBILE_APP,ENGLISH,RAIN,True,False,False,True,OFFICER-01,1,3,2,50,False,MODERATE,0,True,1,8,6,False,True,False
INC-2025-1431,2025-12-04T07:35:04,Gampaha,WET,Medical Emergency,1,LOW,29,1,Rescue Teams|Medical Kits,111,RESOLVED,CITIZEN,MOBILE_APP,ENGLISH,RAIN,True,True,False,True,OFFICER-01,10,3,4,81,False,MODERATE,0,True,12,4,3,True,True,False
INC-2025-1432,2025-10-04T12:36:03,Colombo,WET,Medical Emergency,4,CRITICAL,47,0,Rescue Teams|Medical Kits,116,RESOLVED,CITIZEN,MOBILE_APP,TAMIL,RAIN,False,True,False,True,OFFICER-01,5,0,1,95,False,MODERATE,0,True,10,8,5,True,False,False
INC-2025-1433,2025-09-24T15:06:39,Colombo,WET,Medical Emergency,1,LOW,14,0,Rescue Teams|Medical Kits,76,RESOLVED,CITIZEN,MOBILE_APP,SINHALA,RAIN,False,True,False,True,OFFICER-01,2,4,4,29,False,MODERATE,0,True,9,9,2,False,False,False
INC-2025-1434,2025-08-22T13:16:08,Nuwara Eliya,WET,Flood,3,HIGH,6840,60,Rescue Teams|Medical Kits,34,RESOLVED,CITIZEN,MOBILE_APP,ENGLISH,RAIN,False,True,False,True,OFFICER-01,1,0,2,89,False,MODERATE,0,True,8,11,4,True,False,False
INC-2026-1435,2026-02-13T13:02:10,Monaragala,WET,Forest Fire,1,LOW,76,0,Rescue Teams|Medical Kits,78,RESOLVED,CITIZEN,MOBILE_APP,TAMIL,RAIN,True,False,False,True,OFFICER-01,6,3,0,65,False,MODERATE,0,True,2,9,4,True,True,False
INC-2025-1436,2025-02-10T05:00:59,Matara,WET,High Winds/Cyclone,4,CRITICAL,370,0,Rescue Teams|Medical Kits,23,RESOLVED,CITIZEN,MOBILE_APP,ENGLISH,RAIN,True,True,False,True,OFFICER-01,3,3,3,68,False,MODERATE,0,True,2,7,0,True,False,False
INC-2025-1437,2025-05-13T16:30:23,Badulla,WET,Forest Fire,2,MEDIUM,90,1,Rescue Teams|Medical Kits,53,RESOLVED,CITIZEN,MOBILE_APP,SINHALA,RAIN,False,False,False,True,OFFICER-01,5,3,0,52,False,MODERATE,0,True,5,19,1,True,False,True
INC-2025-1438,2025-04-21T21:45:33,Nuwara Eliya,WET,Flood,4,CRITICAL,6504,0,Rescue Teams|Medical Kits,21,RESOLVED,CITIZEN,MOBILE_APP,SINHALA,RAIN,True,False,False,True,OFFICER-01,3,0,1,64,False,MODERATE,0,True,4,8,0,False,False,False
INC-2025-1439,2025-09-18T09:20:17,Badulla,WET,Forest Fire,4,CRITICAL,92,0,Rescue Teams|Medical Kits,18,RESOLVED,CITIZEN,MOBILE_APP,ENGLISH,RAIN,True,False,False,True,OFFICER-01,6,3,0,13,False,MODERATE,0,True,9,4,3,False,False,False
INC-2025-1440,2025-02-28T13:19:54,Colombo,WET,Medical Emergency,4,CRITICAL,26,1,Rescue Teams|Medical Kits,50,RESOLVED,CITIZEN,MOBILE_APP,SINHALA,RAIN,False,False,False,True,OFFICER-01,0,2,1,75,False,MODERATE,0,True,2,6,4,False,False,False
INC-2025-1441,2025-05-24T01:32:09,Galle,WET,High Winds/Cyclone,1,LOW,95,1,Rescue Teams|Medical Kits,83,RESOLVED,CITIZEN,MOBILE_APP,ENGLISH,RAIN,False,True,False,True,OFFICER-01,3,1,4,12,False,MODERATE,0,True,5,1,5,True,False,False
INC-2025-1442,2025-06-26T22:57:51,Matara,WET,High Winds/Cyclone,2,MEDIUM,189,0,Rescue Teams|Medical Kits,67,RESOLVED,CITIZEN,MOBILE_APP,TAMIL,RAIN,False,True,False,True,OFFICER-01,4,2,1,27,False,MODERATE,0,True,6,7,3,False,True,False
INC-2025-1443,2025-05-25T05:08:54,Nuwara Eliya,WET,Landslide,4,CRITICAL,1825,20,Rescue Teams|Medical Kits,108,RESOLVED,CITIZEN,MOBILE_APP,TAMIL,RAIN,True,True,False,True,OFFICER-01,5,1,3,96,False,MODERATE,0,True,5,13,6,False,True,False
INC-2026-1444,2026-05-10T12:09:14,Monaragala,WET,Forest Fire,1,LOW,70,0,Rescue Teams|Medical Kits,60,RESOLVED,CITIZEN,MOBILE_APP,ENGLISH,RAIN,True,False,False,True,OFFICER-01,1,2,5,22,False,MODERATE,0,True,5,20,6,True,False,False
INC-2025-1445,2025-11-11T00:24:12,Colombo,WET,Building Collapse,2,MEDIUM,67,0,Rescue Teams|Medical Kits,22,RESOLVED,CITIZEN,MOBILE_APP,TAMIL,RAIN,True,True,False,True,OFFICER-01,6,3,2,13,False,MODERATE,0,True,11,5,1,True,False,False
INC-2026-1446,2026-01-03T04:22:22,Kandy,WET,Landslide,4,CRITICAL,1256,13,Rescue Teams|Medical Kits,100,RESOLVED,CITIZEN,MOBILE_APP,SINHALA,RAIN,False,False,False,True,OFFICER-01,5,1,4,74,False,MODERATE,0,True,1,8,5,False,True,False
INC-2025-1447,2025-04-09T20:42:17,Badulla,WET,Forest Fire,1,LOW,91,0,Rescue Teams|Medical Kits,78,RESOLVED,CITIZEN,MOBILE_APP,TAMIL,RAIN,False,False,False,True,OFFICER-01,2,2,0,43,False,MODERATE,0,True,4,6,2,False,False,False
INC-2025-1448,2025-03-05T12:47:31,Anuradhapura,WET,Drought,2,MEDIUM,820,0,Rescue Teams|Medical Kits,99,RESOLVED,CITIZEN,MOBILE_APP,ENGLISH,RAIN,True,True,False,True,OFFICER-01,6,4,2,64,False,MODERATE,0,True,3,20,2,False,False,False
INC-2025-1449,2025-07-11T08:18:56,Badulla,WET,Forest Fire,1,LOW,95,0,Rescue Teams|Medical Kits,111,RESOLVED,CITIZEN,MOBILE_APP,TAMIL,RAIN,True,False,False,True,OFFICER-01,10,0,3,12,False,MODERATE,0,True,7,18,4,True,False,False
INC-2025-1450,2025-06-24T10:54:38,Gampaha,WET,Medical Emergency,1,LOW,42,1,Rescue Teams|Medical Kits,31,RESOLVED,CITIZEN,MOBILE_APP,ENGLISH,RAIN,True,False,False,True,OFFICER-01,0,3,5,21,False,MODERATE,0,True,6,0,1,True,True,False
INC-2025-1451,2025-03-16T02:44:08,Nuwara Eliya,WET,Flood,4,CRITICAL,5243,55,Rescue Teams|Medical Kits,31,RESOLVED,CITIZEN,MOBILE_APP,SINHALA,RAIN,True,True,False,True,OFFICER-01,4,3,1,75,False,MODERATE,0,True,3,4,6,False,False,True
INC-2026-1452,2026-08-24T14:37:39,Nuwara Eliya,WET,Landslide,3,HIGH,1705,21,Rescue Teams|Medical Kits,41,RESOLVED,CITIZEN,MOBILE_APP,SINHALA,RAIN,False,True,False,True,OFFICER-01,9,0,3,17,False,MODERATE,0,True,8,12,0,False,False,False
INC-2025-1453,2025-01-09T19:32:42,Nuwara Eliya,WET,Landslide,4,CRITICAL,1240,19,Rescue Teams|Medical Kits,26,RESOLVED,CITIZEN,MOBILE_APP,TAMIL,RAIN,False,False,False,True,OFFICER-01,6,3,5,3,False,MODERATE,0,True,1,22,3,False,True,False
INC-2026-1454,2026-06-14T16:03:35,Badulla,WET,Forest Fire,1,LOW,80,0,Rescue Teams|Medical Kits,29,RESOLVED,CITIZEN,MOBILE_APP,ENGLISH,RAIN,True,False,False,True,OFFICER-01,3,4,4,34,False,MODERATE,0,True,6,3,6,False,True,False
INC-2026-1455,2026-08-15T09:52:17,Kandy,WET,Flood,3,HIGH,5089,29,Rescue Teams|Medical Kits,83,RESOLVED,CITIZEN,MOBILE_APP,SINHALA,RAIN,False,True,False,True,OFFICER-01,4,0,4,69,False,MODERATE,0,True,8,15,5,True,False,False
INC-2025-1456,2025-03-10T19:49:37,Kandy,WET,Landslide,4,CRITICAL,1991,5,Rescue Teams|Medical Kits,51,RESOLVED,CITIZEN,MOBILE_APP,TAMIL,RAIN,False,True,False,True,OFFICER-01,10,5,4,84,False,MODERATE,0,True,3,8,0,True,True,True
INC-2026-1457,2026-08-23T08:46:03,Rathnapura,WET,Flood,4,CRITICAL,1051,10,Rescue Teams|Medical Kits,30,RESOLVED,CITIZEN,MOBILE_APP,ENGLISH,RAIN,True,False,False,True,OFFICER-01,8,0,5,9,False,MODERATE,0,True,8,16,6,False,False,True
INC-2025-1458,2025-07-11T10:07:12,Kandy,WET,Flood,4,CRITICAL,3195,62,Rescue Teams|Medical Kits,41,RESOLVED,CITIZEN,MOBILE_APP,ENGLISH,RAIN,True,True,False,True,OFFICER-01,3,0,3,7,False,MODERATE,0,True,7,10,4,True,False,False
INC-2026-1459,2026-03-16T05:12:15,Anuradhapura,WET,Drought,3,HIGH,1874,0,Rescue Teams|Medical Kits,104,RESOLVED,CITIZEN,MOBILE_APP,SINHALA,RAIN,True,False,False,True,OFFICER-01,7,0,1,17,False,MODERATE,0,True,3,12,0,False,True,False
INC-2026-1460,2026-03-29T19:17:17,Puttalam,WET,High Winds/Cyclone,2,MEDIUM,358,0,Rescue Teams|Medical Kits,98,RESOLVED,CITIZEN,MOBILE_APP,SINHALA,RAIN,True,False,False,True,OFFICER-01,4,0,0,16,False,MODERATE,0,True,3,0,6,False,True,False
INC-2026-1461,2026-05-06T21:21:03,Monaragala,WET,Forest Fire,1,LOW,48,0,Rescue Teams|Medical Kits,77,RESOLVED,CITIZEN,MOBILE_APP,ENGLISH,RAIN,False,False,False,True,OFFICER-01,4,3,1,77,False,MODERATE,0,True,5,6,2,False,True,False
INC-2025-1462,2025-07-05T12:20:23,Rathnapura,WET,Flood,3,HIGH,2134,0,Rescue Teams|Medical Kits,46,RESOLVED,CITIZEN,MOBILE_APP,TAMIL,RAIN,True,False,False,True,OFFICER-01,2,0,2,36,False,MODERATE,0,True,7,12,5,True,False,False
INC-2025-1463,2025-03-01T03:15:43,Kandy,WET,Flood,3,HIGH,4908,43,Rescue Teams|Medical Kits,59,RESOLVED,CITIZEN,MOBILE_APP,ENGLISH,RAIN,True,False,False,True,OFFICER-01,2,2,1,96,False,MODERATE,0,True,3,5,5,True,False,False
INC-2026-1464,2026-07-29T11:01:30,Anuradhapura,WET,Drought,3,HIGH,1138,0,Rescue Teams|Medical Kits,105,RESOLVED,CITIZEN,MOBILE_APP,TAMIL,RAIN,False,False,False,True,OFFICER-01,4,4,4,45,False,MODERATE,0,True,7,2,2,False,True,False
INC-2025-1465,2025-10-31T06:04:54,Badulla,WET,Forest Fire,2,MEDIUM,87,0,Rescue Teams|Medical Kits,58,RESOLVED,CITIZEN,MOBILE_APP,ENGLISH,RAIN,True,False,False,True,OFFICER-01,7,2,5,51,False,MODERATE,0,True,10,11,4,False,True,True
INC-2025-1466,2025-10-11T23:39:24,Matara,WET,High Winds/Cyclone,2,MEDIUM,286,0,Rescue Teams|Medical Kits,112,RESOLVED,CITIZEN,MOBILE_APP,TAMIL,RAIN,True,True,False,True,OFFICER-01,5,3,2,3,False,MODERATE,0,True,10,23,5,True,False,False
INC-2025-1467,2025-10-25T07:33:57,Kandy,WET,Landslide,3,HIGH,516,1,Rescue Teams|Medical Kits,38,RESOLVED,CITIZEN,MOBILE_APP,ENGLISH,RAIN,True,False,False,True,OFFICER-01,0,5,4,56,False,MODERATE,0,True,10,12,5,True,True,False
INC-2025-1468,2025-01-04T23:58:03,Puttalam,WET,High Winds/Cyclone,4,CRITICAL,201,0,Rescue Teams|Medical Kits,83,RESOLVED,CITIZEN,MOBILE_APP,SINHALA,RAIN,False,False,False,True,OFFICER-01,0,3,3,21,False,MODERATE,0,True,1,8,5,True,False,True
INC-2026-1469,2026-01-25T12:40:42,Matara,WET,High Winds/Cyclone,2,MEDIUM,156,0,Rescue Teams|Medical Kits,83,RESOLVED,CITIZEN,MOBILE_APP,ENGLISH,RAIN,True,False,False,True,OFFICER-01,7,2,1,67,False,MODERATE,0,True,1,4,6,False,True,False
INC-2025-1470,2025-10-06T00:02:06,Matara,WET,High Winds/Cyclone,4,CRITICAL,252,3,Rescue Teams|Medical Kits,46,RESOLVED,CITIZEN,MOBILE_APP,ENGLISH,RAIN,True,False,False,True,OFFICER-01,10,0,2,24,False,MODERATE,0,True,10,3,0,False,True,False
INC-2025-1471,2025-12-11T02:02:56,Colombo,WET,Medical Emergency,1,LOW,19,1,Rescue Teams|Medical Kits,86,RESOLVED,CITIZEN,MOBILE_APP,SINHALA,RAIN,False,False,False,True,OFFICER-01,9,3,4,30,False,MODERATE,0,True,12,20,3,True,False,False
INC-2025-1472,2025-04-10T03:06:59,Nuwara Eliya,WET,Flood,3,HIGH,7427,19,Rescue Teams|Medical Kits,112,RESOLVED,CITIZEN,MOBILE_APP,SINHALA,RAIN,True,True,False,True,OFFICER-01,8,0,5,33,False,MODERATE,0,True,4,10,3,True,True,False
INC-2025-1473,2025-12-31T16:41:30,Nuwara Eliya,WET,Landslide,3,HIGH,1938,30,Rescue Teams|Medical Kits,17,RESOLVED,CITIZEN,MOBILE_APP,ENGLISH,RAIN,True,False,False,True,OFFICER-01,3,2,3,71,False,MODERATE,0,True,12,20,2,False,False,False
INC-2026-1474,2026-06-08T06:27:55,Nuwara Eliya,WET,Flood,3,HIGH,4862,75,Rescue Teams|Medical Kits,45,RESOLVED,CITIZEN,MOBILE_APP,TAMIL,RAIN,False,False,False,True,OFFICER-01,6,4,4,1,False,MODERATE,0,True,6,19,0,False,True,False
INC-2025-1475,2025-09-15T19:41:32,Colombo,WET,Medical Emergency,1,LOW,45,1,Rescue Teams|Medical Kits,109,RESOLVED,CITIZEN,MOBILE_APP,SINHALA,RAIN,True,True,False,True,OFFICER-01,6,4,3,72,False,MODERATE,0,True,9,0,0,False,False,False
INC-2026-1476,2026-06-20T12:39:38,Kandy,WET,Flood,3,HIGH,3220,20,Rescue Teams|Medical Kits,111,RESOLVED,CITIZEN,MOBILE_APP,ENGLISH,RAIN,True,False,False,True,OFFICER-01,5,3,0,10,False,MODERATE,0,True,6,12,5,True,True,False
INC-2025-1477,2025-09-05T06:25:32,Colombo,WET,Building Collapse,2,MEDIUM,38,1,Rescue Teams|Medical Kits,80,RESOLVED,CITIZEN,MOBILE_APP,ENGLISH,RAIN,True,False,False,True,OFFICER-01,3,3,5,51,False,MODERATE,0,True,9,17,4,False,True,False
INC-2026-1478,2026-05-13T05:13:07,Hambantota,WET,High Winds/Cyclone,3,HIGH,128,0,Rescue Teams|Medical Kits,101,RESOLVED,CITIZEN,MOBILE_APP,SINHALA,RAIN,True,False,False,True,OFFICER-01,3,5,1,32,False,MODERATE,0,True,5,5,2,True,False,False
INC-2025-1479,2025-06-15T02:59:58,Hambantota,WET,High Winds/Cyclone,1,LOW,88,0,Rescue Teams|Medical Kits,65,RESOLVED,CITIZEN,MOBILE_APP,TAMIL,RAIN,False,False,False,True,OFFICER-01,1,2,4,43,False,MODERATE,0,True,6,3,6,True,False,False
INC-2025-1480,2025-12-23T03:43:42,Colombo,WET,Medical Emergency,1,LOW,28,0,Rescue Teams|Medical Kits,22,RESOLVED,CITIZEN,MOBILE_APP,SINHALA,RAIN,True,True,False,True,OFFICER-01,3,1,5,18,False,MODERATE,0,True,12,12,1,True,True,False
INC-2026-1481,2026-06-09T19:09:01,Colombo,WET,Medical Emergency,1,LOW,48,1,Rescue Teams|Medical Kits,32,RESOLVED,CITIZEN,MOBILE_APP,TAMIL,RAIN,True,True,False,True,OFFICER-01,6,3,1,88,False,MODERATE,0,True,6,4,1,False,True,False
INC-2025-1482,2025-12-10T19:04:10,Rathnapura,WET,Flood,4,CRITICAL,1323,10,Rescue Teams|Medical Kits,30,RESOLVED,CITIZEN,MOBILE_APP,ENGLISH,RAIN,True,False,False,True,OFFICER-01,10,1,4,22,False,MODERATE,0,True,12,2,2,False,False,True
INC-2025-1483,2025-10-25T01:22:47,Colombo,WET,Building Collapse,2,MEDIUM,97,1,Rescue Teams|Medical Kits,53,RESOLVED,CITIZEN,MOBILE_APP,TAMIL,RAIN,False,False,False,True,OFFICER-01,5,0,1,19,False,MODERATE,0,True,10,3,5,False,False,False
INC-2025-1484,2025-11-21T15:50:22,Kandy,WET,Flood,3,HIGH,2390,0,Rescue Teams|Medical Kits,15,RESOLVED,CITIZEN,MOBILE_APP,SINHALA,RAIN,True,False,False,True,OFFICER-01,10,0,1,90,False,MODERATE,0,True,11,7,4,True,True,False
INC-2025-1485,2025-12-01T05:07:46,Colombo,WET,Medical Emergency,1,LOW,16,1,Rescue Teams|Medical Kits,91,RESOLVED,CITIZEN,MOBILE_APP,ENGLISH,RAIN,True,False,False,True,OFFICER-01,0,5,3,74,False,MODERATE,0,True,12,15,0,True,False,False
INC-2025-1486,2025-06-26T05:48:23,Galle,WET,High Winds/Cyclone,1,LOW,50,0,Rescue Teams|Medical Kits,74,RESOLVED,CITIZEN,MOBILE_APP,TAMIL,RAIN,True,False,False,True,OFFICER-01,1,2,2,48,False,MODERATE,0,True,6,7,3,False,False,False
INC-2025-1487,2025-12-09T14:33:12,Nuwara Eliya,WET,Landslide,3,HIGH,2303,16,Rescue Teams|Medical Kits,100,RESOLVED,CITIZEN,MOBILE_APP,ENGLISH,RAIN,False,False,False,True,OFFICER-01,7,3,3,91,False,MODERATE,0,True,12,21,1,False,False,False
INC-2025-1488,2025-09-22T01:42:41,Badulla,WET,Forest Fire,1,LOW,17,0,Rescue Teams|Medical Kits,97,RESOLVED,CITIZEN,MOBILE_APP,ENGLISH,RAIN,False,True,False,True,OFFICER-01,7,4,0,52,False,MODERATE,0,True,9,0,0,False,False,True
INC-2026-1489,2026-07-15T07:08:52,Rathnapura,WET,Flood,3,HIGH,2279,9,Rescue Teams|Medical Kits,69,RESOLVED,CITIZEN,MOBILE_APP,SINHALA,RAIN,True,False,False,True,OFFICER-01,5,1,1,19,False,MODERATE,0,True,7,14,2,True,False,False
INC-2026-1490,2026-06-16T05:51:06,Matara,WET,High Winds/Cyclone,2,MEDIUM,348,0,Rescue Teams|Medical Kits,68,RESOLVED,CITIZEN,MOBILE_APP,SINHALA,RAIN,True,True,False,True,OFFICER-01,7,0,0,36,False,MODERATE,0,True,6,20,1,True,False,False
INC-2026-1491,2026-04-16T21:46:01,Galle,WET,High Winds/Cyclone,2,MEDIUM,129,0,Rescue Teams|Medical Kits,46,RESOLVED,CITIZEN,MOBILE_APP,TAMIL,RAIN,False,False,False,True,OFFICER-01,1,1,1,33,False,MODERATE,0,True,4,18,3,True,True,False
INC-2025-1492,2025-09-25T15:25:46,Badulla,WET,Forest Fire,1,LOW,86,0,Rescue Teams|Medical Kits,77,RESOLVED,CITIZEN,MOBILE_APP,TAMIL,RAIN,False,False,False,True,OFFICER-01,8,1,5,63,False,MODERATE,0,True,9,15,3,True,False,False
INC-2025-1493,2025-09-24T00:38:06,Badulla,WET,Forest Fire,2,MEDIUM,82,1,Rescue Teams|Medical Kits,60,RESOLVED,CITIZEN,MOBILE_APP,SINHALA,RAIN,False,True,False,True,OFFICER-01,6,3,2,23,False,MODERATE,0,True,9,8,2,False,True,True
INC-2025-1494,2025-12-12T17:34:18,Badulla,WET,Forest Fire,1,LOW,38,0,Rescue Teams|Medical Kits,46,RESOLVED,CITIZEN,MOBILE_APP,ENGLISH,RAIN,False,True,False,True,OFFICER-01,5,5,3,40,False,MODERATE,0,True,12,10,4,False,False,False
INC-2026-1495,2026-04-22T14:14:27,Colombo,WET,Building Collapse,2,MEDIUM,80,0,Rescue Teams|Medical Kits,30,RESOLVED,CITIZEN,MOBILE_APP,SINHALA,RAIN,False,False,False,True,OFFICER-01,4,3,5,17,False,MODERATE,0,True,4,8,2,True,False,False
INC-2025-1496,2025-01-05T12:22:21,Colombo,WET,Medical Emergency,1,LOW,36,0,Rescue Teams|Medical Kits,113,RESOLVED,CITIZEN,MOBILE_APP,SINHALA,RAIN,True,False,False,True,OFFICER-01,7,3,5,63,False,MODERATE,0,True,1,3,6,True,True,False
INC-2026-1497,2026-04-09T22:03:03,Hambantota,WET,High Winds/Cyclone,2,MEDIUM,79,0,Rescue Teams|Medical Kits,29,RESOLVED,CITIZEN,MOBILE_APP,ENGLISH,RAIN,False,False,False,True,OFFICER-01,6,5,2,0,False,MODERATE,0,True,4,21,3,False,False,False
INC-2025-1498,2025-04-25T10:41:46,Hambantota,WET,High Winds/Cyclone,2,MEDIUM,150,0,Rescue Teams|Medical Kits,59,RESOLVED,CITIZEN,MOBILE_APP,ENGLISH,RAIN,False,False,False,True,OFFICER-01,9,3,1,47,False,MODERATE,0,True,4,22,4,True,False,False
INC-2026-1499,2026-02-08T16:53:12,Puttalam,WET,High Winds/Cyclone,2,MEDIUM,349,0,Rescue Teams|Medical Kits,33,RESOLVED,CITIZEN,MOBILE_APP,SINHALA,RAIN,True,False,False,True,OFFICER-01,3,3,5,93,False,MODERATE,0,True,2,2,6,True,False,False
INC-2026-1500,2026-06-23T14:12:07,Galle,WET,High Winds/Cyclone,4,CRITICAL,64,0,Rescue Teams|Medical Kits,67,RESOLVED,CITIZEN,MOBILE_APP,TAMIL,RAIN,True,False,False,True,OFFICER-01,3,5,1,100,False,MODERATE,0,True,6,15,1,True,True,False
INC-2025-1501,2025-11-28T03:31:33,Polonnaruwa,WET,Drought,2,MEDIUM,705,0,Rescue Teams|Medical Kits,79,RESOLVED,CITIZEN,MOBILE_APP,ENGLISH,RAIN,False,False,False,True,OFFICER-01,2,3,2,98,False,MODERATE,0,True,11,1,4,True,False,False
INC-2025-1502,2025-06-08T21:53:07,Matara,WET,High Winds/Cyclone,2,MEDIUM,208,0,Rescue Teams|Medical Kits,78,RESOLVED,CITIZEN,MOBILE_APP,TAMIL,RAIN,False,False,False,True,OFFICER-01,10,0,5,26,False,MODERATE,0,True,6,5,6,True,True,False
INC-2025-1503,2025-01-07T18:41:03,Colombo,WET,Building Collapse,2,MEDIUM,62,1,Rescue Teams|Medical Kits,87,RESOLVED,CITIZEN,MOBILE_APP,TAMIL,RAIN,True,False,False,True,OFFICER-01,0,0,1,18,False,MODERATE,0,True,1,0,1,False,False,False
INC-2026-1504,2026-04-28T20:03:12,Kandy,WET,Landslide,4,CRITICAL,1256,0,Rescue Teams|Medical Kits,29,RESOLVED,CITIZEN,MOBILE_APP,ENGLISH,RAIN,True,False,False,True,OFFICER-01,5,4,5,88,False,MODERATE,0,True,4,0,1,False,True,False
INC-2026-1505,2026-02-25T02:58:59,Kandy,WET,Flood,3,HIGH,5595,68,Rescue Teams|Medical Kits,49,RESOLVED,CITIZEN,MOBILE_APP,SINHALA,RAIN,True,True,False,True,OFFICER-01,1,2,3,49,False,MODERATE,0,True,2,9,2,True,False,False
INC-2025-1506,2025-09-22T00:45:47,Polonnaruwa,WET,Drought,2,MEDIUM,577,0,Rescue Teams|Medical Kits,60,RESOLVED,CITIZEN,MOBILE_APP,TAMIL,RAIN,False,False,False,True,OFFICER-01,0,1,0,79,False,MODERATE,0,True,9,16,0,True,False,False
INC-2025-1507,2025-03-22T02:05:47,Nuwara Eliya,WET,Flood,3,HIGH,6303,41,Rescue Teams|Medical Kits,34,RESOLVED,CITIZEN,MOBILE_APP,ENGLISH,RAIN,True,False,False,True,OFFICER-01,10,0,3,77,False,MODERATE,0,True,3,8,5,True,False,False
INC-2026-1508,2026-06-23T23:30:37,Polonnaruwa,WET,Drought,2,MEDIUM,1072,0,Rescue Teams|Medical Kits,69,RESOLVED,CITIZEN,MOBILE_APP,SINHALA,RAIN,False,False,False,True,OFFICER-01,1,4,4,60,False,MODERATE,0,True,6,16,1,False,False,False
INC-2025-1509,2025-12-07T14:59:30,Colombo,WET,Building Collapse,3,HIGH,65,1,Rescue Teams|Medical Kits,41,RESOLVED,CITIZEN,MOBILE_APP,ENGLISH,RAIN,False,False,False,True,OFFICER-01,3,2,2,82,False,MODERATE,0,True,12,10,6,True,False,True
INC-2026-1510,2026-04-02T18:16:43,Rathnapura,WET,Flood,3,HIGH,1712,0,Rescue Teams|Medical Kits,112,RESOLVED,CITIZEN,MOBILE_APP,TAMIL,RAIN,False,False,False,True,OFFICER-01,2,2,1,49,False,MODERATE,0,True,4,7,3,True,True,False
INC-2026-1511,2026-05-28T05:11:27,Colombo,WET,Building Collapse,2,MEDIUM,38,1,Rescue Teams|Medical Kits,15,RESOLVED,CITIZEN,MOBILE_APP,SINHALA,RAIN,True,False,False,True,OFFICER-01,0,1,4,43,False,MODERATE,0,True,5,13,3,True,True,False
INC-2025-1512,2025-05-03T09:41:45,Matara,WET,High Winds/Cyclone,2,MEDIUM,336,0,Rescue Teams|Medical Kits,105,RESOLVED,CITIZEN,MOBILE_APP,SINHALA,RAIN,True,False,False,True,OFFICER-01,2,2,1,66,False,MODERATE,0,True,5,8,5,True,False,False
INC-2025-1513,2025-08-21T21:07:42,Gampaha,WET,Medical Emergency,1,LOW,37,1,Rescue Teams|Medical Kits,107,RESOLVED,CITIZEN,MOBILE_APP,SINHALA,RAIN,True,False,False,True,OFFICER-01,10,3,1,71,False,MODERATE,0,True,8,0,3,True,False,False
INC-2026-1514,2026-01-11T18:19:01,Hambantota,WET,High Winds/Cyclone,2,MEDIUM,110,0,Rescue Teams|Medical Kits,76,RESOLVED,CITIZEN,MOBILE_APP,TAMIL,RAIN,True,False,False,True,OFFICER-01,8,3,1,0,False,MODERATE,0,True,1,16,6,False,True,False
INC-2025-1515,2025-01-07T16:41:27,Kandy,WET,Flood,3,HIGH,3812,0,Rescue Teams|Medical Kits,101,RESOLVED,CITIZEN,MOBILE_APP,SINHALA,RAIN,True,True,False,True,OFFICER-01,5,5,5,61,False,MODERATE,0,True,1,6,1,False,False,False
INC-2025-1516,2025-12-31T18:55:49,Monaragala,WET,Forest Fire,3,HIGH,22,0,Rescue Teams|Medical Kits,105,RESOLVED,CITIZEN,MOBILE_APP,TAMIL,RAIN,True,False,False,True,OFFICER-01,6,2,3,51,False,MODERATE,0,True,12,21,2,False,False,False
INC-2025-1517,2025-11-12T21:48:13,Monaragala,WET,Forest Fire,1,LOW,47,1,Rescue Teams|Medical Kits,120,RESOLVED,CITIZEN,MOBILE_APP,ENGLISH,RAIN,False,False,False,True,OFFICER-01,2,5,3,87,False,MODERATE,0,True,11,0,2,True,True,False
INC-2025-1518,2025-06-02T10:51:43,Gampaha,WET,Medical Emergency,4,CRITICAL,39,0,Rescue Teams|Medical Kits,61,RESOLVED,CITIZEN,MOBILE_APP,TAMIL,RAIN,True,False,False,True,OFFICER-01,4,3,5,31,False,MODERATE,0,True,6,8,0,True,False,False
INC-2025-1519,2025-02-08T21:21:03,Badulla,WET,Forest Fire,2,MEDIUM,24,0,Rescue Teams|Medical Kits,34,RESOLVED,CITIZEN,MOBILE_APP,ENGLISH,RAIN,False,True,False,True,OFFICER-01,0,0,4,4,False,MODERATE,0,True,2,1,5,True,True,False
INC-2025-1520,2025-11-08T17:15:12,Galle,WET,High Winds/Cyclone,1,LOW,139,0,Rescue Teams|Medical Kits,43,RESOLVED,CITIZEN,MOBILE_APP,ENGLISH,RAIN,True,False,False,True,OFFICER-01,4,4,4,91,False,MODERATE,0,True,11,19,5,False,False,False
INC-2025-1521,2025-10-06T04:31:24,Matara,WET,High Winds/Cyclone,2,MEDIUM,351,0,Rescue Teams|Medical Kits,105,RESOLVED,CITIZEN,MOBILE_APP,TAMIL,RAIN,False,False,False,True,OFFICER-01,6,5,3,36,False,MODERATE,0,True,10,2,0,True,False,False
INC-2025-1522,2025-05-01T23:41:41,Kegalle,WET,High Winds/Cyclone,1,LOW,311,0,Rescue Teams|Medical Kits,83,RESOLVED,CITIZEN,MOBILE_APP,ENGLISH,RAIN,True,False,False,True,OFFICER-01,4,4,1,92,False,MODERATE,0,True,5,11,3,False,False,False
INC-2026-1523,2026-06-05T06:10:25,Anuradhapura,WET,Drought,3,HIGH,763,0,Rescue Teams|Medical Kits,100,RESOLVED,CITIZEN,MOBILE_APP,TAMIL,RAIN,True,False,False,True,OFFICER-01,6,0,2,11,False,MODERATE,0,True,6,4,4,True,False,False
INC-2026-1524,2026-03-11T13:25:55,Nuwara Eliya,WET,Flood,3,HIGH,5768,106,Rescue Teams|Medical Kits,68,RESOLVED,CITIZEN,MOBILE_APP,TAMIL,RAIN,False,True,False,True,OFFICER-01,3,3,4,91,False,MODERATE,0,True,3,20,2,True,False,False
INC-2025-1525,2025-01-10T23:47:33,Matara,WET,High Winds/Cyclone,4,CRITICAL,145,0,Rescue Teams|Medical Kits,118,RESOLVED,CITIZEN,MOBILE_APP,ENGLISH,RAIN,True,False,False,True,OFFICER-01,8,0,1,67,False,MODERATE,0,True,1,7,4,True,False,False
INC-2025-1526,2025-09-18T22:02:44,Kegalle,WET,High Winds/Cyclone,2,MEDIUM,442,3,Rescue Teams|Medical Kits,26,RESOLVED,CITIZEN,MOBILE_APP,SINHALA,RAIN,False,False,False,True,OFFICER-01,6,3,1,68,False,MODERATE,0,True,9,8,3,True,False,True
INC-2026-1527,2026-02-02T13:28:52,Nuwara Eliya,WET,Flood,3,HIGH,3674,18,Rescue Teams|Medical Kits,47,RESOLVED,CITIZEN,MOBILE_APP,ENGLISH,RAIN,True,False,False,True,OFFICER-01,0,2,5,28,False,MODERATE,0,True,2,18,0,True,True,False
INC-2025-1528,2025-03-10T13:36:05,Rathnapura,WET,Flood,3,HIGH,1074,0,Rescue Teams|Medical Kits,92,RESOLVED,CITIZEN,MOBILE_APP,ENGLISH,RAIN,False,False,False,True,OFFICER-01,9,4,2,17,False,MODERATE,0,True,3,0,0,False,False,False
INC-2026-1529,2026-03-10T04:16:23,Puttalam,WET,High Winds/Cyclone,1,LOW,499,0,Rescue Teams|Medical Kits,28,RESOLVED,CITIZEN,MOBILE_APP,ENGLISH,RAIN,False,False,False,True,OFFICER-01,7,3,3,88,False,MODERATE,0,True,3,13,1,True,False,False
INC-2026-1530,2026-01-31T10:04:17,Puttalam,WET,High Winds/Cyclone,2,MEDIUM,453,0,Rescue Teams|Medical Kits,100,RESOLVED,CITIZEN,MOBILE_APP,TAMIL,RAIN,True,True,False,True,OFFICER-01,5,0,0,93,False,MODERATE,0,True,1,6,5,True,False,False
INC-2026-1531,2026-05-13T00:13:59,Colombo,WET,Building Collapse,2,MEDIUM,40,1,Rescue Teams|Medical Kits,72,RESOLVED,CITIZEN,MOBILE_APP,TAMIL,RAIN,True,False,False,True,OFFICER-01,6,0,3,41,False,MODERATE,0,True,5,22,2,True,False,False
INC-2025-1532,2025-05-26T10:48:13,Hambantota,WET,High Winds/Cyclone,1,LOW,120,0,Rescue Teams|Medical Kits,87,RESOLVED,CITIZEN,MOBILE_APP,TAMIL,RAIN,True,False,False,True,OFFICER-01,1,1,2,43,False,MODERATE,0,True,5,14,0,False,False,False
INC-2026-1533,2026-01-09T00:55:25,Anuradhapura,WET,Drought,2,MEDIUM,1452,0,Rescue Teams|Medical Kits,109,RESOLVED,CITIZEN,MOBILE_APP,TAMIL,RAIN,False,False,False,True,OFFICER-01,0,2,0,9,False,MODERATE,0,True,1,17,4,False,False,False
INC-2025-1534,2025-04-07T22:24:42,Nuwara Eliya,WET,Landslide,4,CRITICAL,2383,25,Rescue Teams|Medical Kits,65,RESOLVED,CITIZEN,MOBILE_APP,ENGLISH,RAIN,True,False,False,True,OFFICER-01,1,4,4,56,False,MODERATE,0,True,4,4,0,True,False,False
INC-2026-1535,2026-05-19T12:56:55,Rathnapura,WET,Flood,3,HIGH,1233,0,Rescue Teams|Medical Kits,91,RESOLVED,CITIZEN,MOBILE_APP,TAMIL,RAIN,True,False,False,True,OFFICER-01,10,1,4,57,False,MODERATE,0,True,5,1,1,True,False,False
INC-2025-1536,2025-09-29T12:39:28,Anuradhapura,WET,Drought,3,HIGH,1809,0,Rescue Teams|Medical Kits,58,RESOLVED,CITIZEN,MOBILE_APP,TAMIL,RAIN,True,True,False,True,OFFICER-01,0,0,5,64,False,MODERATE,0,True,9,6,0,True,True,False
INC-2026-1537,2026-05-01T21:21:33,Colombo,WET,Building Collapse,2,MEDIUM,24,1,Rescue Teams|Medical Kits,41,RESOLVED,CITIZEN,MOBILE_APP,SINHALA,RAIN,True,False,False,True,OFFICER-01,10,4,0,49,False,MODERATE,0,True,5,5,4,True,False,False
INC-2025-1538,2025-02-02T12:05:53,Hambantota,WET,High Winds/Cyclone,1,LOW,51,0,Rescue Teams|Medical Kits,48,RESOLVED,CITIZEN,MOBILE_APP,TAMIL,RAIN,False,False,False,True,OFFICER-01,9,3,2,30,False,MODERATE,0,True,2,5,6,True,False,False
INC-2026-1539,2026-07-25T17:14:12,Anuradhapura,WET,Drought,2,MEDIUM,1800,0,Rescue Teams|Medical Kits,99,RESOLVED,CITIZEN,MOBILE_APP,TAMIL,RAIN,False,False,False,True,OFFICER-01,5,3,5,99,False,MODERATE,0,True,7,2,5,False,False,False
INC-2025-1540,2025-07-18T14:49:13,Anuradhapura,WET,Drought,2,MEDIUM,601,0,Rescue Teams|Medical Kits,23,RESOLVED,CITIZEN,MOBILE_APP,ENGLISH,RAIN,False,True,False,True,OFFICER-01,6,5,3,70,False,MODERATE,0,True,7,8,4,True,True,False
INC-2025-1541,2025-10-02T21:50:31,Badulla,WET,Forest Fire,1,LOW,75,1,Rescue Teams|Medical Kits,69,RESOLVED,CITIZEN,MOBILE_APP,TAMIL,RAIN,False,False,False,True,OFFICER-01,2,3,3,27,False,MODERATE,0,True,10,21,3,False,False,False
INC-2025-1542,2025-11-01T04:38:36,Badulla,WET,Forest Fire,1,LOW,48,0,Rescue Teams|Medical Kits,52,RESOLVED,CITIZEN,MOBILE_APP,SINHALA,RAIN,True,False,False,True,OFFICER-01,2,5,3,98,False,MODERATE,0,True,11,16,5,False,False,False
INC-2026-1543,2026-05-26T05:15:54,Matara,WET,High Winds/Cyclone,1,LOW,228,0,Rescue Teams|Medical Kits,54,RESOLVED,CITIZEN,MOBILE_APP,ENGLISH,RAIN,True,True,False,True,OFFICER-01,0,2,5,4,False,MODERATE,0,True,5,17,1,False,False,False
INC-2026-1544,2026-02-18T05:24:58,Hambantota,WET,High Winds/Cyclone,1,LOW,84,0,Rescue Teams|Medical Kits,87,RESOLVED,CITIZEN,MOBILE_APP,SINHALA,RAIN,False,False,False,True,OFFICER-01,7,3,1,94,False,MODERATE,0,True,2,5,2,False,True,False
INC-2025-1545,2025-04-21T04:48:24,Anuradhapura,WET,Drought,4,CRITICAL,1708,0,Rescue Teams|Medical Kits,57,RESOLVED,CITIZEN,MOBILE_APP,TAMIL,RAIN,True,False,False,True,OFFICER-01,5,0,2,4,False,MODERATE,0,True,4,0,0,False,False,False
INC-2026-1546,2026-06-20T06:16:14,Galle,WET,High Winds/Cyclone,3,HIGH,51,0,Rescue Teams|Medical Kits,91,RESOLVED,CITIZEN,MOBILE_APP,ENGLISH,RAIN,True,False,False,True,OFFICER-01,10,5,5,87,False,MODERATE,0,True,6,6,5,False,False,True
INC-2025-1547,2025-06-23T19:52:36,Kegalle,WET,High Winds/Cyclone,2,MEDIUM,551,0,Rescue Teams|Medical Kits,18,RESOLVED,CITIZEN,MOBILE_APP,ENGLISH,RAIN,True,True,False,True,OFFICER-01,2,3,2,23,False,MODERATE,0,True,6,3,0,True,True,False
INC-2025-1548,2025-07-25T04:54:13,Monaragala,WET,Forest Fire,1,LOW,29,0,Rescue Teams|Medical Kits,82,RESOLVED,CITIZEN,MOBILE_APP,SINHALA,RAIN,False,False,False,True,OFFICER-01,8,5,5,44,False,MODERATE,0,True,7,3,4,True,True,False
INC-2025-1549,2025-08-16T05:37:54,Gampaha,WET,Medical Emergency,3,HIGH,31,0,Rescue Teams|Medical Kits,100,RESOLVED,CITIZEN,MOBILE_APP,ENGLISH,RAIN,True,True,False,True,OFFICER-01,5,2,2,96,False,MODERATE,0,True,8,20,5,False,False,False
INC-2026-1550,2026-06-19T21:08:18,Kegalle,WET,High Winds/Cyclone,2,MEDIUM,532,0,Rescue Teams|Medical Kits,64,RESOLVED,CITIZEN,MOBILE_APP,SINHALA,RAIN,True,True,False,True,OFFICER-01,2,0,5,40,False,MODERATE,0,True,6,3,4,True,False,False
INC-2025-1551,2025-10-18T22:09:05,Anuradhapura,WET,Drought,2,MEDIUM,1366,0,Rescue Teams|Medical Kits,82,RESOLVED,CITIZEN,MOBILE_APP,SINHALA,RAIN,True,False,False,True,OFFICER-01,8,5,3,50,False,MODERATE,0,True,10,3,5,False,False,False
INC-2025-1552,2025-01-11T23:08:02,Hambantota,WET,High Winds/Cyclone,2,MEDIUM,125,0,Rescue Teams|Medical Kits,58,RESOLVED,CITIZEN,MOBILE_APP,SINHALA,RAIN,False,True,False,True,OFFICER-01,6,5,3,7,False,MODERATE,0,True,1,0,5,True,False,False
INC-2025-1553,2025-09-18T15:47:31,Nuwara Eliya,WET,Landslide,3,HIGH,866,5,Rescue Teams|Medical Kits,112,RESOLVED,CITIZEN,MOBILE_APP,SINHALA,RAIN,True,False,False,True,OFFICER-01,4,1,4,71,False,MODERATE,0,True,9,14,3,True,False,False
INC-2025-1554,2025-01-30T21:17:15,Polonnaruwa,WET,Drought,2,MEDIUM,815,0,Rescue Teams|Medical Kits,61,RESOLVED,CITIZEN,MOBILE_APP,SINHALA,RAIN,True,False,False,True,OFFICER-01,10,1,4,22,False,MODERATE,0,True,1,4,3,True,True,False
INC-2025-1555,2025-03-25T03:52:22,Kegalle,WET,High Winds/Cyclone,1,LOW,426,0,Rescue Teams|Medical Kits,90,RESOLVED,CITIZEN,MOBILE_APP,SINHALA,RAIN,False,True,False,True,OFFICER-01,4,5,2,24,False,MODERATE,0,True,3,19,1,False,False,False
INC-2026-1556,2026-02-09T22:25:52,Rathnapura,WET,Flood,3,HIGH,2742,0,Rescue Teams|Medical Kits,100,RESOLVED,CITIZEN,MOBILE_APP,TAMIL,RAIN,False,False,False,True,OFFICER-01,7,3,0,86,False,MODERATE,0,True,2,2,0,True,False,False
INC-2025-1557,2025-09-07T02:09:19,Puttalam,WET,High Winds/Cyclone,2,MEDIUM,208,0,Rescue Teams|Medical Kits,23,RESOLVED,CITIZEN,MOBILE_APP,ENGLISH,RAIN,True,False,False,True,OFFICER-01,3,1,4,14,False,MODERATE,0,True,9,4,6,True,False,False
INC-2025-1558,2025-04-20T17:10:34,Badulla,WET,Forest Fire,1,LOW,97,0,Rescue Teams|Medical Kits,87,RESOLVED,CITIZEN,MOBILE_APP,SINHALA,RAIN,True,False,False,True,OFFICER-01,5,3,1,86,False,MODERATE,0,True,4,4,6,False,False,False
INC-2025-1559,2025-12-04T23:46:26,Monaragala,WET,Forest Fire,1,LOW,71,0,Rescue Teams|Medical Kits,94,RESOLVED,CITIZEN,MOBILE_APP,TAMIL,RAIN,False,False,False,True,OFFICER-01,1,2,1,7,False,MODERATE,0,True,12,14,3,True,False,False
INC-2025-1560,2025-08-01T22:47:17,Kandy,WET,Landslide,3,HIGH,1150,6,Rescue Teams|Medical Kits,54,RESOLVED,CITIZEN,MOBILE_APP,TAMIL,RAIN,False,False,False,True,OFFICER-01,5,0,1,76,False,MODERATE,0,True,8,17,4,False,False,False
INC-2026-1561,2026-01-26T16:34:46,Colombo,WET,Medical Emergency,2,MEDIUM,35,1,Rescue Teams|Medical Kits,73,RESOLVED,CITIZEN,MOBILE_APP,TAMIL,RAIN,False,True,False,True,OFFICER-01,5,2,5,8,False,MODERATE,0,True,1,23,0,False,True,True
INC-2025-1562,2025-07-06T11:40:09,Galle,WET,High Winds/Cyclone,1,LOW,158,0,Rescue Teams|Medical Kits,27,RESOLVED,CITIZEN,MOBILE_APP,SINHALA,RAIN,True,True,False,True,OFFICER-01,3,2,3,7,False,MODERATE,0,True,7,14,6,False,False,False
INC-2026-1563,2026-02-28T16:42:32,Puttalam,WET,High Winds/Cyclone,2,MEDIUM,358,1,Rescue Teams|Medical Kits,108,RESOLVED,CITIZEN,MOBILE_APP,SINHALA,RAIN,True,False,False,True,OFFICER-01,10,3,4,15,False,MODERATE,0,True,2,5,5,False,True,False
INC-2025-1564,2025-06-22T15:17:39,Badulla,WET,Forest Fire,1,LOW,63,0,Rescue Teams|Medical Kits,16,RESOLVED,CITIZEN,MOBILE_APP,ENGLISH,RAIN,True,True,False,True,OFFICER-01,8,4,5,39,False,MODERATE,0,True,6,22,6,False,False,False
INC-2025-1565,2025-11-29T18:09:13,Anuradhapura,WET,Drought,3,HIGH,1487,0,Rescue Teams|Medical Kits,73,RESOLVED,CITIZEN,MOBILE_APP,SINHALA,RAIN,False,False,False,True,OFFICER-01,6,1,2,71,False,MODERATE,0,True,11,3,5,True,True,False
INC-2025-1566,2025-01-22T10:12:47,Gampaha,WET,Medical Emergency,1,LOW,44,0,Rescue Teams|Medical Kits,25,RESOLVED,CITIZEN,MOBILE_APP,TAMIL,RAIN,False,False,False,True,OFFICER-01,4,5,2,46,False,MODERATE,0,True,1,2,2,True,False,False
INC-2025-1567,2025-10-10T05:40:55,Kandy,WET,Landslide,4,CRITICAL,1360,5,Rescue Teams|Medical Kits,108,RESOLVED,CITIZEN,MOBILE_APP,TAMIL,RAIN,True,True,False,True,OFFICER-01,1,5,5,64,False,MODERATE,0,True,10,14,4,True,False,False
INC-2025-1568,2025-11-19T13:15:45,Polonnaruwa,WET,Drought,3,HIGH,1268,0,Rescue Teams|Medical Kits,84,RESOLVED,CITIZEN,MOBILE_APP,SINHALA,RAIN,False,False,False,True,OFFICER-01,0,2,2,63,False,MODERATE,0,True,11,12,2,True,False,False
INC-2025-1569,2025-12-23T08:01:31,Matara,WET,High Winds/Cyclone,2,MEDIUM,150,0,Rescue Teams|Medical Kits,106,RESOLVED,CITIZEN,MOBILE_APP,ENGLISH,RAIN,True,True,False,True,OFFICER-01,10,3,0,38,False,MODERATE,0,True,12,1,1,True,False,False
INC-2025-1570,2025-10-31T16:26:18,Nuwara Eliya,WET,Landslide,4,CRITICAL,1580,14,Rescue Teams|Medical Kits,95,RESOLVED,CITIZEN,MOBILE_APP,TAMIL,RAIN,True,True,False,True,OFFICER-01,1,2,1,37,False,MODERATE,0,True,10,14,4,True,False,False
INC-2025-1571,2025-06-26T03:11:29,Polonnaruwa,WET,Drought,2,MEDIUM,615,0,Rescue Teams|Medical Kits,63,RESOLVED,CITIZEN,MOBILE_APP,TAMIL,RAIN,True,False,False,True,OFFICER-01,9,3,4,65,False,MODERATE,0,True,6,8,3,False,True,False
INC-2025-1572,2025-01-17T23:15:59,Anuradhapura,WET,Drought,2,MEDIUM,943,0,Rescue Teams|Medical Kits,66,RESOLVED,CITIZEN,MOBILE_APP,TAMIL,RAIN,True,False,False,True,OFFICER-01,3,5,0,97,False,MODERATE,0,True,1,7,4,False,True,False
INC-2026-1573,2026-03-24T21:35:36,Gampaha,WET,Medical Emergency,3,HIGH,21,0,Rescue Teams|Medical Kits,91,RESOLVED,CITIZEN,MOBILE_APP,SINHALA,RAIN,False,False,False,True,OFFICER-01,4,0,0,33,False,MODERATE,0,True,3,21,1,False,False,False
INC-2025-1574,2025-10-20T22:01:59,Kandy,WET,Flood,3,HIGH,5042,0,Rescue Teams|Medical Kits,26,RESOLVED,CITIZEN,MOBILE_APP,TAMIL,RAIN,True,True,False,True,OFFICER-01,1,3,5,74,False,MODERATE,0,True,10,5,0,True,False,False
INC-2026-1575,2026-05-22T10:13:42,Colombo,WET,Building Collapse,2,MEDIUM,26,0,Rescue Teams|Medical Kits,51,RESOLVED,CITIZEN,MOBILE_APP,TAMIL,RAIN,True,True,False,True,OFFICER-01,9,3,4,76,False,MODERATE,0,True,5,23,4,True,False,False
INC-2025-1576,2025-09-03T05:31:07,Kandy,WET,Flood,3,HIGH,2660,0,Rescue Teams|Medical Kits,85,RESOLVED,CITIZEN,MOBILE_APP,TAMIL,RAIN,False,False,False,True,OFFICER-01,8,5,0,1,False,MODERATE,0,True,9,10,2,True,True,False
INC-2025-1577,2025-03-01T18:48:54,Badulla,WET,Forest Fire,1,LOW,73,0,Rescue Teams|Medical Kits,36,RESOLVED,CITIZEN,MOBILE_APP,TAMIL,RAIN,True,False,False,True,OFFICER-01,7,2,2,57,False,MODERATE,0,True,3,7,5,False,False,False
INC-2026-1578,2026-08-02T12:56:36,Hambantota,WET,High Winds/Cyclone,2,MEDIUM,146,0,Rescue Teams|Medical Kits,42,RESOLVED,CITIZEN,MOBILE_APP,TAMIL,RAIN,True,True,False,True,OFFICER-01,9,5,4,74,False,MODERATE,0,True,8,17,6,True,False,False
INC-2025-1579,2025-11-01T10:44:09,Kandy,WET,Flood,3,HIGH,4172,0,Rescue Teams|Medical Kits,116,RESOLVED,CITIZEN,MOBILE_APP,TAMIL,RAIN,True,False,False,True,OFFICER-01,2,0,3,28,False,MODERATE,0,True,11,15,5,True,True,False
INC-2025-1580,2025-11-24T11:02:19,Matara,WET,High Winds/Cyclone,2,MEDIUM,161,0,Rescue Teams|Medical Kits,92,RESOLVED,CITIZEN,MOBILE_APP,SINHALA,RAIN,True,False,False,True,OFFICER-01,3,3,5,20,False,MODERATE,0,True,11,18,0,True,False,False
INC-2026-1581,2026-08-06T08:04:29,Gampaha,WET,Medical Emergency,1,LOW,28,1,Rescue Teams|Medical Kits,30,RESOLVED,CITIZEN,MOBILE_APP,SINHALA,RAIN,False,False,False,True,OFFICER-01,7,2,5,27,False,MODERATE,0,True,8,7,3,True,False,False
INC-2025-1582,2025-04-24T00:18:54,Galle,WET,High Winds/Cyclone,2,MEDIUM,132,0,Rescue Teams|Medical Kits,23,RESOLVED,CITIZEN,MOBILE_APP,TAMIL,RAIN,False,True,False,True,OFFICER-01,4,3,3,22,False,MODERATE,0,True,4,19,3,True,False,True
INC-2026-1583,2026-07-01T04:52:41,Puttalam,WET,High Winds/Cyclone,4,CRITICAL,293,0,Rescue Teams|Medical Kits,107,RESOLVED,CITIZEN,MOBILE_APP,TAMIL,RAIN,True,False,False,True,OFFICER-01,4,2,1,12,False,MODERATE,0,True,7,18,2,True,False,False
INC-2025-1584,2025-10-30T14:53:25,Colombo,WET,Medical Emergency,1,LOW,23,0,Rescue Teams|Medical Kits,94,RESOLVED,CITIZEN,MOBILE_APP,SINHALA,RAIN,True,False,False,True,OFFICER-01,10,4,3,89,False,MODERATE,0,True,10,12,3,True,False,False
INC-2025-1585,2025-10-09T10:55:33,Nuwara Eliya,WET,Landslide,2,MEDIUM,2414,30,Rescue Teams|Medical Kits,96,RESOLVED,CITIZEN,MOBILE_APP,SINHALA,RAIN,False,True,False,True,OFFICER-01,5,5,0,53,False,MODERATE,0,True,10,19,3,False,True,False
INC-2026-1586,2026-01-30T17:56:59,Colombo,WET,Building Collapse,2,MEDIUM,28,1,Rescue Teams|Medical Kits,105,RESOLVED,CITIZEN,MOBILE_APP,ENGLISH,RAIN,False,True,False,True,OFFICER-01,0,5,1,39,False,MODERATE,0,True,1,15,4,True,False,False
INC-2026-1587,2026-05-21T05:22:59,Galle,WET,High Winds/Cyclone,1,LOW,93,0,Rescue Teams|Medical Kits,46,RESOLVED,CITIZEN,MOBILE_APP,SINHALA,RAIN,True,False,False,True,OFFICER-01,3,3,2,39,False,MODERATE,0,True,5,23,3,False,True,False
INC-2025-1588,2025-03-15T02:58:53,Nuwara Eliya,WET,Flood,1,LOW,7458,80,Rescue Teams|Medical Kits,50,RESOLVED,CITIZEN,MOBILE_APP,SINHALA,RAIN,True,False,False,True,OFFICER-01,5,0,5,76,False,MODERATE,0,True,3,8,5,True,False,False
INC-2025-1589,2025-12-08T03:37:17,Nuwara Eliya,WET,Landslide,4,CRITICAL,1642,6,Rescue Teams|Medical Kits,51,RESOLVED,CITIZEN,MOBILE_APP,SINHALA,RAIN,False,True,False,True,OFFICER-01,4,3,2,24,False,MODERATE,0,True,12,13,0,True,False,False
INC-2025-1590,2025-05-30T12:50:25,Rathnapura,WET,Flood,3,HIGH,1957,20,Rescue Teams|Medical Kits,37,RESOLVED,CITIZEN,MOBILE_APP,ENGLISH,RAIN,False,True,False,True,OFFICER-01,1,5,0,3,False,MODERATE,0,True,5,21,4,True,False,False
INC-2025-1591,2025-09-05T05:39:17,Matara,WET,High Winds/Cyclone,1,LOW,296,0,Rescue Teams|Medical Kits,63,RESOLVED,CITIZEN,MOBILE_APP,ENGLISH,RAIN,False,True,False,True,OFFICER-01,9,5,3,76,False,MODERATE,0,True,9,20,4,False,False,False
INC-2025-1592,2025-05-11T09:31:40,Hambantota,WET,High Winds/Cyclone,2,MEDIUM,122,0,Rescue Teams|Medical Kits,92,RESOLVED,CITIZEN,MOBILE_APP,TAMIL,RAIN,False,False,False,True,OFFICER-01,0,4,1,100,False,MODERATE,0,True,5,2,6,True,False,True
INC-2025-1593,2025-04-09T12:01:55,Nuwara Eliya,WET,Landslide,4,CRITICAL,1374,5,Rescue Teams|Medical Kits,81,RESOLVED,CITIZEN,MOBILE_APP,TAMIL,RAIN,True,True,False,True,OFFICER-01,9,1,1,32,False,MODERATE,0,True,4,8,2,True,True,False
INC-2026-1594,2026-01-03T02:38:41,Matara,WET,High Winds/Cyclone,2,MEDIUM,289,0,Rescue Teams|Medical Kits,118,RESOLVED,CITIZEN,MOBILE_APP,ENGLISH,RAIN,True,False,False,True,OFFICER-01,2,2,1,93,False,MODERATE,0,True,1,23,5,True,False,False
INC-2025-1595,2025-10-26T01:02:28,Hambantota,WET,High Winds/Cyclone,2,MEDIUM,129,0,Rescue Teams|Medical Kits,86,RESOLVED,CITIZEN,MOBILE_APP,TAMIL,RAIN,True,False,False,True,OFFICER-01,8,4,2,77,False,MODERATE,0,True,10,0,6,True,False,False
INC-2026-1596,2026-01-08T12:28:14,Kandy,WET,Landslide,2,MEDIUM,1793,0,Rescue Teams|Medical Kits,66,RESOLVED,CITIZEN,MOBILE_APP,ENGLISH,RAIN,True,False,False,True,OFFICER-01,0,2,3,15,False,MODERATE,0,True,1,9,3,False,False,False
INC-2025-1597,2025-06-06T10:32:19,Polonnaruwa,WET,Drought,2,MEDIUM,504,0,Rescue Teams|Medical Kits,108,RESOLVED,CITIZEN,MOBILE_APP,TAMIL,RAIN,True,True,False,True,OFFICER-01,10,3,5,48,False,MODERATE,0,True,6,14,4,True,True,False
INC-2025-1598,2025-12-03T19:36:12,Polonnaruwa,WET,Drought,2,MEDIUM,940,0,Rescue Teams|Medical Kits,70,RESOLVED,CITIZEN,MOBILE_APP,TAMIL,RAIN,True,False,False,True,OFFICER-01,0,0,2,79,False,MODERATE,0,True,12,3,2,True,False,False
INC-2025-1599,2025-03-05T17:15:07,Monaragala,WET,Forest Fire,1,LOW,20,1,Rescue Teams|Medical Kits,68,RESOLVED,CITIZEN,MOBILE_APP,ENGLISH,RAIN,True,False,False,True,OFFICER-01,5,0,5,43,False,MODERATE,0,True,3,14,2,True,False,False
INC-2026-1600,2026-02-26T14:53:22,Rathnapura,WET,Flood,3,HIGH,2490,0,Rescue Teams|Medical Kits,51,RESOLVED,CITIZEN,MOBILE_APP,TAMIL,RAIN,True,False,False,True,OFFICER-01,3,2,4,81,False,MODERATE,0,True,2,8,3,False,True,False
INC-2026-1601,2026-03-23T23:47:35,Badulla,WET,Forest Fire,1,LOW,76,0,Rescue Teams|Medical Kits,105,RESOLVED,CITIZEN,MOBILE_APP,TAMIL,RAIN,False,False,False,True,OFFICER-01,3,3,2,39,False,MODERATE,0,True,3,0,0,False,True,False
INC-2025-1602,2025-04-16T09:54:00,Kandy,WET,Flood,3,HIGH,5378,0,Rescue Teams|Medical Kits,57,RESOLVED,CITIZEN,MOBILE_APP,ENGLISH,RAIN,False,False,False,True,OFFICER-01,1,2,0,16,False,MODERATE,0,True,4,15,2,False,False,False
INC-2025-1603,2025-02-13T06:16:04,Colombo,WET,Medical Emergency,1,LOW,25,0,Rescue Teams|Medical Kits,24,RESOLVED,CITIZEN,MOBILE_APP,TAMIL,RAIN,False,False,False,True,OFFICER-01,6,1,4,82,False,MODERATE,0,True,2,12,3,False,False,False
INC-2026-1604,2026-03-22T00:56:21,Nuwara Eliya,WET,Landslide,3,HIGH,1300,14,Rescue Teams|Medical Kits,112,RESOLVED,CITIZEN,MOBILE_APP,SINHALA,RAIN,True,False,False,True,OFFICER-01,7,4,4,48,False,MODERATE,0,True,3,7,6,False,True,False
INC-2025-1605,2025-03-07T06:58:34,Colombo,WET,Medical Emergency,1,LOW,49,0,Rescue Teams|Medical Kits,59,RESOLVED,CITIZEN,MOBILE_APP,TAMIL,RAIN,False,False,False,True,OFFICER-01,6,3,0,27,False,MODERATE,0,True,3,4,4,True,False,False
INC-2025-1606,2025-09-12T09:56:07,Colombo,WET,Building Collapse,2,MEDIUM,73,1,Rescue Teams|Medical Kits,110,RESOLVED,CITIZEN,MOBILE_APP,TAMIL,RAIN,True,False,False,True,OFFICER-01,3,1,0,68,False,MODERATE,0,True,9,19,4,True,False,False
INC-2026-1607,2026-06-08T17:12:53,Rathnapura,WET,Flood,2,MEDIUM,2972,15,Rescue Teams|Medical Kits,53,RESOLVED,CITIZEN,MOBILE_APP,ENGLISH,RAIN,True,True,False,True,OFFICER-01,5,3,3,54,False,MODERATE,0,True,6,1,0,True,False,False
INC-2026-1608,2026-06-09T10:40:42,Hambantota,WET,High Winds/Cyclone,1,LOW,102,0,Rescue Teams|Medical Kits,92,RESOLVED,CITIZEN,MOBILE_APP,ENGLISH,RAIN,True,False,False,True,OFFICER-01,7,2,3,98,False,MODERATE,0,True,6,1,1,False,False,False
INC-2026-1609,2026-04-22T08:17:17,Gampaha,WET,Medical Emergency,1,LOW,27,0,Rescue Teams|Medical Kits,73,RESOLVED,CITIZEN,MOBILE_APP,ENGLISH,RAIN,True,False,False,True,OFFICER-01,0,1,3,49,False,MODERATE,0,True,4,4,2,False,False,False
INC-2025-1610,2025-11-23T03:20:46,Monaragala,WET,Forest Fire,1,LOW,70,0,Rescue Teams|Medical Kits,40,RESOLVED,CITIZEN,MOBILE_APP,ENGLISH,RAIN,True,False,False,True,OFFICER-01,1,0,2,96,False,MODERATE,0,True,11,14,6,True,False,False
INC-2026-1611,2026-08-19T09:10:06,Anuradhapura,WET,Drought,3,HIGH,925,0,Rescue Teams|Medical Kits,116,RESOLVED,CITIZEN,MOBILE_APP,ENGLISH,RAIN,True,False,False,True,OFFICER-01,5,3,2,92,False,MODERATE,0,True,8,22,2,False,True,True
INC-2025-1612,2025-04-27T12:29:05,Polonnaruwa,WET,Drought,2,MEDIUM,747,0,Rescue Teams|Medical Kits,38,RESOLVED,CITIZEN,MOBILE_APP,SINHALA,RAIN,False,False,False,True,OFFICER-01,10,1,3,55,False,MODERATE,0,True,4,10,6,True,False,False
INC-2026-1613,2026-05-06T08:14:39,Kandy,WET,Flood,4,CRITICAL,4799,0,Rescue Teams|Medical Kits,109,RESOLVED,CITIZEN,MOBILE_APP,SINHALA,RAIN,False,False,False,True,OFFICER-01,4,4,5,46,False,MODERATE,0,True,5,0,2,True,False,False
INC-2025-1614,2025-03-02T10:14:03,Badulla,WET,Forest Fire,3,HIGH,20,0,Rescue Teams|Medical Kits,79,RESOLVED,CITIZEN,MOBILE_APP,SINHALA,RAIN,False,True,False,True,OFFICER-01,7,2,3,54,False,MODERATE,0,True,3,10,6,True,False,False
INC-2025-1615,2025-08-31T07:20:11,Rathnapura,WET,Flood,3,HIGH,2495,0,Rescue Teams|Medical Kits,74,RESOLVED,CITIZEN,MOBILE_APP,TAMIL,RAIN,True,False,False,True,OFFICER-01,9,3,3,85,False,MODERATE,0,True,8,13,6,False,False,False
INC-2026-1616,2026-03-02T07:15:35,Colombo,WET,Building Collapse,1,LOW,38,1,Rescue Teams|Medical Kits,36,RESOLVED,CITIZEN,MOBILE_APP,TAMIL,RAIN,True,False,False,True,OFFICER-01,3,5,1,0,False,MODERATE,0,True,3,11,0,True,True,False
INC-2026-1617,2026-03-23T00:49:28,Hambantota,WET,High Winds/Cyclone,2,MEDIUM,140,0,Rescue Teams|Medical Kits,34,RESOLVED,CITIZEN,MOBILE_APP,SINHALA,RAIN,False,False,False,True,OFFICER-01,4,0,2,8,False,MODERATE,0,True,3,15,0,True,True,False
INC-2025-1618,2025-03-10T12:54:07,Matara,WET,High Winds/Cyclone,2,MEDIUM,372,0,Rescue Teams|Medical Kits,79,RESOLVED,CITIZEN,MOBILE_APP,ENGLISH,RAIN,False,True,False,True,OFFICER-01,2,2,3,38,False,MODERATE,0,True,3,18,0,True,False,False
INC-2025-1619,2025-04-10T13:51:49,Nuwara Eliya,WET,Landslide,3,HIGH,805,9,Rescue Teams|Medical Kits,60,RESOLVED,CITIZEN,MOBILE_APP,SINHALA,RAIN,True,False,False,True,OFFICER-01,8,5,5,89,False,MODERATE,0,True,4,23,3,False,False,False
INC-2025-1620,2025-11-18T06:25:54,Badulla,WET,Forest Fire,2,MEDIUM,49,0,Rescue Teams|Medical Kits,16,RESOLVED,CITIZEN,MOBILE_APP,SINHALA,RAIN,False,True,False,True,OFFICER-01,5,4,2,25,False,MODERATE,0,True,11,6,1,True,True,True
INC-2025-1621,2025-11-21T23:41:32,Kandy,WET,Landslide,4,CRITICAL,1151,3,Rescue Teams|Medical Kits,94,RESOLVED,CITIZEN,MOBILE_APP,TAMIL,RAIN,True,False,False,True,OFFICER-01,0,4,4,38,False,MODERATE,0,True,11,3,4,False,True,False
INC-2025-1622,2025-05-13T16:06:46,Rathnapura,WET,Flood,3,HIGH,2988,0,Rescue Teams|Medical Kits,42,RESOLVED,CITIZEN,MOBILE_APP,TAMIL,RAIN,True,False,False,True,OFFICER-01,3,0,4,28,False,MODERATE,0,True,5,3,1,True,False,False
INC-2026-1623,2026-02-18T14:23:52,Nuwara Eliya,WET,Landslide,3,HIGH,2360,0,Rescue Teams|Medical Kits,31,RESOLVED,CITIZEN,MOBILE_APP,TAMIL,RAIN,False,False,False,True,OFFICER-01,9,1,2,20,False,MODERATE,0,True,2,2,2,False,False,False
INC-2026-1624,2026-06-20T06:27:07,Puttalam,WET,High Winds/Cyclone,3,HIGH,389,0,Rescue Teams|Medical Kits,34,RESOLVED,CITIZEN,MOBILE_APP,ENGLISH,RAIN,False,True,False,True,OFFICER-01,3,2,0,11,False,MODERATE,0,True,6,18,5,True,False,True
INC-2026-1625,2026-07-17T03:17:16,Nuwara Eliya,WET,Landslide,2,MEDIUM,1622,16,Rescue Teams|Medical Kits,52,RESOLVED,CITIZEN,MOBILE_APP,SINHALA,RAIN,True,True,False,True,OFFICER-01,7,3,4,11,False,MODERATE,0,True,7,2,4,True,True,True
INC-2025-1626,2025-02-06T20:34:52,Puttalam,WET,High Winds/Cyclone,2,MEDIUM,408,0,Rescue Teams|Medical Kits,54,RESOLVED,CITIZEN,MOBILE_APP,ENGLISH,RAIN,False,False,False,True,OFFICER-01,4,0,4,94,False,MODERATE,0,True,2,23,3,False,True,False
INC-2026-1627,2026-04-10T04:44:24,Hambantota,WET,High Winds/Cyclone,1,LOW,125,2,Rescue Teams|Medical Kits,108,RESOLVED,CITIZEN,MOBILE_APP,SINHALA,RAIN,True,False,False,True,OFFICER-01,0,3,0,88,False,MODERATE,0,True,4,1,4,False,False,False
INC-2026-1628,2026-05-13T15:49:16,Colombo,WET,Building Collapse,2,MEDIUM,68,1,Rescue Teams|Medical Kits,79,RESOLVED,CITIZEN,MOBILE_APP,SINHALA,RAIN,True,False,False,True,OFFICER-01,2,5,0,81,False,MODERATE,0,True,5,23,2,False,True,False
INC-2025-1629,2025-10-04T09:19:54,Anuradhapura,WET,Drought,3,HIGH,1806,0,Rescue Teams|Medical Kits,88,RESOLVED,CITIZEN,MOBILE_APP,TAMIL,RAIN,True,True,False,True,OFFICER-01,1,5,0,1,False,MODERATE,0,True,10,4,5,True,False,False
INC-2026-1630,2026-03-18T17:23:36,Gampaha,WET,Medical Emergency,2,MEDIUM,24,1,Rescue Teams|Medical Kits,99,RESOLVED,CITIZEN,MOBILE_APP,ENGLISH,RAIN,True,True,False,True,OFFICER-01,4,4,2,78,False,MODERATE,0,True,3,22,2,False,False,False
INC-2026-1631,2026-07-25T21:41:33,Anuradhapura,WET,Drought,2,MEDIUM,763,0,Rescue Teams|Medical Kits,20,RESOLVED,CITIZEN,MOBILE_APP,ENGLISH,RAIN,True,True,False,True,OFFICER-01,10,4,5,2,False,MODERATE,0,True,7,2,5,True,True,False
INC-2026-1632,2026-05-06T16:42:53,Galle,WET,High Winds/Cyclone,2,MEDIUM,182,0,Rescue Teams|Medical Kits,53,RESOLVED,CITIZEN,MOBILE_APP,ENGLISH,RAIN,True,False,False,True,OFFICER-01,4,3,3,88,False,MODERATE,0,True,5,5,2,True,False,False
INC-2025-1633,2025-02-02T08:33:44,Colombo,WET,Medical Emergency,3,HIGH,47,1,Rescue Teams|Medical Kits,57,RESOLVED,CITIZEN,MOBILE_APP,TAMIL,RAIN,False,True,False,True,OFFICER-01,5,3,1,28,False,MODERATE,0,True,2,12,6,False,False,False
INC-2026-1634,2026-03-11T01:58:48,Polonnaruwa,WET,Drought,3,HIGH,1003,0,Rescue Teams|Medical Kits,45,RESOLVED,CITIZEN,MOBILE_APP,SINHALA,RAIN,False,False,False,True,OFFICER-01,3,3,5,6,False,MODERATE,0,True,3,22,2,True,False,False
INC-2026-1635,2026-05-18T15:49:51,Badulla,WET,Forest Fire,3,HIGH,26,0,Rescue Teams|Medical Kits,76,RESOLVED,CITIZEN,MOBILE_APP,TAMIL,RAIN,False,False,False,True,OFFICER-01,4,5,3,10,False,MODERATE,0,True,5,23,0,True,True,True
INC-2025-1636,2025-06-16T11:11:48,Nuwara Eliya,WET,Flood,3,HIGH,7169,85,Rescue Teams|Medical Kits,87,RESOLVED,CITIZEN,MOBILE_APP,ENGLISH,RAIN,False,False,False,True,OFFICER-01,4,0,4,91,False,MODERATE,0,True,6,10,0,False,False,False
INC-2025-1637,2025-07-21T15:35:00,Puttalam,WET,High Winds/Cyclone,1,LOW,435,0,Rescue Teams|Medical Kits,67,RESOLVED,CITIZEN,MOBILE_APP,ENGLISH,RAIN,True,False,False,True,OFFICER-01,3,5,0,72,False,MODERATE,0,True,7,17,0,False,True,False
INC-2026-1638,2026-07-21T00:11:31,Colombo,WET,Medical Emergency,1,LOW,24,1,Rescue Teams|Medical Kits,67,RESOLVED,CITIZEN,MOBILE_APP,ENGLISH,RAIN,True,False,False,True,OFFICER-01,6,5,5,19,False,MODERATE,0,True,7,16,1,False,True,False
INC-2025-1639,2025-10-13T11:48:51,Hambantota,WET,High Winds/Cyclone,1,LOW,149,0,Rescue Teams|Medical Kits,29,RESOLVED,CITIZEN,MOBILE_APP,TAMIL,RAIN,False,False,False,True,OFFICER-01,3,1,1,47,False,MODERATE,0,True,10,5,0,False,False,False
INC-2025-1640,2025-02-02T09:59:09,Matara,WET,High Winds/Cyclone,2,MEDIUM,323,0,Rescue Teams|Medical Kits,17,RESOLVED,CITIZEN,MOBILE_APP,TAMIL,RAIN,True,False,False,True,OFFICER-01,6,2,2,70,False,MODERATE,0,True,2,13,6,True,False,False
INC-2026-1641,2026-01-08T12:57:04,Kegalle,WET,High Winds/Cyclone,1,LOW,437,0,Rescue Teams|Medical Kits,56,RESOLVED,CITIZEN,MOBILE_APP,ENGLISH,RAIN,True,True,False,True,OFFICER-01,10,5,2,76,False,MODERATE,0,True,1,7,3,False,False,False
INC-2026-1642,2026-01-26T15:35:59,Hambantota,WET,High Winds/Cyclone,2,MEDIUM,139,0,Rescue Teams|Medical Kits,64,RESOLVED,CITIZEN,MOBILE_APP,TAMIL,RAIN,True,False,False,True,OFFICER-01,2,3,3,41,False,MODERATE,0,True,1,21,0,False,False,True
INC-2026-1643,2026-08-05T03:18:28,Puttalam,WET,High Winds/Cyclone,2,MEDIUM,260,0,Rescue Teams|Medical Kits,114,RESOLVED,CITIZEN,MOBILE_APP,TAMIL,RAIN,True,False,False,True,OFFICER-01,6,2,0,78,False,MODERATE,0,True,8,13,2,True,True,False
INC-2025-1644,2025-12-09T05:22:26,Colombo,WET,Building Collapse,4,CRITICAL,87,1,Rescue Teams|Medical Kits,65,RESOLVED,CITIZEN,MOBILE_APP,SINHALA,RAIN,False,False,False,True,OFFICER-01,0,0,5,41,False,MODERATE,0,True,12,11,1,False,True,False
INC-2026-1645,2026-05-22T14:01:56,Anuradhapura,WET,Drought,3,HIGH,1809,0,Rescue Teams|Medical Kits,76,RESOLVED,CITIZEN,MOBILE_APP,ENGLISH,RAIN,True,False,False,True,OFFICER-01,6,4,0,72,False,MODERATE,0,True,5,23,4,True,False,False
INC-2026-1646,2026-08-19T04:43:21,Polonnaruwa,WET,Drought,2,MEDIUM,760,0,Rescue Teams|Medical Kits,53,RESOLVED,CITIZEN,MOBILE_APP,TAMIL,RAIN,True,False,False,True,OFFICER-01,0,0,2,28,False,MODERATE,0,True,8,1,2,False,False,False
INC-2026-1647,2026-08-04T19:05:21,Monaragala,WET,Forest Fire,1,LOW,40,0,Rescue Teams|Medical Kits,59,RESOLVED,CITIZEN,MOBILE_APP,SINHALA,RAIN,True,True,False,True,OFFICER-01,9,1,3,5,False,MODERATE,0,True,8,11,1,True,False,False
INC-2026-1648,2026-01-12T08:46:24,Badulla,WET,Forest Fire,1,LOW,44,0,Rescue Teams|Medical Kits,104,RESOLVED,CITIZEN,MOBILE_APP,ENGLISH,RAIN,False,False,False,True,OFFICER-01,9,4,0,13,False,MODERATE,0,True,1,1,0,True,False,False
INC-2026-1649,2026-07-06T22:29:40,Galle,WET,High Winds/Cyclone,2,MEDIUM,185,0,Rescue Teams|Medical Kits,60,RESOLVED,CITIZEN,MOBILE_APP,ENGLISH,RAIN,True,True,False,True,OFFICER-01,10,5,1,71,False,MODERATE,0,True,7,16,0,True,False,False
INC-2025-1650,2025-01-16T05:33:37,Kegalle,WET,High Winds/Cyclone,2,MEDIUM,554,0,Rescue Teams|Medical Kits,65,RESOLVED,CITIZEN,MOBILE_APP,ENGLISH,RAIN,True,True,False,True,OFFICER-01,10,4,2,36,False,MODERATE,0,True,1,5,3,True,True,False
INC-2025-1651,2025-01-02T23:07:10,Colombo,WET,Building Collapse,3,HIGH,77,1,Rescue Teams|Medical Kits,62,RESOLVED,CITIZEN,MOBILE_APP,ENGLISH,RAIN,False,False,False,True,OFFICER-01,1,1,4,86,False,MODERATE,0,True,1,18,3,True,False,False
INC-2025-1652,2025-08-21T04:33:30,Kandy,WET,Landslide,3,HIGH,696,0,Rescue Teams|Medical Kits,112,RESOLVED,CITIZEN,MOBILE_APP,SINHALA,RAIN,False,True,False,True,OFFICER-01,8,5,2,84,False,MODERATE,0,True,8,8,3,True,False,False
INC-2025-1653,2025-07-31T08:33:34,Anuradhapura,WET,Drought,3,HIGH,1401,0,Rescue Teams|Medical Kits,98,RESOLVED,CITIZEN,MOBILE_APP,TAMIL,RAIN,True,False,False,True,OFFICER-01,3,5,2,28,False,MODERATE,0,True,7,0,3,False,False,True
INC-2026-1654,2026-02-22T03:12:56,Badulla,WET,Forest Fire,1,LOW,70,0,Rescue Teams|Medical Kits,21,RESOLVED,CITIZEN,MOBILE_APP,ENGLISH,RAIN,False,True,False,True,OFFICER-01,6,5,1,38,False,MODERATE,0,True,2,0,6,False,True,False
INC-2025-1655,2025-09-26T13:41:55,Puttalam,WET,High Winds/Cyclone,2,MEDIUM,307,0,Rescue Teams|Medical Kits,44,RESOLVED,CITIZEN,MOBILE_APP,ENGLISH,RAIN,False,False,False,True,OFFICER-01,9,2,1,84,False,MODERATE,0,True,9,3,4,True,True,True
INC-2026-1656,2026-05-28T01:33:24,Rathnapura,WET,Flood,3,HIGH,1537,0,Rescue Teams|Medical Kits,49,RESOLVED,CITIZEN,MOBILE_APP,TAMIL,RAIN,True,True,False,True,OFFICER-01,10,3,2,12,False,MODERATE,0,True,5,16,3,True,False,False
INC-2026-1657,2026-02-19T17:52:14,Colombo,WET,Building Collapse,2,MEDIUM,62,0,Rescue Teams|Medical Kits,17,RESOLVED,CITIZEN,MOBILE_APP,TAMIL,RAIN,True,False,False,True,OFFICER-01,9,2,3,95,False,MODERATE,0,True,2,4,3,False,True,False
INC-2026-1658,2026-01-14T21:14:05,Nuwara Eliya,WET,Landslide,4,CRITICAL,1541,0,Rescue Teams|Medical Kits,114,RESOLVED,CITIZEN,MOBILE_APP,SINHALA,RAIN,False,True,False,True,OFFICER-01,6,1,1,27,False,MODERATE,0,True,1,16,2,True,True,False
INC-2025-1659,2025-12-11T21:29:52,Nuwara Eliya,WET,Landslide,3,HIGH,803,15,Rescue Teams|Medical Kits,90,RESOLVED,CITIZEN,MOBILE_APP,ENGLISH,RAIN,True,False,False,True,OFFICER-01,3,2,0,71,False,MODERATE,0,True,12,22,3,False,False,False
INC-2026-1660,2026-07-09T07:17:47,Gampaha,WET,Medical Emergency,4,CRITICAL,30,0,Rescue Teams|Medical Kits,39,RESOLVED,CITIZEN,MOBILE_APP,TAMIL,RAIN,False,False,False,True,OFFICER-01,6,0,0,9,False,MODERATE,0,True,7,11,3,True,True,False
INC-2025-1661,2025-09-28T05:58:16,Monaragala,WET,Forest Fire,2,MEDIUM,13,0,Rescue Teams|Medical Kits,70,RESOLVED,CITIZEN,MOBILE_APP,TAMIL,RAIN,False,True,False,True,OFFICER-01,9,1,4,40,False,MODERATE,0,True,9,18,6,True,True,False
INC-2026-1662,2026-06-13T02:19:49,Colombo,WET,Medical Emergency,1,LOW,16,1,Rescue Teams|Medical Kits,71,RESOLVED,CITIZEN,MOBILE_APP,ENGLISH,RAIN,True,False,False,True,OFFICER-01,10,1,2,25,False,MODERATE,0,True,6,21,5,False,False,False
INC-2026-1663,2026-01-14T02:44:27,Badulla,WET,Forest Fire,1,LOW,40,0,Rescue Teams|Medical Kits,42,RESOLVED,CITIZEN,MOBILE_APP,ENGLISH,RAIN,True,True,False,True,OFFICER-01,1,1,1,44,False,MODERATE,0,True,1,15,2,True,False,False
INC-2026-1664,2026-08-09T02:11:10,Puttalam,WET,High Winds/Cyclone,2,MEDIUM,299,0,Rescue Teams|Medical Kits,70,RESOLVED,CITIZEN,MOBILE_APP,ENGLISH,RAIN,True,False,False,True,OFFICER-01,10,1,2,61,False,MODERATE,0,True,8,5,6,True,False,False
INC-2025-1665,2025-12-10T00:34:09,Badulla,WET,Forest Fire,1,LOW,18,0,Rescue Teams|Medical Kits,107,RESOLVED,CITIZEN,MOBILE_APP,SINHALA,RAIN,True,True,False,True,OFFICER-01,5,5,3,46,False,MODERATE,0,True,12,21,2,True,False,False
INC-2025-1666,2025-10-30T18:59:36,Galle,WET,High Winds/Cyclone,1,LOW,56,0,Rescue Teams|Medical Kits,48,RESOLVED,CITIZEN,MOBILE_APP,TAMIL,RAIN,False,False,False,True,OFFICER-01,1,1,4,97,False,MODERATE,0,True,10,7,3,True,False,False
INC-2025-1667,2025-10-31T04:28:08,Polonnaruwa,WET,Drought,2,MEDIUM,939,0,Rescue Teams|Medical Kits,35,RESOLVED,CITIZEN,MOBILE_APP,ENGLISH,RAIN,True,False,False,True,OFFICER-01,1,0,4,62,False,MODERATE,0,True,10,5,4,False,False,False
INC-2025-1668,2025-09-16T18:18:16,Galle,WET,High Winds/Cyclone,2,MEDIUM,128,0,Rescue Teams|Medical Kits,62,RESOLVED,CITIZEN,MOBILE_APP,TAMIL,RAIN,True,False,False,True,OFFICER-01,5,2,2,9,False,MODERATE,0,True,9,8,1,True,False,False
INC-2026-1669,2026-02-09T11:53:31,Puttalam,WET,High Winds/Cyclone,1,LOW,249,0,Rescue Teams|Medical Kits,17,RESOLVED,CITIZEN,MOBILE_APP,TAMIL,RAIN,True,False,False,True,OFFICER-01,5,1,0,26,False,MODERATE,0,True,2,2,0,False,False,False
INC-2026-1670,2026-06-20T22:50:38,Puttalam,WET,High Winds/Cyclone,2,MEDIUM,310,0,Rescue Teams|Medical Kits,100,RESOLVED,CITIZEN,MOBILE_APP,SINHALA,RAIN,False,False,False,True,OFFICER-01,2,0,0,33,False,MODERATE,0,True,6,8,5,True,True,True
INC-2025-1671,2025-07-09T09:19:21,Polonnaruwa,WET,Drought,4,CRITICAL,703,0,Rescue Teams|Medical Kits,80,RESOLVED,CITIZEN,MOBILE_APP,ENGLISH,RAIN,True,False,False,True,OFFICER-01,6,2,3,61,False,MODERATE,0,True,7,5,2,True,True,False
INC-2026-1672,2026-07-23T19:19:58,Kandy,WET,Flood,3,HIGH,4347,54,Rescue Teams|Medical Kits,76,RESOLVED,CITIZEN,MOBILE_APP,ENGLISH,RAIN,True,False,False,True,OFFICER-01,10,3,5,8,False,MODERATE,0,True,7,14,3,True,True,False
INC-2025-1673,2025-05-25T02:44:57,Badulla,WET,Forest Fire,1,LOW,22,0,Rescue Teams|Medical Kits,43,RESOLVED,CITIZEN,MOBILE_APP,SINHALA,RAIN,True,False,False,True,OFFICER-01,3,5,1,49,False,MODERATE,0,True,5,21,6,True,False,False
INC-2026-1674,2026-05-24T05:48:23,Nuwara Eliya,WET,Landslide,4,CRITICAL,1472,9,Rescue Teams|Medical Kits,92,RESOLVED,CITIZEN,MOBILE_APP,TAMIL,RAIN,True,False,False,True,OFFICER-01,0,3,2,72,False,MODERATE,0,True,5,1,6,True,False,True
INC-2026-1675,2026-03-15T12:09:23,Kandy,WET,Flood,3,HIGH,4946,0,Rescue Teams|Medical Kits,30,RESOLVED,CITIZEN,MOBILE_APP,TAMIL,RAIN,False,False,False,True,OFFICER-01,1,5,2,71,False,MODERATE,0,True,3,3,6,True,True,False
INC-2025-1676,2025-05-26T21:22:17,Puttalam,WET,High Winds/Cyclone,4,CRITICAL,403,0,Rescue Teams|Medical Kits,96,RESOLVED,CITIZEN,MOBILE_APP,ENGLISH,RAIN,False,False,False,True,OFFICER-01,2,2,1,51,False,MODERATE,0,True,5,3,0,True,True,False
INC-2025-1677,2025-04-20T04:53:36,Nuwara Eliya,WET,Flood,1,LOW,4427,74,Rescue Teams|Medical Kits,44,RESOLVED,CITIZEN,MOBILE_APP,SINHALA,RAIN,False,False,False,True,OFFICER-01,5,4,1,96,False,MODERATE,0,True,4,11,6,False,False,False
INC-2025-1678,2025-08-20T11:54:55,Polonnaruwa,WET,Drought,2,MEDIUM,696,0,Rescue Teams|Medical Kits,47,RESOLVED,CITIZEN,MOBILE_APP,ENGLISH,RAIN,False,False,False,True,OFFICER-01,9,1,5,90,False,MODERATE,0,True,8,10,2,True,False,False
INC-2025-1679,2025-04-05T20:26:23,Gampaha,WET,Medical Emergency,3,HIGH,11,0,Rescue Teams|Medical Kits,62,RESOLVED,CITIZEN,MOBILE_APP,TAMIL,RAIN,False,True,False,True,OFFICER-01,10,4,5,61,False,MODERATE,0,True,4,4,5,True,False,False
INC-2025-1680,2025-06-21T07:17:41,Nuwara Eliya,WET,Flood,3,HIGH,5776,0,Rescue Teams|Medical Kits,79,RESOLVED,CITIZEN,MOBILE_APP,ENGLISH,RAIN,False,True,False,True,OFFICER-01,0,4,2,9,False,MODERATE,0,True,6,15,5,True,False,False
INC-2025-1681,2025-07-17T00:21:49,Galle,WET,High Winds/Cyclone,2,MEDIUM,147,1,Rescue Teams|Medical Kits,64,RESOLVED,CITIZEN,MOBILE_APP,TAMIL,RAIN,True,False,False,True,OFFICER-01,4,0,4,58,False,MODERATE,0,True,7,20,3,True,False,False
INC-2025-1682,2025-12-22T08:30:47,Colombo,WET,Building Collapse,2,MEDIUM,79,0,Rescue Teams|Medical Kits,73,RESOLVED,CITIZEN,MOBILE_APP,TAMIL,RAIN,False,False,False,True,OFFICER-01,10,5,1,10,False,MODERATE,0,True,12,20,0,True,True,False
INC-2026-1683,2026-08-14T13:05:54,Anuradhapura,WET,Drought,2,MEDIUM,984,0,Rescue Teams|Medical Kits,78,RESOLVED,CITIZEN,MOBILE_APP,ENGLISH,RAIN,False,False,False,True,OFFICER-01,5,0,0,38,False,MODERATE,0,True,8,23,4,True,False,False
INC-2026-1684,2026-02-19T05:58:42,Kandy,WET,Landslide,3,HIGH,588,8,Rescue Teams|Medical Kits,76,RESOLVED,CITIZEN,MOBILE_APP,SINHALA,RAIN,True,False,False,True,OFFICER-01,7,4,4,46,False,MODERATE,0,True,2,12,3,False,False,False
INC-2026-1685,2026-01-06T17:52:16,Nuwara Eliya,WET,Landslide,3,HIGH,1646,7,Rescue Teams|Medical Kits,58,RESOLVED,CITIZEN,MOBILE_APP,ENGLISH,RAIN,True,False,False,True,OFFICER-01,2,4,4,58,False,MODERATE,0,True,1,14,1,False,False,False
INC-2025-1686,2025-05-10T06:16:56,Galle,WET,High Winds/Cyclone,2,MEDIUM,149,0,Rescue Teams|Medical Kits,48,RESOLVED,CITIZEN,MOBILE_APP,TAMIL,RAIN,False,False,False,True,OFFICER-01,6,4,2,94,False,MODERATE,0,True,5,0,5,True,True,False
INC-2025-1687,2025-01-09T20:39:23,Badulla,WET,Forest Fire,1,LOW,65,0,Rescue Teams|Medical Kits,67,RESOLVED,CITIZEN,MOBILE_APP,TAMIL,RAIN,False,True,False,True,OFFICER-01,7,0,4,98,False,MODERATE,0,True,1,22,3,True,False,False
INC-2025-1688,2025-12-09T07:22:43,Monaragala,WET,Forest Fire,1,LOW,68,0,Rescue Teams|Medical Kits,38,RESOLVED,CITIZEN,MOBILE_APP,TAMIL,RAIN,True,True,False,True,OFFICER-01,7,0,5,100,False,MODERATE,0,True,12,13,1,True,False,False
INC-2025-1689,2025-02-12T20:31:12,Rathnapura,WET,Flood,3,HIGH,2938,0,Rescue Teams|Medical Kits,98,RESOLVED,CITIZEN,MOBILE_APP,SINHALA,RAIN,False,True,False,True,OFFICER-01,4,1,1,29,False,MODERATE,0,True,2,5,2,True,False,False
INC-2026-1690,2026-06-16T14:20:36,Matara,WET,High Winds/Cyclone,2,MEDIUM,223,2,Rescue Teams|Medical Kits,63,RESOLVED,CITIZEN,MOBILE_APP,TAMIL,RAIN,False,False,False,True,OFFICER-01,4,5,1,87,False,MODERATE,0,True,6,0,1,True,True,False
INC-2025-1691,2025-11-06T18:40:03,Nuwara Eliya,WET,Flood,3,HIGH,5816,25,Rescue Teams|Medical Kits,106,RESOLVED,CITIZEN,MOBILE_APP,SINHALA,RAIN,True,False,False,True,OFFICER-01,0,3,2,32,False,MODERATE,0,True,11,9,3,False,True,False
INC-2026-1692,2026-03-08T14:44:49,Polonnaruwa,WET,Drought,2,MEDIUM,844,0,Rescue Teams|Medical Kits,16,RESOLVED,CITIZEN,MOBILE_APP,ENGLISH,RAIN,False,False,False,True,OFFICER-01,2,2,2,39,False,MODERATE,0,True,3,18,6,False,True,False
INC-2026-1693,2026-02-16T04:52:01,Galle,WET,High Winds/Cyclone,1,LOW,51,0,Rescue Teams|Medical Kits,69,RESOLVED,CITIZEN,MOBILE_APP,TAMIL,RAIN,True,True,False,True,OFFICER-01,8,5,3,69,False,MODERATE,0,True,2,11,0,True,False,False
INC-2025-1694,2025-01-22T07:00:56,Colombo,WET,Building Collapse,3,HIGH,43,1,Rescue Teams|Medical Kits,66,RESOLVED,CITIZEN,MOBILE_APP,ENGLISH,RAIN,False,False,False,True,OFFICER-01,3,4,4,84,False,MODERATE,0,True,1,2,2,False,False,True
INC-2026-1695,2026-02-24T09:18:54,Galle,WET,High Winds/Cyclone,2,MEDIUM,170,0,Rescue Teams|Medical Kits,87,RESOLVED,CITIZEN,MOBILE_APP,ENGLISH,RAIN,True,False,False,True,OFFICER-01,6,1,4,14,False,MODERATE,0,True,2,22,1,True,False,False
INC-2026-1696,2026-06-02T17:04:33,Anuradhapura,WET,Drought,2,MEDIUM,1682,0,Rescue Teams|Medical Kits,25,RESOLVED,CITIZEN,MOBILE_APP,TAMIL,RAIN,True,True,False,True,OFFICER-01,0,1,4,62,False,MODERATE,0,True,6,17,1,True,True,False
INC-2025-1697,2025-09-20T21:38:17,Nuwara Eliya,WET,Landslide,4,CRITICAL,2202,2,Rescue Teams|Medical Kits,49,RESOLVED,CITIZEN,MOBILE_APP,SINHALA,RAIN,False,False,False,True,OFFICER-01,6,2,4,63,False,MODERATE,0,True,9,23,5,False,False,True
INC-2026-1698,2026-05-27T12:14:03,Galle,WET,High Winds/Cyclone,1,LOW,67,1,Rescue Teams|Medical Kits,102,RESOLVED,CITIZEN,MOBILE_APP,TAMIL,RAIN,False,False,False,True,OFFICER-01,7,2,2,21,False,MODERATE,0,True,5,0,2,True,False,False
INC-2025-1699,2025-06-28T12:00:08,Kandy,WET,Flood,3,HIGH,5554,0,Rescue Teams|Medical Kits,78,RESOLVED,CITIZEN,MOBILE_APP,SINHALA,RAIN,True,False,False,True,OFFICER-01,3,5,4,27,False,MODERATE,0,True,6,6,5,False,True,False
INC-2026-1700,2026-02-20T11:25:15,Colombo,WET,Building Collapse,2,MEDIUM,21,1,Rescue Teams|Medical Kits,58,RESOLVED,CITIZEN,MOBILE_APP,TAMIL,RAIN,True,True,False,True,OFFICER-01,1,4,5,58,False,MODERATE,0,True,2,12,4,True,False,False
INC-2025-1701,2025-03-16T07:06:56,Nuwara Eliya,WET,Flood,4,CRITICAL,5989,14,Rescue Teams|Medical Kits,20,RESOLVED,CITIZEN,MOBILE_APP,SINHALA,RAIN,True,True,False,True,OFFICER-01,8,1,4,92,False,MODERATE,0,True,3,4,6,False,False,False
INC-2025-1702,2025-04-09T02:55:19,Gampaha,WET,Medical Emergency,1,LOW,25,1,Rescue Teams|Medical Kits,79,RESOLVED,CITIZEN,MOBILE_APP,SINHALA,RAIN,False,False,False,True,OFFICER-01,9,0,2,68,False,MODERATE,0,True,4,20,2,True,True,False
INC-2025-1703,2025-09-08T15:49:25,Gampaha,WET,Medical Emergency,1,LOW,17,1,Rescue Teams|Medical Kits,73,RESOLVED,CITIZEN,MOBILE_APP,ENGLISH,RAIN,False,False,False,True,OFFICER-01,1,2,1,38,False,MODERATE,0,True,9,0,0,False,True,False
INC-2025-1704,2025-07-05T00:48:51,Monaragala,WET,Forest Fire,1,LOW,62,0,Rescue Teams|Medical Kits,116,RESOLVED,CITIZEN,MOBILE_APP,ENGLISH,RAIN,True,False,False,True,OFFICER-01,7,1,5,55,False,MODERATE,0,True,7,2,5,True,False,False
INC-2026-1705,2026-01-08T20:09:19,Monaragala,WET,Forest Fire,1,LOW,31,0,Rescue Teams|Medical Kits,78,RESOLVED,CITIZEN,MOBILE_APP,SINHALA,RAIN,False,False,False,True,OFFICER-01,9,3,2,60,False,MODERATE,0,True,1,10,3,True,True,False
INC-2025-1706,2025-09-20T04:32:43,Puttalam,WET,High Winds/Cyclone,2,MEDIUM,407,0,Rescue Teams|Medical Kits,112,RESOLVED,CITIZEN,MOBILE_APP,SINHALA,RAIN,False,False,False,True,OFFICER-01,4,4,5,2,False,MODERATE,0,True,9,1,5,True,False,False
INC-2025-1707,2025-04-08T08:53:58,Nuwara Eliya,WET,Landslide,3,HIGH,1400,28,Rescue Teams|Medical Kits,44,RESOLVED,CITIZEN,MOBILE_APP,ENGLISH,RAIN,False,False,False,True,OFFICER-01,6,1,2,21,False,MODERATE,0,True,4,0,1,False,False,False
INC-2025-1708,2025-10-24T15:56:00,Colombo,WET,Building Collapse,2,MEDIUM,37,1,Rescue Teams|Medical Kits,95,RESOLVED,CITIZEN,MOBILE_APP,SINHALA,RAIN,False,False,False,True,OFFICER-01,1,5,2,18,False,MODERATE,0,True,10,19,4,True,False,False
INC-2025-1709,2025-07-07T18:06:51,Monaragala,WET,Forest Fire,1,LOW,23,0,Rescue Teams|Medical Kits,88,RESOLVED,CITIZEN,MOBILE_APP,SINHALA,RAIN,True,False,False,True,OFFICER-01,0,5,0,66,False,MODERATE,0,True,7,2,0,True,True,False
INC-2025-1710,2025-04-08T18:27:22,Kandy,WET,Landslide,3,HIGH,1750,0,Rescue Teams|Medical Kits,116,RESOLVED,CITIZEN,MOBILE_APP,TAMIL,RAIN,True,False,False,True,OFFICER-01,5,4,3,87,False,MODERATE,0,True,4,9,1,False,False,False
INC-2026-1711,2026-06-23T16:30:52,Badulla,WET,Forest Fire,1,LOW,71,0,Rescue Teams|Medical Kits,35,RESOLVED,CITIZEN,MOBILE_APP,TAMIL,RAIN,False,True,False,True,OFFICER-01,4,3,5,99,False,MODERATE,0,True,6,0,1,True,True,False
INC-2025-1712,2025-11-09T18:34:28,Kegalle,WET,High Winds/Cyclone,2,MEDIUM,466,4,Rescue Teams|Medical Kits,97,RESOLVED,CITIZEN,MOBILE_APP,ENGLISH,RAIN,True,False,False,True,OFFICER-01,4,1,3,64,False,MODERATE,0,True,11,1,6,True,True,False
INC-2025-1713,2025-07-13T17:31:02,Anuradhapura,WET,Drought,2,MEDIUM,1945,0,Rescue Teams|Medical Kits,33,RESOLVED,CITIZEN,MOBILE_APP,TAMIL,RAIN,True,False,False,True,OFFICER-01,0,5,3,56,False,MODERATE,0,True,7,20,6,False,False,False
INC-2025-1714,2025-07-27T21:09:40,Gampaha,WET,Medical Emergency,1,LOW,46,1,Rescue Teams|Medical Kits,90,RESOLVED,CITIZEN,MOBILE_APP,SINHALA,RAIN,True,True,False,True,OFFICER-01,5,1,4,60,False,MODERATE,0,True,7,8,6,True,False,False
INC-2025-1715,2025-09-17T17:10:51,Kegalle,WET,High Winds/Cyclone,2,MEDIUM,533,0,Rescue Teams|Medical Kits,95,RESOLVED,CITIZEN,MOBILE_APP,TAMIL,RAIN,False,True,False,True,OFFICER-01,3,0,1,29,False,MODERATE,0,True,9,0,2,False,True,False
INC-2025-1716,2025-08-29T23:02:05,Badulla,WET,Forest Fire,4,CRITICAL,22,0,Rescue Teams|Medical Kits,44,RESOLVED,CITIZEN,MOBILE_APP,ENGLISH,RAIN,True,False,False,True,OFFICER-01,0,2,0,51,False,MODERATE,0,True,8,11,4,False,True,False
INC-2025-1717,2025-04-08T11:44:28,Kandy,WET,Flood,3,HIGH,3018,0,Rescue Teams|Medical Kits,49,RESOLVED,CITIZEN,MOBILE_APP,TAMIL,RAIN,True,False,False,True,OFFICER-01,0,2,1,19,False,MODERATE,0,True,4,10,1,True,True,False
INC-2025-1718,2025-09-22T18:37:51,Nuwara Eliya,WET,Landslide,2,MEDIUM,1605,6,Rescue Teams|Medical Kits,113,RESOLVED,CITIZEN,MOBILE_APP,TAMIL,RAIN,True,False,False,True,OFFICER-01,1,4,0,31,False,MODERATE,0,True,9,10,0,True,True,True
INC-2025-1719,2025-01-17T13:27:43,Gampaha,WET,Medical Emergency,2,MEDIUM,32,0,Rescue Teams|Medical Kits,78,RESOLVED,CITIZEN,MOBILE_APP,ENGLISH,RAIN,False,False,False,True,OFFICER-01,5,3,0,50,False,MODERATE,0,True,1,2,4,False,False,False
INC-2025-1720,2025-06-29T02:57:30,Badulla,WET,Forest Fire,1,LOW,32,0,Rescue Teams|Medical Kits,24,RESOLVED,CITIZEN,MOBILE_APP,TAMIL,RAIN,True,False,False,True,OFFICER-01,10,4,5,46,False,MODERATE,0,True,6,13,6,True,True,False
INC-2025-1721,2025-07-04T10:19:27,Badulla,WET,Forest Fire,1,LOW,50,1,Rescue Teams|Medical Kits,118,RESOLVED,CITIZEN,MOBILE_APP,ENGLISH,RAIN,True,False,False,True,OFFICER-01,10,5,3,76,False,MODERATE,0,True,7,1,4,False,True,False
INC-2025-1722,2025-12-24T17:49:02,Monaragala,WET,Forest Fire,4,CRITICAL,19,0,Rescue Teams|Medical Kits,25,RESOLVED,CITIZEN,MOBILE_APP,ENGLISH,RAIN,True,False,False,True,OFFICER-01,6,5,0,6,False,MODERATE,0,True,12,16,2,False,False,False
INC-2026-1723,2026-04-11T22:52:00,Matara,WET,High Winds/Cyclone,2,MEDIUM,176,0,Rescue Teams|Medical Kits,29,RESOLVED,CITIZEN,MOBILE_APP,ENGLISH,RAIN,True,False,False,True,OFFICER-01,3,4,4,14,False,MODERATE,0,True,4,1,5,True,True,False
INC-2026-1724,2026-01-30T18:34:54,Badulla,WET,Forest Fire,1,LOW,70,0,Rescue Teams|Medical Kits,19,RESOLVED,CITIZEN,MOBILE_APP,TAMIL,RAIN,False,True,False,True,OFFICER-01,9,3,2,51,False,MODERATE,0,True,1,13,4,True,False,False
INC-2025-1725,2025-10-23T07:19:15,Hambantota,WET,High Winds/Cyclone,2,MEDIUM,111,0,Rescue Teams|Medical Kits,52,RESOLVED,CITIZEN,MOBILE_APP,ENGLISH,RAIN,False,False,False,True,OFFICER-01,2,5,1,58,False,MODERATE,0,True,10,0,3,False,False,False
INC-2025-1726,2025-10-01T04:15:16,Matara,WET,High Winds/Cyclone,2,MEDIUM,315,0,Rescue Teams|Medical Kits,81,RESOLVED,CITIZEN,MOBILE_APP,TAMIL,RAIN,True,False,False,True,OFFICER-01,9,5,4,47,False,MODERATE,0,True,10,17,2,True,False,False
INC-2026-1727,2026-05-14T07:13:57,Puttalam,WET,High Winds/Cyclone,2,MEDIUM,330,0,Rescue Teams|Medical Kits,63,RESOLVED,CITIZEN,MOBILE_APP,TAMIL,RAIN,True,False,False,True,OFFICER-01,8,5,3,57,False,MODERATE,0,True,5,12,3,True,False,True
INC-2025-1728,2025-02-23T02:39:37,Gampaha,WET,Medical Emergency,1,LOW,45,1,Rescue Teams|Medical Kits,41,RESOLVED,CITIZEN,MOBILE_APP,ENGLISH,RAIN,False,False,False,True,OFFICER-01,3,0,4,6,False,MODERATE,0,True,2,11,6,True,True,False
INC-2025-1729,2025-06-12T17:31:55,Monaragala,WET,Forest Fire,1,LOW,28,1,Rescue Teams|Medical Kits,116,RESOLVED,CITIZEN,MOBILE_APP,SINHALA,RAIN,True,False,False,True,OFFICER-01,0,5,1,12,False,MODERATE,0,True,6,6,3,False,True,False
INC-2026-1730,2026-01-20T13:52:28,Colombo,WET,Building Collapse,2,MEDIUM,91,1,Rescue Teams|Medical Kits,32,RESOLVED,CITIZEN,MOBILE_APP,ENGLISH,RAIN,False,True,False,True,OFFICER-01,4,2,2,3,False,MODERATE,0,True,1,0,1,True,False,False
INC-2025-1731,2025-09-23T17:14:04,Kandy,WET,Flood,3,HIGH,3211,5,Rescue Teams|Medical Kits,95,RESOLVED,CITIZEN,MOBILE_APP,ENGLISH,RAIN,False,False,False,True,OFFICER-01,3,4,4,61,False,MODERATE,0,True,9,17,1,False,False,False
INC-2025-1732,2025-08-29T16:08:28,Galle,WET,High Winds/Cyclone,2,MEDIUM,146,1,Rescue Teams|Medical Kits,35,RESOLVED,CITIZEN,MOBILE_APP,TAMIL,RAIN,True,True,False,True,OFFICER-01,4,4,1,2,False,MODERATE,0,True,8,0,4,True,True,False
INC-2026-1733,2026-06-22T05:08:23,Anuradhapura,WET,Drought,3,HIGH,1962,0,Rescue Teams|Medical Kits,78,RESOLVED,CITIZEN,MOBILE_APP,TAMIL,RAIN,True,False,False,True,OFFICER-01,3,2,0,66,False,MODERATE,0,True,6,8,0,True,False,False
INC-2025-1734,2025-05-02T18:15:36,Colombo,WET,Building Collapse,3,HIGH,38,1,Rescue Teams|Medical Kits,110,RESOLVED,CITIZEN,MOBILE_APP,ENGLISH,RAIN,True,False,False,True,OFFICER-01,7,0,1,46,False,MODERATE,0,True,5,4,4,True,True,False
INC-2026-1735,2026-05-28T02:09:09,Rathnapura,WET,Flood,3,HIGH,1755,0,Rescue Teams|Medical Kits,16,RESOLVED,CITIZEN,MOBILE_APP,ENGLISH,RAIN,True,False,False,True,OFFICER-01,1,3,3,55,False,MODERATE,0,True,5,20,3,False,True,False
INC-2026-1736,2026-07-06T04:36:32,Kandy,WET,Flood,3,HIGH,4221,0,Rescue Teams|Medical Kits,89,RESOLVED,CITIZEN,MOBILE_APP,TAMIL,RAIN,False,False,False,True,OFFICER-01,6,1,3,10,False,MODERATE,0,True,7,9,0,True,True,False
INC-2025-1737,2025-04-20T03:45:48,Colombo,WET,Medical Emergency,1,LOW,40,1,Rescue Teams|Medical Kits,48,RESOLVED,CITIZEN,MOBILE_APP,TAMIL,RAIN,True,True,False,True,OFFICER-01,8,1,2,68,False,MODERATE,0,True,4,9,6,False,False,False
INC-2025-1738,2025-05-29T15:49:16,Colombo,WET,Building Collapse,1,LOW,29,1,Rescue Teams|Medical Kits,63,RESOLVED,CITIZEN,MOBILE_APP,TAMIL,RAIN,False,True,False,True,OFFICER-01,9,0,2,100,False,MODERATE,0,True,5,3,3,True,True,False
INC-2026-1739,2026-04-15T08:38:50,Puttalam,WET,High Winds/Cyclone,2,MEDIUM,327,0,Rescue Teams|Medical Kits,28,RESOLVED,CITIZEN,MOBILE_APP,TAMIL,RAIN,False,False,False,True,OFFICER-01,9,1,5,40,False,MODERATE,0,True,4,2,2,True,True,False
INC-2026-1740,2026-05-26T21:51:41,Colombo,WET,Building Collapse,4,CRITICAL,96,1,Rescue Teams|Medical Kits,40,RESOLVED,CITIZEN,MOBILE_APP,SINHALA,RAIN,False,True,False,True,OFFICER-01,8,0,0,71,False,MODERATE,0,True,5,2,1,True,False,False
INC-2025-1741,2025-08-31T09:02:32,Puttalam,WET,High Winds/Cyclone,2,MEDIUM,204,0,Rescue Teams|Medical Kits,54,RESOLVED,CITIZEN,MOBILE_APP,ENGLISH,RAIN,True,False,False,True,OFFICER-01,7,0,4,46,False,MODERATE,0,True,8,20,6,True,False,False
INC-2025-1742,2025-01-02T01:25:07,Badulla,WET,Forest Fire,1,LOW,83,0,Rescue Teams|Medical Kits,23,RESOLVED,CITIZEN,MOBILE_APP,SINHALA,RAIN,False,False,False,True,OFFICER-01,3,0,2,45,False,MODERATE,0,True,1,9,3,False,False,False
INC-2025-1743,2025-07-31T02:05:25,Colombo,WET,Building Collapse,2,MEDIUM,60,1,Rescue Teams|Medical Kits,72,RESOLVED,CITIZEN,MOBILE_APP,ENGLISH,RAIN,False,True,False,True,OFFICER-01,4,4,5,74,False,MODERATE,0,True,7,14,3,False,False,False
INC-2025-1744,2025-12-16T08:27:42,Polonnaruwa,WET,Drought,2,MEDIUM,503,0,Rescue Teams|Medical Kits,53,RESOLVED,CITIZEN,MOBILE_APP,SINHALA,RAIN,True,True,False,True,OFFICER-01,0,3,0,28,False,MODERATE,0,True,12,19,1,False,False,False
INC-2025-1745,2025-11-28T08:54:33,Hambantota,WET,High Winds/Cyclone,1,LOW,147,0,Rescue Teams|Medical Kits,102,RESOLVED,CITIZEN,MOBILE_APP,SINHALA,RAIN,True,False,False,True,OFFICER-01,1,0,4,77,False,MODERATE,0,True,11,11,4,False,False,False
INC-2026-1746,2026-05-16T05:09:45,Colombo,WET,Building Collapse,2,MEDIUM,62,1,Rescue Teams|Medical Kits,74,RESOLVED,CITIZEN,MOBILE_APP,TAMIL,RAIN,True,True,False,True,OFFICER-01,4,4,3,99,False,MODERATE,0,True,5,1,5,True,True,False
INC-2026-1747,2026-04-04T23:57:27,Polonnaruwa,WET,Drought,2,MEDIUM,778,0,Rescue Teams|Medical Kits,117,RESOLVED,CITIZEN,MOBILE_APP,ENGLISH,RAIN,True,True,False,True,OFFICER-01,0,0,3,62,False,MODERATE,0,True,4,3,5,True,False,False
INC-2026-1748,2026-05-23T20:30:02,Kegalle,WET,High Winds/Cyclone,2,MEDIUM,546,0,Rescue Teams|Medical Kits,24,RESOLVED,CITIZEN,MOBILE_APP,ENGLISH,RAIN,True,True,False,True,OFFICER-01,1,4,5,97,False,MODERATE,0,True,5,1,5,True,False,False
INC-2025-1749,2025-02-10T10:40:13,Badulla,WET,Forest Fire,1,LOW,14,0,Rescue Teams|Medical Kits,44,RESOLVED,CITIZEN,MOBILE_APP,SINHALA,RAIN,True,False,False,True,OFFICER-01,3,5,5,66,False,MODERATE,0,True,2,11,0,True,True,False
INC-2026-1750,2026-05-31T10:14:58,Nuwara Eliya,WET,Landslide,4,CRITICAL,1956,22,Rescue Teams|Medical Kits,46,RESOLVED,CITIZEN,MOBILE_APP,SINHALA,RAIN,True,True,False,True,OFFICER-01,0,2,4,88,False,MODERATE,0,True,5,21,6,True,False,False
INC-2025-1751,2025-10-26T19:49:39,Hambantota,WET,High Winds/Cyclone,1,LOW,130,0,Rescue Teams|Medical Kits,73,RESOLVED,CITIZEN,MOBILE_APP,SINHALA,RAIN,True,False,False,True,OFFICER-01,9,2,3,88,False,MODERATE,0,True,10,19,6,False,False,False
INC-2025-1752,2025-08-01T01:57:06,Galle,WET,High Winds/Cyclone,2,MEDIUM,179,0,Rescue Teams|Medical Kits,57,RESOLVED,CITIZEN,MOBILE_APP,TAMIL,RAIN,False,False,False,True,OFFICER-01,3,4,1,61,False,MODERATE,0,True,8,17,4,False,True,False
INC-2026-1753,2026-03-06T20:16:30,Colombo,WET,Building Collapse,2,MEDIUM,78,1,Rescue Teams|Medical Kits,70,RESOLVED,CITIZEN,MOBILE_APP,SINHALA,RAIN,False,False,False,True,OFFICER-01,5,2,4,82,False,MODERATE,0,True,3,15,4,True,True,False
INC-2026-1754,2026-01-07T00:48:16,Puttalam,WET,High Winds/Cyclone,2,MEDIUM,317,0,Rescue Teams|Medical Kits,86,RESOLVED,CITIZEN,MOBILE_APP,TAMIL,RAIN,True,False,False,True,OFFICER-01,3,2,2,50,False,MODERATE,0,True,1,4,2,True,False,False
INC-2025-1755,2025-11-08T04:32:51,Nuwara Eliya,WET,Landslide,3,HIGH,1227,18,Rescue Teams|Medical Kits,91,RESOLVED,CITIZEN,MOBILE_APP,TAMIL,RAIN,False,False,False,True,OFFICER-01,3,2,5,16,False,MODERATE,0,True,11,20,5,True,False,False
INC-2026-1756,2026-06-25T07:06:50,Anuradhapura,WET,Drought,2,MEDIUM,702,0,Rescue Teams|Medical Kits,22,RESOLVED,CITIZEN,MOBILE_APP,ENGLISH,RAIN,True,False,False,True,OFFICER-01,0,4,1,49,False,MODERATE,0,True,6,11,3,True,False,False
INC-2025-1757,2025-01-06T12:07:46,Kandy,WET,Flood,4,CRITICAL,2196,0,Rescue Teams|Medical Kits,89,RESOLVED,CITIZEN,MOBILE_APP,ENGLISH,RAIN,True,False,False,True,OFFICER-01,3,4,2,100,False,MODERATE,0,True,1,1,0,False,True,False
INC-2026-1758,2026-08-23T02:22:24,Kandy,WET,Landslide,4,CRITICAL,1776,6,Rescue Teams|Medical Kits,53,RESOLVED,CITIZEN,MOBILE_APP,TAMIL,RAIN,True,False,False,True,OFFICER-01,6,4,4,6,False,MODERATE,0,True,8,17,6,False,True,False
INC-2026-1759,2026-01-07T07:53:42,Colombo,WET,Building Collapse,2,MEDIUM,36,1,Rescue Teams|Medical Kits,61,RESOLVED,CITIZEN,MOBILE_APP,ENGLISH,RAIN,False,True,False,True,OFFICER-01,6,0,4,17,False,MODERATE,0,True,1,14,2,False,False,False
INC-2025-1760,2025-02-25T18:51:12,Galle,WET,High Winds/Cyclone,3,HIGH,185,0,Rescue Teams|Medical Kits,23,RESOLVED,CITIZEN,MOBILE_APP,TAMIL,RAIN,False,False,False,True,OFFICER-01,10,5,5,28,False,MODERATE,0,True,2,23,1,True,True,True
INC-2025-1761,2025-05-01T19:29:17,Nuwara Eliya,WET,Flood,3,HIGH,4553,15,Rescue Teams|Medical Kits,70,RESOLVED,CITIZEN,MOBILE_APP,ENGLISH,RAIN,False,True,False,True,OFFICER-01,0,1,1,28,False,MODERATE,0,True,5,20,3,False,False,False
INC-2026-1762,2026-07-08T19:36:03,Rathnapura,WET,Flood,3,HIGH,2170,0,Rescue Teams|Medical Kits,73,RESOLVED,CITIZEN,MOBILE_APP,SINHALA,RAIN,False,False,False,True,OFFICER-01,2,3,4,30,False,MODERATE,0,True,7,4,2,False,True,False
INC-2026-1763,2026-03-29T23:08:21,Monaragala,WET,Forest Fire,1,LOW,43,0,Rescue Teams|Medical Kits,48,RESOLVED,CITIZEN,MOBILE_APP,ENGLISH,RAIN,True,False,False,True,OFFICER-01,10,4,2,97,False,MODERATE,0,True,3,10,6,True,False,False
INC-2026-1764,2026-08-04T04:57:19,Kegalle,WET,High Winds/Cyclone,2,MEDIUM,519,0,Rescue Teams|Medical Kits,20,RESOLVED,CITIZEN,MOBILE_APP,ENGLISH,RAIN,True,False,False,True,OFFICER-01,4,0,4,90,False,MODERATE,0,True,8,3,1,True,True,False
INC-2025-1765,2025-01-20T01:07:10,Polonnaruwa,WET,Drought,2,MEDIUM,828,0,Rescue Teams|Medical Kits,64,RESOLVED,CITIZEN,MOBILE_APP,TAMIL,RAIN,False,False,False,True,OFFICER-01,2,3,4,61,False,MODERATE,0,True,1,21,0,False,True,False
INC-2025-1766,2025-05-14T09:17:14,Kandy,WET,Flood,3,HIGH,5777,13,Rescue Teams|Medical Kits,107,RESOLVED,CITIZEN,MOBILE_APP,ENGLISH,RAIN,True,True,False,True,OFFICER-01,6,5,0,27,False,MODERATE,0,True,5,7,2,True,False,False
INC-2025-1767,2025-05-28T18:44:13,Galle,WET,High Winds/Cyclone,2,MEDIUM,132,0,Rescue Teams|Medical Kits,107,RESOLVED,CITIZEN,MOBILE_APP,ENGLISH,RAIN,True,False,False,True,OFFICER-01,9,1,4,45,False,MODERATE,0,True,5,18,2,True,True,False
INC-2026-1768,2026-03-26T14:54:02,Anuradhapura,WET,Drought,1,LOW,1146,0,Rescue Teams|Medical Kits,42,RESOLVED,CITIZEN,MOBILE_APP,ENGLISH,RAIN,True,True,False,True,OFFICER-01,7,0,1,90,False,MODERATE,0,True,3,14,3,False,False,False
INC-2025-1769,2025-11-27T15:33:30,Polonnaruwa,WET,Drought,2,MEDIUM,651,0,Rescue Teams|Medical Kits,35,RESOLVED,CITIZEN,MOBILE_APP,SINHALA,RAIN,True,False,False,True,OFFICER-01,3,0,0,69,False,MODERATE,0,True,11,5,3,False,False,False
INC-2025-1770,2025-10-08T18:43:54,Kandy,WET,Flood,3,HIGH,3629,0,Rescue Teams|Medical Kits,43,RESOLVED,CITIZEN,MOBILE_APP,SINHALA,RAIN,False,False,False,True,OFFICER-01,1,0,3,87,False,MODERATE,0,True,10,8,2,False,False,False
INC-2026-1771,2026-02-12T14:18:35,Polonnaruwa,WET,Drought,4,CRITICAL,707,0,Rescue Teams|Medical Kits,15,RESOLVED,CITIZEN,MOBILE_APP,SINHALA,RAIN,True,True,False,True,OFFICER-01,9,3,0,70,False,MODERATE,0,True,2,9,3,True,False,False
INC-2025-1772,2025-04-17T23:24:45,Nuwara Eliya,WET,Landslide,1,LOW,1915,5,Rescue Teams|Medical Kits,108,RESOLVED,CITIZEN,MOBILE_APP,ENGLISH,RAIN,False,False,False,True,OFFICER-01,5,2,0,87,False,MODERATE,0,True,4,6,3,True,False,False
INC-2025-1773,2025-01-15T05:30:59,Nuwara Eliya,WET,Flood,3,HIGH,5977,0,Rescue Teams|Medical Kits,103,RESOLVED,CITIZEN,MOBILE_APP,SINHALA,RAIN,True,False,False,True,OFFICER-01,0,1,3,1,False,MODERATE,0,True,1,22,2,False,False,False
INC-2025-1774,2025-04-15T13:52:42,Monaragala,WET,Forest Fire,1,LOW,26,0,Rescue Teams|Medical Kits,96,RESOLVED,CITIZEN,MOBILE_APP,ENGLISH,RAIN,False,False,False,True,OFFICER-01,3,3,2,26,False,MODERATE,0,True,4,6,1,False,True,False
INC-2025-1775,2025-12-04T16:07:21,Puttalam,WET,High Winds/Cyclone,2,MEDIUM,493,9,Rescue Teams|Medical Kits,64,RESOLVED,CITIZEN,MOBILE_APP,TAMIL,RAIN,True,False,False,True,OFFICER-01,7,5,5,39,False,MODERATE,0,True,12,3,3,True,False,False
INC-2025-1776,2025-07-13T04:38:56,Nuwara Eliya,WET,Flood,4,CRITICAL,4690,0,Rescue Teams|Medical Kits,18,RESOLVED,CITIZEN,MOBILE_APP,TAMIL,RAIN,True,True,False,True,OFFICER-01,8,2,2,100,False,MODERATE,0,True,7,3,6,False,True,True
INC-2026-1777,2026-03-05T23:58:23,Colombo,WET,Medical Emergency,4,CRITICAL,11,1,Rescue Teams|Medical Kits,30,RESOLVED,CITIZEN,MOBILE_APP,ENGLISH,RAIN,True,True,False,True,OFFICER-01,0,2,0,83,False,MODERATE,0,True,3,22,3,True,False,False
INC-2026-1778,2026-04-23T21:32:09,Badulla,WET,Forest Fire,1,LOW,83,0,Rescue Teams|Medical Kits,104,RESOLVED,CITIZEN,MOBILE_APP,SINHALA,RAIN,False,False,False,True,OFFICER-01,2,5,4,6,False,MODERATE,0,True,4,5,3,False,False,False
INC-2026-1779,2026-01-26T20:35:42,Colombo,WET,Medical Emergency,1,LOW,45,1,Rescue Teams|Medical Kits,78,RESOLVED,CITIZEN,MOBILE_APP,ENGLISH,RAIN,True,False,False,True,OFFICER-01,2,2,5,86,False,MODERATE,0,True,1,23,0,False,True,False
INC-2026-1780,2026-04-08T18:47:06,Matara,WET,High Winds/Cyclone,1,LOW,286,1,Rescue Teams|Medical Kits,84,RESOLVED,CITIZEN,MOBILE_APP,TAMIL,RAIN,True,True,False,True,OFFICER-01,8,1,3,5,False,MODERATE,0,True,4,21,2,False,False,False
INC-2025-1781,2025-03-06T01:05:30,Kegalle,WET,High Winds/Cyclone,2,MEDIUM,527,0,Rescue Teams|Medical Kits,15,RESOLVED,CITIZEN,MOBILE_APP,TAMIL,RAIN,False,False,False,True,OFFICER-01,9,3,0,69,False,MODERATE,0,True,3,11,3,False,True,False
INC-2025-1782,2025-02-22T08:33:24,Badulla,WET,Forest Fire,1,LOW,49,0,Rescue Teams|Medical Kits,61,RESOLVED,CITIZEN,MOBILE_APP,TAMIL,RAIN,False,False,False,True,OFFICER-01,2,0,2,94,False,MODERATE,0,True,2,10,5,False,True,False
INC-2026-1783,2026-03-14T16:58:37,Gampaha,WET,Medical Emergency,2,MEDIUM,36,0,Rescue Teams|Medical Kits,85,RESOLVED,CITIZEN,MOBILE_APP,SINHALA,RAIN,True,False,False,True,OFFICER-01,0,5,2,97,False,MODERATE,0,True,3,21,5,True,False,True
INC-2025-1784,2025-12-30T07:13:44,Colombo,WET,Medical Emergency,1,LOW,36,0,Rescue Teams|Medical Kits,60,RESOLVED,CITIZEN,MOBILE_APP,TAMIL,RAIN,False,True,False,True,OFFICER-01,9,3,0,96,False,MODERATE,0,True,12,2,1,True,False,False
INC-2025-1785,2025-09-28T18:56:39,Puttalam,WET,High Winds/Cyclone,2,MEDIUM,285,2,Rescue Teams|Medical Kits,24,RESOLVED,CITIZEN,MOBILE_APP,SINHALA,RAIN,True,False,False,True,OFFICER-01,10,4,5,73,False,MODERATE,0,True,9,16,6,True,True,True
INC-2026-1786,2026-04-01T17:05:45,Polonnaruwa,WET,Drought,2,MEDIUM,1132,0,Rescue Teams|Medical Kits,88,RESOLVED,CITIZEN,MOBILE_APP,TAMIL,RAIN,False,False,False,True,OFFICER-01,10,3,4,76,False,MODERATE,0,True,4,3,2,False,False,False
INC-2025-1787,2025-12-29T08:58:44,Galle,WET,High Winds/Cyclone,1,LOW,76,0,Rescue Teams|Medical Kits,81,RESOLVED,CITIZEN,MOBILE_APP,TAMIL,RAIN,True,False,False,True,OFFICER-01,5,1,4,46,False,MODERATE,0,True,12,7,0,False,False,False
INC-2025-1788,2025-11-05T00:29:21,Polonnaruwa,WET,Drought,2,MEDIUM,1024,0,Rescue Teams|Medical Kits,87,RESOLVED,CITIZEN,MOBILE_APP,SINHALA,RAIN,True,True,False,True,OFFICER-01,10,0,3,30,False,MODERATE,0,True,11,14,2,False,False,False
INC-2026-1789,2026-04-02T05:39:34,Anuradhapura,WET,Drought,2,MEDIUM,1082,0,Rescue Teams|Medical Kits,97,RESOLVED,CITIZEN,MOBILE_APP,TAMIL,RAIN,False,False,False,True,OFFICER-01,4,2,2,14,False,MODERATE,0,True,4,9,3,False,False,False
INC-2025-1790,2025-12-18T00:01:00,Kandy,WET,Flood,3,HIGH,3650,22,Rescue Teams|Medical Kits,60,RESOLVED,CITIZEN,MOBILE_APP,TAMIL,RAIN,False,True,False,True,OFFICER-01,1,5,3,3,False,MODERATE,0,True,12,9,3,True,False,False
INC-2025-1791,2025-07-13T18:44:58,Kandy,WET,Landslide,4,CRITICAL,1198,17,Rescue Teams|Medical Kits,115,RESOLVED,CITIZEN,MOBILE_APP,TAMIL,RAIN,False,False,False,True,OFFICER-01,6,2,4,40,False,MODERATE,0,True,7,18,6,True,False,False
INC-2026-1792,2026-01-30T02:18:26,Monaragala,WET,Forest Fire,1,LOW,38,0,Rescue Teams|Medical Kits,54,RESOLVED,CITIZEN,MOBILE_APP,TAMIL,RAIN,True,False,False,True,OFFICER-01,0,3,5,26,False,MODERATE,0,True,1,12,4,True,False,False
INC-2025-1793,2025-12-10T23:26:55,Kandy,WET,Flood,3,HIGH,4671,0,Rescue Teams|Medical Kits,97,RESOLVED,CITIZEN,MOBILE_APP,TAMIL,RAIN,False,True,False,True,OFFICER-01,0,3,4,68,False,MODERATE,0,True,12,21,2,False,False,False
INC-2025-1794,2025-10-29T07:03:30,Matara,WET,High Winds/Cyclone,2,MEDIUM,398,0,Rescue Teams|Medical Kits,85,RESOLVED,CITIZEN,MOBILE_APP,ENGLISH,RAIN,True,False,False,True,OFFICER-01,10,0,5,23,False,MODERATE,0,True,10,6,2,False,True,True
INC-2025-1795,2025-03-09T13:46:01,Kegalle,WET,High Winds/Cyclone,2,MEDIUM,370,0,Rescue Teams|Medical Kits,51,RESOLVED,CITIZEN,MOBILE_APP,TAMIL,RAIN,False,False,False,True,OFFICER-01,7,1,2,76,False,MODERATE,0,True,3,10,6,True,True,False
INC-2025-1796,2025-05-27T07:33:23,Kandy,WET,Flood,3,HIGH,2572,0,Rescue Teams|Medical Kits,55,RESOLVED,CITIZEN,MOBILE_APP,ENGLISH,RAIN,False,False,False,True,OFFICER-01,5,5,3,5,False,MODERATE,0,True,5,10,1,True,True,False
INC-2025-1797,2025-01-29T13:01:46,Galle,WET,High Winds/Cyclone,1,LOW,60,0,Rescue Teams|Medical Kits,29,RESOLVED,CITIZEN,MOBILE_APP,SINHALA,RAIN,True,False,False,True,OFFICER-01,1,4,4,31,False,MODERATE,0,True,1,11,2,True,False,False
INC-2026-1798,2026-05-09T02:47:26,Rathnapura,WET,Flood,4,CRITICAL,1302,0,Rescue Teams|Medical Kits,84,RESOLVED,CITIZEN,MOBILE_APP,TAMIL,RAIN,False,True,False,True,OFFICER-01,3,5,5,80,False,MODERATE,0,True,5,14,5,False,False,False
INC-2025-1799,2025-10-11T06:05:09,Nuwara Eliya,WET,Flood,3,HIGH,6163,54,Rescue Teams|Medical Kits,21,RESOLVED,CITIZEN,MOBILE_APP,SINHALA,RAIN,True,False,False,True,OFFICER-01,6,1,5,42,False,MODERATE,0,True,10,11,5,True,True,False
INC-2025-1800,2025-01-06T03:20:56,Badulla,WET,Forest Fire,1,LOW,73,0,Rescue Teams|Medical Kits,39,RESOLVED,CITIZEN,MOBILE_APP,TAMIL,RAIN,True,True,False,True,OFFICER-01,9,0,2,86,False,MODERATE,0,True,1,6,0,False,False,False
INC-2025-1801,2025-01-28T11:15:48,Badulla,WET,Forest Fire,1,LOW,13,0,Rescue Teams|Medical Kits,69,RESOLVED,CITIZEN,MOBILE_APP,TAMIL,RAIN,False,False,False,True,OFFICER-01,0,1,5,23,False,MODERATE,0,True,1,21,1,False,False,False
INC-2025-1802,2025-02-18T05:02:51,Galle,WET,High Winds/Cyclone,1,LOW,194,0,Rescue Teams|Medical Kits,18,RESOLVED,CITIZEN,MOBILE_APP,TAMIL,RAIN,True,False,False,True,OFFICER-01,1,2,5,13,False,MODERATE,0,True,2,19,1,False,False,False
INC-2025-1803,2025-01-31T00:54:51,Hambantota,WET,High Winds/Cyclone,4,CRITICAL,57,0,Rescue Teams|Medical Kits,108,RESOLVED,CITIZEN,MOBILE_APP,SINHALA,RAIN,True,True,False,True,OFFICER-01,8,5,1,87,False,MODERATE,0,True,1,19,4,True,False,False
INC-2026-1804,2026-08-10T08:31:38,Kegalle,WET,High Winds/Cyclone,3,HIGH,418,0,Rescue Teams|Medical Kits,43,RESOLVED,CITIZEN,MOBILE_APP,SINHALA,RAIN,False,False,False,True,OFFICER-01,7,0,1,22,False,MODERATE,0,True,8,12,0,False,False,False
INC-2025-1805,2025-02-02T17:14:35,Badulla,WET,Forest Fire,1,LOW,17,0,Rescue Teams|Medical Kits,94,RESOLVED,CITIZEN,MOBILE_APP,TAMIL,RAIN,True,False,False,True,OFFICER-01,5,3,5,69,False,MODERATE,0,True,2,8,6,True,False,False
INC-2025-1806,2025-05-10T08:03:49,Monaragala,WET,Forest Fire,4,CRITICAL,80,0,Rescue Teams|Medical Kits,68,RESOLVED,CITIZEN,MOBILE_APP,TAMIL,RAIN,False,True,False,True,OFFICER-01,8,0,2,33,False,MODERATE,0,True,5,22,5,True,False,False
INC-2026-1807,2026-07-01T13:42:11,Badulla,WET,Forest Fire,1,LOW,63,0,Rescue Teams|Medical Kits,17,RESOLVED,CITIZEN,MOBILE_APP,TAMIL,RAIN,False,False,False,True,OFFICER-01,6,2,3,19,False,MODERATE,0,True,7,0,2,True,False,False
INC-2025-1808,2025-09-24T03:17:45,Kandy,WET,Landslide,3,HIGH,862,7,Rescue Teams|Medical Kits,104,RESOLVED,CITIZEN,MOBILE_APP,TAMIL,RAIN,True,False,False,True,OFFICER-01,4,3,2,61,False,MODERATE,0,True,9,17,2,False,False,False
INC-2025-1809,2025-12-22T20:30:05,Monaragala,WET,Forest Fire,4,CRITICAL,16,0,Rescue Teams|Medical Kits,66,RESOLVED,CITIZEN,MOBILE_APP,TAMIL,RAIN,True,False,False,True,OFFICER-01,1,5,5,96,False,MODERATE,0,True,12,12,0,False,True,False
INC-2025-1810,2025-07-19T17:45:48,Colombo,WET,Building Collapse,2,MEDIUM,35,1,Rescue Teams|Medical Kits,16,RESOLVED,CITIZEN,MOBILE_APP,SINHALA,RAIN,True,False,False,True,OFFICER-01,1,5,5,51,False,MODERATE,0,True,7,10,5,True,False,False
INC-2025-1811,2025-08-26T09:03:53,Colombo,WET,Building Collapse,2,MEDIUM,80,0,Rescue Teams|Medical Kits,48,RESOLVED,CITIZEN,MOBILE_APP,SINHALA,RAIN,False,False,False,True,OFFICER-01,8,5,2,30,False,MODERATE,0,True,8,6,1,False,True,False
INC-2026-1812,2026-06-07T03:40:23,Gampaha,WET,Medical Emergency,1,LOW,27,1,Rescue Teams|Medical Kits,15,RESOLVED,CITIZEN,MOBILE_APP,TAMIL,RAIN,False,False,False,True,OFFICER-01,1,3,0,88,False,MODERATE,0,True,6,17,6,True,False,False
INC-2026-1813,2026-07-17T07:02:45,Polonnaruwa,WET,Drought,3,HIGH,1201,0,Rescue Teams|Medical Kits,51,RESOLVED,CITIZEN,MOBILE_APP,SINHALA,RAIN,True,False,False,True,OFFICER-01,4,1,1,54,False,MODERATE,0,True,7,20,4,True,True,False
INC-2026-1814,2026-07-23T13:38:46,Gampaha,WET,Medical Emergency,2,MEDIUM,38,0,Rescue Teams|Medical Kits,15,RESOLVED,CITIZEN,MOBILE_APP,SINHALA,RAIN,True,False,False,True,OFFICER-01,10,3,0,13,False,MODERATE,0,True,7,21,3,True,False,False
INC-2026-1815,2026-03-08T06:56:01,Anuradhapura,WET,Drought,3,HIGH,1241,0,Rescue Teams|Medical Kits,44,RESOLVED,CITIZEN,MOBILE_APP,TAMIL,RAIN,True,False,False,True,OFFICER-01,10,4,1,4,False,MODERATE,0,True,3,18,6,True,True,False
INC-2025-1816,2025-01-10T06:51:38,Rathnapura,WET,Flood,3,HIGH,2381,31,Rescue Teams|Medical Kits,91,RESOLVED,CITIZEN,MOBILE_APP,ENGLISH,RAIN,False,False,False,True,OFFICER-01,5,4,5,57,False,MODERATE,0,True,1,21,4,True,False,False
INC-2025-1817,2025-07-17T14:27:05,Nuwara Eliya,WET,Landslide,4,CRITICAL,2356,10,Rescue Teams|Medical Kits,71,RESOLVED,CITIZEN,MOBILE_APP,ENGLISH,RAIN,True,False,False,True,OFFICER-01,0,5,2,11,False,MODERATE,0,True,7,12,3,False,True,False
INC-2025-1818,2025-07-05T03:16:04,Matara,WET,High Winds/Cyclone,1,LOW,334,0,Rescue Teams|Medical Kits,72,RESOLVED,CITIZEN,MOBILE_APP,ENGLISH,RAIN,False,False,False,True,OFFICER-01,8,0,5,86,False,MODERATE,0,True,7,12,5,False,False,False
INC-2026-1819,2026-08-19T20:11:58,Colombo,WET,Building Collapse,2,MEDIUM,20,0,Rescue Teams|Medical Kits,93,RESOLVED,CITIZEN,MOBILE_APP,TAMIL,RAIN,False,False,False,True,OFFICER-01,6,4,4,10,False,MODERATE,0,True,8,19,2,False,False,False
INC-2025-1820,2025-07-31T22:40:06,Kandy,WET,Landslide,3,HIGH,1704,33,Rescue Teams|Medical Kits,57,RESOLVED,CITIZEN,MOBILE_APP,SINHALA,RAIN,True,False,False,True,OFFICER-01,9,4,4,71,False,MODERATE,0,True,7,23,3,False,False,False
INC-2025-1821,2025-06-12T09:54:05,Badulla,WET,Forest Fire,1,LOW,33,0,Rescue Teams|Medical Kits,22,RESOLVED,CITIZEN,MOBILE_APP,TAMIL,RAIN,True,True,False,True,OFFICER-01,8,2,5,9,False,MODERATE,0,True,6,3,3,True,False,False
INC-2025-1822,2025-11-15T17:38:10,Kandy,WET,Landslide,4,CRITICAL,1887,33,Rescue Teams|Medical Kits,30,RESOLVED,CITIZEN,MOBILE_APP,TAMIL,RAIN,True,False,False,True,OFFICER-01,10,1,0,84,False,MODERATE,0,True,11,5,5,False,True,False
INC-2026-1823,2026-07-16T17:40:04,Monaragala,WET,Forest Fire,1,LOW,35,0,Rescue Teams|Medical Kits,59,RESOLVED,CITIZEN,MOBILE_APP,TAMIL,RAIN,True,False,False,True,OFFICER-01,7,5,1,1,False,MODERATE,0,True,7,4,3,False,True,False
INC-2025-1824,2025-09-15T18:44:01,Colombo,WET,Medical Emergency,4,CRITICAL,28,0,Rescue Teams|Medical Kits,112,RESOLVED,CITIZEN,MOBILE_APP,ENGLISH,RAIN,False,False,False,True,OFFICER-01,7,5,2,77,False,MODERATE,0,True,9,17,0,True,False,False
INC-2025-1825,2025-12-14T02:00:28,Kandy,WET,Landslide,3,HIGH,1124,10,Rescue Teams|Medical Kits,38,RESOLVED,CITIZEN,MOBILE_APP,SINHALA,RAIN,False,False,False,True,OFFICER-01,4,3,0,58,False,MODERATE,0,True,12,17,6,False,False,False
INC-2026-1826,2026-01-23T14:42:52,Hambantota,WET,High Winds/Cyclone,1,LOW,93,0,Rescue Teams|Medical Kits,94,RESOLVED,CITIZEN,MOBILE_APP,TAMIL,RAIN,True,False,False,True,OFFICER-01,8,5,4,58,False,MODERATE,0,True,1,5,4,True,True,False
INC-2025-1827,2025-12-25T02:06:48,Polonnaruwa,WET,Drought,1,LOW,1463,0,Rescue Teams|Medical Kits,32,RESOLVED,CITIZEN,MOBILE_APP,TAMIL,RAIN,False,True,False,True,OFFICER-01,9,5,1,53,False,MODERATE,0,True,12,9,3,True,True,False
INC-2026-1828,2026-06-21T21:56:32,Nuwara Eliya,WET,Flood,3,HIGH,5689,0,Rescue Teams|Medical Kits,92,RESOLVED,CITIZEN,MOBILE_APP,SINHALA,RAIN,True,False,False,True,OFFICER-01,1,1,2,67,False,MODERATE,0,True,6,18,6,True,False,False
INC-2025-1829,2025-08-17T19:51:11,Nuwara Eliya,WET,Landslide,3,HIGH,1780,28,Rescue Teams|Medical Kits,104,RESOLVED,CITIZEN,MOBILE_APP,SINHALA,RAIN,True,False,False,True,OFFICER-01,0,3,0,84,False,MODERATE,0,True,8,11,6,True,True,False
INC-2025-1830,2025-09-18T10:13:08,Badulla,WET,Forest Fire,2,MEDIUM,88,0,Rescue Teams|Medical Kits,46,RESOLVED,CITIZEN,MOBILE_APP,SINHALA,RAIN,True,False,False,True,OFFICER-01,3,3,5,22,False,MODERATE,0,True,9,22,3,False,True,True
INC-2025-1831,2025-02-22T08:32:05,Anuradhapura,WET,Drought,3,HIGH,1599,0,Rescue Teams|Medical Kits,31,RESOLVED,CITIZEN,MOBILE_APP,TAMIL,RAIN,True,True,False,True,OFFICER-01,1,1,4,89,False,MODERATE,0,True,2,13,5,True,False,False
INC-2026-1832,2026-01-17T19:01:14,Nuwara Eliya,WET,Flood,3,HIGH,7460,0,Rescue Teams|Medical Kits,94,RESOLVED,CITIZEN,MOBILE_APP,TAMIL,RAIN,True,False,False,True,OFFICER-01,5,4,3,48,False,MODERATE,0,True,1,13,5,True,False,False
INC-2025-1833,2025-10-02T16:18:58,Kegalle,WET,High Winds/Cyclone,4,CRITICAL,521,0,Rescue Teams|Medical Kits,99,RESOLVED,CITIZEN,MOBILE_APP,TAMIL,RAIN,False,True,False,True,OFFICER-01,8,3,3,74,False,MODERATE,0,True,10,17,3,True,False,False
INC-2025-1834,2025-09-03T12:30:32,Kandy,WET,Flood,3,HIGH,5416,0,Rescue Teams|Medical Kits,83,RESOLVED,CITIZEN,MOBILE_APP,ENGLISH,RAIN,True,False,False,True,OFFICER-01,7,0,2,19,False,MODERATE,0,True,9,5,2,False,False,False
INC-2025-1835,2025-07-08T09:15:10,Kandy,WET,Flood,3,HIGH,2324,0,Rescue Teams|Medical Kits,41,RESOLVED,CITIZEN,MOBILE_APP,TAMIL,RAIN,True,False,False,True,OFFICER-01,2,0,1,55,False,MODERATE,0,True,7,14,1,True,False,False
INC-2026-1836,2026-02-11T04:34:28,Colombo,WET,Building Collapse,2,MEDIUM,75,0,Rescue Teams|Medical Kits,58,RESOLVED,CITIZEN,MOBILE_APP,SINHALA,RAIN,True,False,False,True,OFFICER-01,7,1,4,59,False,MODERATE,0,True,2,4,2,False,False,False
INC-2025-1837,2025-01-23T13:43:20,Colombo,WET,Building Collapse,3,HIGH,51,1,Rescue Teams|Medical Kits,120,RESOLVED,CITIZEN,MOBILE_APP,SINHALA,RAIN,True,True,False,True,OFFICER-01,4,5,5,44,False,MODERATE,0,True,1,23,3,False,False,True
INC-2026-1838,2026-01-09T02:09:41,Gampaha,WET,Medical Emergency,3,HIGH,25,1,Rescue Teams|Medical Kits,57,RESOLVED,CITIZEN,MOBILE_APP,SINHALA,RAIN,True,False,False,True,OFFICER-01,5,4,2,90,False,MODERATE,0,True,1,14,4,False,True,False
INC-2025-1839,2025-06-19T13:51:16,Anuradhapura,WET,Drought,2,MEDIUM,624,0,Rescue Teams|Medical Kits,17,RESOLVED,CITIZEN,MOBILE_APP,ENGLISH,RAIN,True,False,False,True,OFFICER-01,2,2,0,97,False,MODERATE,0,True,6,5,3,True,False,False
INC-2025-1840,2025-09-15T03:32:35,Galle,WET,High Winds/Cyclone,2,MEDIUM,137,0,Rescue Teams|Medical Kits,73,RESOLVED,CITIZEN,MOBILE_APP,TAMIL,RAIN,False,False,False,True,OFFICER-01,0,2,0,13,False,MODERATE,0,True,9,7,0,True,False,False
INC-2026-1841,2026-01-06T05:53:12,Badulla,WET,Forest Fire,1,LOW,81,0,Rescue Teams|Medical Kits,65,RESOLVED,CITIZEN,MOBILE_APP,ENGLISH,RAIN,True,False,False,True,OFFICER-01,6,4,0,38,False,MODERATE,0,True,1,9,1,True,False,False
INC-2026-1842,2026-02-04T22:25:04,Kandy,WET,Landslide,4,CRITICAL,1874,0,Rescue Teams|Medical Kits,35,RESOLVED,CITIZEN,MOBILE_APP,ENGLISH,RAIN,True,False,False,True,OFFICER-01,8,4,2,45,False,MODERATE,0,True,2,22,2,True,False,False
INC-2026-1843,2026-06-20T12:41:08,Monaragala,WET,Forest Fire,1,LOW,66,1,Rescue Teams|Medical Kits,35,RESOLVED,CITIZEN,MOBILE_APP,ENGLISH,RAIN,False,False,False,True,OFFICER-01,4,0,3,52,False,MODERATE,0,True,6,18,5,True,False,False
INC-2026-1844,2026-05-10T03:15:20,Nuwara Eliya,WET,Flood,1,LOW,7547,53,Rescue Teams|Medical Kits,79,RESOLVED,CITIZEN,MOBILE_APP,ENGLISH,RAIN,True,True,False,True,OFFICER-01,1,3,1,69,False,MODERATE,0,True,5,7,6,False,True,False
INC-2025-1845,2025-07-12T10:24:55,Kegalle,WET,High Winds/Cyclone,2,MEDIUM,482,0,Rescue Teams|Medical Kits,61,RESOLVED,CITIZEN,MOBILE_APP,SINHALA,RAIN,True,False,False,True,OFFICER-01,3,3,2,25,False,MODERATE,0,True,7,2,5,True,False,False
INC-2025-1846,2025-11-10T13:31:00,Colombo,WET,Medical Emergency,1,LOW,39,1,Rescue Teams|Medical Kits,74,RESOLVED,CITIZEN,MOBILE_APP,TAMIL,RAIN,True,False,False,True,OFFICER-01,9,5,2,45,False,MODERATE,0,True,11,12,0,True,False,False
INC-2025-1847,2025-09-22T13:44:24,Anuradhapura,WET,Drought,1,LOW,1663,0,Rescue Teams|Medical Kits,95,RESOLVED,CITIZEN,MOBILE_APP,SINHALA,RAIN,True,False,False,True,OFFICER-01,7,0,2,65,False,MODERATE,0,True,9,20,0,False,True,False
INC-2025-1848,2025-08-11T07:37:13,Gampaha,WET,Medical Emergency,1,LOW,14,0,Rescue Teams|Medical Kits,73,RESOLVED,CITIZEN,MOBILE_APP,TAMIL,RAIN,False,True,False,True,OFFICER-01,8,5,4,20,False,MODERATE,0,True,8,21,0,False,False,False
INC-2025-1849,2025-11-03T07:21:29,Rathnapura,WET,Flood,4,CRITICAL,2331,0,Rescue Teams|Medical Kits,22,RESOLVED,CITIZEN,MOBILE_APP,SINHALA,RAIN,True,False,False,True,OFFICER-01,0,5,1,60,False,MODERATE,0,True,11,11,0,False,False,True
INC-2026-1850,2026-08-18T05:16:17,Colombo,WET,Building Collapse,2,MEDIUM,99,0,Rescue Teams|Medical Kits,45,RESOLVED,CITIZEN,MOBILE_APP,SINHALA,RAIN,True,False,False,True,OFFICER-01,1,1,5,36,False,MODERATE,0,True,8,1,1,True,False,False
INC-2025-1851,2025-01-08T11:05:09,Nuwara Eliya,WET,Landslide,4,CRITICAL,2308,38,Rescue Teams|Medical Kits,26,RESOLVED,CITIZEN,MOBILE_APP,TAMIL,RAIN,True,True,False,True,OFFICER-01,0,2,5,84,False,MODERATE,0,True,1,0,2,True,False,False
INC-2025-1852,2025-10-02T15:14:40,Hambantota,WET,High Winds/Cyclone,1,LOW,111,0,Rescue Teams|Medical Kits,45,RESOLVED,CITIZEN,MOBILE_APP,SINHALA,RAIN,False,True,False,True,OFFICER-01,5,2,3,1,False,MODERATE,0,True,10,15,3,True,True,False
INC-2026-1853,2026-03-07T01:29:43,Rathnapura,WET,Flood,3,HIGH,2843,0,Rescue Teams|Medical Kits,61,RESOLVED,CITIZEN,MOBILE_APP,ENGLISH,RAIN,False,True,False,True,OFFICER-01,1,1,1,76,False,MODERATE,0,True,3,23,5,False,True,False
INC-2026-1854,2026-06-22T10:02:07,Badulla,WET,Forest Fire,4,CRITICAL,32,0,Rescue Teams|Medical Kits,94,RESOLVED,CITIZEN,MOBILE_APP,SINHALA,RAIN,True,True,False,True,OFFICER-01,3,4,0,28,False,MODERATE,0,True,6,4,0,True,True,False
INC-2025-1855,2025-03-13T15:58:49,Kandy,WET,Flood,4,CRITICAL,3187,20,Rescue Teams|Medical Kits,101,RESOLVED,CITIZEN,MOBILE_APP,ENGLISH,RAIN,False,False,False,True,OFFICER-01,4,2,1,24,False,MODERATE,0,True,3,17,3,False,False,True
INC-2026-1856,2026-03-21T12:03:22,Puttalam,WET,High Winds/Cyclone,2,MEDIUM,255,0,Rescue Teams|Medical Kits,104,RESOLVED,CITIZEN,MOBILE_APP,SINHALA,RAIN,True,False,False,True,OFFICER-01,1,3,1,29,False,MODERATE,0,True,3,6,5,True,True,False
INC-2026-1857,2026-05-02T06:08:38,Badulla,WET,Forest Fire,1,LOW,61,0,Rescue Teams|Medical Kits,42,RESOLVED,CITIZEN,MOBILE_APP,TAMIL,RAIN,False,True,False,True,OFFICER-01,8,4,0,79,False,MODERATE,0,True,5,2,5,False,False,False
INC-2026-1858,2026-01-29T03:50:06,Puttalam,WET,High Winds/Cyclone,2,MEDIUM,445,0,Rescue Teams|Medical Kits,117,RESOLVED,CITIZEN,MOBILE_APP,ENGLISH,RAIN,True,False,False,True,OFFICER-01,9,2,3,3,False,MODERATE,0,True,1,5,3,False,True,False
INC-2025-1859,2025-03-01T12:10:22,Anuradhapura,WET,Drought,3,HIGH,1024,0,Rescue Teams|Medical Kits,98,RESOLVED,CITIZEN,MOBILE_APP,ENGLISH,RAIN,True,False,False,True,OFFICER-01,2,1,0,48,False,MODERATE,0,True,3,14,5,True,True,False
INC-2025-1860,2025-04-02T09:33:48,Matara,WET,High Winds/Cyclone,2,MEDIUM,301,2,Rescue Teams|Medical Kits,22,RESOLVED,CITIZEN,MOBILE_APP,ENGLISH,RAIN,False,False,False,True,OFFICER-01,7,0,1,97,False,MODERATE,0,True,4,20,2,False,False,True
INC-2026-1861,2026-08-23T05:32:38,Colombo,WET,Building Collapse,2,MEDIUM,46,1,Rescue Teams|Medical Kits,92,RESOLVED,CITIZEN,MOBILE_APP,SINHALA,RAIN,False,False,False,True,OFFICER-01,2,1,1,88,False,MODERATE,0,True,8,19,6,True,False,False
INC-2025-1862,2025-02-16T00:47:01,Monaragala,WET,Forest Fire,1,LOW,13,0,Rescue Teams|Medical Kits,21,RESOLVED,CITIZEN,MOBILE_APP,TAMIL,RAIN,True,False,False,True,OFFICER-01,6,1,1,23,False,MODERATE,0,True,2,18,6,True,False,False
INC-2025-1863,2025-08-20T15:40:49,Matara,WET,High Winds/Cyclone,2,MEDIUM,210,0,Rescue Teams|Medical Kits,85,RESOLVED,CITIZEN,MOBILE_APP,SINHALA,RAIN,True,False,False,True,OFFICER-01,9,5,1,31,False,MODERATE,0,True,8,9,2,True,False,False
INC-2025-1864,2025-09-18T05:51:17,Monaragala,WET,Forest Fire,1,LOW,10,0,Rescue Teams|Medical Kits,58,RESOLVED,CITIZEN,MOBILE_APP,TAMIL,RAIN,False,True,False,True,OFFICER-01,4,2,2,14,False,MODERATE,0,True,9,17,3,True,False,False
INC-2026-1865,2026-04-27T17:28:48,Matara,WET,High Winds/Cyclone,1,LOW,158,0,Rescue Teams|Medical Kits,78,RESOLVED,CITIZEN,MOBILE_APP,TAMIL,RAIN,False,False,False,True,OFFICER-01,8,1,4,90,False,MODERATE,0,True,4,16,0,False,False,False
INC-2025-1866,2025-06-01T19:29:25,Anuradhapura,WET,Drought,3,HIGH,1311,0,Rescue Teams|Medical Kits,61,RESOLVED,CITIZEN,MOBILE_APP,TAMIL,RAIN,True,True,False,True,OFFICER-01,4,3,3,35,False,MODERATE,0,True,6,1,6,True,False,False
INC-2025-1867,2025-12-01T13:20:39,Polonnaruwa,WET,Drought,3,HIGH,1255,0,Rescue Teams|Medical Kits,59,RESOLVED,CITIZEN,MOBILE_APP,SINHALA,RAIN,True,True,False,True,OFFICER-01,9,3,3,51,False,MODERATE,0,True,12,4,0,True,True,False
INC-2025-1868,2025-04-05T15:02:37,Kandy,WET,Flood,2,MEDIUM,3065,20,Rescue Teams|Medical Kits,106,RESOLVED,CITIZEN,MOBILE_APP,SINHALA,RAIN,True,True,False,True,OFFICER-01,6,0,0,53,False,MODERATE,0,True,4,2,5,True,False,False
INC-2025-1869,2025-04-02T20:34:38,Colombo,WET,Building Collapse,2,MEDIUM,33,1,Rescue Teams|Medical Kits,105,RESOLVED,CITIZEN,MOBILE_APP,TAMIL,RAIN,False,False,False,True,OFFICER-01,4,3,2,33,False,MODERATE,0,True,4,23,2,True,False,False
INC-2026-1870,2026-07-30T22:54:23,Hambantota,WET,High Winds/Cyclone,2,MEDIUM,100,0,Rescue Teams|Medical Kits,18,RESOLVED,CITIZEN,MOBILE_APP,SINHALA,RAIN,True,True,False,True,OFFICER-01,4,5,2,80,False,MODERATE,0,True,7,7,3,True,True,False
INC-2025-1871,2025-08-07T02:40:25,Colombo,WET,Medical Emergency,2,MEDIUM,31,0,Rescue Teams|Medical Kits,97,RESOLVED,CITIZEN,MOBILE_APP,SINHALA,RAIN,False,True,False,True,OFFICER-01,2,3,1,28,False,MODERATE,0,True,8,0,3,True,False,True
INC-2025-1872,2025-10-20T08:44:23,Polonnaruwa,WET,Drought,2,MEDIUM,1319,0,Rescue Teams|Medical Kits,41,RESOLVED,CITIZEN,MOBILE_APP,ENGLISH,RAIN,False,False,False,True,OFFICER-01,8,1,4,47,False,MODERATE,0,True,10,23,0,False,False,False
INC-2026-1873,2026-03-28T05:18:59,Kandy,WET,Flood,1,LOW,3330,0,Rescue Teams|Medical Kits,61,RESOLVED,CITIZEN,MOBILE_APP,SINHALA,RAIN,False,False,False,True,OFFICER-01,8,0,0,24,False,MODERATE,0,True,3,0,5,True,False,False
INC-2026-1874,2026-06-23T09:41:19,Badulla,WET,Forest Fire,1,LOW,43,0,Rescue Teams|Medical Kits,75,RESOLVED,CITIZEN,MOBILE_APP,ENGLISH,RAIN,True,True,False,True,OFFICER-01,0,0,5,53,False,MODERATE,0,True,6,20,1,False,True,False
INC-2026-1875,2026-01-14T06:36:08,Hambantota,WET,High Winds/Cyclone,2,MEDIUM,123,0,Rescue Teams|Medical Kits,110,RESOLVED,CITIZEN,MOBILE_APP,ENGLISH,RAIN,True,False,False,True,OFFICER-01,6,4,2,37,False,MODERATE,0,True,1,5,2,True,False,False
INC-2025-1876,2025-03-07T16:00:19,Galle,WET,High Winds/Cyclone,1,LOW,171,0,Rescue Teams|Medical Kits,106,RESOLVED,CITIZEN,MOBILE_APP,SINHALA,RAIN,True,False,False,True,OFFICER-01,10,3,1,34,False,MODERATE,0,True,3,5,4,True,False,False
INC-2025-1877,2025-12-25T00:51:59,Nuwara Eliya,WET,Landslide,4,CRITICAL,1987,19,Rescue Teams|Medical Kits,69,RESOLVED,CITIZEN,MOBILE_APP,ENGLISH,RAIN,False,False,False,True,OFFICER-01,8,4,3,91,False,MODERATE,0,True,12,13,3,True,True,False
INC-2026-1878,2026-06-18T11:50:27,Rathnapura,WET,Flood,3,HIGH,2956,0,Rescue Teams|Medical Kits,98,RESOLVED,CITIZEN,MOBILE_APP,ENGLISH,RAIN,True,False,False,True,OFFICER-01,7,3,0,94,False,MODERATE,0,True,6,3,3,True,False,False
INC-2025-1879,2025-02-01T19:26:23,Kegalle,WET,High Winds/Cyclone,2,MEDIUM,438,0,Rescue Teams|Medical Kits,96,RESOLVED,CITIZEN,MOBILE_APP,SINHALA,RAIN,False,True,False,True,OFFICER-01,5,5,2,99,False,MODERATE,0,True,2,22,5,False,True,False
INC-2026-1880,2026-02-25T20:17:25,Galle,WET,High Winds/Cyclone,1,LOW,101,0,Rescue Teams|Medical Kits,99,RESOLVED,CITIZEN,MOBILE_APP,SINHALA,RAIN,False,False,False,True,OFFICER-01,0,1,3,41,False,MODERATE,0,True,2,12,2,False,False,False
INC-2025-1881,2025-08-01T18:13:03,Colombo,WET,Building Collapse,2,MEDIUM,78,0,Rescue Teams|Medical Kits,74,RESOLVED,CITIZEN,MOBILE_APP,SINHALA,RAIN,False,False,False,True,OFFICER-01,10,4,4,35,False,MODERATE,0,True,8,23,4,True,False,False
INC-2026-1882,2026-07-15T10:20:52,Rathnapura,WET,Flood,4,CRITICAL,2916,47,Rescue Teams|Medical Kits,28,RESOLVED,CITIZEN,MOBILE_APP,TAMIL,RAIN,True,False,False,True,OFFICER-01,8,1,0,97,False,MODERATE,0,True,7,12,2,True,False,True
INC-2025-1883,2025-10-10T03:18:01,Monaragala,WET,Forest Fire,1,LOW,48,0,Rescue Teams|Medical Kits,58,RESOLVED,CITIZEN,MOBILE_APP,TAMIL,RAIN,True,False,False,True,OFFICER-01,2,1,3,92,False,MODERATE,0,True,10,21,4,False,False,False
INC-2025-1884,2025-08-16T02:34:45,Anuradhapura,WET,Drought,3,HIGH,1645,0,Rescue Teams|Medical Kits,37,RESOLVED,CITIZEN,MOBILE_APP,ENGLISH,RAIN,False,False,False,True,OFFICER-01,1,1,0,96,False,MODERATE,0,True,8,17,5,True,True,False
INC-2026-1885,2026-03-04T15:57:13,Nuwara Eliya,WET,Flood,3,HIGH,4338,52,Rescue Teams|Medical Kits,41,RESOLVED,CITIZEN,MOBILE_APP,TAMIL,RAIN,True,False,False,True,OFFICER-01,3,4,5,46,False,MODERATE,0,True,3,0,2,False,False,False
INC-2025-1886,2025-02-19T01:42:37,Monaragala,WET,Forest Fire,1,LOW,62,0,Rescue Teams|Medical Kits,110,RESOLVED,CITIZEN,MOBILE_APP,ENGLISH,RAIN,True,True,False,True,OFFICER-01,0,5,4,2,False,MODERATE,0,True,2,22,2,False,True,False
INC-2025-1887,2025-02-06T05:29:28,Monaragala,WET,Forest Fire,1,LOW,41,0,Rescue Teams|Medical Kits,89,RESOLVED,CITIZEN,MOBILE_APP,SINHALA,RAIN,False,False,False,True,OFFICER-01,2,0,3,96,False,MODERATE,0,True,2,22,3,True,False,False
INC-2026-1888,2026-03-20T05:28:55,Kandy,WET,Flood,3,HIGH,5948,0,Rescue Teams|Medical Kits,67,RESOLVED,CITIZEN,MOBILE_APP,TAMIL,RAIN,True,False,False,True,OFFICER-01,2,4,3,44,False,MODERATE,0,True,3,22,4,True,False,False
INC-2026-1889,2026-01-04T18:23:25,Kandy,WET,Flood,3,HIGH,5270,35,Rescue Teams|Medical Kits,80,RESOLVED,CITIZEN,MOBILE_APP,SINHALA,RAIN,True,True,False,True,OFFICER-01,8,0,3,75,False,MODERATE,0,True,1,12,6,True,False,False
INC-2026-1890,2026-01-23T03:04:15,Kandy,WET,Landslide,4,CRITICAL,1476,1,Rescue Teams|Medical Kits,37,RESOLVED,CITIZEN,MOBILE_APP,ENGLISH,RAIN,False,True,False,True,OFFICER-01,9,1,0,27,False,MODERATE,0,True,1,4,4,False,True,False
INC-2026-1891,2026-08-01T06:05:51,Galle,WET,High Winds/Cyclone,2,MEDIUM,149,0,Rescue Teams|Medical Kits,112,RESOLVED,CITIZEN,MOBILE_APP,SINHALA,RAIN,True,True,False,True,OFFICER-01,7,2,0,93,False,MODERATE,0,True,8,14,5,True,False,False
INC-2025-1892,2025-06-26T09:27:22,Colombo,WET,Building Collapse,2,MEDIUM,62,1,Rescue Teams|Medical Kits,112,RESOLVED,CITIZEN,MOBILE_APP,TAMIL,RAIN,True,False,False,True,OFFICER-01,9,4,0,7,False,MODERATE,0,True,6,3,3,True,True,False
INC-2025-1893,2025-06-13T01:35:33,Gampaha,WET,Medical Emergency,2,MEDIUM,35,0,Rescue Teams|Medical Kits,60,RESOLVED,CITIZEN,MOBILE_APP,TAMIL,RAIN,True,False,False,True,OFFICER-01,6,1,4,29,False,MODERATE,0,True,6,13,4,False,True,False
INC-2025-1894,2025-04-19T14:18:01,Monaragala,WET,Forest Fire,2,MEDIUM,38,0,Rescue Teams|Medical Kits,106,RESOLVED,CITIZEN,MOBILE_APP,SINHALA,RAIN,False,False,False,True,OFFICER-01,0,4,5,74,False,MODERATE,0,True,4,7,5,False,True,True
INC-2025-1895,2025-04-21T17:47:21,Nuwara Eliya,WET,Landslide,4,CRITICAL,2141,3,Rescue Teams|Medical Kits,118,RESOLVED,CITIZEN,MOBILE_APP,TAMIL,RAIN,False,False,False,True,OFFICER-01,3,4,2,46,False,MODERATE,0,True,4,6,0,True,True,False
INC-2026-1896,2026-05-08T22:07:28,Colombo,WET,Building Collapse,2,MEDIUM,30,1,Rescue Teams|Medical Kits,62,RESOLVED,CITIZEN,MOBILE_APP,TAMIL,RAIN,True,False,False,True,OFFICER-01,10,0,3,53,False,MODERATE,0,True,5,3,4,False,True,False
INC-2026-1897,2026-02-24T16:55:27,Colombo,WET,Building Collapse,3,HIGH,22,0,Rescue Teams|Medical Kits,100,RESOLVED,CITIZEN,MOBILE_APP,TAMIL,RAIN,False,False,False,True,OFFICER-01,8,1,3,79,False,MODERATE,0,True,2,9,1,True,False,False
INC-2025-1898,2025-12-04T22:24:30,Hambantota,WET,High Winds/Cyclone,1,LOW,87,1,Rescue Teams|Medical Kits,48,RESOLVED,CITIZEN,MOBILE_APP,TAMIL,RAIN,True,False,False,True,OFFICER-01,2,4,4,27,False,MODERATE,0,True,12,19,3,False,False,False
INC-2025-1899,2025-06-21T14:46:37,Kandy,WET,Flood,4,CRITICAL,4470,78,Rescue Teams|Medical Kits,62,RESOLVED,CITIZEN,MOBILE_APP,TAMIL,RAIN,True,True,False,True,OFFICER-01,10,3,2,46,False,MODERATE,0,True,6,11,5,False,False,True
INC-2026-1900,2026-06-13T21:33:16,Rathnapura,WET,Flood,3,HIGH,2402,0,Rescue Teams|Medical Kits,66,RESOLVED,CITIZEN,MOBILE_APP,TAMIL,RAIN,True,False,False,True,OFFICER-01,7,1,2,63,False,MODERATE,0,True,6,20,5,True,False,False
INC-2026-1901,2026-01-01T20:39:32,Badulla,WET,Forest Fire,2,MEDIUM,21,0,Rescue Teams|Medical Kits,15,RESOLVED,CITIZEN,MOBILE_APP,SINHALA,RAIN,True,False,False,True,OFFICER-01,8,2,1,39,False,MODERATE,0,True,1,17,3,True,False,False
INC-2025-1902,2025-12-31T19:53:38,Galle,WET,High Winds/Cyclone,2,MEDIUM,147,0,Rescue Teams|Medical Kits,68,RESOLVED,CITIZEN,MOBILE_APP,SINHALA,RAIN,True,True,False,True,OFFICER-01,9,4,2,78,False,MODERATE,0,True,12,21,2,True,False,False
INC-2026-1903,2026-04-09T07:05:22,Colombo,WET,Medical Emergency,1,LOW,28,1,Rescue Teams|Medical Kits,80,RESOLVED,CITIZEN,MOBILE_APP,ENGLISH,RAIN,False,True,False,True,OFFICER-01,3,0,0,19,False,MODERATE,0,True,4,21,3,False,False,False
INC-2025-1904,2025-01-13T04:40:21,Rathnapura,WET,Flood,3,HIGH,2356,30,Rescue Teams|Medical Kits,41,RESOLVED,CITIZEN,MOBILE_APP,TAMIL,RAIN,True,False,False,True,OFFICER-01,2,1,5,26,False,MODERATE,0,True,1,5,0,True,True,False
INC-2026-1905,2026-01-28T05:44:08,Nuwara Eliya,WET,Landslide,4,CRITICAL,1725,14,Rescue Teams|Medical Kits,81,RESOLVED,CITIZEN,MOBILE_APP,ENGLISH,RAIN,True,False,False,True,OFFICER-01,6,5,5,2,False,MODERATE,0,True,1,18,2,True,True,False
INC-2025-1906,2025-06-11T11:01:41,Monaragala,WET,Forest Fire,1,LOW,29,0,Rescue Teams|Medical Kits,60,RESOLVED,CITIZEN,MOBILE_APP,TAMIL,RAIN,False,True,False,True,OFFICER-01,5,5,2,11,False,MODERATE,0,True,6,18,2,False,False,False
INC-2025-1907,2025-12-01T13:40:40,Anuradhapura,WET,Drought,3,HIGH,619,0,Rescue Teams|Medical Kits,99,RESOLVED,CITIZEN,MOBILE_APP,ENGLISH,RAIN,True,False,False,True,OFFICER-01,10,4,0,1,False,MODERATE,0,True,12,13,0,True,True,True
INC-2025-1908,2025-09-29T21:46:06,Nuwara Eliya,WET,Landslide,4,CRITICAL,2338,16,Rescue Teams|Medical Kits,84,RESOLVED,CITIZEN,MOBILE_APP,ENGLISH,RAIN,False,False,False,True,OFFICER-01,8,0,5,98,False,MODERATE,0,True,9,15,0,True,False,False
INC-2025-1909,2025-04-12T13:41:28,Colombo,WET,Medical Emergency,1,LOW,42,0,Rescue Teams|Medical Kits,53,RESOLVED,CITIZEN,MOBILE_APP,TAMIL,RAIN,True,False,False,True,OFFICER-01,7,3,0,75,False,MODERATE,0,True,4,2,5,True,False,False
INC-2026-1910,2026-08-09T09:05:01,Polonnaruwa,WET,Drought,3,HIGH,1052,0,Rescue Teams|Medical Kits,79,RESOLVED,CITIZEN,MOBILE_APP,SINHALA,RAIN,False,False,False,True,OFFICER-01,6,1,5,41,False,MODERATE,0,True,8,19,6,True,False,False
INC-2025-1911,2025-04-27T08:25:05,Kandy,WET,Flood,3,HIGH,2981,56,Rescue Teams|Medical Kits,53,RESOLVED,CITIZEN,MOBILE_APP,SINHALA,RAIN,False,True,False,True,OFFICER-01,5,2,4,51,False,MODERATE,0,True,4,19,6,False,True,False
INC-2025-1912,2025-05-18T07:52:02,Colombo,WET,Medical Emergency,1,LOW,17,1,Rescue Teams|Medical Kits,54,RESOLVED,CITIZEN,MOBILE_APP,ENGLISH,RAIN,True,False,False,True,OFFICER-01,9,2,3,54,False,MODERATE,0,True,5,2,6,True,False,False
INC-2025-1913,2025-08-21T17:58:22,Nuwara Eliya,WET,Flood,4,CRITICAL,7812,0,Rescue Teams|Medical Kits,38,RESOLVED,CITIZEN,MOBILE_APP,SINHALA,RAIN,True,False,False,True,OFFICER-01,1,2,0,96,False,MODERATE,0,True,8,18,3,True,True,False
INC-2026-1914,2026-07-19T16:43:11,Kegalle,WET,High Winds/Cyclone,1,LOW,594,0,Rescue Teams|Medical Kits,96,RESOLVED,CITIZEN,MOBILE_APP,SINHALA,RAIN,True,False,False,True,OFFICER-01,0,2,0,40,False,MODERATE,0,True,7,22,6,True,True,False
INC-2026-1915,2026-04-13T17:24:30,Polonnaruwa,WET,Drought,2,MEDIUM,726,0,Rescue Teams|Medical Kits,55,RESOLVED,CITIZEN,MOBILE_APP,TAMIL,RAIN,True,False,False,True,OFFICER-01,0,0,1,75,False,MODERATE,0,True,4,12,0,False,False,False
INC-2026-1916,2026-01-10T07:38:46,Colombo,WET,Medical Emergency,1,LOW,22,0,Rescue Teams|Medical Kits,26,RESOLVED,CITIZEN,MOBILE_APP,ENGLISH,RAIN,False,False,False,True,OFFICER-01,8,0,3,95,False,MODERATE,0,True,1,9,5,False,False,True
INC-2026-1917,2026-04-10T06:37:59,Rathnapura,WET,Flood,3,HIGH,1604,0,Rescue Teams|Medical Kits,88,RESOLVED,CITIZEN,MOBILE_APP,SINHALA,RAIN,True,False,False,True,OFFICER-01,10,5,4,28,False,MODERATE,0,True,4,23,4,True,False,False
INC-2026-1918,2026-02-18T09:56:54,Badulla,WET,Forest Fire,1,LOW,66,1,Rescue Teams|Medical Kits,41,RESOLVED,CITIZEN,MOBILE_APP,TAMIL,RAIN,True,False,False,True,OFFICER-01,2,4,5,100,False,MODERATE,0,True,2,20,2,True,False,False
INC-2025-1919,2025-01-14T09:59:03,Gampaha,WET,Medical Emergency,1,LOW,41,0,Rescue Teams|Medical Kits,50,RESOLVED,CITIZEN,MOBILE_APP,TAMIL,RAIN,True,True,False,True,OFFICER-01,5,1,1,5,False,MODERATE,0,True,1,7,1,False,True,False
INC-2025-1920,2025-02-02T02:47:35,Kandy,WET,Landslide,4,CRITICAL,1863,14,Rescue Teams|Medical Kits,47,RESOLVED,CITIZEN,MOBILE_APP,TAMIL,RAIN,True,False,False,True,OFFICER-01,0,3,3,13,False,MODERATE,0,True,2,16,6,True,False,False
INC-2026-1921,2026-06-21T07:57:49,Rathnapura,WET,Flood,2,MEDIUM,2880,0,Rescue Teams|Medical Kits,90,RESOLVED,CITIZEN,MOBILE_APP,ENGLISH,RAIN,True,True,False,True,OFFICER-01,1,3,2,62,False,MODERATE,0,True,6,23,6,False,False,False
INC-2025-1922,2025-05-11T12:05:19,Rathnapura,WET,Flood,3,HIGH,1225,14,Rescue Teams|Medical Kits,101,RESOLVED,CITIZEN,MOBILE_APP,TAMIL,RAIN,False,False,False,True,OFFICER-01,9,1,1,7,False,MODERATE,0,True,5,4,6,True,False,False
INC-2025-1923,2025-09-10T01:58:41,Hambantota,WET,High Winds/Cyclone,3,HIGH,95,0,Rescue Teams|Medical Kits,119,RESOLVED,CITIZEN,MOBILE_APP,TAMIL,RAIN,True,True,False,True,OFFICER-01,5,4,3,71,False,MODERATE,0,True,9,1,2,False,False,False
INC-2026-1924,2026-06-29T13:42:35,Polonnaruwa,WET,Drought,2,MEDIUM,1119,0,Rescue Teams|Medical Kits,21,RESOLVED,CITIZEN,MOBILE_APP,ENGLISH,RAIN,True,False,False,True,OFFICER-01,5,0,2,20,False,MODERATE,0,True,6,20,0,False,False,False
INC-2025-1925,2025-02-20T13:35:34,Rathnapura,WET,Flood,3,HIGH,1288,0,Rescue Teams|Medical Kits,113,RESOLVED,CITIZEN,MOBILE_APP,SINHALA,RAIN,False,False,False,True,OFFICER-01,4,2,5,52,False,MODERATE,0,True,2,8,3,False,True,False
INC-2026-1926,2026-02-25T07:07:16,Kandy,WET,Flood,3,HIGH,4873,79,Rescue Teams|Medical Kits,87,RESOLVED,CITIZEN,MOBILE_APP,ENGLISH,RAIN,True,False,False,True,OFFICER-01,0,3,0,75,False,MODERATE,0,True,2,7,2,True,False,False
INC-2026-1927,2026-01-25T12:40:46,Colombo,WET,Medical Emergency,1,LOW,12,1,Rescue Teams|Medical Kits,59,RESOLVED,CITIZEN,MOBILE_APP,TAMIL,RAIN,True,False,False,True,OFFICER-01,10,0,3,33,False,MODERATE,0,True,1,17,6,True,True,False
INC-2026-1928,2026-04-18T13:11:07,Galle,WET,High Winds/Cyclone,2,MEDIUM,120,1,Rescue Teams|Medical Kits,39,RESOLVED,CITIZEN,MOBILE_APP,TAMIL,RAIN,True,False,False,True,OFFICER-01,10,4,2,58,False,MODERATE,0,True,4,20,5,False,True,False
INC-2026-1929,2026-08-08T16:15:49,Colombo,WET,Building Collapse,3,HIGH,69,1,Rescue Teams|Medical Kits,101,RESOLVED,CITIZEN,MOBILE_APP,TAMIL,RAIN,True,False,False,True,OFFICER-01,6,4,2,74,False,MODERATE,0,True,8,4,5,True,False,False
INC-2025-1930,2025-04-15T15:56:05,Nuwara Eliya,WET,Flood,3,HIGH,6173,104,Rescue Teams|Medical Kits,54,RESOLVED,CITIZEN,MOBILE_APP,TAMIL,RAIN,True,False,False,True,OFFICER-01,8,1,2,51,False,MODERATE,0,True,4,23,1,True,False,False
INC-2026-1931,2026-01-11T05:57:03,Badulla,WET,Forest Fire,1,LOW,93,1,Rescue Teams|Medical Kits,120,RESOLVED,CITIZEN,MOBILE_APP,ENGLISH,RAIN,True,True,False,True,OFFICER-01,2,1,0,91,False,MODERATE,0,True,1,21,6,True,False,False
INC-2025-1932,2025-09-08T07:54:35,Galle,WET,High Winds/Cyclone,1,LOW,87,0,Rescue Teams|Medical Kits,94,RESOLVED,CITIZEN,MOBILE_APP,ENGLISH,RAIN,True,False,False,True,OFFICER-01,9,3,0,57,False,MODERATE,0,True,9,1,0,True,True,False
INC-2025-1933,2025-03-25T21:16:30,Hambantota,WET,High Winds/Cyclone,1,LOW,96,0,Rescue Teams|Medical Kits,30,RESOLVED,CITIZEN,MOBILE_APP,TAMIL,RAIN,True,False,False,True,OFFICER-01,4,2,3,2,False,MODERATE,0,True,3,7,1,True,True,False
INC-2026-1934,2026-04-21T20:03:22,Colombo,WET,Medical Emergency,1,LOW,49,1,Rescue Teams|Medical Kits,49,RESOLVED,CITIZEN,MOBILE_APP,ENGLISH,RAIN,True,True,False,True,OFFICER-01,3,5,0,35,False,MODERATE,0,True,4,19,1,True,False,False
INC-2025-1935,2025-08-07T06:55:01,Rathnapura,WET,Flood,3,HIGH,2765,35,Rescue Teams|Medical Kits,76,RESOLVED,CITIZEN,MOBILE_APP,TAMIL,RAIN,False,False,False,True,OFFICER-01,8,1,5,38,False,MODERATE,0,True,8,6,3,True,True,False
INC-2026-1936,2026-08-11T10:55:08,Kandy,WET,Flood,3,HIGH,2608,8,Rescue Teams|Medical Kits,79,RESOLVED,CITIZEN,MOBILE_APP,SINHALA,RAIN,False,False,False,True,OFFICER-01,10,0,0,87,False,MODERATE,0,True,8,18,1,True,True,False
INC-2025-1937,2025-04-27T23:27:30,Colombo,WET,Building Collapse,2,MEDIUM,59,1,Rescue Teams|Medical Kits,51,RESOLVED,CITIZEN,MOBILE_APP,ENGLISH,RAIN,False,False,False,True,OFFICER-01,2,3,1,98,False,MODERATE,0,True,4,6,6,True,False,False
INC-2026-1938,2026-01-26T02:57:57,Nuwara Eliya,WET,Landslide,2,MEDIUM,1870,0,Rescue Teams|Medical Kits,40,RESOLVED,CITIZEN,MOBILE_APP,ENGLISH,RAIN,True,False,False,True,OFFICER-01,1,0,3,67,False,MODERATE,0,True,1,10,0,False,False,False
INC-2026-1939,2026-03-06T22:42:26,Hambantota,WET,High Winds/Cyclone,3,HIGH,53,0,Rescue Teams|Medical Kits,71,RESOLVED,CITIZEN,MOBILE_APP,ENGLISH,RAIN,True,False,False,True,OFFICER-01,7,3,3,48,False,MODERATE,0,True,3,16,4,True,True,False
INC-2026-1940,2026-02-18T10:21:38,Kandy,WET,Flood,3,HIGH,2526,32,Rescue Teams|Medical Kits,120,RESOLVED,CITIZEN,MOBILE_APP,SINHALA,RAIN,True,True,False,True,OFFICER-01,6,4,2,77,False,MODERATE,0,True,2,20,2,True,False,False
INC-2025-1941,2025-03-21T18:53:40,Matara,WET,High Winds/Cyclone,2,MEDIUM,290,0,Rescue Teams|Medical Kits,47,RESOLVED,CITIZEN,MOBILE_APP,ENGLISH,RAIN,False,False,False,True,OFFICER-01,3,0,5,15,False,MODERATE,0,True,3,15,4,True,True,False
INC-2025-1942,2025-10-29T03:03:36,Nuwara Eliya,WET,Flood,3,HIGH,3668,37,Rescue Teams|Medical Kits,42,RESOLVED,CITIZEN,MOBILE_APP,SINHALA,RAIN,False,False,False,True,OFFICER-01,9,4,3,12,False,MODERATE,0,True,10,11,2,False,False,False
INC-2026-1943,2026-06-15T21:49:56,Puttalam,WET,High Winds/Cyclone,1,LOW,385,0,Rescue Teams|Medical Kits,26,RESOLVED,CITIZEN,MOBILE_APP,SINHALA,RAIN,False,False,False,True,OFFICER-01,0,5,1,81,False,MODERATE,0,True,6,5,0,False,False,False
INC-2025-1944,2025-06-25T18:17:17,Nuwara Eliya,WET,Landslide,3,HIGH,1403,20,Rescue Teams|Medical Kits,75,RESOLVED,CITIZEN,MOBILE_APP,TAMIL,RAIN,True,False,False,True,OFFICER-01,6,0,5,16,False,MODERATE,0,True,6,20,2,False,False,False
INC-2025-1945,2025-10-12T13:22:17,Puttalam,WET,High Winds/Cyclone,2,MEDIUM,493,0,Rescue Teams|Medical Kits,20,RESOLVED,CITIZEN,MOBILE_APP,SINHALA,RAIN,True,False,False,True,OFFICER-01,3,0,1,21,False,MODERATE,0,True,10,7,6,True,False,False
INC-2025-1946,2025-06-27T22:57:10,Hambantota,WET,High Winds/Cyclone,1,LOW,127,0,Rescue Teams|Medical Kits,109,RESOLVED,CITIZEN,MOBILE_APP,TAMIL,RAIN,False,False,False,True,OFFICER-01,3,3,4,59,False,MODERATE,0,True,6,6,4,False,False,False
INC-2025-1947,2025-12-24T03:53:02,Nuwara Eliya,WET,Landslide,4,CRITICAL,1765,32,Rescue Teams|Medical Kits,63,RESOLVED,CITIZEN,MOBILE_APP,TAMIL,RAIN,True,True,False,True,OFFICER-01,2,1,4,19,False,MODERATE,0,True,12,11,2,True,False,False
INC-2025-1948,2025-05-21T13:48:44,Puttalam,WET,High Winds/Cyclone,2,MEDIUM,475,4,Rescue Teams|Medical Kits,69,RESOLVED,CITIZEN,MOBILE_APP,ENGLISH,RAIN,True,True,False,True,OFFICER-01,3,4,1,25,False,MODERATE,0,True,5,15,2,True,False,False
INC-2025-1949,2025-08-21T12:33:21,Nuwara Eliya,WET,Flood,3,HIGH,5950,108,Rescue Teams|Medical Kits,60,RESOLVED,CITIZEN,MOBILE_APP,SINHALA,RAIN,False,True,False,True,OFFICER-01,1,1,1,32,False,MODERATE,0,True,8,21,3,False,True,False
INC-2025-1950,2025-06-09T16:21:46,Kandy,WET,Landslide,4,CRITICAL,1196,9,Rescue Teams|Medical Kits,30,RESOLVED,CITIZEN,MOBILE_APP,SINHALA,RAIN,True,True,False,True,OFFICER-01,6,5,1,59,False,MODERATE,0,True,6,13,0,True,False,False
INC-2026-1951,2026-01-04T01:00:44,Rathnapura,WET,Flood,3,HIGH,2550,0,Rescue Teams|Medical Kits,59,RESOLVED,CITIZEN,MOBILE_APP,ENGLISH,RAIN,True,False,False,True,OFFICER-01,8,5,5,47,False,MODERATE,0,True,1,3,6,False,True,False
INC-2025-1952,2025-05-10T15:36:45,Kandy,WET,Landslide,3,HIGH,650,8,Rescue Teams|Medical Kits,37,RESOLVED,CITIZEN,MOBILE_APP,ENGLISH,RAIN,False,False,False,True,OFFICER-01,6,3,3,66,False,MODERATE,0,True,5,6,5,False,True,False
INC-2026-1953,2026-01-05T21:46:28,Anuradhapura,WET,Drought,2,MEDIUM,1499,0,Rescue Teams|Medical Kits,89,RESOLVED,CITIZEN,MOBILE_APP,ENGLISH,RAIN,True,True,False,True,OFFICER-01,3,4,0,70,False,MODERATE,0,True,1,9,0,False,False,False
INC-2025-1954,2025-05-20T03:42:48,Nuwara Eliya,WET,Landslide,4,CRITICAL,1685,9,Rescue Teams|Medical Kits,25,RESOLVED,CITIZEN,MOBILE_APP,SINHALA,RAIN,True,False,False,True,OFFICER-01,9,0,2,39,False,MODERATE,0,True,5,12,1,False,False,False
INC-2025-1955,2025-01-01T04:08:58,Polonnaruwa,WET,Drought,4,CRITICAL,815,0,Rescue Teams|Medical Kits,107,RESOLVED,CITIZEN,MOBILE_APP,TAMIL,RAIN,True,False,False,True,OFFICER-01,6,0,3,99,False,MODERATE,0,True,1,2,2,True,True,False
INC-2025-1956,2025-12-24T12:02:28,Kandy,WET,Landslide,3,HIGH,1941,20,Rescue Teams|Medical Kits,99,RESOLVED,CITIZEN,MOBILE_APP,SINHALA,RAIN,True,False,False,True,OFFICER-01,6,3,4,73,False,MODERATE,0,True,12,2,2,False,False,False
INC-2025-1957,2025-12-25T16:23:17,Colombo,WET,Building Collapse,2,MEDIUM,49,1,Rescue Teams|Medical Kits,37,RESOLVED,CITIZEN,MOBILE_APP,SINHALA,RAIN,True,False,False,True,OFFICER-01,5,4,3,72,False,MODERATE,0,True,12,6,3,False,True,False
INC-2025-1958,2025-05-03T21:38:57,Monaragala,WET,Forest Fire,1,LOW,44,0,Rescue Teams|Medical Kits,35,RESOLVED,CITIZEN,MOBILE_APP,ENGLISH,RAIN,True,False,False,True,OFFICER-01,7,0,0,14,False,MODERATE,0,True,5,11,5,True,False,False
INC-2025-1959,2025-08-28T10:16:46,Colombo,WET,Medical Emergency,1,LOW,49,1,Rescue Teams|Medical Kits,58,RESOLVED,CITIZEN,MOBILE_APP,ENGLISH,RAIN,True,False,False,True,OFFICER-01,8,4,5,68,False,MODERATE,0,True,8,13,3,True,False,False
INC-2026-1960,2026-08-09T21:37:55,Badulla,WET,Forest Fire,1,LOW,18,1,Rescue Teams|Medical Kits,52,RESOLVED,CITIZEN,MOBILE_APP,SINHALA,RAIN,False,False,False,True,OFFICER-01,3,3,2,34,False,MODERATE,0,True,8,15,6,True,False,False
INC-2025-1961,2025-02-09T15:50:02,Anuradhapura,WET,Drought,2,MEDIUM,844,0,Rescue Teams|Medical Kits,109,RESOLVED,CITIZEN,MOBILE_APP,ENGLISH,RAIN,True,False,False,True,OFFICER-01,8,3,5,94,False,MODERATE,0,True,2,11,6,True,False,False
INC-2025-1962,2025-10-27T01:07:22,Colombo,WET,Building Collapse,2,MEDIUM,99,1,Rescue Teams|Medical Kits,55,RESOLVED,CITIZEN,MOBILE_APP,TAMIL,RAIN,True,False,False,True,OFFICER-01,0,5,5,16,False,MODERATE,0,True,10,23,0,True,True,False
INC-2025-1963,2025-01-19T06:24:19,Kandy,WET,Landslide,4,CRITICAL,1246,16,Rescue Teams|Medical Kits,94,RESOLVED,CITIZEN,MOBILE_APP,ENGLISH,RAIN,False,False,False,True,OFFICER-01,5,0,1,56,False,MODERATE,0,True,1,16,6,True,True,False
INC-2025-1964,2025-08-06T05:11:51,Gampaha,WET,Medical Emergency,1,LOW,45,0,Rescue Teams|Medical Kits,66,RESOLVED,CITIZEN,MOBILE_APP,TAMIL,RAIN,True,False,False,True,OFFICER-01,3,1,5,77,False,MODERATE,0,True,8,17,2,False,False,False
INC-2025-1965,2025-07-12T08:59:24,Puttalam,WET,High Winds/Cyclone,3,HIGH,408,0,Rescue Teams|Medical Kits,26,RESOLVED,CITIZEN,MOBILE_APP,ENGLISH,RAIN,True,False,False,True,OFFICER-01,0,5,3,27,False,MODERATE,0,True,7,0,5,False,True,False
INC-2026-1966,2026-07-03T18:33:34,Hambantota,WET,High Winds/Cyclone,1,LOW,82,0,Rescue Teams|Medical Kits,89,RESOLVED,CITIZEN,MOBILE_APP,ENGLISH,RAIN,True,False,False,True,OFFICER-01,3,1,2,50,False,MODERATE,0,True,7,11,4,True,False,False
INC-2025-1967,2025-08-07T08:41:33,Monaragala,WET,Forest Fire,1,LOW,64,0,Rescue Teams|Medical Kits,32,RESOLVED,CITIZEN,MOBILE_APP,ENGLISH,RAIN,True,True,False,True,OFFICER-01,3,4,4,60,False,MODERATE,0,True,8,23,3,False,False,False
INC-2025-1968,2025-03-28T13:45:10,Kandy,WET,Landslide,4,CRITICAL,1187,2,Rescue Teams|Medical Kits,76,RESOLVED,CITIZEN,MOBILE_APP,TAMIL,RAIN,True,False,False,True,OFFICER-01,1,5,4,41,False,MODERATE,0,True,3,2,4,True,False,True
INC-2025-1969,2025-11-01T06:33:57,Puttalam,WET,High Winds/Cyclone,4,CRITICAL,353,0,Rescue Teams|Medical Kits,48,RESOLVED,CITIZEN,MOBILE_APP,ENGLISH,RAIN,False,False,False,True,OFFICER-01,3,2,3,83,False,MODERATE,0,True,11,6,5,True,False,False
INC-2025-1970,2025-07-29T09:33:08,Gampaha,WET,Medical Emergency,1,LOW,40,0,Rescue Teams|Medical Kits,19,RESOLVED,CITIZEN,MOBILE_APP,SINHALA,RAIN,False,False,False,True,OFFICER-01,7,0,5,51,False,MODERATE,0,True,7,21,1,True,False,False
INC-2026-1971,2026-01-01T08:21:16,Polonnaruwa,WET,Drought,4,CRITICAL,842,0,Rescue Teams|Medical Kits,45,RESOLVED,CITIZEN,MOBILE_APP,TAMIL,RAIN,False,True,False,True,OFFICER-01,6,0,1,72,False,MODERATE,0,True,1,17,3,True,False,False
INC-2025-1972,2025-04-09T22:27:38,Puttalam,WET,High Winds/Cyclone,1,LOW,296,0,Rescue Teams|Medical Kits,67,RESOLVED,CITIZEN,MOBILE_APP,TAMIL,RAIN,False,False,False,True,OFFICER-01,7,0,2,88,False,MODERATE,0,True,4,23,2,False,False,False
INC-2025-1973,2025-01-10T02:14:55,Polonnaruwa,WET,Drought,2,MEDIUM,1001,0,Rescue Teams|Medical Kits,20,RESOLVED,CITIZEN,MOBILE_APP,ENGLISH,RAIN,True,True,False,True,OFFICER-01,0,3,4,26,False,MODERATE,0,True,1,11,4,False,False,False
INC-2025-1974,2025-12-09T19:41:08,Nuwara Eliya,WET,Landslide,4,CRITICAL,1887,33,Rescue Teams|Medical Kits,99,RESOLVED,CITIZEN,MOBILE_APP,ENGLISH,RAIN,True,False,False,True,OFFICER-01,10,0,2,33,False,MODERATE,0,True,12,11,1,False,True,False
INC-2026-1975,2026-01-08T05:06:02,Galle,WET,High Winds/Cyclone,1,LOW,97,0,Rescue Teams|Medical Kits,47,RESOLVED,CITIZEN,MOBILE_APP,SINHALA,RAIN,True,False,False,True,OFFICER-01,1,3,3,95,False,MODERATE,0,True,1,16,3,True,False,False
INC-2025-1976,2025-09-10T22:02:04,Polonnaruwa,WET,Drought,2,MEDIUM,1264,0,Rescue Teams|Medical Kits,110,RESOLVED,CITIZEN,MOBILE_APP,TAMIL,RAIN,True,False,False,True,OFFICER-01,3,0,1,23,False,MODERATE,0,True,9,17,2,False,False,False
INC-2025-1977,2025-12-25T04:47:16,Kandy,WET,Flood,3,HIGH,4565,0,Rescue Teams|Medical Kits,98,RESOLVED,CITIZEN,MOBILE_APP,SINHALA,RAIN,False,True,False,True,OFFICER-01,2,4,4,84,False,MODERATE,0,True,12,3,3,True,False,False
INC-2025-1978,2025-10-24T00:10:13,Colombo,WET,Building Collapse,2,MEDIUM,45,1,Rescue Teams|Medical Kits,90,RESOLVED,CITIZEN,MOBILE_APP,SINHALA,RAIN,False,True,False,True,OFFICER-01,5,2,0,23,False,MODERATE,0,True,10,0,4,False,True,False
INC-2025-1979,2025-06-11T22:21:20,Monaragala,WET,Forest Fire,2,MEDIUM,30,1,Rescue Teams|Medical Kits,100,RESOLVED,CITIZEN,MOBILE_APP,TAMIL,RAIN,True,True,False,True,OFFICER-01,2,5,0,97,False,MODERATE,0,True,6,10,2,False,True,True
INC-2026-1980,2026-02-06T16:54:45,Colombo,WET,Building Collapse,3,HIGH,36,0,Rescue Teams|Medical Kits,53,RESOLVED,CITIZEN,MOBILE_APP,TAMIL,RAIN,False,True,False,True,OFFICER-01,4,5,3,27,False,MODERATE,0,True,2,7,4,False,False,True
INC-2025-1981,2025-10-06T18:40:17,Polonnaruwa,WET,Drought,2,MEDIUM,954,0,Rescue Teams|Medical Kits,102,RESOLVED,CITIZEN,MOBILE_APP,ENGLISH,RAIN,True,False,False,True,OFFICER-01,3,4,0,47,False,MODERATE,0,True,10,23,0,True,True,False
INC-2026-1982,2026-02-21T03:44:23,Rathnapura,WET,Flood,3,HIGH,1321,0,Rescue Teams|Medical Kits,27,RESOLVED,CITIZEN,MOBILE_APP,TAMIL,RAIN,False,False,False,True,OFFICER-01,5,1,2,46,False,MODERATE,0,True,2,8,5,True,False,False
INC-2026-1983,2026-06-17T11:47:08,Monaragala,WET,Forest Fire,1,LOW,63,0,Rescue Teams|Medical Kits,88,RESOLVED,CITIZEN,MOBILE_APP,ENGLISH,RAIN,True,True,False,True,OFFICER-01,9,2,2,33,False,MODERATE,0,True,6,18,2,False,True,False
INC-2025-1984,2025-12-19T05:31:44,Polonnaruwa,WET,Drought,2,MEDIUM,896,0,Rescue Teams|Medical Kits,56,RESOLVED,CITIZEN,MOBILE_APP,TAMIL,RAIN,True,False,False,True,OFFICER-01,0,4,4,17,False,MODERATE,0,True,12,17,4,True,False,False
INC-2025-1985,2025-08-12T18:42:02,Kandy,WET,Landslide,4,CRITICAL,1333,0,Rescue Teams|Medical Kits,114,RESOLVED,CITIZEN,MOBILE_APP,SINHALA,RAIN,True,False,False,True,OFFICER-01,5,2,4,65,False,MODERATE,0,True,8,11,1,True,False,False
INC-2025-1986,2025-02-18T03:49:13,Rathnapura,WET,Flood,3,HIGH,2039,0,Rescue Teams|Medical Kits,88,RESOLVED,CITIZEN,MOBILE_APP,SINHALA,RAIN,False,False,False,True,OFFICER-01,5,2,5,15,False,MODERATE,0,True,2,14,1,True,False,False
INC-2025-1987,2025-06-18T09:54:46,Galle,WET,High Winds/Cyclone,1,LOW,181,0,Rescue Teams|Medical Kits,105,RESOLVED,CITIZEN,MOBILE_APP,ENGLISH,RAIN,True,True,False,True,OFFICER-01,5,2,4,36,False,MODERATE,0,True,6,19,2,False,False,False
INC-2026-1988,2026-03-19T02:28:56,Nuwara Eliya,WET,Landslide,4,CRITICAL,2209,30,Rescue Teams|Medical Kits,34,RESOLVED,CITIZEN,MOBILE_APP,ENGLISH,RAIN,False,False,False,True,OFFICER-01,5,4,1,43,False,MODERATE,0,True,3,10,3,True,True,False
INC-2025-1989,2025-05-12T01:50:23,Nuwara Eliya,WET,Flood,3,HIGH,6689,68,Rescue Teams|Medical Kits,40,RESOLVED,CITIZEN,MOBILE_APP,SINHALA,RAIN,True,False,False,True,OFFICER-01,4,2,0,88,False,MODERATE,0,True,5,4,0,True,True,False
INC-2025-1990,2025-08-03T14:41:56,Matara,WET,High Winds/Cyclone,2,MEDIUM,152,0,Rescue Teams|Medical Kits,60,RESOLVED,CITIZEN,MOBILE_APP,TAMIL,RAIN,True,True,False,True,OFFICER-01,5,2,3,23,False,MODERATE,0,True,8,11,6,False,True,False
INC-2025-1991,2025-11-26T07:14:13,Puttalam,WET,High Winds/Cyclone,2,MEDIUM,485,0,Rescue Teams|Medical Kits,80,RESOLVED,CITIZEN,MOBILE_APP,SINHALA,RAIN,False,False,False,True,OFFICER-01,8,4,2,97,False,MODERATE,0,True,11,15,2,True,False,False
INC-2025-1992,2025-08-23T04:46:52,Nuwara Eliya,WET,Flood,3,HIGH,7755,129,Rescue Teams|Medical Kits,113,RESOLVED,CITIZEN,MOBILE_APP,SINHALA,RAIN,False,False,False,True,OFFICER-01,1,5,5,74,False,MODERATE,0,True,8,11,5,True,True,False
INC-2026-1993,2026-03-29T21:13:49,Monaragala,WET,Forest Fire,1,LOW,39,0,Rescue Teams|Medical Kits,82,RESOLVED,CITIZEN,MOBILE_APP,TAMIL,RAIN,False,False,False,True,OFFICER-01,8,4,4,44,False,MODERATE,0,True,3,7,6,False,False,False
INC-2025-1994,2025-03-10T08:20:51,Nuwara Eliya,WET,Flood,3,HIGH,3273,26,Rescue Teams|Medical Kits,39,RESOLVED,CITIZEN,MOBILE_APP,TAMIL,RAIN,True,True,False,True,OFFICER-01,10,5,1,90,False,MODERATE,0,True,3,5,0,True,False,False
INC-2026-1995,2026-03-20T05:56:47,Matara,WET,High Winds/Cyclone,2,MEDIUM,321,0,Rescue Teams|Medical Kits,98,RESOLVED,CITIZEN,MOBILE_APP,SINHALA,RAIN,True,False,False,True,OFFICER-01,8,4,4,27,False,MODERATE,0,True,3,7,4,True,True,False
INC-2025-1996,2025-08-19T19:21:20,Polonnaruwa,WET,Drought,2,MEDIUM,790,0,Rescue Teams|Medical Kits,117,RESOLVED,CITIZEN,MOBILE_APP,SINHALA,RAIN,True,False,False,True,OFFICER-01,0,4,1,38,False,MODERATE,0,True,8,13,1,True,False,False
INC-2026-1997,2026-06-28T05:00:21,Polonnaruwa,WET,Drought,2,MEDIUM,594,0,Rescue Teams|Medical Kits,18,RESOLVED,CITIZEN,MOBILE_APP,ENGLISH,RAIN,False,False,False,True,OFFICER-01,7,5,4,24,False,MODERATE,0,True,6,4,6,False,False,False
INC-2026-1998,2026-08-15T13:43:39,Hambantota,WET,High Winds/Cyclone,2,MEDIUM,113,0,Rescue Teams|Medical Kits,120,RESOLVED,CITIZEN,MOBILE_APP,ENGLISH,RAIN,True,False,False,True,OFFICER-01,4,4,4,21,False,MODERATE,0,True,8,16,5,True,False,False
INC-2025-1999,2025-10-29T12:01:12,Nuwara Eliya,WET,Landslide,2,MEDIUM,1878,6,Rescue Teams|Medical Kits,57,RESOLVED,CITIZEN,MOBILE_APP,ENGLISH,RAIN,False,False,False,True,OFFICER-01,6,2,5,18,False,MODERATE,0,True,10,18,2,True,False,False
INC-2026-2000,2026-04-23T17:21:48,Matara,WET,High Winds/Cyclone,2,MEDIUM,242,2,Rescue Teams|Medical Kits,90,RESOLVED,CITIZEN,MOBILE_APP,ENGLISH,RAIN,False,False,False,True,OFFICER-01,6,3,5,66,False,MODERATE,0,True,4,17,3,False,False,True
